record_id,study_label,title,year,journal,doi,mmat_category,screen_clear_question,screen_data_address_question,c1,c2,c3,c4,c5,rationale_c1,rationale_c2,rationale_c3,rationale_c4,rationale_c5,mmat_overall,criteria_note,applies_prediction_appraisal,probast_participants,probast_predictors,probast_outcome,probast_analysis,probast_overall_rob,probast_overall_applicability,probast_rationale,tripod_ai_data,tripod_ai_model,tripod_ai_validation,tripod_ai_transparency,tripod_ai_overall,reviewer_id,assessed_at,appraisal_note,pilot_batch
REC-AIBIOGU-000001,Wang2026,Identification of interleukin-11 as a comorbid risk factor for prostate cancer and Alzheimer's disease using integrated bioinformatics and machine learning.,2026,Front Immunol,10.3389/fimmu.2026.1911726,non_randomized,yes,yes,cant_tell,yes,cant_tell,no,yes,Public AD and PCa cohorts are convenience samples not population-representative.,Transcriptomic and clinical endpoints are standard and matched to aims.,PFI and follow-up completeness vary across merged public cohorts.,Comorbidity pairing and batch effects may confound prognostic signature claims.,Computational and lab IL11 manipulations follow stated protocols.,low,MMAT non-randomized (Hong 2018),yes,high,low,unclear,high,high,low concern,Convenience cohorts plus median-split risk score and extensive ML on TCGA.,partial,yes,yes,partial,adequate,REV-ALCIDES,2026-09-21,Borderline: AD comorbidity focus vs GU biomarker scope.,pilot
REC-AIBIOGU-000002,Chen2026,Machine learning-based identification of hub genes and prognostic biomarkers in prostate cancer.,2026,Front Genet,10.3389/fgene.2026.1877595,non_randomized,yes,yes,cant_tell,yes,yes,no,yes,"TCGA-PRAD single public cohort, not population-representative.",RNA-seq expression and clinical BCR endpoints appropriate to aims.,554 samples with reasonably complete clinical annotation from GDC.,No external validation cohort; only internal 70/30 split of same TCGA data risks optimism.,qRT-PCR/ELISA experimental validation followed stated protocols.,low,MMAT non-randomized (Hong 2018),yes,high,low,low,high,high,low concern,Single-cohort TCGA with internal split only; multi-algorithm (LASSO/RF/SVM/XGBoost) mining typical of corpus.,yes,yes,partial,partial,partial,REV-ALCIDES-AI,2026-09-22,Single-cohort TCGA-PRAD study; no independent external validation cohort despite otherwise thorough nomogram/DCA/immune analyses.,batch-01
REC-AIBIOGU-000003,Kurt2026,Integrative Bioinformatics and Machine Learning Analysis Identifies Novel Molecular Biomarkers in Prostate Adenocarcinoma.,2026,Int J Mol Sci,10.3390/ijms27156635,non_randomized,yes,yes,cant_tell,yes,yes,yes,yes,"TCGA-PRAD nodal-status subgroup, public convenience cohort.",RNA-seq DEGs and nodal status appropriate to aims.,342 N0 / 78 N1 samples with reasonably complete annotation.,External validation in independent GSE14206 cohort mitigates confounding/overfitting concerns.,Graph-convolutional feature selection and ML pipeline followed stated protocol.,moderate,MMAT non-randomized (Hong 2018),yes,high,low,low,high,high,low concern,TCGA discovery + GSE14206 external validation (AUC 0.90-0.95); still high-dimensional multi-algorithm mining typical of omics signatures.,yes,yes,yes,partial,adequate,REV-ALCIDES-AI,2026-09-22,,batch-01
REC-AIBIOGU-000004,He2026,A Platform-Independent Binary Gene-Pair Signature Derived from CRPC-Enriched Single-Cell Transcriptomics for Predicting Recurrence-Free Survival in Prostate Cancer.,2026,Cancer Manag Res,10.2147/cmar.s623563,non_randomized,yes,yes,cant_tell,yes,yes,yes,yes,"scRNA-seq + TCGA-PRAD training cohort (n=493), public/convenience samples.",Gene-pair binary signature and RFS endpoint appropriate.,1187 patients across training + 5 external cohorts with adequate follow-up.,Benchmarked 12 algorithms/104 combos with 5 independent external validation cohorts; strong confounder handling.,Virtual knockout and pipeline followed stated computational protocol.,moderate,MMAT non-randomized (Hong 2018),yes,high,low,low,high,high,low concern,Extensive multi-cohort external validation (C-index avg 0.725 across 5 cohorts) but still platform-independent gene-pair mining with 104 algorithm combinations screened.,yes,yes,yes,partial,adequate,REV-ALCIDES-AI,2026-09-22,,batch-01
REC-AIBIOGU-000007,Gan2026,A Hypoxia and Immune Escape-Related Gene Signature for the Diagnosis of Prostate Cancer: An Integrated Bioinformatics Study.,2026,Int J Med Sci,10.7150/ijms.133397,non_randomized,yes,yes,cant_tell,yes,yes,cant_tell,yes,"TCGA-PRAD single public cohort (554 samples), convenience sample.",WGCNA hub genes and BCR endpoint appropriate.,501 tumor/52 normal samples reasonably complete.,No external validation cohort beyond internal 70/30 TCGA split; risk score derived and validated exclusively within TCGA-PRAD (author-acknowledged limitation).,qRT-PCR and ELISA in cell lines followed stated protocols.,low,MMAT non-randomized (Hong 2018),yes,high,low,low,high,high,low concern,Single-cohort TCGA study; authors explicitly state external validation in independent cohorts is required before clinical implementation.,yes,yes,partial,partial,partial,REV-ALCIDES-AI,2026-09-22,Authors explicitly acknowledge lack of external validation as a limitation.,batch-01
REC-AIBIOGU-000008,Wang2026,A Metabolic-Related Gene Signature for Predicting Biochemical Recurrence After Radical Prostatectomy: An Integrative Analysis and Targeted Therapeutic Validation.,2026,Int J Mol Sci,10.3390/ijms27114797,non_randomized,yes,yes,cant_tell,yes,yes,no,yes,"Public database-derived cohort (implied TCGA/GEO), convenience sample.",WGCNA + XGBoost-Cox metabolic gene features appropriate to BCR aim.,Reasonably complete training/validation reporting (5-yr AUC given for both).,Only internal training/validation split reported; no genuinely independent external cohort described in accessible text.,IHC on 32 clinical specimens and in vitro EGCG assays followed stated protocols.,low,MMAT non-randomized (Hong 2018),yes,high,low,low,high,high,low concern,Training AUC 0.858 vs validation AUC 0.745 suggests some optimism; XGBoost-Cox mining with SHAP but no clearly independent external cohort.,yes,yes,partial,partial,partial,REV-ALCIDES-AI,2026-09-22,Notable AUC drop training->validation (0.858->0.745); no clearly independent external cohort identified in extracted text.,batch-01
REC-AIBIOGU-000009,Zhang2026,Deep learning based on multiparametric MRI for differentiating benign from malignant PI-RADS 3 prostate lesions: a dual-center study.,2026,Sci Rep,10.1038/s41598-026-56643-x,non_randomized,yes,yes,cant_tell,yes,yes,yes,yes,"Dual-center retrospective cohort; potential referral/selection bias, PI-RADS3-only subset.",Deep-learning radiomics features and benign/malignant outcome appropriate.,"382 patients across training/internal/external sets, reasonably complete.",Combined model integrates clinical variables; DeLong tests and calibration performed.,Blinded segmentation and standardized workflow followed protocol.,moderate,MMAT non-randomized (Hong 2018),yes,high,low,low,high,high,low concern,"True external validation cohort (Center 2, n=82) present; still retrospective PI-RADS3 subset with radiomics/DL high-dimensional features.",yes,yes,yes,partial,adequate,REV-ALCIDES-AI,2026-09-22,,batch-01
REC-AIBIOGU-000010,Luo2026,Non-invasive prediction of lymph node involvement in prostate cancer via machine learning on whole-prostate MRI.,2026,Front Oncol,10.3389/fonc.2026.1823708,non_randomized,yes,yes,cant_tell,yes,yes,yes,yes,"Retrospective single/multi-institution cohort (n=339), potential referral bias.",MRI radiomics/DL features and LNI (pathology-confirmed) outcome appropriate.,"339 patients with pathology-confirmed LNI status, reasonably complete.",Composite model built on Briganti nomogram clinical variables plus radiomics/DL; DCA performed.,Standardized MRI segmentation and 5-fold CV followed stated protocol.,moderate,MMAT non-randomized (Hong 2018),yes,high,low,low,high,high,low concern,Only internal 7:3 split validation (no external cohort); radiomics+DL high-dimensional features risk overfitting despite good AUC (0.92).,yes,yes,partial,partial,partial,REV-ALCIDES-AI,2026-09-22,No external cohort identified — only internal training/validation split.,batch-01
REC-AIBIOGU-000013,Hong2026,Preoperative dual-ROI mpMRI radiomics integrating intratumoral and periprostatic adipose tissue features with clinical factors for predicting positive surgical margins after radical prostatectomy.,2026,Cancer Imaging,10.1186/s40644-026-01034-8,non_randomized,yes,yes,cant_tell,yes,yes,yes,yes,"Two-center retrospective cohort (n=423), pooled and randomly split (not center-stratified external validation).",Dual-ROI mpMRI radiomics and PSM (pathology-confirmed) outcome appropriate.,423 patients with reasonably complete radiomics/clinical data.,"Multivariable logistic regression combining TPR signature with clinical predictors (PSA, ISUP, T stage).","Standardized segmentation, reproducibility filtering, and 1000-iteration bootstrap followed stated protocol.",moderate,MMAT non-randomized (Hong 2018),yes,high,low,low,high,high,low concern,Random 7:3 split of pooled two-center data (not a true independent external validation by center); high-dimensional radiomics feature selection.,yes,yes,partial,partial,partial,REV-ALCIDES-AI,2026-09-22,Training/validation split is a random split of pooled two-center data rather than a true held-out external cohort.,batch-01
REC-AIBIOGU-000014,Wang2026,"Serum Untargeted Metabolomics Integrated with SHAP-Based Machine Learning for Multiclass Stratification of Prostate Cancer, Prostatitis, and Benign Prostatic Hyperplasia.",2026,Metabolites,10.3390/metabo16040237,non_randomized,yes,yes,cant_tell,yes,yes,no,yes,"Single small public repository (MTBLS6039, n=80), convenience sample.",Serum untargeted metabolomics and multiclass diagnostic categories appropriate.,"Out-of-fold accuracy/macro-F1 reported across nested CV, reasonably complete.",Small sample (n=80) and explicit author-acknowledged lack of external independent validation.,SHAP analysis and nested CV followed stated protocol.,low,MMAT non-randomized (Hong 2018),yes,high,low,low,high,high,low concern,"Small single-dataset sample (n=80); nested CV only, no external validation — authors explicitly flag this limitation.",yes,yes,partial,partial,partial,REV-ALCIDES-AI,2026-09-22,Small sample (n=80); authors explicitly state lack of external independent validation as a limitation.,batch-01
REC-AIBIOGU-000015,Zhou2026,Network toxicology & molecular docking: endocrine-disrupting chemicals induce prostate cancer - a system study.,2026,Int J Clin Exp Pathol,10.62347/pgnw5316,non_randomized,yes,yes,cant_tell,yes,yes,cant_tell,yes,"Public GEO discovery (GSE46602/GSE55945) + 3 validation cohorts, convenience samples.",Transcriptomic/network toxicology features and PCa diagnosis endpoint appropriate.,5 datasets integrated with reasonably complete reporting.,No clinical covariate adjustment beyond gene expression classification (diagnostic biomarker focus).,Molecular docking and stacking ensemble followed stated computational protocol.,low,MMAT non-randomized (Hong 2018),yes,high,low,low,high,high,low concern,Small public microarray/GEO datasets pooled with stacking ensemble across cohorts (AUC>0.90); still small-sample high-dimensional mining typical of corpus.,yes,yes,yes,partial,adequate,REV-ALCIDES-AI,2026-09-22,,batch-01
REC-AIBIOGU-000016,Luo2026,A novel prognostic signature based on mitochondrial permeability transition-driven necrosis genes for biochemical recurrence prediction in prostate cancer.,2026,Front Oncol,10.3389/fonc.2026.1775602,non_randomized,yes,yes,cant_tell,yes,yes,yes,yes,"TCGA-PRAD public training cohort (n=396), convenience sample.",MPT-DN gene features and BCR-FS endpoint (per AUA 2019) appropriate.,TCGA (n=396) + GSE70768 (n=111) with harmonized follow-up.,"Independent prognostic factors (risk score, Gleason, T stage, PSA) confirmed via multivariate Cox.",WGCNA/DE/Cox/ML pipeline followed stated protocol; protein expression validated PCa vs normal tissue.,moderate,MMAT non-randomized (Hong 2018),yes,high,low,low,high,high,low concern,"TCGA train + GSE70768 external validation present, but discrimination modest (AUC 0.65-0.70) reflecting typical omics signature analysis-domain risk.",yes,yes,yes,partial,adequate,REV-ALCIDES-AI,2026-09-22,Modest discrimination (AUC ~0.65-0.70) despite genuine external validation cohort.,batch-01
REC-AIBIOGU-000017,Ding2026,Development and validation of an MRI radiomics-based model for predicting progression risk in prostate cancer after endocrine therapy.,2026,Transl Androl Urol,10.21037/tau-2025-1-912,non_randomized,yes,yes,cant_tell,yes,yes,yes,yes,"Small retrospective cohort (n=136+52), single/dual-center, potential selection bias.",MRI radiomics + clinicopathological features and PFS endpoint appropriate.,Training/internal/external cohorts reasonably complete; median follow-up reported.,"Multivariable independent predictors (PSA nadir, Gleason, T stage, bone metastasis) combined with radiomics.",Standardized radiomics extraction and nomogram construction followed stated protocol.,moderate,MMAT non-randomized (Hong 2018),yes,high,low,low,high,high,low concern,"Genuine external validation cohort (n=52, C-index 0.795) present, but overall small sample (n=136 total training+internal) and drop from training (0.884) to external C-index (0.795) suggests some overfitting.",yes,yes,yes,partial,adequate,REV-ALCIDES-AI,2026-09-22,,batch-01
REC-AIBIOGU-000025,Kilicarslan2026,"Bioinformatics and machine learning integration reveals a novel 4-gene (GFUS, ARHGAP8, NBL1, and ACTB) biomarker model for prostate cancer.",2026,Discov Oncol,10.1007/s12672-025-04369-z,non_randomized,yes,yes,cant_tell,yes,yes,cant_tell,yes,"Combined small public GEO microarray cohorts (n=179), convenience/batch-affected.",Gene expression features and cancer/non-cancer diagnostic labels appropriate.,"179 discovery + 50 independent validation samples, reasonably complete.",Batch used as covariate but no clinical confounder adjustment beyond diagnosis label; small samples.,Novel graph-convolutional feature selection + hybrid RF-LightGBM followed stated protocol.,low,MMAT non-randomized (Hong 2018),yes,high,low,low,high,high,low concern,Small combined microarray cohorts with ensemble stacking (discovery AUC 0.96); independent GSE46602 validation (AUC 0.90) present but still small-sample high-dim mining.,yes,yes,yes,partial,adequate,REV-ALCIDES-AI,2026-09-22,,batch-01
REC-AIBIOGU-000027,Xue2026,Multi-omics analyses related to unfolded protein response in prostate cancer implicate pro-tumor role of IFRD1.,2026,Front Immunol,10.3389/fimmu.2026.1744197,non_randomized,yes,yes,cant_tell,yes,yes,yes,yes,"TCGA training + public GEO cohorts, convenience samples.",UPR-related gene features (single-cell + bulk) and BCR/survival endpoints appropriate.,"TCGA training + 3 external validation cohorts, reasonably complete.",Multivariate Cox confirmed UPRRS independent of clinical stage and Gleason score.,In silico + in vitro IFRD1 knockdown validation followed stated protocol.,moderate,MMAT non-randomized (Hong 2018),yes,high,low,low,high,high,low concern,"TCGA train + 3 external GEO cohorts (C-index>0.82, AUC>0.80); still multi-algorithm consensus signature mining typical of corpus.",yes,yes,yes,partial,adequate,REV-ALCIDES-AI,2026-09-22,"TCGAplot package code available on GitHub, but this is a supporting visualization tool rather than the full model pipeline.",batch-01
REC-AIBIOGU-000028,Wang2026,Palmitoylation-related gene expression and its prognostic value in prostate cancer: insights into immune infiltration and therapeutic potential.,2026,Transl Androl Urol,10.21037/tau-2025-477,non_randomized,yes,yes,cant_tell,yes,yes,yes,yes,"TCGA + multiple public/commercial databases (DKFZ, MSKCC, GEO, ArrayExpress, PCaProfiler, PCaDB), convenience.",Palmitoylation-related gene features and BCR endpoint appropriate.,"TCGA training + multiple external cohorts, extensive clinical annotation.","10-algorithm ensemble; risk stratified by age, stage, node, PSA, Gleason.",CHRNA2 knockdown validated in cell lines and human samples per stated protocol.,moderate,MMAT non-randomized (Hong 2018),yes,high,low,low,high,high,low concern,"Extensive external validation (DKFZ, MSKCC, E-MTAB-6128, GSE70768) but 10-algorithm combination mining is a strong overfitting-risk signal typical of the corpus.",yes,yes,yes,partial,adequate,REV-ALCIDES-AI,2026-09-22,,batch-01
REC-AIBIOGU-000029,Li2026,Genetic relationships between the gut microbiota and prostate cancer: Mendelian randomization combined with bioinformatics analysis.,2026,Aging Male,10.1080/13685538.2026.2615561,non_randomized,yes,yes,cant_tell,yes,yes,cant_tell,yes,"Small public GEO datasets (train 3 + validation 1) plus GWAS summary statistics (FINRISK), convenience.",Mendelian randomization + DEAG features and PCa diagnosis endpoint appropriate.,"Multiple GEO datasets integrated, reasonably complete reporting.",MR causal inference is separate from prediction-model confounding; nomogram feature selection not clearly confounder-adjusted.,MR + ML pipeline followed stated protocol.,low,MMAT non-randomized (Hong 2018),yes,high,low,low,high,high,low concern,External validation reported an implausible AUC=1.0 for one feature gene in a small GEO validation set — strong overfitting/small-sample red flag.,partial,yes,yes,partial,partial,REV-ALCIDES-AI,2026-09-22,External validation AUC=1.0 for one feature gene is implausible/overfitting red flag; diagnostic performance claims should be treated cautiously.,batch-01
REC-AIBIOGU-000031,Ge2026,Integrative single-cell and spatial transcriptomics with explainable AI reveal lethal prognostic axis in prostate cancer.,2026,NPJ Digit Med,10.1038/s41746-025-02297-4,non_randomized,yes,yes,cant_tell,yes,yes,yes,yes,"Merged public single-cell/spatial + bulk transcriptomic cohorts, convenience sample.",Explainable-AI (SHAP) derived risk score and RFS endpoint appropriate.,"Merged training + TCGA-PRAD/MSKCC/GSE70770 external cohorts, reasonably complete.","HR adjusted for age, Gleason score, T stage in multivariate analysis.",Single-cell/spatial pipeline and explainable AI followed stated protocol.,moderate,MMAT non-randomized (Hong 2018),yes,high,low,low,high,high,low concern,"Multiple independent external cohorts (TCGA-PRAD, MSKCC, GSE70770; AUC 0.70-0.85) validate the C4-based risk score; still SHAP/explainable-AI mining across combined public data.",yes,yes,yes,partial,adequate,REV-ALCIDES-AI,2026-09-22,,batch-01
REC-AIBIOGU-000032,Morgan2025,Development and Validation of a Multimodal Artificial Intelligence-derived Digital Pathology-based Biomarker Predicting Metastasis Among Patients with Biochemical Recurrence After Radical Prostatectomy in NRG/RTOG Trials.,2025,Eur Urol,10.1016/j.eururo.2025.12.007,non_randomized,yes,yes,yes,yes,yes,yes,yes,"Locked MMAI model (v1.1) validated in prespecified, well-characterized NRG/RTOG randomized-trial-derived cohort (n=533); high-quality trial-collected data.","Digital pathology + clinical variables (Grade Group, T-stage, PSA, age, margin) appropriate and prespecified.",Median follow-up 9.3 years from cooperative-group trial data; low expected missingness.,Subdistribution HR adjusted for clinical variables and treatment via Cox regression.,"Locked, prespecified model version applied without further tuning.",high,MMAT non-randomized (Hong 2018); exceptional case per calibration note 2 given locked-model validation in randomized trial cohort.,yes,low,low,low,unclear,unclear,low concern,Trial-derived cohort with prespecified locked model is low risk of bias for participants/predictors/outcome domains; analysis marked unclear because standard calibration plots were not used and probability calibration was not explicitly assessed.,yes,yes,yes,partial,adequate,REV-ALCIDES-AI,2026-09-22,"Strongest study in batch: locked biomarker model externally validated in NRG/RTOG randomized-trial cohorts (tdAUC 0.74 vs 0.68 clinical nomogram); data available by request from NCTN/NRG only (not fully open), so transparency marked partial.",batch-01
REC-AIBIOGU-000034,Lin2025,Senescence-related gene signature predicts prostate cancer progression and identifies PCNA as a therapeutic target via multi-omics machine learning integration.,2025,Br J Cancer,10.1038/s41416-025-03309-6,non_randomized,yes,yes,cant_tell,yes,yes,yes,yes,"6 public cohorts + in-house SYSU-PRAD cohort (n=90), convenience samples.",Senescence-related gene features and BCR endpoint appropriate.,"TCGA training + 5 external cohorts + in-house cohort, reasonably complete.",Temporal trajectory and cohort-specific cutoffs adjusted for context; consistent across cohorts.,In vitro/in vivo PCNA functional validation followed stated protocol.,moderate,MMAT non-randomized (Hong 2018),yes,high,low,low,high,high,low concern,117 machine learning methods benchmarked to select best model — substantial multiple-model-selection/overfitting risk despite 6 external cohorts + in-house validation.,yes,yes,yes,partial,adequate,REV-ALCIDES-AI,2026-09-22,,batch-01
REC-AIBIOGU-000036,Yang2025,A New Radiotranscriptomic Approach to Analyze Combined Sets of T3b Stage-Specific Genes and Radiomic Features in Prostate Cancer.,2025,Cancer Rep (Hoboken),10.1002/cnr2.70391,non_randomized,yes,yes,cant_tell,yes,cant_tell,no,yes,"Very small prospective single-center cohort (n=48), imbalanced 35 T2c vs 13 T3b.",CEUS radiomics + transcriptomic features and staging outcome appropriate.,Small imbalanced sample may limit reliability of reported outcome completeness.,No external validation; authors explicitly flag need for multi-ethnic validation in larger cohorts due to small T3b subgroup.,Prospective protocol with IRB approval followed as stated.,low,MMAT non-randomized (Hong 2018),yes,high,low,low,high,high,low concern,"Very small imbalanced sample (n=48, 13 T3b) with near-perfect AUCs (up to 0.998) in several classifiers — strong overfitting signal; no external validation.",partial,yes,no,no,partial,REV-ALCIDES-AI,2026-09-22,"Very small sample (n=48, 13 T3b), near-perfect AUCs (0.99+) suggest high overfitting risk; no external validation; data not publicly available.",batch-01
REC-AIBIOGU-000037,Marouf2025,Identification of Potential Biomarkers in Prostate Cancer Microarray Gene Expression Leveraging Explainable Machine Learning Classifiers.,2025,Cancers (Basel),10.3390/cancers17233853,non_randomized,yes,yes,cant_tell,yes,yes,no,yes,"Small single tissue-microarray dataset (n=102, GSE68907), convenience sample.",XML classifier features and severity/diagnosis labels appropriate.,"102 samples with SMOTE-balanced classes, reasonably complete.",No external validation cohort; only stratified k-fold CV within single small dataset; SMOTE oversampling increases overfitting risk.,ML pipeline with SHAP explainability followed stated protocol; full code published.,low,MMAT non-randomized (Hong 2018),yes,high,low,low,high,high,low concern,Small single-dataset sample (n=102) with SMOTE oversampling and no external validation cohort; k-fold CV only.,yes,yes,no,yes,adequate,REV-ALCIDES-AI,2026-09-22,Full analysis code published on GitHub (strong transparency) but no external validation cohort; small n=102.,batch-01
REC-AIBIOGU-000038,Chen2025,Identification of programmed cell death associated key genes in benign prostatic hyperplasia and prostate cancer development by integrated bioinformatics analysis and machine learning.,2025,Transl Androl Urol,10.21037/tau-2025-527,non_randomized,yes,yes,cant_tell,yes,yes,no,yes,"Small public GEO datasets (GSE119195, GSE55597), convenience samples.",PCD-related gene features and BPH/PCa risk labels appropriate.,Reasonably complete reporting across both GEO datasets.,No genuinely independent external cohort; near-perfect AUC (1.0) in GSE119195 explicitly flagged by authors as implausible and requiring further validation.,Four-ML-method feature reduction followed stated protocol.,low,MMAT non-randomized (Hong 2018),yes,high,low,low,high,high,low concern,Authors themselves note the perfect AUC (1.0) in GSE119195 warrants further validation in larger independent cohorts — strong self-acknowledged overfitting signal.,yes,yes,partial,partial,partial,REV-ALCIDES-AI,2026-09-22,Authors explicitly flag AUC=1.0 in GSE119195 as implausible; no genuine independent external cohort beyond the two source GEO datasets used for cross-comparison.,batch-01
REC-AIBIOGU-000039,Liao2025,Methylation-based signature to distinguish indolent and aggressive prostate cancer.,2025,Biol Open,10.1242/bio.062281,non_randomized,yes,yes,cant_tell,yes,yes,no,yes,"Single retrospective institutional cohort (n=120), no external population.",Whole-genome enzymatic methylation sequencing features and progression endpoint appropriate.,"Long-term clinical follow-up reported, reasonably complete.",Only internal split by intermediate-risk stratum used as 'validation'; authors note limited statistical power from cohort size; no independent external cohort.,EM-seq methodology and ML biomarker selection followed stated protocol.,low,MMAT non-randomized (Hong 2018),yes,high,low,low,high,high,low concern,Single-center n=120 cohort; validation cohort is an internal risk-stratum subset rather than a genuinely independent external cohort; authors note power limitations.,yes,yes,no,yes,adequate,REV-ALCIDES-AI,2026-09-22,Code/figures available via GitHub (good transparency); no true external cohort — validation was an internal intermediate-risk subgroup split.,batch-01
REC-AIBIOGU-000041,Wang2025,Integrated Analysis of Single-Cell RNA Sequencing and Machine Learning Reveals a T Cell-Specific PANoptosis Signature Predicting Prognosis and Immunotherapy in Prostate Cancer.,2025,Hum Mutat,10.1155/humu/8889021,non_randomized,yes,yes,cant_tell,yes,yes,no,yes,TCGA training and scRNA discovery cohorts may not represent all PCa patients.,Expression and immunotherapy endpoints fit the prognostic question.,Registry survival and immunotherapy cohorts report outcome data adequately.,101-model screen without full independent lock before validation.,Signature built from predefined scRNA-T cell gene pipeline as described.,low,MMAT non-randomized (Hong 2018),yes,high,low,low,high,high,low concern,High ROB from cohort selection and algorithm mining with median risk split.,yes,yes,yes,no,adequate,REV-ALCIDES,2026-09-21,,pilot
REC-AIBIOGU-000042,Zhai2025,Quantification of intratumoral heterogeneity using habitat-based MRI radiomics for predicting high-Gleason scores and castration-resistant PCa: retrospective study.,2025,BMC Cancer,10.1186/s12885-025-15300-8,non_randomized,yes,yes,cant_tell,yes,yes,no,yes,"Single-center retrospective cohort (n=264), selection bias risk explicitly noted by authors.",Habitat MRI radiomics features and high-GS/CRPC endpoints appropriate.,Task 2 CRPC subgroup has only 25 events among 142 followed patients — limited outcome completeness for that task.,No external validation cohort; authors explicitly state external validation and prospective studies are needed.,Standardized MRI feature extraction followed stated protocol.,low,MMAT non-randomized (Hong 2018),yes,high,low,low,high,high,low concern,"Single-center retrospective design with only internal 7:3 split; Task 2 has only 25 CRPC events, raising overfitting concern; authors explicitly flag lack of external validation as a limitation.",yes,yes,partial,no,partial,REV-ALCIDES-AI,2026-09-22,"Single-center retrospective; Task 2 CRPC subgroup has only 25 events (n=142 followed), high overfitting risk; authors explicitly state need for external validation.",batch-01
REC-AIBIOGU-000043,Tang2025,Unveiling prognostic biomarkers and immunotherapeutic insights in prostate cancer through multi-omics and machine learning.,2025,Eur J Med Res,10.1186/s40001-025-03363-z,non_randomized,yes,yes,cant_tell,yes,yes,yes,yes,"TCGA training + public GEO/DKFZ cohorts, convenience samples.",Multi-omics (bulk+single-cell) immune/prognostic gene features and BCR endpoint appropriate.,"TCGA training + DKFZ + GSE116918 external cohorts, reasonably complete.",Multivariate analysis supports IPRS as independent prognostic marker; clinical nomogram integrates covariates.,BCAM expression/function validated in cells and tissue per stated protocol.,moderate,MMAT non-randomized (Hong 2018),yes,high,low,low,high,high,low concern,14 algorithms/162 combinations benchmarked (extensive mining) though validated in DKFZ and GSE116918 external cohorts.,yes,yes,yes,partial,adequate,REV-ALCIDES-AI,2026-09-22,,batch-01
REC-AIBIOGU-000044,Ji2025,PA2G4 in CAFs promotes biochemical recurrence of prostate cancer via H3K18la.,2025,Cell Biosci,10.1186/s13578-025-01485-9,non_randomized,yes,yes,cant_tell,yes,yes,yes,yes,"TCGA training + public GEO cohorts (single-cell + bulk), convenience samples.",CAF lactate-metabolism transcriptomic features and BCR endpoint appropriate.,"TCGA training + 3 external testing cohorts (GSE54460, GSE116918, GSE70769), reasonably complete.","Nomogram incorporates Gleason grade, PSA, T-stage alongside LMCAFCPI; IMvigor210 used for immunotherapy relevance.","PA2G4 knockdown, CUT-TAG, and functional assays followed stated protocol.",moderate,MMAT non-randomized (Hong 2018),yes,high,low,low,high,high,low concern,3 external testing cohorts validate LMCAFCPI; still multi-algorithm mining (best-average-C-index selection) typical of corpus.,yes,yes,yes,partial,adequate,REV-ALCIDES-AI,2026-09-22,,batch-01
REC-AIBIOGU-000047,Zhao2025,Identification and validation of the PARP inhibitor-related gene KANK3 for predicting prognosis and immunotherapeutic response in prostate cancer.,2025,J Cancer,10.7150/jca.113546,non_randomized,yes,yes,cant_tell,yes,yes,yes,yes,"TCGA + cBioPortal/GEO public cohorts, convenience samples.",PARP-inhibitor-related gene features and BCRFS endpoint appropriate.,"TCGA training + GSE70769/GSE189186 external validation, reasonably complete.",Independent validations across multiple external cohorts using C-index as evaluative metric.,Cell experiments (proliferation/migration/invasion) for KANK3 followed stated protocol.,moderate,MMAT non-randomized (Hong 2018),yes,high,low,low,high,high,low concern,"Multiple external validation cohorts (GSE70769, GSE189186) present; random forest selection among multiple ML frameworks is typical mining-related risk.",yes,yes,yes,partial,adequate,REV-ALCIDES-AI,2026-09-22,,batch-01
REC-AIBIOGU-000050,Wang2025,Development of a prostate cancer biochemical recurrence risk signature using machine learning and motor protein-related genes.,2025,PLoS One,10.1371/journal.pone.0332747,non_randomized,yes,yes,cant_tell,yes,yes,yes,yes,"TCGA (n=321) + MSKCC2010 (n=140) + GSE70769 (n=92), public convenience cohorts.",Motor-protein-related gene features and BCR endpoint appropriate.,"Three-cohort data with cross-cohort batch correction, reasonably complete.",StepCox+Ridge model selected via C-index across cohorts; nomogram integrates T stage.,In vitro validation of MPRG expression trends confirmed bioinformatic findings.,moderate,MMAT non-randomized (Hong 2018),yes,high,low,low,high,high,low concern,117 algorithm combinations screened (extensive mining); MSKCC2010 and GSE70769 serve as genuine external validation cohorts.,yes,yes,yes,partial,adequate,REV-ALCIDES-AI,2026-09-22,,batch-01
REC-AIBIOGU-000051,Cao2025,Development of a prognostic risk model for predicting biochemical recurrence-free survival in patients with prostate cancer based on lysine acetylation.,2025,Transl Androl Urol,10.21037/tau-2025-179,non_randomized,yes,yes,cant_tell,yes,yes,yes,yes,"TCGA-PRAD + GSE54460 public cohorts, convenience samples.",Lysine-acetylation gene features and BCR-free survival endpoint appropriate.,"TCGA training + GSE54460 (n=100) external validation, reasonably complete.",Independent prognostic factors identified via multivariate analysis; nomogram integrates Gleason/T stage.,WGCNA/DEG/ML pipeline followed stated protocol.,moderate,MMAT non-randomized (Hong 2018),yes,high,low,low,high,high,low concern,"GSE54460 external validation cohort (n=100, modest size) present; WGCNA+DEG intersection plus ML mining typical of corpus default.",yes,yes,yes,partial,adequate,REV-ALCIDES-AI,2026-09-22,,batch-01
REC-AIBIOGU-000053,Ji2025,Biparametric MRI-based radiomics for differentiating clinically significant prostate cancer among prostate-specific antigen level of gray zone.,2025,Front Oncol,10.3389/fonc.2025.1615005,non_randomized,yes,yes,cant_tell,yes,yes,yes,yes,"Single-center retrospective cohort (n=287), PSA gray-zone subset only.",bpMRI radiomics features and biopsy-confirmed csPCa outcome appropriate.,"287 patients with training/test split, reasonably complete.",Combined nomogram integrates radiomics with PI-RADS; DeLong tests compare models.,LASSO feature selection and logistic regression followed stated protocol.,moderate,MMAT non-randomized (Hong 2018),yes,high,low,low,high,high,low concern,Only internal train(201)/test(86) split; authors explicitly state further external validation is needed — no independent external cohort.,yes,yes,partial,no,partial,REV-ALCIDES-AI,2026-09-22,Single-center retrospective study; authors explicitly note need for further external validation.,batch-01
REC-AIBIOGU-000054,Dai2025,Tumor associated neutrophils promote prostate cancer progression by mediating neutrophil trap secretion through PSMA1- NF-κB-HIF-1α signaling axis.,2025,Front Immunol,10.3389/fimmu.2025.1467357,non_randomized,yes,yes,cant_tell,yes,yes,yes,yes,"TCGA (n=486) public cohort with internal 70/30 split, convenience sample.",NET-related gene features and prognosis endpoint appropriate.,"TCGA + GEO validation cohort, reasonably complete reporting.",Multivariate regression confirmed risk score as independent prognostic factor.,Single-cell sequencing and organoid model functional validation followed stated protocol.,moderate,MMAT non-randomized (Hong 2018),yes,high,low,low,high,high,low concern,Internal 70/30 TCGA split plus GEO cohort validation; LASSO+ML mining of 6-gene signature typical of corpus default.,yes,yes,yes,partial,adequate,REV-ALCIDES-AI,2026-09-22,,batch-01
REC-AIBIOGU-000055,Gong2025,Habitat analysis based on magnetic resonance imaging for the prediction of prostate cancer: a dual-center study.,2025,Quant Imaging Med Surg,10.21037/qims-2025-223,non_randomized,yes,yes,cant_tell,yes,yes,yes,yes,"Retrospective dual-center cohort (n=673), potential selection bias.",Habitat MRI radiomics and PCa-vs-BPH diagnosis outcome appropriate.,"Internal 8:2 split plus external validation set, reasonably complete.",Nomogram combines habitat/classical rad-scores with clinically independent predictors.,Standardized habitat clustering and radiomics extraction followed stated protocol.,moderate,MMAT non-randomized (Hong 2018),yes,high,low,low,high,high,low concern,Genuine external validation cohort present (AUC 0.878-0.963); still high-dimensional habitat radiomics feature space typical mining risk.,yes,yes,yes,partial,adequate,REV-ALCIDES-AI,2026-09-22,,batch-01
REC-AIBIOGU-000056,Wu2025,Single-Cell and Bulk RNA Sequencing Highlights Intra-Tumoral Heterogeneity and Malignant Progression Mechanisms in Prostate Cancer.,2025,J Cell Mol Med,10.1111/jcmm.70806,non_randomized,yes,yes,cant_tell,yes,yes,yes,yes,"TCGA training + public GEO/DKFZ cohorts, convenience samples.",Single-cell + bulk RNA-seq PCMP gene features and RFS endpoint appropriate.,"TCGA training + 7 external cohorts (GSE70768/70769/21032/46602, DKFZ, GSE116918, Meta), reasonably complete.",Multivariable Cox regression conducted in multiple cohorts confirms independent prognostic value.,"IHC and cell proliferation assays (CENPA, CKS1B) followed stated protocol.",moderate,MMAT non-randomized (Hong 2018),yes,high,low,low,high,high,low concern,101 prediction models benchmarked via 10-fold CV across 6 cohorts (extensive mining); exceptionally thorough external validation across 7 cohorts partially offsets this.,yes,yes,yes,partial,adequate,REV-ALCIDES-AI,2026-09-22,,batch-01
REC-AIBIOGU-000057,Wu2025,A Promising Prognostic Signature Consisting of Fatty Acid Metabolism Genes based on Machine Learning Predicts Biochemical Recurrence and Aids ARSI Therapy in Prostate Cancer.,2025,J Cancer,10.7150/jca.112597,non_randomized,yes,yes,cant_tell,yes,yes,yes,yes,"TCGA training (n=463) + public GEO cohorts, convenience samples.",Fatty-acid-metabolism gene features and BCR endpoint appropriate.,"TCGA training + 5 external validation cohorts including ARSI-treatment cohort, reasonably complete.",Independent cohorts and clinical covariates incorporated; C-index compared across models.,10-algorithm ML pipeline and drug sensitivity analysis followed stated protocol.,moderate,MMAT non-randomized (Hong 2018),yes,high,low,low,high,high,low concern,"10-algorithm combination mining across 6 cohorts (Cambridge, others); validated in 5 external cohorts including a treatment-response (ARSI) cohort.",yes,yes,yes,partial,adequate,REV-ALCIDES-AI,2026-09-22,,batch-01
REC-AIBIOGU-000059,Zhou2025,"Integrative analysis of lactylation related genes in prostate cancer: unveiling heterogeneity through single-cell RNA-seq, bulk RNA-seq and machine learning.",2025,Front Pharmacol,10.3389/fphar.2025.1634985,non_randomized,yes,yes,cant_tell,yes,yes,yes,yes,"TCGA-PRAD + GSE116918 + GSE54460 merged/cross-validated cohorts, convenience samples.",Lactylation-related gene features (single-cell + bulk) and prognosis endpoint appropriate.,"Merged cohort with cross-validation across the three source datasets, reasonably complete.",LRGRS identified as independent prognostic factor via multivariate analysis.,qRT-PCR validation of top 10 genes in clinical samples followed stated protocol.,moderate,MMAT non-randomized (Hong 2018),yes,high,low,low,high,high,low concern,"Cross-validated across TCGA-PRAD, GSE116918, GSE54460 (AUC 0.79-0.88 per cohort); multi-algorithm consensus mining typical of corpus default.",yes,yes,yes,partial,adequate,REV-ALCIDES-AI,2026-09-22,,batch-01
REC-AIBIOGU-000062,Jiang2025,Comprehensive analysis of cholesterol metabolism-related genes in prostate cancer: integrated analysis of single-cell and bulk RNA sequencing.,2025,Discov Oncol,10.1007/s12672-025-03294-5,non_randomized,yes,yes,cant_tell,yes,yes,yes,yes,"TCGA training + DKFZ/GSE46602/GSE70769 public cohorts, convenience samples.",Cholesterol-metabolism gene (CMG) features and prognosis endpoint appropriate.,"TCGA training + 3 external cohorts, reasonably complete.","Risk score recognized as independent prognostic parameter, incorporated into nomogram with clinical variables.",Single-cell RNA sequencing analyses followed stated protocol.,moderate,MMAT non-randomized (Hong 2018),yes,high,low,low,high,high,low concern,"3 external validation cohorts (DKFZ, GSE46602, GSE70769) present; LASSO selection from many CMGs typical mining risk.",yes,yes,yes,partial,adequate,REV-ALCIDES-AI,2026-09-22,,batch-01
REC-AIBIOGU-000063,Wang2025,Assessment of prostate cancer aggressiveness through the combined analysis of prostate MRI and 2.5D deep learning models.,2025,Front Oncol,10.3389/fonc.2025.1539537,non_randomized,yes,yes,cant_tell,yes,yes,yes,yes,"Single-center retrospective cohort (n=335), class-imbalanced (266 aggressive vs 69 non-aggressive).",2.5D deep learning + radiomics features and Gleason>=7 aggressiveness outcome appropriate.,"335 patients with 7:3 train/test split, reasonably complete.",Clinical feature model (Clinic-LightGBM) combined with imaging models; DeLong tests performed.,Blinded segmentation with ICC reproducibility check followed stated protocol.,moderate,MMAT non-randomized (Hong 2018),yes,high,low,low,high,high,low concern,"Only internal 7:3 split, no external validation cohort; deep-learning + radiomics high-dimensional features with class imbalance.",yes,yes,partial,no,partial,REV-ALCIDES-AI,2026-09-22,"Single-center only, no external validation cohort; class-imbalanced sample (266 vs 69).",batch-01
REC-AIBIOGU-000065,Li2025,Intralesional and perilesional radiomics strategy based on different machine learning for the prediction of international society of urological pathology grade group in prostate cancer.,2025,BMC Med Imaging,10.1186/s12880-025-01812-z,non_randomized,yes,yes,cant_tell,yes,yes,yes,yes,"Retrospective two-hospital cohort (n=340), potential selection bias.",Intralesional/perilesional radiomics features and ISUP grade outcome appropriate.,"Training/internal/external validation cohorts, reasonably complete.",Nomogram combines radiomic signatures with clinical variables; calibration and DCA performed.,Standardized T2WI radiomics extraction followed stated protocol.,moderate,MMAT non-randomized (Hong 2018),yes,high,low,low,high,high,low concern,Notable AUC drop from training (0.929) to internal/external validation (0.734/0.743) suggests overfitting despite genuine external cohort.,yes,yes,yes,partial,adequate,REV-ALCIDES-AI,2026-09-22,Notable train-test AUC gap (0.929 training vs 0.734/0.743 validation) suggests overfitting; interpret nomogram performance cautiously.,batch-01
REC-AIBIOGU-000067,Zhong2025,"Combining MRI radiomics, hypoxia gene signature score and clinical variables for prediction of biochemical recurrence-free survival after radiotherapy in prostate cancer.",2025,Radiol Med,10.1007/s11547-025-02037-4,non_randomized,yes,yes,cant_tell,yes,yes,yes,yes,"Retrospective bi-institutional cohort (n=178), modest sample size.",MRI radiomics + hypoxia gene signature + clinical features and BCRFS endpoint appropriate.,"Complete clinical, hypoxia, and radiomics data available for all patients.","Four multivariable Cox models compared via AIC; clinical variables (age, ISUP grade, T stage) included.",Standardized segmentation and PyRadiomics extraction followed stated protocol.,moderate,MMAT non-randomized (Hong 2018),yes,high,low,low,high,high,low concern,No independent external cohort — only internal stratified CV/bootstrap on pooled bi-institutional data; modest discrimination (C-index ~0.68-0.70).,yes,yes,partial,partial,partial,REV-ALCIDES-AI,2026-09-22,"Honest negative finding: hypoxia gene signature did not improve model fit (AIC p=0.625); modest C-index (~0.70); no independent external validation cohort, only internal bootstrap/CV on pooled bi-institutional data.",batch-01
REC-AIBIOGU-000068,Liu2025,A nomogram based on radiomic features from peri-prostatic adipose tissue for predicting bone metastasis in first-time diagnosed prostate cancer patients.,2025,Adipocyte,10.1080/21623945.2025.2517583,non_randomized,yes,yes,cant_tell,yes,yes,yes,yes,"Single-center retrospective cohort (n=151), convenience sample.",Peri-prostatic adipose tissue radiomics features and bone-metastasis outcome (SPECT/CT-confirmed) appropriate.,Comprehensive clinicopathologic data available for all patients.,"Independent predictors (Radscore, ALP, cN stage) identified via multivariate logistic regression.",Standardized radiomics extraction with LASSO selection followed stated protocol.,moderate,MMAT non-randomized (Hong 2018),yes,high,low,low,high,high,low concern,"Only internal bootstrap validation (1000 iterations), no external cohort; 16-feature LASSO selection from single small cohort (n=151).",yes,yes,partial,no,partial,REV-ALCIDES-AI,2026-09-22,"Single-center, no external validation cohort — only internal bootstrap validation reported.",batch-01
REC-AIBIOGU-000069,Wu2025,Integrated machine learning based on cuproptosis and RNA methylation regulators to explore the molecular model of prostate cancer and provide novel insights to immunotherapy.,2025,J Cancer,10.7150/jca.112843,non_randomized,yes,yes,cant_tell,yes,yes,yes,yes,"TCGA training + public GEO/DKFZ cohorts, convenience samples.",Cuproptosis-associated RNA-methylation regulator (CARMR) features and prognosis endpoint appropriate.,"Missingness transparently reported (age, Gleason, cPSA missing in specific cohorts) and handled.",Independent prognostic value supported by multi-cohort risk stratification.,qRT-PCR validation of C4orf48 and SLC26A1 followed stated protocol.,moderate,MMAT non-randomized (Hong 2018),yes,high,low,low,high,high,low concern,GSE70768/GSE70769/DKFZ external cohorts validate the model; 101 algorithm combinations screened is a strong mining/overfitting signal typical of corpus default.,yes,yes,yes,partial,adequate,REV-ALCIDES-AI,2026-09-22,,batch-01
REC-AIBIOGU-000070,Wang2025,Precise prediction of bone metastases and metastatic burden using exosomal mirnas and radiomics: a multi-center study.,2025,J Transl Med,10.1186/s12967-025-06691-0,non_randomized,yes,yes,cant_tell,yes,yes,yes,yes,"Retrospective multi-center cohort, convenience/selection criteria unclear from available text.",Exosomal miRNA + radiomics features and bone metastasis outcome appropriate.,"Internal training/test sets plus independent external dataset (n=96), reasonably complete.","Logistic regression selected clinical indicators, miRNAs, and radiomics jointly; DeLong test used.",Standardized blood sample collection and radiomics extraction followed stated protocol.,moderate,MMAT non-randomized (Hong 2018),yes,high,low,low,high,high,low concern,"External validation cohort (n=96, two collaborating hospitals) present; Nomogram 2 shows drop from training AUC 0.916 to internal test AUC 0.806, suggesting some overfitting.",yes,yes,yes,partial,adequate,REV-ALCIDES-AI,2026-09-22,,batch-01
REC-AIBIOGU-000072,Niu2025,"DWI-based Biologically Interpretable Radiomic Nomogram for Predicting 1-year Biochemical Recurrence after Radical Prostatectomy: A Deep Learning, Multicenter Study.",2025,Curr Med Imaging,10.2174/0115734056403104250527045320,non_randomized,yes,yes,cant_tell,yes,yes,yes,yes,"Retrospective two-institution cohort (n=349), convenience sample.",DWI-based deep-learning radiomic features and 1-year BCR outcome appropriate.,"Low event counts (13.2% BCR development, 11.4% validation) but reasonably complete follow-up.",Multivariate Cox regression combines clinical and radiomic predictors; Hosmer-Lemeshow calibration good in both cohorts.,3D U-Net segmentation and standardized radiomics extraction followed stated protocol.,moderate,MMAT non-randomized (Hong 2018),yes,high,low,low,high,high,low concern,Genuine external validation by separate institution (development n=221 vs validation n=203); low BCR event counts relative to deep-learning-derived feature space raise overfitting concern.,yes,yes,yes,partial,adequate,REV-ALCIDES-AI,2026-09-22,,batch-01
REC-AIBIOGU-000073,Ma2025,Impact of ITH on PRAD patients and feasibility analysis of the positive correlation gene MYLK2 applied to PRAD treatment.,2025,Front Genet,10.3389/fgene.2025.1589259,non_randomized,yes,yes,cant_tell,yes,yes,yes,yes,"TCGA-PRAD public retrospective cohort, convenience sample.",ITH-score (DEPTH algorithm) and gene expression features appropriate to prognostic aim.,"TCGA training + PRAD-FR external validation, reasonably complete.",Multivariate Cox regression sifted prognostically relevant genes; authors acknowledge retrospective TCGA-only limitation.,PCR/WB/CCK8/scratch/transwell si-MYLK2 functional validation followed stated protocol.,moderate,MMAT non-randomized (Hong 2018),yes,high,low,low,high,high,low concern,PRAD-FR external validation cohort present; RSF vs CPH survival model comparison and multi-algorithm mining typical of corpus default.,yes,yes,yes,partial,adequate,REV-ALCIDES-AI,2026-09-22,Authors note limitation of retrospective TCGA-only data for future validation.,batch-01
REC-AIBIOGU-000074,Lu2025,Integrating multimodal data to predict the progression of hormone-sensitive prostate cancer.,2025,Clin Proteomics,10.1186/s12014-025-09543-7,non_randomized,yes,yes,cant_tell,yes,yes,no,yes,"Very small single/few-institution retrospective cohort (n=77), convenience sample.",Multimodal proteomics/MRI/histopathology features and CRPC progression endpoint appropriate.,"77 patients with Boruta-selected features across 4 modalities, reasonably complete for this size.",No external validation; authors explicitly acknowledge lack of external independent validation and small sample size as limitations.,Six-ML-method classification validation followed stated protocol.,low,MMAT non-randomized (Hong 2018),yes,high,low,low,high,high,low concern,Very small sample (n=77) with high-dimensional multi-omics feature selection (233 candidate features across modalities); authors explicitly flag lack of external validation and black-box model limitations.,yes,yes,no,partial,partial,REV-ALCIDES-AI,2026-09-22,Very small sample (n=77); authors explicitly acknowledge lack of external independent validation and black-box model limitations — high overfitting risk given high-dimensional multi-omics features.,batch-01
REC-AIBIOGU-000078,Liu2025,A retrospective study on predicting clinically significant prostate cancer via a bi-parametric ultrasound-based deep learning radiomics model.,2025,Front Oncol,10.3389/fonc.2025.1538854,non_randomized,yes,yes,cant_tell,yes,yes,yes,yes,"Single-center retrospective cohort (n=232), convenience sample.",Bi-parametric ultrasound deep-learning radiomics features and biopsy-confirmed csPCa outcome appropriate.,"232 patients with 7:3 train/test split, reasonably complete.",Composite nomogram integrates clinical factors with DLR; DCA performed.,Inter-observer reproducibility assessed on subset of 50 patients per stated protocol.,moderate,MMAT non-randomized (Hong 2018),yes,high,low,low,high,high,low concern,"Only internal 7:3 split, no external cohort described; deep-learning radiomics high-dimensional feature space typical mining risk.",yes,yes,partial,no,partial,REV-ALCIDES-AI,2026-09-22,"Single-center only, no external validation cohort.",batch-01
REC-AIBIOGU-000079,Guha2025,AI-Driven Prediction of Cardio-Oncology Biomarkers Through Protein Corona Analysis.,2025,Chem Eng J,10.1016/j.cej.2025.161134,non_randomized,yes,yes,cant_tell,yes,cant_tell,no,yes,"Very small single-institution cross-sectional cohort (n=35 across 4 groups), convenience sample.",Protein corona MS-based proteomics features appropriate to associative aim.,Small unbalanced 4-group sample may limit reliability of completeness assessment.,"No adjustment for confounders; authors explicitly note need for larger, more diverse cohort validation; small unbalanced groups.","MS-based BUP, LASSO, and causality analysis followed stated protocol.",low,MMAT non-randomized (Hong 2018),no,,,,,,,,,,,,,REV-ALCIDES-AI,2026-09-22,"Primarily a discovery/associative biomarker study (protein corona profiling + LASSO feature selection + causality analysis) in a very small (n=35) cross-sectional cohort; no formal predictive model with AUC/C-index validation was identified in the extracted text, so applies_prediction_appraisal was marked 'no' per codebook criterion for feature-selection-only studies (deviation from the near-universal 'yes' calibration rule — flagged for reviewer check). Also a comorbid cardio-oncology (PCa+ASCVD) focus, borderline GU scope similar to pilot precedent REC-AIBIOGU-000001/000240.",batch-01
REC-AIBIOGU-000081,Du2025,Establishing a Prognostic Model Correlates to Inflammatory Response Pathways for Prostate Cancer via Multiomic Analysis of Lactylation-Related Genes.,2025,Int J Genomics,10.1155/ijog/6681711,non_randomized,yes,yes,cant_tell,yes,yes,yes,yes,"TCGA-PRAD public training cohort + DKFZ external cohort, convenience samples.",Lactylation-related gene multiomic features and BCR endpoint appropriate.,"TCGA + DKFZ + IMvigor210 cohorts, reasonably complete.",Multivariable regression confirmed lactylation score's prognostic independence relative to clinicopathological parameters.,PC-3 AK5 silencing functional validation followed stated protocol.,moderate,MMAT non-randomized (Hong 2018),yes,high,low,low,high,high,low concern,101 algorithmic combinations benchmarked (extensive mining) though validated in DKFZ external cohort (C-index 0.738) and IMvigor210 immunotherapy cohort.,yes,yes,yes,partial,adequate,REV-ALCIDES-AI,2026-09-22,,batch-01
REC-AIBIOGU-000082,Yamamoto2025,Prediction of Prostate Cancer Grades Using Radiomic Features.,2025,Acta Med Okayama,10.18926/amo/68355,non_randomized,yes,yes,cant_tell,yes,yes,no,yes,Single/multi retrospective cohort or public database mining; representativeness of target PCa population uncertain.,"Radiomic/genomic/proteomic measurements and clinical outcome definitions follow standard, appropriate methods for the study aims.",Outcome data adequate but completeness/loss-to-follow-up not fully detailed.,Limited adjustment for confounders beyond model covariates; batch effects/selection bias plausible.,Retrospective clinical/imaging/omics data acquired per routine institutional protocol as intended.,low,MMAT non-randomized (Hong 2018),yes,unclear,low,low,high,high,low concern,"Single-center n=112, LOOCV plus holdout only (no independent external cohort); small holdout test set (n~30).",yes,yes,partial,no,partial,REV-ALCIDES-AI,2026-09-22,No external validation cohort; only internal holdout/LOOCV.,batch-02
REC-AIBIOGU-000083,Fan2025,Machine learning-based identification of co-expressed genes in prostate cancer and CRPC and construction of prognostic models.,2025,Sci Rep,10.1038/s41598-025-90444-y,non_randomized,yes,yes,no,yes,cant_tell,no,yes,GSE35988 training set is small and not clearly representative of PRAD.,DEG and PFI definitions are appropriate for the prognostic aim.,PFI missingness and censoring handling are not fully reported.,Clinical covariates weakly addressed relative to seven-gene risk score.,LASSO-Cox pipeline applied as described on public data.,low,MMAT non-randomized (Hong 2018),yes,high,low,low,high,high,low concern,Single main external validation and TCGA-centric model fitting.,partial,yes,partial,no,partial,REV-ALCIDES,2026-09-21,Borderline: validation AUC drops at 3-5 years in GSE116918.,pilot
REC-AIBIOGU-000084,Zhou2025,Construction of regulatory T cells specific genes predictive models of prostate cancer patients based on machine learning: a computational analysis and in vitro experiments.,2025,Discov Oncol,10.1007/s12672-025-01862-3,non_randomized,yes,yes,cant_tell,yes,yes,no,yes,Single/multi retrospective cohort or public database mining; representativeness of target PCa population uncertain.,"Radiomic/genomic/proteomic measurements and clinical outcome definitions follow standard, appropriate methods for the study aims.",Outcome data adequate but completeness/loss-to-follow-up not fully detailed.,Limited adjustment for confounders beyond model covariates; batch effects/selection bias plausible.,Retrospective clinical/imaging/omics data acquired per routine institutional protocol as intended.,low,MMAT non-randomized (Hong 2018),yes,unclear,low,low,high,high,low concern,"GEO training cohort, TCGA-PRAD used as external validation; 4-gene Cox signature with median-risk split.",yes,yes,yes,yes,adequate,REV-ALCIDES-AI,2026-09-22,,batch-02
REC-AIBIOGU-000086,Zhao2025,Autophagy Associated Genes (ARGs) -Based Predictive Model AIDPS for Prostate Cancer.,2025,J Cell Mol Med,10.1111/jcmm.70213,non_randomized,yes,yes,cant_tell,yes,yes,no,yes,Single/multi retrospective cohort or public database mining; representativeness of target PCa population uncertain.,"Radiomic/genomic/proteomic measurements and clinical outcome definitions follow standard, appropriate methods for the study aims.",Outcome data adequate but completeness/loss-to-follow-up not fully detailed.,Limited adjustment for confounders beyond model covariates; batch effects/selection bias plausible.,Retrospective clinical/imaging/omics data acquired per routine institutional protocol as intended.,low,MMAT non-randomized (Hong 2018),yes,unclear,low,low,high,high,low concern,101 ML algorithm combinations screened on TCGA training set; 6 external GEO/MSKCC validation cohorts; best C-index 0.726 (modest).,yes,yes,yes,yes,adequate,REV-ALCIDES-AI,2026-09-22,,batch-02
REC-AIBIOGU-000087,Lu2025,Biparametric MRI-based radiomics for noninvastive discrimination of benign prostatic hyperplasia nodules (BPH) and prostate cancer nodules: a bio-centric retrospective cohort study.,2025,Sci Rep,10.1038/s41598-024-84908-w,non_randomized,yes,yes,yes,yes,yes,cant_tell,yes,Multi-institutional/consecutive cohort with defined inclusion criteria improves representativeness for the GU-oncology PCC.,"Radiomic/genomic/proteomic measurements and clinical outcome definitions follow standard, appropriate methods for the study aims.",Outcome/follow-up data reasonably complete and reported across training and validation cohorts.,Multivariable/Cox adjustment used but residual confounding and selection effects not fully excluded.,Retrospective clinical/imaging/omics data acquired per routine institutional protocol as intended.,moderate,MMAT non-randomized (Hong 2018),yes,low,low,low,unclear,unclear,low concern,Two-hospital cohort with training/internal/external validation splits (n=251); 7 ML classifiers compared; DCA and calibration reported.,yes,yes,yes,partial,adequate,REV-ALCIDES-AI,2026-09-22,,batch-02
REC-AIBIOGU-000090,Liu2024,Development and Validation of an MRI-Based Radiomics Nomogram to Predict the Prognosis of De Novo Oligometastatic Prostate Cancer Patients.,2024,Cancer Med,10.1002/cam4.70481,non_randomized,yes,yes,cant_tell,yes,yes,no,yes,Single/multi retrospective cohort or public database mining; representativeness of target PCa population uncertain.,"Radiomic/genomic/proteomic measurements and clinical outcome definitions follow standard, appropriate methods for the study aims.",Outcome data adequate but completeness/loss-to-follow-up not fully detailed.,Limited adjustment for confounders beyond model covariates; batch effects/selection bias plausible.,Retrospective clinical/imaging/omics data acquired per routine institutional protocol as intended.,low,MMAT non-randomized (Hong 2018),yes,unclear,low,low,high,high,low concern,Single-center n=165 training/validating split (7:3); Cox/LASSO radiomics signature for OS in oligometastatic PCa.,yes,yes,partial,no,partial,REV-ALCIDES-AI,2026-09-22,,batch-02
REC-AIBIOGU-000091,Wu2024,Periprostatic fat magnetic resonance imaging based radiomics nomogram for predicting biochemical recurrence-free survival in patients with non-metastatic prostate cancer after radical prostatectomy.,2024,BMC Cancer,10.1186/s12885-024-13207-4,non_randomized,yes,yes,cant_tell,yes,yes,no,yes,Single/multi retrospective cohort or public database mining; representativeness of target PCa population uncertain.,"Radiomic/genomic/proteomic measurements and clinical outcome definitions follow standard, appropriate methods for the study aims.",Outcome data adequate but completeness/loss-to-follow-up not fully detailed.,Limited adjustment for confounders beyond model covariates; batch effects/selection bias plausible.,Retrospective clinical/imaging/omics data acquired per routine institutional protocol as intended.,low,MMAT non-randomized (Hong 2018),yes,unclear,low,low,high,high,low concern,Single-institution retrospective cohort n=356 with training/validation split; LASSO-Cox radiomics-clinical nomogram for bRFS.,yes,yes,partial,no,partial,REV-ALCIDES-AI,2026-09-22,,batch-02
REC-AIBIOGU-000092,Sabater2024,Unmasking Neuroendocrine Prostate Cancer with a Machine Learning-Driven Seven-Gene Stemness Signature That Predicts Progression.,2024,Int J Mol Sci,10.3390/ijms252111356,non_randomized,yes,yes,cant_tell,yes,yes,no,yes,Single/multi retrospective cohort or public database mining; representativeness of target PCa population uncertain.,"Radiomic/genomic/proteomic measurements and clinical outcome definitions follow standard, appropriate methods for the study aims.",Outcome data adequate but completeness/loss-to-follow-up not fully detailed.,Limited adjustment for confounders beyond model covariates; batch effects/selection bias plausible.,Retrospective clinical/imaging/omics data acquired per routine institutional protocol as intended.,low,MMAT non-randomized (Hong 2018),yes,unclear,low,low,high,high,low concern,Random Forest/Lasso 7-gene signature on TCGA/GEO cohorts with PDX model validation; AUC 0.92-0.99 raises overfitting concern.,yes,yes,yes,partial,adequate,REV-ALCIDES-AI,2026-09-22,,batch-02
REC-AIBIOGU-000094,Guo2024,The role of NOP58 in prostate cancer progression through SUMOylation regulation and drug response.,2024,Front Pharmacol,10.3389/fphar.2024.1476025,non_randomized,yes,yes,cant_tell,yes,cant_tell,no,yes,Small single-center retrospective sample or narrow subgroup; representativeness of target population unclear.,"Radiomic/genomic/proteomic measurements and clinical outcome definitions follow standard, appropriate methods for the study aims.",Small sample and/or limited follow-up reporting leave completeness of outcome data uncertain.,Confounders/selection bias not adequately addressed; single-center or small-n design limits control.,Retrospective clinical/imaging/omics data acquired per routine institutional protocol as intended.,low,MMAT non-randomized (Hong 2018),yes,unclear,low,unclear,high,high,low concern,"Primarily bioinformatics/mechanistic study (SUMOylation, NOP58) with diagnostic ROC and drug-response ML panels; not a full clinical prediction-model validation pipeline.",partial,yes,partial,no,partial,REV-ALCIDES-AI,2026-09-22,Borderline applies_prediction_appraisal: mechanistic/diagnostic ROC analyses rather than a formal external-validated prognostic model; included per 'ante duda -> yes' rule.,batch-02
REC-AIBIOGU-000095,Kang2024,Disulfidptosis-related subtype and prognostic signature in prostate cancer.,2024,Biol Direct,10.1186/s13062-024-00544-4,non_randomized,yes,yes,cant_tell,yes,yes,no,yes,Single/multi retrospective cohort or public database mining; representativeness of target PCa population uncertain.,"Radiomic/genomic/proteomic measurements and clinical outcome definitions follow standard, appropriate methods for the study aims.",Outcome data adequate but completeness/loss-to-follow-up not fully detailed.,Limited adjustment for confounders beyond model covariates; batch effects/selection bias plausible.,Retrospective clinical/imaging/omics data acquired per routine institutional protocol as intended.,low,MMAT non-randomized (Hong 2018),yes,unclear,low,low,high,high,low concern,"TCGA/GEO/MSKCC cohorts, 4-gene disulfidptosis risk label validated in external dataset; nomogram C-index 0.72.",yes,yes,yes,partial,adequate,REV-ALCIDES-AI,2026-09-22,,batch-02
REC-AIBIOGU-000099,Gutsche2023,MulticentricGa-PSMA PET radiomics for treatment response assessment ofLu-PSMA-617 radioligand therapy in patients with metastatic castration-resistant prostate cancer.,2023,Front Nucl Med,10.3389/fnume.2023.1234853,non_randomized,yes,yes,cant_tell,yes,cant_tell,no,yes,Small single-center retrospective sample or narrow subgroup; representativeness of target population unclear.,"Radiomic/genomic/proteomic measurements and clinical outcome definitions follow standard, appropriate methods for the study aims.",Small sample and/or limited follow-up reporting leave completeness of outcome data uncertain.,Confounders/selection bias not adequately addressed; single-center or small-n design limits control.,Retrospective clinical/imaging/omics data acquired per routine institutional protocol as intended.,low,MMAT non-randomized (Hong 2018),yes,high,low,low,high,high,low concern,"Small multicentric sample (n=45) with only 5-fold cross-validation, no independent external test set; modest C-index (0.67) for OS.",yes,yes,partial,no,partial,REV-ALCIDES-AI,2026-09-22,Small n=45; authors explicitly call for prospective multi-center studies.,batch-02
REC-AIBIOGU-000100,Gao2024,Machine learning-based cell death marker for predicting prognosis and identifying tumor immune microenvironment in prostate cancer.,2024,Heliyon,10.1016/j.heliyon.2024.e37554,non_randomized,yes,yes,cant_tell,yes,yes,no,yes,Single/multi retrospective cohort or public database mining; representativeness of target PCa population uncertain.,"Radiomic/genomic/proteomic measurements and clinical outcome definitions follow standard, appropriate methods for the study aims.",Outcome data adequate but completeness/loss-to-follow-up not fully detailed.,Limited adjustment for confounders beyond model covariates; batch effects/selection bias plausible.,Retrospective clinical/imaging/omics data acquired per routine institutional protocol as intended.,low,MMAT non-randomized (Hong 2018),yes,unclear,low,low,high,high,low concern,"TCGA training + two external validation cohorts (GSE116918, MSKCC2010); 10 ML algorithms, LOOCV; nomogram AUC up to 0.98 in training (overfitting risk).",yes,yes,yes,partial,adequate,REV-ALCIDES-AI,2026-09-22,,batch-02
REC-AIBIOGU-000103,Bernatz2024,Epigenetic profiling of prostate cancer reveals potential prognostic signatures.,2024,J Cancer Res Clin Oncol,10.1007/s00432-024-05921-0,non_randomized,yes,yes,cant_tell,yes,cant_tell,no,yes,Small single-center retrospective sample or narrow subgroup; representativeness of target population unclear.,"Radiomic/genomic/proteomic measurements and clinical outcome definitions follow standard, appropriate methods for the study aims.",Small sample and/or limited follow-up reporting leave completeness of outcome data uncertain.,Confounders/selection bias not adequately addressed; single-center or small-n design limits control.,Retrospective clinical/imaging/omics data acquired per routine institutional protocol as intended.,low,MMAT non-randomized (Hong 2018),yes,unclear,low,unclear,high,high,low concern,Small n=30 PCa + 8 controls; radiomics model FAILED to predict epigenetic clusters (AUC<=0.65); negative/exploratory result.,yes,partial,partial,no,partial,REV-ALCIDES-AI,2026-09-22,"Negative result: radiomics could not predict epigenetic clusters; included for completeness of prediction-appraisal attempt, but performance was poor.",batch-02
REC-AIBIOGU-000107,Wu2024,Magnetic resonance imaging-based radiomics nomogram for the evaluation of therapeutic responses to neoadjuvant chemohormonal therapy in high-risk non-metastatic prostate cancer.,2024,Cancer Med,10.1002/cam4.70001,non_randomized,yes,yes,cant_tell,yes,yes,no,yes,Single/multi retrospective cohort or public database mining; representativeness of target PCa population uncertain.,"Radiomic/genomic/proteomic measurements and clinical outcome definitions follow standard, appropriate methods for the study aims.",Outcome data adequate but completeness/loss-to-follow-up not fully detailed.,Limited adjustment for confounders beyond model covariates; batch effects/selection bias plausible.,Retrospective clinical/imaging/omics data acquired per routine institutional protocol as intended.,low,MMAT non-randomized (Hong 2018),yes,unclear,low,low,high,high,low concern,Single-center n=162 with training/validation cohort; radiomics-clinical nomogram AUC 0.908 for pathological response to NCHT.,yes,yes,partial,no,partial,REV-ALCIDES-AI,2026-09-22,,batch-02
REC-AIBIOGU-000109,Lin2024,An 18-gene signature of recurrence-associated endothelial cells predicts tumor progression and castration resistance in prostate cancer.,2024,Br J Cancer,10.1038/s41416-024-02761-0,non_randomized,yes,yes,cant_tell,yes,yes,no,yes,Single/multi retrospective cohort or public database mining; representativeness of target PCa population uncertain.,"Radiomic/genomic/proteomic measurements and clinical outcome definitions follow standard, appropriate methods for the study aims.",Outcome data adequate but completeness/loss-to-follow-up not fully detailed.,Limited adjustment for confounders beyond model covariates; batch effects/selection bias plausible.,Retrospective clinical/imaging/omics data acquired per routine institutional protocol as intended.,low,MMAT non-randomized (Hong 2018),yes,unclear,low,low,high,high,low concern,TCGA-PRAD training with nested cross-validation across 11 ML algorithms; external GEO validation for RAECsig; C-index 0.767.,yes,yes,yes,yes,adequate,REV-ALCIDES-AI,2026-09-22,,batch-02
REC-AIBIOGU-000110,Schrader2024,Prostate cancer risk assessment and avoidance of prostate biopsies using fully automatic deep learning in prostate MRI: comparison to PI-RADS and integration with clinical data in nomograms.,2024,Eur Radiol,10.1007/s00330-024-10818-0,non_randomized,yes,yes,yes,yes,yes,cant_tell,yes,Multi-institutional/consecutive cohort with defined inclusion criteria improves representativeness for the GU-oncology PCC.,"Radiomic/genomic/proteomic measurements and clinical outcome definitions follow standard, appropriate methods for the study aims.",Outcome/follow-up data reasonably complete and reported across training and validation cohorts.,Multivariable/Cox adjustment used but residual confounding and selection effects not fully excluded.,Retrospective clinical/imaging/omics data acquired per routine institutional protocol as intended.,moderate,MMAT non-randomized (Hong 2018),yes,low,low,low,unclear,unclear,low concern,"Large single-center cohort (n=1627, 517 held out for testing); deep-learning risk calculators with recalibration and DCA; robust methodology.",yes,yes,yes,partial,adequate,REV-ALCIDES-AI,2026-09-22,,batch-02
REC-AIBIOGU-000111,Ren2024,Integrated machine learning algorithms reveal a bone metastasis-related signature of circulating tumor cells in prostate cancer.,2024,Sci Data,10.1038/s41597-024-03551-2,non_randomized,yes,yes,cant_tell,yes,yes,no,yes,Single/multi retrospective cohort or public database mining; representativeness of target PCa population uncertain.,"Radiomic/genomic/proteomic measurements and clinical outcome definitions follow standard, appropriate methods for the study aims.",Outcome data adequate but completeness/loss-to-follow-up not fully detailed.,Limited adjustment for confounders beyond model covariates; batch effects/selection bias plausible.,Retrospective clinical/imaging/omics data acquired per routine institutional protocol as intended.,low,MMAT non-randomized (Hong 2018),yes,unclear,low,low,high,high,low concern,"TCGA training, GEO/MSKCC external validation cohorts; 94 ML model combinations; nomogram AUC up to 0.99 (overfitting risk).",yes,yes,yes,yes,adequate,REV-ALCIDES-AI,2026-09-22,,batch-02
REC-AIBIOGU-000112,Wang2024,"Identification of metastasis-related genes for predicting prostate cancer diagnosis, metastasis and immunotherapy drug candidates using machine learning approaches.",2024,Biol Direct,10.1186/s13062-024-00494-x,non_randomized,yes,yes,cant_tell,yes,yes,no,yes,Single/multi retrospective cohort or public database mining; representativeness of target PCa population uncertain.,"Radiomic/genomic/proteomic measurements and clinical outcome definitions follow standard, appropriate methods for the study aims.",Outcome data adequate but completeness/loss-to-follow-up not fully detailed.,Limited adjustment for confounders beyond model covariates; batch effects/selection bias plausible.,Retrospective clinical/imaging/omics data acquired per routine institutional protocol as intended.,low,MMAT non-randomized (Hong 2018),yes,unclear,low,low,high,high,low concern,WGCNA + multiple ML diagnostic/metastasis models; TCGA training with external GSE6956/GSE16120 validation; AUC up to 0.96-1.0 (overfitting risk).,yes,yes,yes,partial,adequate,REV-ALCIDES-AI,2026-09-22,,batch-02
REC-AIBIOGU-000114,Li2024,Mining bone metastasis related key genes of prostate cancer from the STING pathway based on machine learning.,2024,Front Med (Lausanne),10.3389/fmed.2024.1372495,non_randomized,yes,yes,cant_tell,yes,cant_tell,no,yes,Small single-center retrospective sample or narrow subgroup; representativeness of target population unclear.,"Radiomic/genomic/proteomic measurements and clinical outcome definitions follow standard, appropriate methods for the study aims.",Small sample and/or limited follow-up reporting leave completeness of outcome data uncertain.,Confounders/selection bias not adequately addressed; single-center or small-n design limits control.,Retrospective clinical/imaging/omics data acquired per routine institutional protocol as intended.,low,MMAT non-randomized (Hong 2018),yes,unclear,low,low,high,high,low concern,"Random-forest key genes with nomogram AUC 0.99, but only ONE dataset used (no independent external validation); authors explicitly note this limitation.",yes,yes,partial,no,partial,REV-ALCIDES-AI,2026-09-22,Authors state only one dataset was used to build the nomogram; generalizability unverified (explicit limitation).,batch-02
REC-AIBIOGU-000117,Hiremath2024,An integrated radiology-pathology machine learning classifier for outcome prediction following radical prostatectomy: Preliminary findings.,2024,Heliyon,10.1016/j.heliyon.2024.e29602,non_randomized,yes,yes,yes,yes,yes,cant_tell,yes,Multi-institutional/consecutive cohort with defined inclusion criteria improves representativeness for the GU-oncology PCC.,"Radiomic/genomic/proteomic measurements and clinical outcome definitions follow standard, appropriate methods for the study aims.",Outcome/follow-up data reasonably complete and reported across training and validation cohorts.,Multivariable/Cox adjustment used but residual confounding and selection effects not fully excluded.,Retrospective clinical/imaging/omics data acquired per routine institutional protocol as intended.,moderate,MMAT non-randomized (Hong 2018),yes,unclear,low,low,unclear,unclear,low concern,Multi-institutional D1(n=44)/D2(n=14) design with external test set; but very small samples (preliminary findings per authors) and only 3/44 BCR events.,yes,yes,yes,no,adequate,REV-ALCIDES-AI,2026-09-22,Authors explicitly label this a 'preliminary study'; small event count for BCR endpoint limits precision.,batch-02
REC-AIBIOGU-000118,Pan2024,Constructing lactylation-related genes prognostic model to effectively predict the disease-free survival and treatment responsiveness in prostate cancer based on machine learning.,2024,Front Genet,10.3389/fgene.2024.1343140,non_randomized,yes,yes,cant_tell,yes,yes,no,yes,Single/multi retrospective cohort or public database mining; representativeness of target PCa population uncertain.,"Radiomic/genomic/proteomic measurements and clinical outcome definitions follow standard, appropriate methods for the study aims.",Outcome data adequate but completeness/loss-to-follow-up not fully detailed.,Limited adjustment for confounders beyond model covariates; batch effects/selection bias plausible.,Retrospective clinical/imaging/omics data acquired per routine institutional protocol as intended.,low,MMAT non-randomized (Hong 2018),yes,unclear,low,low,high,high,low concern,TCGA cohort split 1:1 training/test plus external MSKCC validation; 5 ML algorithms for lactylation-gene signature.,yes,yes,yes,partial,adequate,REV-ALCIDES-AI,2026-09-22,,batch-02
REC-AIBIOGU-000119,Zhou2024,Multimodal data integration for predicting progression risk in castration-resistant prostate cancer using deep learning: a multicenter retrospective study.,2024,Front Oncol,10.3389/fonc.2024.1287995,non_randomized,yes,yes,cant_tell,yes,yes,no,yes,Single/multi retrospective cohort or public database mining; representativeness of target PCa population uncertain.,"Radiomic/genomic/proteomic measurements and clinical outcome definitions follow standard, appropriate methods for the study aims.",Outcome data adequate but completeness/loss-to-follow-up not fully detailed.,Limited adjustment for confounders beyond model covariates; batch effects/selection bias plausible.,Retrospective clinical/imaging/omics data acquired per routine institutional protocol as intended.,low,MMAT non-randomized (Hong 2018),yes,unclear,low,low,high,high,low concern,Multicenter retrospective n=399 with external validation group; ResNet-50 DL + radiomics/pathomics combined nomogram AUC 0.86.,yes,yes,yes,no,adequate,REV-ALCIDES-AI,2026-09-22,,batch-02
REC-AIBIOGU-000120,Huang2024,A radiomics model based on transrectal ultrasound for predicting prostate cancer.,2024,Med Ultrason,10.11152/mu-4329,non_randomized,yes,yes,cant_tell,yes,cant_tell,no,yes,Small single-center retrospective sample or narrow subgroup; representativeness of target population unclear.,"Radiomic/genomic/proteomic measurements and clinical outcome definitions follow standard, appropriate methods for the study aims.",Small sample and/or limited follow-up reporting leave completeness of outcome data uncertain.,Confounders/selection bias not adequately addressed; single-center or small-n design limits control.,Retrospective clinical/imaging/omics data acquired per routine institutional protocol as intended.,low,MMAT non-randomized (Hong 2018),yes,unclear,low,low,high,high,low concern,Single-center TRUS radiomics n=373; no explicit independent external validation cohort described in methods excerpt.,partial,yes,partial,no,partial,REV-ALCIDES-AI,2026-09-22,,batch-02
REC-AIBIOGU-000123,Kang2024,Identification macrophage signatures in prostate cancer by single-cell sequencing and machine learning.,2024,Cancer Immunol Immunother,10.1007/s00262-024-03633-5,non_randomized,yes,yes,cant_tell,yes,yes,no,yes,Single/multi retrospective cohort or public database mining; representativeness of target PCa population uncertain.,"Radiomic/genomic/proteomic measurements and clinical outcome definitions follow standard, appropriate methods for the study aims.",Outcome data adequate but completeness/loss-to-follow-up not fully detailed.,Limited adjustment for confounders beyond model covariates; batch effects/selection bias plausible.,Retrospective clinical/imaging/omics data acquired per routine institutional protocol as intended.,low,MMAT non-randomized (Hong 2018),yes,unclear,low,low,high,high,low concern,TCGA-PRAD training with LOOCV across 10 ML methods; external validation in GSE datasets; nomogram C-index 0.71.,yes,yes,yes,partial,adequate,REV-ALCIDES-AI,2026-09-22,,batch-02
REC-AIBIOGU-000124,Zhang2024,Deep learning algorithm-based multimodal MRI radiomics and pathomics data improve prediction of bone metastases in primary prostate cancer.,2024,J Cancer Res Clin Oncol,10.1007/s00432-023-05574-5,non_randomized,yes,yes,cant_tell,yes,cant_tell,no,yes,Small single-center retrospective sample or narrow subgroup; representativeness of target population unclear.,"Radiomic/genomic/proteomic measurements and clinical outcome definitions follow standard, appropriate methods for the study aims.",Small sample and/or limited follow-up reporting leave completeness of outcome data uncertain.,Confounders/selection bias not adequately addressed; single-center or small-n design limits control.,Retrospective clinical/imaging/omics data acquired per routine institutional protocol as intended.,low,MMAT non-randomized (Hong 2018),yes,unclear,low,low,high,high,low concern,Single-center n=211 randomized 8:2 into training/validation only (no independent external cohort); small validation set (n=42).,yes,yes,partial,no,partial,REV-ALCIDES-AI,2026-09-22,,batch-02
REC-AIBIOGU-000125,Guo2024,A non-invasive 25-Gene PLNM-Score urine test for detection of prostate cancer pelvic lymph node metastasis.,2024,Prostate Cancer Prostatic Dis,10.1038/s41391-023-00758-z,non_randomized,yes,yes,yes,yes,yes,cant_tell,yes,Multi-institutional/consecutive cohort with defined inclusion criteria improves representativeness for the GU-oncology PCC.,"Radiomic/genomic/proteomic measurements and clinical outcome definitions follow standard, appropriate methods for the study aims.",Outcome/follow-up data reasonably complete and reported across training and validation cohorts.,Multivariable/Cox adjustment used but residual confounding and selection effects not fully excluded.,Retrospective clinical/imaging/omics data acquired per routine institutional protocol as intended.,moderate,MMAT non-randomized (Hong 2018),yes,low,low,low,unclear,unclear,low concern,Multi-center retrospective training (n=413) with an independent PROSPECTIVE multi-center validation cohort (n=243); compared head-to-head with MSKCC nomogram; strongest validation design in this batch.,yes,yes,yes,partial,adequate,REV-ALCIDES-AI,2026-09-22,,batch-02
REC-AIBIOGU-000126,Zhang2024,Integrated analysis of single-cell and bulk transcriptomics develops a robust neuroendocrine cell-intrinsic signature to predict prostate cancer progression.,2024,Theranostics,10.7150/thno.92336,non_randomized,yes,yes,cant_tell,yes,yes,cant_tell,yes,Assembled scRNA and bulk cohorts are large but publication-selected.,NE markers and survival endpoints align with NEPC progression aims.,Multiple bulk cohorts provide substantial outcome data for BCR/OS.,Lineage and treatment heterogeneity partly addressed via stratification.,NEPAL scoring procedure is prespecified and packaged for reuse.,low,MMAT non-randomized (Hong 2018),yes,unclear,low,low,unclear,unclear,low concern,Extensive external checks but heavy algorithm comparison on overlapping data.,yes,yes,yes,yes,adequate,REV-ALCIDES,2026-09-21,Borderline MMAT moderate vs low given dataset heterogeneity.,pilot
REC-AIBIOGU-000129,Gu2023,"A deep learning model, NAFNet, predicts adverse pathology and recurrence in prostate cancer using MRIs.",2023,NPJ Precis Oncol,10.1038/s41698-023-00481-x,non_randomized,yes,yes,yes,yes,yes,cant_tell,yes,Multi-institutional/consecutive cohort with defined inclusion criteria improves representativeness for the GU-oncology PCC.,"Radiomic/genomic/proteomic measurements and clinical outcome definitions follow standard, appropriate methods for the study aims.",Outcome/follow-up data reasonably complete and reported across training and validation cohorts.,Multivariable/Cox adjustment used but residual confounding and selection effects not fully excluded.,Retrospective clinical/imaging/omics data acquired per routine institutional protocol as intended.,moderate,MMAT non-randomized (Hong 2018),yes,low,low,low,unclear,unclear,low concern,"Six tertiary hospitals, internal set (n=367) and external test set (n=147) from five other institutes; benchmarked against PI-RADS/CAPRA.",yes,yes,yes,partial,adequate,REV-ALCIDES-AI,2026-09-22,,batch-02
REC-AIBIOGU-000130,Chen2023,A transfer learning nomogram for predicting prostate cancer and benign conditions on MRI.,2023,BMC Med Imaging,10.1186/s12880-023-01163-7,non_randomized,yes,yes,yes,yes,yes,cant_tell,yes,Multi-institutional/consecutive cohort with defined inclusion criteria improves representativeness for the GU-oncology PCC.,"Radiomic/genomic/proteomic measurements and clinical outcome definitions follow standard, appropriate methods for the study aims.",Outcome/follow-up data reasonably complete and reported across training and validation cohorts.,Multivariable/Cox adjustment used but residual confounding and selection effects not fully excluded.,Retrospective clinical/imaging/omics data acquired per routine institutional protocol as intended.,moderate,MMAT non-randomized (Hong 2018),yes,low,low,low,unclear,unclear,low concern,"Two-institution cohort n=709 with training/internal/external validation splits; Delong test, IDI, DCA reported.",yes,yes,yes,partial,adequate,REV-ALCIDES-AI,2026-09-22,,batch-02
REC-AIBIOGU-000131,Gabriele2023,Development of a predictive model to distinguish prostate cancer from benign prostatic hyperplasia by integrating serum glycoproteomics and clinical variables.,2023,Clin Proteomics,10.1186/s12014-023-09439-4,non_randomized,yes,yes,cant_tell,yes,cant_tell,no,yes,Small single-center retrospective sample or narrow subgroup; representativeness of target population unclear.,"Radiomic/genomic/proteomic measurements and clinical outcome definitions follow standard, appropriate methods for the study aims.",Small sample and/or limited follow-up reporting leave completeness of outcome data uncertain.,Confounders/selection bias not adequately addressed; single-center or small-n design limits control.,Retrospective clinical/imaging/omics data acquired per routine institutional protocol as intended.,low,MMAT non-randomized (Hong 2018),yes,unclear,low,low,high,high,low concern,"Single cohort n=163 (discovery/verification phases, no independent external cohort); small exploratory AG-vs-NAG analysis (n=79) with only moderate performance (AUC 0.69).",yes,yes,partial,no,partial,REV-ALCIDES-AI,2026-09-22,Aggressiveness predictor explicitly described by authors as exploratory/limited by small sample; no firm conclusions drawn.,batch-02
REC-AIBIOGU-000132,Zhu2023,Integrated machine learning identifies epithelial cell marker genes for improving outcomes and immunotherapy in prostate cancer.,2023,J Transl Med,10.1186/s12967-023-04633-2,non_randomized,yes,yes,yes,yes,yes,cant_tell,yes,Multi-institutional/consecutive cohort with defined inclusion criteria improves representativeness for the GU-oncology PCC.,"Radiomic/genomic/proteomic measurements and clinical outcome definitions follow standard, appropriate methods for the study aims.",Outcome/follow-up data reasonably complete and reported across training and validation cohorts.,Multivariable/Cox adjustment used but residual confounding and selection effects not fully excluded.,Retrospective clinical/imaging/omics data acquired per routine institutional protocol as intended.,moderate,MMAT non-randomized (Hong 2018),yes,unclear,low,low,unclear,unclear,low concern,"101 ML models across 5 independent cohorts (TCGA + 4 external: MSKCC, GSE70768, GSE70769, DKFZ); extensive external validation.",yes,yes,yes,partial,adequate,REV-ALCIDES-AI,2026-09-22,,batch-02
REC-AIBIOGU-000133,Zhu2023,"Inflammation-related signature for prognostic prediction, tumor immune, genomic heterogeneity, and drug choices in prostate cancer: Integrated analysis of bulk and single-cell RNA-sequencing.",2023,Heliyon,10.1016/j.heliyon.2023.e21174,non_randomized,yes,yes,cant_tell,yes,yes,no,yes,Single/multi retrospective cohort or public database mining; representativeness of target PCa population uncertain.,"Radiomic/genomic/proteomic measurements and clinical outcome definitions follow standard, appropriate methods for the study aims.",Outcome data adequate but completeness/loss-to-follow-up not fully detailed.,Limited adjustment for confounders beyond model covariates; batch effects/selection bias plausible.,Retrospective clinical/imaging/omics data acquired per routine institutional protocol as intended.,low,MMAT non-randomized (Hong 2018),yes,unclear,low,low,high,high,low concern,TCGA training with MSKCC and GSE70769 external validation cohorts; 6-gene inflammation signature with nomogram.,yes,yes,yes,partial,adequate,REV-ALCIDES-AI,2026-09-22,,batch-02
REC-AIBIOGU-000136,Yang2023,Value of a combined magnetic resonance imaging-based radiomics-clinical model for predicting extracapsular extension in prostate cancer: a preliminary study.,2023,Transl Cancer Res,10.21037/tcr-22-2750,non_randomized,yes,yes,cant_tell,yes,cant_tell,no,yes,Small single-center retrospective sample or narrow subgroup; representativeness of target population unclear.,"Radiomic/genomic/proteomic measurements and clinical outcome definitions follow standard, appropriate methods for the study aims.",Small sample and/or limited follow-up reporting leave completeness of outcome data uncertain.,Confounders/selection bias not adequately addressed; single-center or small-n design limits control.,Retrospective clinical/imaging/omics data acquired per routine institutional protocol as intended.,low,MMAT non-randomized (Hong 2018),yes,unclear,low,low,high,high,low concern,"Single-center n=392 randomized 7:3 into training/validation only, no independent external cohort.",yes,yes,partial,no,partial,REV-ALCIDES-AI,2026-09-22,,batch-02
REC-AIBIOGU-000139,Liu2023,Comparison of Magnetic Resonance Imaging-Based Radiomics Features with Nomogram for Prediction of Prostate Cancer Invasion.,2023,Int J Gen Med,10.2147/ijgm.s419039,non_randomized,yes,yes,cant_tell,yes,cant_tell,no,yes,Small single-center retrospective sample or narrow subgroup; representativeness of target population unclear.,"Radiomic/genomic/proteomic measurements and clinical outcome definitions follow standard, appropriate methods for the study aims.",Small sample and/or limited follow-up reporting leave completeness of outcome data uncertain.,Confounders/selection bias not adequately addressed; single-center or small-n design limits control.,Retrospective clinical/imaging/omics data acquired per routine institutional protocol as intended.,low,MMAT non-randomized (Hong 2018),yes,unclear,low,unclear,high,high,low concern,Very small single-center sample (n=86); no external validation; authors note findings 'hindered by the cross-validation nature' of the study.,partial,yes,partial,no,partial,REV-ALCIDES-AI,2026-09-22,Authors explicitly flag preliminary/cross-validation-only nature as a limitation.,batch-02
REC-AIBIOGU-000140,Li2023,Multi-view radiomics and deep learning modeling for prostate cancer detection based on multi-parametric MRI.,2023,Front Oncol,10.3389/fonc.2023.1198899,non_randomized,yes,yes,cant_tell,yes,cant_tell,no,yes,Small single-center retrospective sample or narrow subgroup; representativeness of target population unclear.,"Radiomic/genomic/proteomic measurements and clinical outcome definitions follow standard, appropriate methods for the study aims.",Small sample and/or limited follow-up reporting leave completeness of outcome data uncertain.,Confounders/selection bias not adequately addressed; single-center or small-n design limits control.,Retrospective clinical/imaging/omics data acquired per routine institutional protocol as intended.,low,MMAT non-randomized (Hong 2018),yes,unclear,low,low,high,high,low concern,Single-center n=236 train/test split; no independent external validation cohort.,yes,yes,partial,no,partial,REV-ALCIDES-AI,2026-09-22,,batch-02
REC-AIBIOGU-000142,Deng2023,Deep learning-based radiomic nomograms for predicting Ki67 expression in prostate cancer.,2023,BMC Cancer,10.1186/s12885-023-11130-8,non_randomized,yes,yes,yes,yes,yes,cant_tell,yes,Multi-institutional/consecutive cohort with defined inclusion criteria improves representativeness for the GU-oncology PCC.,"Radiomic/genomic/proteomic measurements and clinical outcome definitions follow standard, appropriate methods for the study aims.",Outcome/follow-up data reasonably complete and reported across training and validation cohorts.,Multivariable/Cox adjustment used but residual confounding and selection effects not fully excluded.,Retrospective clinical/imaging/omics data acquired per routine institutional protocol as intended.,moderate,MMAT non-randomized (Hong 2018),yes,low,low,low,unclear,unclear,low concern,Two-center n=229 with training/internal/external validation sets; multiple DL architectures compared with DeLong tests.,yes,yes,yes,no,adequate,REV-ALCIDES-AI,2026-09-22,,batch-02
REC-AIBIOGU-000143,Pan2023,Identifying Patients With Rapid Progression From Hormone-Sensitive to Castration-Resistant Prostate Cancer: A Retrospective Study.,2023,Mol Cell Proteomics,10.1016/j.mcpro.2023.100613,non_randomized,yes,yes,cant_tell,yes,cant_tell,no,yes,Small single-center retrospective sample or narrow subgroup; representativeness of target population unclear.,"Radiomic/genomic/proteomic measurements and clinical outcome definitions follow standard, appropriate methods for the study aims.",Small sample and/or limited follow-up reporting leave completeness of outcome data uncertain.,Confounders/selection bias not adequately addressed; single-center or small-n design limits control.,Retrospective clinical/imaging/omics data acquired per routine institutional protocol as intended.,low,MMAT non-randomized (Hong 2018),yes,unclear,low,low,high,high,low concern,Very small single-cohort proteomics study (n=78); no independent external validation; modest C-index (0.67).,yes,yes,partial,no,partial,REV-ALCIDES-AI,2026-09-22,,batch-02
REC-AIBIOGU-000144,Lyu2023,"Crafting a Personalized Prognostic Model for Malignant Prostate Cancer Patients Using Risk Gene Signatures Discovered through TCGA-PRAD Mining, Machine Learning, and Single-Cell RNA-Sequencing.",2023,Diagnostics (Basel),10.3390/diagnostics13121997,non_randomized,yes,yes,cant_tell,yes,yes,no,yes,Single/multi retrospective cohort or public database mining; representativeness of target PCa population uncertain.,"Radiomic/genomic/proteomic measurements and clinical outcome definitions follow standard, appropriate methods for the study aims.",Outcome data adequate but completeness/loss-to-follow-up not fully detailed.,Limited adjustment for confounders beyond model covariates; batch effects/selection bias plausible.,Retrospective clinical/imaging/omics data acquired per routine institutional protocol as intended.,low,MMAT non-randomized (Hong 2018),yes,unclear,low,low,high,high,low concern,TCGA discovery with independent ICGC external validation; 5-gene LASSO risk model plus scRNA-seq/CCLE confirmation.,yes,yes,yes,partial,adequate,REV-ALCIDES-AI,2026-09-22,,batch-02
REC-AIBIOGU-000146,Erak2023,Predicting Prostate Cancer Molecular Subtype With Deep Learning on Histopathologic Images.,2023,Mod Pathol,10.1016/j.modpat.2023.100247,non_randomized,yes,yes,yes,yes,yes,cant_tell,yes,Multi-institutional/consecutive cohort with defined inclusion criteria improves representativeness for the GU-oncology PCC.,"Radiomic/genomic/proteomic measurements and clinical outcome definitions follow standard, appropriate methods for the study aims.",Outcome/follow-up data reasonably complete and reported across training and validation cohorts.,Multivariable/Cox adjustment used but residual confounding and selection effects not fully excluded.,Retrospective clinical/imaging/omics data acquired per routine institutional protocol as intended.,moderate,MMAT non-randomized (Hong 2018),yes,low,low,low,unclear,unclear,low concern,"Training cohort plus FOUR independent external validation cohorts (2 RP, 2 needle-biopsy); AUCs dropped from 0.86-0.91 (RP) to 0.78-0.80 (biopsy), showing realistic performance decay across settings.",yes,yes,yes,partial,adequate,REV-ALCIDES-AI,2026-09-22,,batch-02
REC-AIBIOGU-000151,An2023,Predicting Model of Biochemical Recurrence of Prostate Carcinoma (PCa-BCR) Using MR Perfusion-Weighted Imaging-Based Radiomics.,2023,Technol Cancer Res Treat,10.1177/15330338231166766,non_randomized,yes,yes,cant_tell,yes,cant_tell,no,yes,Small single-center retrospective sample or narrow subgroup; representativeness of target population unclear.,"Radiomic/genomic/proteomic measurements and clinical outcome definitions follow standard, appropriate methods for the study aims.",Small sample and/or limited follow-up reporting leave completeness of outcome data uncertain.,Confounders/selection bias not adequately addressed; single-center or small-n design limits control.,Retrospective clinical/imaging/omics data acquired per routine institutional protocol as intended.,low,MMAT non-randomized (Hong 2018),yes,unclear,low,low,high,high,low concern,"Single-center n=206 with 7:3 train/test split; the 'external validation' described is actually the same-institution held-out testing set, not a genuinely independent cohort.",yes,yes,partial,no,partial,REV-ALCIDES-AI,2026-09-22,Terminology issue: paper labels the internal 30% test split as 'external validation' - treated here as internal validation only per PROBAST logic.,batch-02
REC-AIBIOGU-000152,Spohn2023,Development of PSMA-PET-guided CT-based radiomic signature to predict biochemical recurrence after salvage radiotherapy.,2023,Eur J Nucl Med Mol Imaging,10.1007/s00259-023-06195-3,non_randomized,yes,yes,cant_tell,yes,yes,no,yes,Single/multi retrospective cohort or public database mining; representativeness of target PCa population uncertain.,"Radiomic/genomic/proteomic measurements and clinical outcome definitions follow standard, appropriate methods for the study aims.",Outcome data adequate but completeness/loss-to-follow-up not fully detailed.,Limited adjustment for confounders beyond model covariates; batch effects/selection bias plausible.,Retrospective clinical/imaging/omics data acquired per routine institutional protocol as intended.,low,MMAT non-randomized (Hong 2018),yes,unclear,low,low,high,high,low concern,"Multicenter (3 centers) but modest n=99, nested cross-validation only, no independent external test set; authors explicitly call for future external validation.",yes,yes,partial,no,partial,REV-ALCIDES-AI,2026-09-22,Authors explicitly note lack of independent external validation as a limitation despite nested CV design.,batch-02
REC-AIBIOGU-000155,Zhang2022,Predicting Tumor Perineural Invasion Status in High-Grade Prostate Cancer Based on a Clinical-Radiomics Model Incorporating T2-Weighted and Diffusion-Weighted Magnetic Resonance Images.,2022,Cancers (Basel),10.3390/cancers15010086,non_randomized,yes,yes,cant_tell,yes,cant_tell,no,yes,Small single-center retrospective sample or narrow subgroup; representativeness of target population unclear.,"Radiomic/genomic/proteomic measurements and clinical outcome definitions follow standard, appropriate methods for the study aims.",Small sample and/or limited follow-up reporting leave completeness of outcome data uncertain.,Confounders/selection bias not adequately addressed; single-center or small-n design limits control.,Retrospective clinical/imaging/omics data acquired per routine institutional protocol as intended.,low,MMAT non-randomized (Hong 2018),yes,unclear,low,low,high,high,low concern,Single-center n=183 train/test split; no independent external validation cohort.,yes,yes,partial,no,partial,REV-ALCIDES-AI,2026-09-22,,batch-02
REC-AIBIOGU-000156,Lu2022,Biparametric MRI-based radiomics classifiers for the detection of prostate cancer in patients with PSA serum levels of 4∼10 ng/mL.,2022,Front Oncol,10.3389/fonc.2022.1020317,non_randomized,yes,yes,cant_tell,yes,cant_tell,no,yes,Small single-center retrospective sample or narrow subgroup; representativeness of target population unclear.,"Radiomic/genomic/proteomic measurements and clinical outcome definitions follow standard, appropriate methods for the study aims.",Small sample and/or limited follow-up reporting leave completeness of outcome data uncertain.,Confounders/selection bias not adequately addressed; single-center or small-n design limits control.,Retrospective clinical/imaging/omics data acquired per routine institutional protocol as intended.,low,MMAT non-randomized (Hong 2018),yes,unclear,low,low,high,high,low concern,"Single-center n=136, narrow PSA 4-10 ng/mL subgroup; internal validation only.",yes,yes,partial,no,partial,REV-ALCIDES-AI,2026-09-22,,batch-02
REC-AIBIOGU-000157,Xie2022,"Plasma cell subtypes analyzed using artificial intelligence algorithm for predicting biochemical recurrence, immune escape potential, and immunotherapy response of prostate cancer.",2022,Front Immunol,10.3389/fimmu.2022.946209,non_randomized,yes,yes,cant_tell,yes,yes,no,yes,Single/multi retrospective cohort or public database mining; representativeness of target PCa population uncertain.,"Radiomic/genomic/proteomic measurements and clinical outcome definitions follow standard, appropriate methods for the study aims.",Outcome data adequate but completeness/loss-to-follow-up not fully detailed.,Limited adjustment for confounders beyond model covariates; batch effects/selection bias plausible.,Retrospective clinical/imaging/omics data acquired per routine institutional protocol as intended.,low,MMAT non-randomized (Hong 2018),yes,unclear,low,low,high,high,low concern,TCGA discovery cohort (n=481) with independent GEO validation cohort (n=449); ANN classifier AUC ~0.96 in training (possible overfitting).,yes,yes,yes,partial,adequate,REV-ALCIDES-AI,2026-09-22,,batch-02
REC-AIBIOGU-000158,Zhang2022,MRI-Based Radiomics Nomogram for Predicting Prostate Cancer with Gray-Zone Prostate-Specific Antigen Levels to Reduce Unnecessary Biopsies.,2022,Diagnostics (Basel),10.3390/diagnostics12123005,non_randomized,yes,yes,cant_tell,yes,cant_tell,no,yes,Small single-center retrospective sample or narrow subgroup; representativeness of target population unclear.,"Radiomic/genomic/proteomic measurements and clinical outcome definitions follow standard, appropriate methods for the study aims.",Small sample and/or limited follow-up reporting leave completeness of outcome data uncertain.,Confounders/selection bias not adequately addressed; single-center or small-n design limits control.,Retrospective clinical/imaging/omics data acquired per routine institutional protocol as intended.,low,MMAT non-randomized (Hong 2018),yes,unclear,low,low,high,high,low concern,"Single-center n=274, internal training/validation split only, no independent external cohort (though TRIPOD checklist followed for reporting).",yes,yes,partial,no,partial,REV-ALCIDES-AI,2026-09-22,,batch-02
REC-AIBIOGU-000159,Wang2022,Evaluation of a radiomics nomogram derived from Fluoride-18 PSMA-1007 PET/CT for risk stratification in newly diagnosed prostate cancer.,2022,Front Oncol,10.3389/fonc.2022.1018833,non_randomized,yes,yes,cant_tell,yes,cant_tell,no,yes,Small single-center retrospective sample or narrow subgroup; representativeness of target population unclear.,"Radiomic/genomic/proteomic measurements and clinical outcome definitions follow standard, appropriate methods for the study aims.",Small sample and/or limited follow-up reporting leave completeness of outcome data uncertain.,Confounders/selection bias not adequately addressed; single-center or small-n design limits control.,Retrospective clinical/imaging/omics data acquired per routine institutional protocol as intended.,low,MMAT non-randomized (Hong 2018),yes,unclear,low,unclear,high,high,low concern,"Single-center n=161, internal training/test split; modest AUC (0.719) for Gleason-score discrimination.",yes,yes,partial,no,partial,REV-ALCIDES-AI,2026-09-22,,batch-02
REC-AIBIOGU-000161,Liu2022,Utility of diffusion weighted imaging-based radiomics nomogram to predict pelvic lymph nodes metastasis in prostate cancer.,2022,BMC Med Imaging,10.1186/s12880-022-00905-3,non_randomized,yes,yes,cant_tell,yes,cant_tell,no,yes,Small single-center retrospective sample or narrow subgroup; representativeness of target population unclear.,"Radiomic/genomic/proteomic measurements and clinical outcome definitions follow standard, appropriate methods for the study aims.",Small sample and/or limited follow-up reporting leave completeness of outcome data uncertain.,Confounders/selection bias not adequately addressed; single-center or small-n design limits control.,Retrospective clinical/imaging/omics data acquired per routine institutional protocol as intended.,low,MMAT non-randomized (Hong 2018),yes,high,low,low,high,high,low concern,"Lymph-node-level analysis (1116 LNs from only 84 patients) creates non-independent clustered observations within patients, a notable analytic/participant-level bias risk; single-institution primary/held-out split.",yes,yes,partial,no,partial,REV-ALCIDES-AI,2026-09-22,Non-independence of LN-level observations within patients (clustering) is a methodological concern not addressed via mixed-effects modeling.,batch-02
REC-AIBIOGU-000162,Ou2022,Ultrasound-based radiomics score for pre-biopsy prediction of prostate cancer to reduce unnecessary biopsies.,2022,Prostate,10.1002/pros.24442,non_randomized,yes,yes,cant_tell,yes,cant_tell,no,yes,Small single-center retrospective sample or narrow subgroup; representativeness of target population unclear.,"Radiomic/genomic/proteomic measurements and clinical outcome definitions follow standard, appropriate methods for the study aims.",Small sample and/or limited follow-up reporting leave completeness of outcome data uncertain.,Confounders/selection bias not adequately addressed; single-center or small-n design limits control.,Retrospective clinical/imaging/omics data acquired per routine institutional protocol as intended.,low,MMAT non-randomized (Hong 2018),yes,unclear,low,low,high,high,low concern,"Single-center n=196, internal training/validation split only.",yes,yes,partial,no,partial,REV-ALCIDES-AI,2026-09-22,,batch-02
REC-AIBIOGU-000163,Jia2022,MRI radiomics predicts progression-free survival in prostate cancer.,2022,Front Oncol,10.3389/fonc.2022.974257,non_randomized,yes,yes,cant_tell,yes,cant_tell,no,yes,Small single-center retrospective sample or narrow subgroup; representativeness of target population unclear.,"Radiomic/genomic/proteomic measurements and clinical outcome definitions follow standard, appropriate methods for the study aims.",Small sample and/or limited follow-up reporting leave completeness of outcome data uncertain.,Confounders/selection bias not adequately addressed; single-center or small-n design limits control.,Retrospective clinical/imaging/omics data acquired per routine institutional protocol as intended.,low,MMAT non-randomized (Hong 2018),yes,unclear,low,low,high,high,low concern,"Single-center n=191, internal training/validation split only.",yes,yes,partial,no,partial,REV-ALCIDES-AI,2026-09-22,,batch-02
REC-AIBIOGU-000164,Liu2022,Prediction of pelvic lymph node metastasis in prostate cancer using radiomics based on T-weighted imaging.,2022,Zhong Nan Da Xue Xue Bao Yi Xue Ban,10.11817/j.issn.1672-7347.2022.210692,non_randomized,yes,yes,cant_tell,yes,cant_tell,no,yes,Small single-center retrospective sample or narrow subgroup; representativeness of target population unclear.,"Radiomic/genomic/proteomic measurements and clinical outcome definitions follow standard, appropriate methods for the study aims.",Small sample and/or limited follow-up reporting leave completeness of outcome data uncertain.,Confounders/selection bias not adequately addressed; single-center or small-n design limits control.,Retrospective clinical/imaging/omics data acquired per routine institutional protocol as intended.,low,MMAT non-randomized (Hong 2018); Chinese-body PDF; English abstract/methods/results sufficed for appraisal (precedent REC-000536).,yes,high,low,low,high,high,low concern,"Very small sample (n=71 patients, 231 lymph nodes) with LN-level clustering (non-independent observations per patient); temporal (not random) train/test split; single institution.",yes,yes,partial,no,partial,REV-ALCIDES-AI,2026-09-22,Chinese-body article; English abstract/methods/results were sufficient to appraise (per calibration precedent). Small n with clustered LN-level data.,batch-02
REC-AIBIOGU-000165,Liu2022,Epigenome-wide DNA methylation and transcriptome profiling of localized and locally advanced prostate cancer: Uncovering new molecular markers.,2022,Genomics,10.1016/j.ygeno.2022.110474,non_randomized,yes,yes,cant_tell,yes,yes,no,yes,Discovery cohort is only 10 PCa patients from a single Portuguese institution; representativeness of periprostatic adipose tissue donors to the broader PCa population is unclear.,Methylation (450K array) and expression (Affymetrix) profiling are standard validated platforms with documented QC/normalization.,No missing outcome data reported for the 10-patient discovery cohort or the external mutation/expression cohorts used.,Gleason score differed significantly between LPC and LAPC groups (p=0.0456) and was not adjusted for in the signature derivation or classifier training.,"Tissue collection, assay platforms and bioinformatic pipeline were applied consistently as intended.",low,MMAT v2018 quantitative non-randomized (small discovery cohort + public TCGA/cBioPortal external validation + ML).,yes,high,unclear,low,high,high,high concern,"Extremely small discovery cohort (n=10) drives signature derivation; external validation uses tumor-tissue cohorts while discovery used periprostatic adipose tissue (exposure/tissue-source mismatch), and massive feature screening (20,028 genes) with small-sample LASSO/XGBoost raises overfitting risk.",yes,yes,yes,partial,adequate,REV-ALCIDES-AI,2026-09-22,Applicability concern: periprostatic adipose tissue is a non-standard tissue source/exposure proxy relative to typical GU biomarker studies; discovery n=10 is very small even though external validation used ~1500 TCGA/cBioPortal samples.,batch-03
REC-AIBIOGU-000166,Jing2022,Prediction of clinically significant prostate cancer with a multimodal MRI-based radiomics nomogram.,2022,Front Oncol,10.3389/fonc.2022.918830,non_randomized,yes,yes,cant_tell,yes,yes,no,yes,Retrospective RP series from three centers may incur selection bias.,MRI PI-RADS and pathologic GS reference standard are appropriate.,GS from radical prostatectomy available for all included cases.,Nomogram leans on extreme radiomics OR with limited confounder control.,Manual segmentation followed IBSI-standard radiomics workflow as reported.,low,MMAT non-randomized (Hong 2018),yes,low,low,low,high,high,low concern,Near-perfect training AUC suggests overfitting despite two external sets.,yes,yes,yes,partial,adequate,REV-ALCIDES,2026-09-21,Borderline: very high AUC warrants cautious applicability.,pilot
REC-AIBIOGU-000167,Ju2022,"Computational Recognition of a Regulatory T-cell-specific Signature With Potential Implications in Prognosis, Immunotherapy, and Therapeutic Resistance of Prostate Cancer.",2022,Front Immunol,10.3389/fimmu.2022.807840,non_randomized,yes,yes,cant_tell,yes,yes,yes,yes,TCGA (n=454) and ICGC (n=25) are public convenience cohorts; representativeness to a broader PCa population is not fully assessable.,Treg-specific mRNA signature derived from purified immune-cell GEO datasets and validated with Western blot; measurement approach is appropriate.,Patients with <1 month survival were excluded and handled transparently; no unexplained missing outcome data.,"Multivariate Cox model adjusted for stage, age, cancer status and postoperative treatment when assessing the signature as independent predictor.",RNA-seq/microarray profiling and risk-score calculation were applied consistently as intended.,moderate,MMAT v2018 quantitative non-randomized (public TCGA/GEO/ICGC cohorts + ML feature selection).,yes,unclear,low,unclear,high,high,low concern,"Public retrospective TCGA/ICGC cohorts with unclear blinding of outcome determination; signature derived via stepwise/stepAIC selection from 74 candidate genes on a moderate-sized cohort, typical of the omics-signature overfitting risk in this corpus.",yes,yes,yes,partial,adequate,REV-ALCIDES-AI,2026-09-22,,batch-03
REC-AIBIOGU-000168,Fan2022,A Novel Angiogenesis-Related Gene Signature to Predict Biochemical Recurrence of Patients with Prostate Cancer following Radical Therapy.,2022,J Oncol,10.1155/2022/2448428,non_randomized,yes,yes,cant_tell,yes,cant_tell,yes,yes,TCGA training cohort plus three GEO validation cohorts are public convenience samples of unclear generalizability.,ssGSEA hallmark scoring and RNA expression measurement are appropriate and consistently applied.,"Some clinical variables (e.g., age unknown in 44.8% of GSE70770) have unreported/missing values not fully addressed.","Univariate Cox models adjusted for age, pathologic T stage and Gleason score across all four cohorts.",Expression profiling and ARS calculation applied consistently across training and validation cohorts.,low,"MMAT v2018 quantitative non-randomized (TCGA + 3 external GEO cohorts, ML gene selection).",yes,unclear,low,unclear,high,high,low concern,"Multi-cohort external validation is a strength, but massive candidate-gene screening (32 angiogenesis genes via random survival forest + Cox) and heterogeneous BCR ascertainment across platforms are typical high-risk analysis-domain features for this corpus.",yes,yes,yes,partial,adequate,REV-ALCIDES-AI,2026-09-22,,batch-03
REC-AIBIOGU-000170,Wang2022,Contrast-Enhanced Ultrasound-Magnetic Resonance Imaging Radiomics Based Model for Predicting the Biochemical Recurrence of Prostate Cancer: A Feasibility Study.,2022,Comput Math Methods Med,10.1155/2022/8090529,non_randomized,yes,yes,no,yes,cant_tell,yes,yes,"Small retrospective two-center (both in China) convenience sample (n=159), explicitly a 'feasibility study', with limited generalizability.","CEUS time-intensity curve parameters and MRI radiomic features were extracted with defined, standard protocols.","6 lost to follow-up, 5 refused follow-up and 11 excluded for comorbidity, reducing the analytic sample without full sensitivity analysis.","Multivariable logistic regression adjusted for clinical, CEUS and radiomic covariates simultaneously.",Imaging acquisition and radiomic pipeline applied consistently as intended.,low,"MMAT v2018 quantitative non-randomized (single/two-center retrospective, internal train-test split, no independent external validation).",yes,high,unclear,low,high,high,low concern,"Small single-pool sample (n=159, 59 events) split internally into 'training'/'testing' sets rather than truly externally validated; 874 texture features reduced via LASSO to 3, high risk of overfitting given the limited events-per-variable.",partial,yes,partial,partial,partial,REV-ALCIDES-AI,2026-09-22,"The paper labels its internal 30% split as 'external validation', but both training and test sets are drawn from the same pooled 159-patient cohort (2 centers combined then randomly split), not independent institutional validation; flagged as a borderline TRIPOD-AI validation judgment.",batch-03
REC-AIBIOGU-000172,Wang2022,Comprehensive assessment of cellular senescence in the tumor microenvironment.,2022,Brief Bioinform,10.1093/bib/bbac118,non_randomized,yes,yes,cant_tell,yes,yes,cant_tell,yes,"PRAD-specific prognostic component uses TCGA plus four independent public validation cohorts and an in-house IHC cohort (n=72), all convenience samples.","GSVA-based CS score and IHC staining (SPAG5, TACC3, TROAP, p21, CD45, PD-L1) are validated, appropriate measurement approaches.","Large, well-characterized pan-cancer and PRAD-specific datasets with no substantial unexplained missing outcome data.","Pan-cancer survival Cox models adjust for age, sex, race and cancer type, but PRAD-specific validation cohort models are less explicit about confounder adjustment.",Multi-omic and single-cell pipelines applied consistently as intended across datasets.,low,MMAT v2018 quantitative non-randomized (large pan-cancer/single-cell TCGA-GTEx resource with PRAD-focused ML prognostic model and in-house IHC validation).,yes,unclear,low,low,high,high,low concern,"Strong multi-cohort (4 independent PRAD datasets) plus IHC validation is a relative strength of this corpus, but the 3-gene CS predictor was selected from a large CS gene signature using three separate ML algorithms (LASSO, random forest/Boruta, XGBoost) with intersection selection, a high-risk analysis approach typical of omics signatures.",yes,yes,yes,yes,adequate,REV-ALCIDES-AI,2026-09-22,"Broad pan-cancer/single-cell resource paper (33 cancer types); appraisal here is focused on the PRAD-specific 3-gene (SPAG5/TACC3/TROAP) prognostic predictor, which is the component directly relevant to the AIBIO_GU PCC. Public interactive tool (TCSER) supports transparency.",batch-03
REC-AIBIOGU-000173,Lai2022,Identification of a Steroid Hormone-Associated Gene Signature Predicting the Prognosis of Prostate Cancer through an Integrative Bioinformatics Analysis.,2022,Cancers (Basel),10.3390/cancers14061565,non_randomized,yes,yes,cant_tell,yes,yes,yes,yes,Single TCGA-PRAD/DriverDB cohort (n=495 analyzed) is a public convenience sample of unclear representativeness.,"RNA-seq expression quantification (RPKM) and DESeq2 differential expression are appropriate, validated methods.",Only 2 of 497 patients excluded for incompatible expression data; minimal missing data.,"Multivariate Cox model adjusted for age, PSA, Gleason score and TNM stage.",RNA-seq profiling and Lasso signature construction applied consistently as intended.,moderate,"MMAT v2018 quantitative non-randomized (single-cohort TCGA/DriverDB, ML gene selection, external validation limited to subtype-expression correlation, not outcome).",yes,high,low,low,high,high,low concern,"No independent cohort validates the 8-gene signature against a clinical outcome; the 'external validation' (PCS/PAM50 via PCTA) only tests association with molecular subtypes, not with PFI/OS, and the signature derives from univariate screening of 92 DE genes in a single dataset without outcome-based external replication.",yes,yes,partial,partial,partial,REV-ALCIDES-AI,2026-09-22,Borderline PROBAST participants/analysis judgment: single-source TCGA cohort with no independent survival-outcome validation cohort (only subtype-association validation).,batch-03
REC-AIBIOGU-000174,Jin2022,Utility of Clinical-Radiomic Model to Identify Clinically Significant Prostate Cancer in Biparametric MRI PI-RADS V2.1 Category 3 Lesions.,2022,Front Oncol,10.3389/fonc.2022.840786,non_randomized,yes,yes,no,yes,yes,yes,yes,"Single-institution retrospective cohort restricted to PI-RADS 3 lesions (n=103), a small and site-specific sample.","Radiomic feature extraction (FAE, ICC-filtered) and histopathological reference standard (ISUP grade) are appropriate.",Clear inclusion/exclusion flow with no substantial unexplained missing data.,"Multivariable logistic regression combined clinical (age, PSA) and radiomic predictors.",MRI acquisition and radiomic pipeline applied consistently as intended.,moderate,"MMAT v2018 quantitative non-randomized (single-center retrospective, internal train/test split only, no external validation).",yes,high,unclear,unclear,high,high,low concern,"Single-center study with only 28 csPCa events supporting a 4-feature radiomic score plus clinical nomogram, no external validation cohort, and reference standard mixes biopsy and prostatectomy pathology (potential verification bias).",yes,yes,partial,no,partial,REV-ALCIDES-AI,2026-09-22,,batch-03
REC-AIBIOGU-000175,Huang2022,A Novel Artificial Intelligence-Powered Method for Prediction of Early Recurrence of Prostate Cancer After Prostatectomy and Cancer Drivers.,2022,JCO Clin Cancer Inform,10.1200/cci.21.00131,non_randomized,yes,yes,cant_tell,yes,yes,yes,yes,TCGA-PRAD subset (243/500 patients with available BCR status) plus an independent University of Wisconsin cohort (n=173); selection based on outcome availability could introduce bias.,"H&E whole-slide imaging with deep convolutional neural network feature extraction, plus orthogonal IHC/biomarker validation, is an appropriate measurement approach.",BCR status clearly defined and available for all included patients in both cohorts.,"Multivariate analysis combined AI-morphometric score with pathologic parameters (GGG, pT stage, margin status).","WSI scanning, tiling and model pipeline applied consistently across both cohorts.",moderate,"MMAT v2018 quantitative non-randomized (TCGA training + independent UW external validation, deep learning model).",yes,high,unclear,low,high,high,low concern,"TCGA training subset was selected based on presence/absence of BCR (243/500), a potential source of selection bias; DCNN feature extraction from WSI tiles is a complex, largely uninterpretable predictor pipeline; relatively small training set (n=243) for a deep-learning model despite external validation.",yes,yes,yes,no,adequate,REV-ALCIDES-AI,2026-09-22,"Source code explicitly withheld pending patent approval, limiting reproducibility/transparency despite otherwise strong external validation.",batch-03
REC-AIBIOGU-000176,Li2022,Development and Validation of a Radiomics Nomogram for Predicting Clinically Significant Prostate Cancer in PI-RADS 3 Lesions.,2022,Front Oncol,10.3389/fonc.2021.825429,non_randomized,yes,yes,cant_tell,yes,yes,yes,yes,"Two-institution retrospective cohort (n=306 + 65 external), reasonably sized but still convenience/retrospective sampling.","Radiomic feature extraction (PyRadiomics, ICC-filtered) from T2WI/ADC/DCE is an appropriate, standardized approach.",Clear inclusion/exclusion criteria with well-documented patient flow across both institutions.,Multivariable logistic regression combined Rad-score with PSAD and other clinical variables via backward stepwise selection.,"MRI acquisition and radiomic pipeline applied consistently, with SMOTE augmentation explicitly restricted to model development (not the external validation set).",moderate,"MMAT v2018 quantitative non-randomized (2-institution retrospective, independent external validation cohort, SMOTE-augmented radiomics).",yes,unclear,low,low,high,high,low concern,"Genuine independent external institutional validation is a relative strength, but 2,553 candidate radiomic features reduced via ANOVA/LASSO plus SMOTE class-balancing before model training carries substantial overfitting/optimism risk typical of this corpus.",yes,yes,yes,partial,adequate,REV-ALCIDES-AI,2026-09-22,,batch-03
REC-AIBIOGU-000178,Yan2021,Deep Learning with Quantitative Features of Magnetic Resonance Images to Predict Biochemical Recurrence of Radical Prostatectomy: A Multi-Center Study.,2021,Cancers (Basel),10.3390/cancers13123098,non_randomized,yes,yes,cant_tell,yes,yes,yes,yes,"Three-institution Beijing cohort (primary n=368, two validation cohorts n=34 and n=83), reasonably diverse but still a convenience, single-city sample.",T2WI radiomic feature extraction (Pyradiomics) with pathology-registered tumor annotation is appropriate.,Clear inclusion/exclusion criteria and complete outcome ascertainment (BCR by consecutive PSA readings) across cohorts.,"Clinical prognostic models (CAPRA-S, NCCN, GG-RP) compared against DRS-BCR via Cox regression, and pre/post-operative clinical variables adjusted in CS-combine model.",MRI acquisition and radiomic/deep-learning pipeline applied consistently across the primary and two external validation cohorts.,moderate,"MMAT v2018 quantitative non-randomized (multi-center retrospective, deep survival neural network, 2 external validation cohorts).",yes,unclear,low,low,high,high,low concern,"Multi-center external validation (VC1 n=34, VC2 n=83) is a strength, but VC1 is very small, and the deep survival neural network was built from 155/702 pre-filtered radiomic features with a complex non-linear architecture, carrying meaningful overfitting risk despite dropout/early-stopping mitigation.",yes,yes,yes,partial,adequate,REV-ALCIDES-AI,2026-09-22,,batch-03
REC-AIBIOGU-000180,Hiremath2021,"An integrated nomogram combining deep learning, Prostate Imaging-Reporting and Data System (PI-RADS) scoring, and clinical variables for identification of clinically significant prostate cancer on biparametric MRI: a retrospective multicentre study.",2021,Lancet Digit Health,10.1016/s2589-7500(21)00082-0,non_randomized,yes,yes,yes,cant_tell,yes,yes,yes,"Large multicentre retrospective cohort from five institutions across the USA and the Netherlands (n=592), among the most representative designs in this batch.","MRI acquisition varied by site (endorectal vs pelvic phased-array coil) and PI-RADS scoring is subject to inter-reader variability, introducing some measurement heterogeneity.",Clear inclusion/exclusion criteria and complete outcome data (GGG) across training and validation cohorts.,"Multivariable logistic regression (ClaD) explicitly adjusts for deep-learning score, PI-RADS and clinical variables (PSA, prostate volume, lesion volume).","Deep learning pipeline, PI-RADS scoring, and clinical variable capture applied consistently across the training and independent validation sites.",moderate,"MMAT v2018 quantitative non-randomized (5-site multicentre retrospective cohort, independent 2-site external validation, deep learning + clinical nomogram).",yes,low,unclear,unclear,unclear,unclear,low concern,"The strongest-designed study in this batch: large multi-site cohort with a genuinely independent 2-site external validation, DeLong testing, decision-curve analysis, and comparison against an established risk calculator (PBCG). Residual concerns are inter-reader PI-RADS variability, mixed biopsy/prostatectomy ground truth (verification bias risk), and regularised logistic regression combining a deep-learning score with PI-RADS and clinical variables (moderate analytic complexity), none individually rising to clearly 'high' but collectively precluding an overall 'low' judgment.",yes,yes,yes,yes,adequate,REV-ALCIDES-AI,2026-09-22,"Best-reported study of this batch (Lancet Digit Health): public GitHub code repository, genuine external multicentre validation, and comparison against a clinical risk calculator (PBCG). PROBAST overall judged 'unclear' rather than 'low' given inter-reader PI-RADS variability and mixed biopsy/prostatectomy reference standards; this is a borderline call worth noting.",batch-03
REC-AIBIOGU-000181,Zheng2021,A Genomic-Clinicopathologic Nomogram for the Prediction of Lymph Node Invasion in Prostate Cancer.,2021,J Oncol,10.1155/2021/5554708,non_randomized,yes,yes,no,yes,yes,yes,yes,"Single-source TCGA cohort (n=426) with no independent external institutional cohort for the nomogram; a small in-house RNA-seq set (n=5 matched pairs) validated only individual gene expression, not the full model.","RNA-sequence expression quantification (FPKM) is an appropriate, standard measurement approach.",Complete outcome data (lymph node status) for all 426 patients; class imbalance addressed methodologically via SMOTE.,"Multivariate logistic regression combined the SVM-based risk score with Gleason grade, with VIF-checked collinearity.",RNA-seq and machine-learning pipeline applied consistently as intended.,moderate,"MMAT v2018 quantitative non-randomized (single-source TCGA cohort, internal SMOTE-balanced train/validation split, no independent external cohort).",yes,high,low,low,high,high,low concern,"No independent external validation cohort; the internal 'validation set' is an SMOTE-balanced split of the same single-source TCGA dataset, and synthetic minority oversampling applied prior to model development carries risk of optimistic performance estimates; 40 candidate genes were reduced via mRMR/SVM-RFE/LASSO with limited real (non-synthetic) LNI events (79).",yes,yes,partial,yes,adequate,REV-ALCIDES-AI,2026-09-22,Borderline validation judgment: SMOTE-balanced 'validation set' is drawn from the same single TCGA source rather than an independent cohort; authors themselves note lack of external multicentre validation as a limitation.,batch-03
REC-AIBIOGU-000183,Damascelli2021,Advanced Imaging Analysis in Prostate MRI: Building a Radiomic Signature to Predict Tumor Aggressiveness.,2021,Diagnostics (Basel),10.3390/diagnostics11040594,non_randomized,yes,yes,cant_tell,yes,no,no,yes,Single tertiary-center retrospective cohort of biopsy-proven PCa undergoing prostatectomy; representativeness of the broader PCa population is unclear.,"MRI acquisition and radiomic feature extraction followed a standardized, reproducibility-tested pipeline (stability rank, single scanner).","40 of 102 patients (39%) were excluded for insufficient lesion volume, leaving only 62 for analysis, a substantial and selective attrition.","No clinical confounders (age, PSA, comorbidities) were incorporated into the radiomic prediction models.",Imaging protocol and segmentation approach were applied consistently across the analyzed cohort.,low,"MMAT v2018 quantitative non-randomized (single-center radiomics signature, SVM classification with internal resampling).",yes,high,low,low,high,high,low concern,"Substantial exclusion (39%) threatens participant selection; no independent validation set, only internal 10x undersampling resampling, raising overfitting concern typical of small radiomics signatures.",yes,yes,partial,no,partial,REV-ALCIDES-AI,2026-09-22,"Exploratory single-center study (n=62 analyzed after exclusion); no external validation cohort, only internal resampling; accuracy/sensitivity/specificity reported instead of AUC for most signatures.",batch-03
REC-AIBIOGU-000184,Liang2021,A Nomogram Based on a Multiparametric Ultrasound Radiomics Model for Discrimination Between Malignant and Benign Prostate Lesions.,2021,Front Oncol,10.3389/fonc.2021.610785,non_randomized,yes,yes,cant_tell,yes,yes,yes,yes,Single-center retrospective cohort (n=112) with defined inclusion/exclusion criteria; generalizability beyond this population is uncertain.,Ultrasound (B-mode/SWE) radiomics extraction was standardized with reported good intra-/inter-observer ICC.,All 112 enrolled patients were accounted for with clear patient-flow reporting.,"Clinical confounders (age, PSAD) were identified via multivariate logistic regression and integrated into the combined nomogram.",Imaging acquisition and biopsy protocol were applied consistently to all patients.,moderate,MMAT v2018 quantitative non-randomized (single-center radiomics nomogram with five-fold cross-validation).,yes,high,low,low,high,high,low concern,"Single-center small cohort (n=112) with massive feature reduction (1218 to 20 features) via LASSO and only five-fold cross-validation, no external validation set, raising overfitting risk.",yes,yes,partial,yes,adequate,REV-ALCIDES-AI,2026-09-22,,batch-03
REC-AIBIOGU-000186,Vittrant2020,Identification of a Transcriptomic Prognostic Signature by Machine Learning Using a Combination of Small Cohorts of Prostate Cancer.,2020,Front Genet,10.3389/fgene.2020.550894,non_randomized,yes,yes,cant_tell,yes,cant_tell,yes,yes,"Cohort combines three small, heterogeneous public/institutional RNA-seq datasets (n=52, 96, 23), limiting representativeness of any single population.","RNA-seq processing followed a uniform, reproducible pipeline (Kallisto, RUVseq normalization) across all datasets.","Patients with follow-up under 60 months and no BCR were excluded, which is methodologically justified but introduces potential selection bias.","Omics-only, clinical-only, and combined models were compared, addressing clinico-pathological confounding.","The machine-learning pipeline (feature selection, RF, hyperparameter tuning) was applied consistently across cohorts.",low,"MMAT v2018 quantitative non-randomized (pooled small public/institutional RNA-seq cohorts, random forest signature).",yes,high,low,unclear,high,high,low concern,"Small heterogeneous combined cohorts (total n=171, one arm n=23) with BCR follow-up-dependent case definition and leave-one-cohort-out validation; feature selection from 400 candidate genes down to 3 raises overfitting concern.",yes,yes,yes,yes,adequate,REV-ALCIDES-AI,2026-09-22,"Very small VPCC arm (n=23, 5 BCR events) is a notable applicability/precision concern despite overall low applicability concern rating.",batch-03
REC-AIBIOGU-000187,Zhang2020,Immune-Related Gene-Based Novel Subtypes to Establish a Model Predicting the Risk of Prostate Cancer.,2020,Front Genet,10.3389/fgene.2020.595657,non_randomized,yes,yes,yes,cant_tell,yes,yes,yes,"TCGA discovery cohort (n=487) validated in four independent public cohorts (GEO, cBioPortal, ICGC) spans varied populations and settings.","Measurement platforms differ across validation cohorts (RNA-seq vs. microarray), introducing cross-platform comparability concerns.",Patient flow and exclusions (incomplete clinical data) were clearly reported for the 487 analyzed patients.,Multivariate Cox regression adjusted for age at diagnosis and pathological stage alongside the risk score.,Consensus clustering and LASSO Cox model-building pipeline were applied uniformly across datasets.,moderate,"MMAT v2018 quantitative non-randomized (TCGA discovery + 4 independent external validation cohorts, LASSO Cox risk model).",yes,unclear,unclear,unclear,high,high,low concern,"Massive multi-step feature reduction (2976 DEGs to 263 immune DEGs to 896 to 104 to 6 genes via LASSO) is typical high-risk omics signature analysis, despite four external validation cohorts partially mitigating concern.",yes,yes,yes,partial,adequate,REV-ALCIDES-AI,2026-09-22,,batch-03
REC-AIBIOGU-000190,Zhang2020,"Development of a Novel, Multi-Parametric, MRI-Based Radiomic Nomogram for Differentiating Between Clinically Significant and Insignificant Prostate Cancer.",2020,Front Oncol,10.3389/fonc.2020.00888,non_randomized,yes,yes,yes,yes,cant_tell,yes,yes,"Two-center consecutively enrolled cohort (n=159) with training, internal validation, and external validation groups improves representativeness.",Radiomic feature extraction had high intra-/inter-observer ICC (0.78-0.93) supporting measurement reliability.,"SMOTE synthetic oversampling was used to address marked class imbalance (csPCa vs. ciPCa), complicating a straightforward completeness assessment.",Multivariable logistic regression incorporated ADC value and PSA as independent clinical predictors.,MRI acquisition and segmentation protocols were applied consistently within each center.,moderate,"MMAT v2018 quantitative non-randomized (2-center radiomic nomogram, training/internal/external validation).",yes,unclear,low,low,high,high,low concern,Small and imbalanced training set (41 csPCa vs 13 ciPCa) with SMOTE oversampling and 1188-feature reduction via mRMR/LASSO raises analysis-domain risk despite external validation.,yes,yes,yes,partial,adequate,REV-ALCIDES-AI,2026-09-22,,batch-03
REC-AIBIOGU-000191,Xu2020,Radiomics Based on Multiparametric Magnetic Resonance Imaging to Predict Extraprostatic Extension of Prostate Cancer.,2020,Front Oncol,10.3389/fonc.2020.00940,non_randomized,yes,yes,cant_tell,yes,yes,yes,yes,"Single-center retrospective cohort (95 patients/115 lesions), a limitation explicitly acknowledged by the authors.",Radiomic feature extraction had good mean ICC (0.801) and blinded segmentation/pathology review.,"Patient/lesion flow with exclusion criteria was clearly reported (2 excluded for pathology, 14 for prior therapy/timing).",A clinical model incorporating t-PSA and Gleason group was compared against and combined with the radiomics model.,Same scanner/protocol and blinded segmentation were applied consistently across all lesions.,moderate,"MMAT v2018 quantitative non-randomized (single-center radiomics + clinical nomogram, internal train/validation split).",yes,high,low,low,high,high,low concern,"Single-center study with no external validation and an extreme feature-to-sample ratio (4580 features from 82 training lesions reduced via mRMR/LASSO to 8), a high analysis-domain risk explicitly acknowledged as a limitation by the authors.",yes,yes,partial,no,partial,REV-ALCIDES-AI,2026-09-22,Authors explicitly note lack of external validation and single-scanner limitation.,batch-03
REC-AIBIOGU-000197,Drabovich2019,Multi-omics Biomarker Pipeline Reveals Elevated Levels of Protein-glutamine Gamma-glutamyltransferase 4 in Seminal Plasma of Prostate Cancer Patients.,2019,Mol Cell Proteomics,10.1074/mcp.ra119.001612,non_randomized,yes,yes,cant_tell,yes,yes,cant_tell,yes,Multi-center (3 sites) case/negative-biopsy referral cohort; representativeness of the broader screening population is uncertain.,Rigorous tiered SRM/ELISA quantitative proteomics assay development with extensive QC is well described.,"Sample sizes and outcomes per phase (qualification, verification n=219, ELISA validation) are clearly reported.","Age and serum PSA were used as covariates in multi-marker models, but broader clinical confounding (comorbidities, inflammation) was not addressed.",Standardized sample collection/processing and assay protocols were applied consistently.,low,MMAT v2018 quantitative non-randomized (multi-tier SRM/ELISA biomarker discovery-verification with XGBoost multi-marker modeling).,yes,unclear,low,low,high,high,low concern,"An exhaustive combinatorial search of 35,442 marker combinations with 10x10 cross-validation carries substantial overfitting/multiple-testing risk; final single-marker (TGM4) diagnostic AUC was modest (0.66).",yes,yes,yes,partial,adequate,REV-ALCIDES-AI,2026-09-22,"Borderline applies_prediction_appraisal call: primarily a discovery/verification proteomics pipeline, but includes explicit ML-based multi-marker predictive modeling with AUC/sensitivity/specificity, so scored yes per calibration default.",batch-03
REC-AIBIOGU-000198,Jeon2020,Temporal Stability and Prognostic Biomarker Potential of the Prostate Cancer Urine miRNA Transcriptome.,2020,J Natl Cancer Inst,10.1093/jnci/djz112,non_randomized,yes,yes,yes,yes,yes,cant_tell,yes,"Three independent cohorts (discovery n=10, training n=99, validation n=40) with active surveillance patients support representativeness for the risk-stratification question.",NanoString nCounter miRNA profiling used a systematically optimized normalization pipeline.,Patient numbers and outcomes are clearly reported for all three cohorts.,The random forest model used only miRNA features; clinical confounders were not incorporated into the final predictive model.,Urine collection and profiling protocol were applied consistently across cohorts.,moderate,"MMAT v2018 quantitative non-randomized (discovery/training/independent validation cohorts, random forest urine miRNA biomarker).",yes,low,low,low,high,high,low concern,"Independent validation cohort is small (n=40, 11 high-risk) with wide confidence intervals (AUC 0.74, 95% CI 0.55-0.92), and feature selection (7 miRNAs) was cross-validated but not externally replicated in a larger cohort.",yes,yes,yes,yes,adequate,REV-ALCIDES-AI,2026-09-22,,batch-03
REC-AIBIOGU-000199,Harder2018,Tissue Phenomics for prognostic biomarker discovery in low- and intermediate-risk prostate cancer.,2018,Sci Rep,10.1038/s41598-018-22564-7,non_randomized,yes,yes,cant_tell,yes,yes,cant_tell,yes,Single cohort of 90 low-/intermediate-risk post-prostatectomy patients; generalizability to broader PCa risk spectrum is uncertain.,"Highly detailed, standardized multiplex IHC/image-analysis (Tissue Phenomics) workflow with quality control is described.",All 90 patients and 40 recurrence events are accounted for with clear cohort characteristics.,"Standard clinical variables (Gleason, stage, PSA, age) were shown not predictive but were not formally adjusted for in the final phene-based models.","IHC staining, imaging, and phene-discovery pipeline were applied consistently to all cases.",low,"MMAT v2018 quantitative non-randomized (single-cohort exploratory image-based phenomics biomarker discovery, methodology-focused paper).",yes,high,high,low,high,high,low concern,"Small single-cohort (n=90) with a highly data-driven, iterative phene-discovery process (not prespecified) and comparison of multiple ML algorithms without clear external validation; reported accuracies (83-88%) lack confidence intervals or independent test set.",yes,partial,no,no,partial,REV-ALCIDES-AI,2026-09-22,"Primarily a methodology/proof-of-concept paper describing the Tissue Phenomics discovery workflow; final predictive model specifics and validation strategy are not fully detailed in the available text, borderline for applies_prediction_appraisal (scored yes given reported recurrence-prediction accuracies).",batch-03
REC-AIBIOGU-000200,Neuhaus2013,Seminal plasma as a source of prostate cancer peptide biomarker candidates for detection of indolent and advanced disease.,2013,PLoS One,10.1371/journal.pone.0067514,non_randomized,yes,yes,cant_tell,yes,yes,cant_tell,yes,Multi-center open-label case/control study (n=125) with 4 disease groups; small subgroup sizes limit representativeness.,CE-MS proteomic profiling with pre-analytical stability and analytical precision testing is rigorously described.,Discovery and test set sample numbers per group are clearly reported with no unexplained loss.,"Control groups (chronic prostatitis, healthy controls) were significantly younger than PCa/BPH groups, an imbalance not adjusted for in the SVM models.",Sample collection and CE-MS profiling protocol were applied consistently across sites.,low,"MMAT v2018 quantitative non-randomized (multi-center case/control seminal plasma proteomics, SVM biomarker panels with discovery/test split).",yes,high,low,low,high,high,low concern,"Small, age-imbalanced groups and a pronounced drop in classifier performance from training (AUC ~100%/99%) to independent test set (AUC 75%/83%) indicate substantial overfitting risk typical of small SVM biomarker panels.",yes,partial,yes,no,partial,REV-ALCIDES-AI,2026-09-22,,batch-03
REC-AIBIOGU-000201,Cima2011,Cancer genetics-guided discovery of serum biomarker signatures for diagnosis and prognosis of prostate cancer.,2011,Proc Natl Acad Sci U S A,10.1073/pnas.1013699108,non_randomized,yes,yes,cant_tell,yes,yes,yes,yes,Single-institution human serum cohort (n=143) following a Pten-knockout mouse-guided candidate selection strategy; direct generalizability to unselected patients is uncertain.,Targeted SRM/ELISA quantification of candidate glycoproteins is rigorously validated with external standards.,"Patient numbers at each analytic stage (FISH, SRM, ELISA, test set) are clearly reported.",Candidate biomarkers were correlated with CRP and leukocyte counts to exclude confounding by inflammatory status.,Serum collection and proteomic quantification protocols were applied consistently.,moderate,MMAT v2018 quantitative non-randomized (mouse-model-guided two-stage human serum biomarker discovery/verification with independent test set).,yes,unclear,low,low,high,high,low concern,"Exhaustive screening of 21,699 regression models with bootstrap validation carries high overfitting risk, though partially mitigated by an independent test set for the diagnostic signature.",yes,yes,yes,partial,adequate,REV-ALCIDES-AI,2026-09-22,,batch-03
REC-AIBIOGU-000203,Zhou2026,Pentachlorophenol enhances bladder cancer cell invasion through altered protein stability.,2026,iScience,10.1016/j.isci.2026.117357,non_randomized,yes,yes,yes,yes,no,no,cant_tell,TCGA-BLCA plus T24/SW780 lines match PCP invasion and mechanism aims.,"Invasion assays, RNA-seq, and survival ML use standard measurable endpoints.",Clinical cohorts lack PCP exposure so PCPRS cannot represent exposure-linked prognosis.,Prognostic score built with extensive ML screening; limited clinical confounder adjustment.,Multi-cohort OS validation reported but moderate C-index and underpowered GSE5287.,low,MMAT v2018 quantitative non-randomized (public cohort + in vitro).,yes,high,unclear,low,high,high,high concern,Convenience TCGA/GEO samples without PCP data; 101-algorithm selection and training-set median cutoff risk overfitting.,partial,yes,yes,partial,partial,REV-ALCIDES,2026-09-21,Borderline: PCPRS prognostic model applies PROBAST though decoupled from PCP exposure in patients.,pilot
REC-AIBIOGU-000206,Wang2026,Epigenomics-Guided Multi-Omics Integration Uncovers a Lipid-Metabolic Signature with Translational Utility in Bladder Cancer.,2026,Comput Struct Biotechnol J,10.34133/csbj.0139,non_randomized,yes,yes,cant_tell,yes,yes,yes,yes,"TCGA discovery cohort plus four independent external cohorts (metastatic, NMIBC, MIBC, BCG-treated) span diverse BLCA settings, but platform heterogeneity across cohorts creates some uncertainty.",Genome-wide DNA methylation and RNA-seq were integrated using a validated algorithm (MethylMix) with concordance testing.,Sample sizes and outcomes are reported for the discovery and all four validation cohorts.,"Multivariate Cox regression adjusted for age, pathological stage, and molecular subtypes (TP53/FGFR2-3 mutation status).",The integrative multi-omics and machine-learning pipeline was applied consistently across discovery and validation cohorts.,moderate,"MMAT v2018 quantitative non-randomized (TCGA discovery + 4 independent external validation cohorts, random forest-derived 25-gene signature with in vitro functional validation).",yes,unclear,low,unclear,high,high,low concern,"Large-scale feature reduction (494 concordant genes to 25-gene signature via random forest) is a high analysis-domain risk typical of omics signatures, despite validation across 4 independent external cohorts and outcome definitions (OS/DFS/RFS) that vary by cohort.",yes,yes,yes,partial,adequate,REV-ALCIDES-AI,2026-09-22,"Bladder cancer (not prostate) but within AIBIO_GU genitourinary oncology scope; journal-dated 2026 (accepted/published within the review's stated timeframe), included with no other flags.",batch-03
REC-AIBIOGU-000207,Dong2026,Centrosome-related gene SPHK1 drives bladder cancer progression and therapeutic vulnerability.,2026,Transl Oncol,10.1016/j.tranon.2026.102926,non_randomized,yes,yes,cant_tell,yes,yes,yes,yes,"Convenience public cohorts (TCGA, GSE13507, GSE48075, IMvigor210) plus a self-constructed IHC cohort (n=56) with sampling method not fully specified, so representativeness of the target BLCA population is unclear.","Expression, IHC, RT-qPCR and functional assays used standard, appropriately described methods.",Survival outcome data appear complete for the analyzed cohorts with clear risk stratification.,Multivariate Cox regression adjusted for age and pathological stage alongside the signature.,Public omics data and wet-lab assays were applied per standard protocols as intended.,moderate,MMAT v2018 quantitative non-randomized (public cohorts + ML signature + experimental validation).,yes,unclear,low,low,high,high,low concern,"12-gene CRSS derived via LASSO/multiple ML algorithms with massive feature/algorithm selection typical of omics signatures; external validation present (GSE13507, IMvigor210) with modest AUCs (0.62-0.74).",yes,yes,yes,partial,adequate,REV-ALCIDES-AI,2026-09-22,"Combines prognostic signature (CRSS, nomogram, AUC 0.62-0.74) with mechanistic SPHK1 functional validation; appraised as predictive-model paper per calibration default.",batch-03
REC-AIBIOGU-000210,Yu2026,A machine learning-guided epithelial plasticity score refines prognostication and immune-context stratification in muscle-invasive bladder cancer.,2026,Discov Oncol,10.1007/s12672-026-05555-3,non_randomized,yes,yes,cant_tell,yes,yes,yes,yes,Cohort is a convenience sample of TCGA-MIBC plus GEO/IMvigor210 cohorts across platforms; representativeness of a defined target population is unclear.,"Gene expression, WGCNA and consensus clustering measurements are standard and well described.",Survival data essentially complete (368/366 patients) with explicit complete-case handling for the nomogram.,Multivariable Cox and interaction testing adjusted for clinicopathological covariates and mRNA subtype.,Ridge model projection into external cohorts followed pre-specified fixed-coefficient methodology.,moderate,MMAT v2018 quantitative non-randomized (public cohorts + 10-strategy ML model selection).,yes,unclear,low,low,high,high,low concern,"EPRS built via candidate-gene expansion within the same training cohort then model selection across 10 algorithms; despite strong external validation (GSE32894, GSE13507, IMvigor210, GSE176307) and benchmarking against 6 published signatures, feature/algorithm selection risk remains high per corpus norm.",yes,yes,yes,partial,adequate,REV-ALCIDES-AI,2026-09-22,"One of the more methodologically rigorous papers in the batch (extensive multi-cohort external validation, head-to-head comparison with published signatures, formal interaction testing).",batch-03
REC-AIBIOGU-000212,He2026,Non-invasive evaluation of muscle invasion and survival prognosis in bladder cancer using enhanced CT-based deep learning radiomics: a multi-center real-world cohort study.,2026,Mil Med Res,10.1016/j.mmr.2026.100001,non_randomized,yes,yes,yes,yes,cant_tell,yes,yes,Consecutive real-world patients from 6 academic centers with explicit inclusion/exclusion criteria and a prospective 100-patient reader-study cohort.,"Imaging acquisition, segmentation (multi-reader consensus) and radiomic/DL feature extraction are rigorously described.","Completeness of survival follow-up for the OS nomogram subset is not fully detailed, and marked cross-cohort heterogeneity (e.g., TCGA-BLCA AUC collapse to 0.519) suggests data/case-mix gaps.",Multivariable Cox regression incorporated DLRN score alongside clinicopathological covariates.,CT acquisition and AI-assisted reading were performed per pre-specified protocol including a counterbalanced crossover reader design.,moderate,"MMAT v2018 quantitative non-randomized (multi-center real-world cohort, internal/external validation, embedded prospective human-AI reader study).",yes,unclear,low,low,high,high,low concern,"DLRN combines 1834 radiomic features with 2048 ResNet101 features reduced via multi-step selection; external multi-center AUC (0.783) and internal AUC (0.807) are good, but marked domain shift in TCGA-BLCA cohort (AUC 0.519) signals analysis/generalizability risk typical of this corpus.",yes,yes,yes,partial,adequate,REV-ALCIDES-AI,2026-09-22,"Strongest study design in this batch: large multi-center real-world cohort (n=1370), internal+external validation, and a prospective human-AI reader study (12 readers) with de Long testing; notable performance collapse in the North American TCGA subset flags generalizability/domain-shift concern.",batch-03
REC-AIBIOGU-000214,Boyne2026,Radiogenomic analysis of muscle-invasive bladder cancer using CT-based texture analysis.,2026,Bladder Cancer,10.1177/23523735261455396,non_randomized,yes,yes,no,yes,no,yes,yes,"Single small pilot cohort (n=89) from TCGA/TCIA with no external validation, explicitly acknowledged by authors as a study limitation restricting representativeness/generalizability.",Radiomic feature extraction used a previously validated robust/reproducible (RRR) texture pipeline with manual expert segmentation.,"Nearly 50% of the cohort lacked distant metastasis information, explicitly noted by authors as limiting outcome completeness.",Statistical comparison of the 89-patient subset vs. the full 412-patient TCGA cohort found no significant demographic/outcome differences.,Imaging protocol and 10-fold cross-validation with SMOTE were applied consistently as pre-specified.,low,"MMAT v2018 quantitative non-randomized (single small pilot cohort, no external validation).",yes,high,unclear,low,high,high,low concern,488 texture features vs. n=89 with only internal 10-fold CV and no external validation; authors explicitly flag overfitting risk given the low events-per-feature ratio typical of small radiogenomic pilots.,yes,yes,partial,partial,partial,REV-ALCIDES-AI,2026-09-22,Authors explicitly self-identify as an unvalidated single-cohort pilot study with acknowledged overfitting risk; weakest internal validity in this batch.,batch-03
REC-AIBIOGU-000216,Pizzi2026,Machine learning-based determination of sex-related bladder cancer biomarkers.,2026,Front Bioinform,10.3389/fbinf.2026.1794098,non_randomized,yes,yes,cant_tell,yes,yes,yes,yes,"Merged convenience samples from TCGA, GTEx and GEO (GSE133624) with z-score/ComBat-seq harmonization; representativeness of a defined clinical population is unclear.","RNA-seq normalization (TPM, log2, z-score) and 5-fold cross-validated feature selection are standard and well documented.","Complete transcriptomic and clinical (gender, stage) data were used per stratified subset.",Batch/dataset was modeled as a covariate in DESeq2 to reduce confounding by cohort of origin.,Cross-validation and normalization protocols were applied consistently as pre-specified.,moderate,"MMAT v2018 quantitative non-randomized (merged public transcriptomic cohorts, 4-method ML feature selection with external validation).",yes,unclear,low,low,high,high,low concern,"Aggregated panels (RRA across 4 feature-selection methods x 5 folds) evaluated on 2 small external GEO datasets (n=58, n=70) with bootstrap CIs; strong AUROC (0.91-0.93) for sex-specific tumor-vs-non-tumor panels but small external n and wide CIs support high analysis-domain risk.",yes,yes,yes,partial,adequate,REV-ALCIDES-AI,2026-09-22,Male-vs-female tumor discrimination panel performed notably worse (AUROC 0.734) than sex-specific tumor-vs-non-tumor panels (AUROC 0.91-0.93); external validation sets are small (n=58/70) with wide bootstrap CIs.,batch-03
REC-AIBIOGU-000217,Peng2026,Machine learning-based integration of systemic immune-inflammation and nutritional signatures for predicting disease-free survival in upper tract urothelial carcinoma: a multicenter study.,2026,Front Immunol,10.3389/fimmu.2026.1759547,non_randomized,yes,yes,cant_tell,yes,yes,yes,yes,"Four-center retrospective UTUC cohort (n=606) with notable inter-cohort heterogeneity in tumor size, grade and margin status, raising comparability/representativeness concerns.",Thirteen preoperative hematological indicators were measured via standard clinical laboratory assays.,Cohort assembly and follow-up (DFS) are clearly reported with complete allocation across training/internal/external sets.,"Multivariate Cox regression identified independent clinical predictors (age, grade, pT stage) for the combined nomogram.",Preoperative bloodwork and RNU were performed per standard institutional protocol across centers.,moderate,"MMAT v2018 quantitative non-randomized (4-center retrospective cohort, RSF-based ML score with 2 external validation sets).",yes,unclear,low,low,high,high,low concern,RSF-derived ML Score with SHAP interpretation and data-driven optimal cutoff determined in the training set only (authors flag this as a limitation); C-index 0.71-0.76 across training/validation cohorts with consistent risk stratification.,yes,yes,yes,partial,adequate,REV-ALCIDES-AI,2026-09-22,Well-conducted multicenter prognostic model (RSF + SHAP + nomogram + DCA) with 2 independent external validation cohorts; authors explicitly discuss the cutoff-derivation limitation.,batch-03
REC-AIBIOGU-000218,Luo2026,Ribosome biogenesis programs define a three-gene RBscore with prognostic relevance in bladder cancer.,2026,Front Immunol,10.3389/fimmu.2026.1810132,non_randomized,yes,yes,cant_tell,yes,yes,yes,yes,TCGA-BLCA training (RNA-seq) vs. GSE13507 external validation (microarray) are convenience cross-platform public cohorts; representativeness unclear.,"Differential expression, WGCNA-like candidate gene selection, IHC and RT-qPCR were performed with standard, well-described methods.",398/163 cases with complete matched survival data were retained per cohort.,Multivariable Cox regression retained RBscore and N stage as independent prognostic factors.,Model selection (95 strategies) and external fixed-model projection followed pre-specified protocol.,moderate,"MMAT v2018 quantitative non-randomized (TCGA training + GSE13507 external validation, 95-strategy ML model selection, IHC validation n=76).",yes,unclear,low,low,high,high,low concern,"StepCox[both]+RSF selected among 95 modeling strategies; training C-index 0.871 attenuated markedly to 0.606 in external validation, and 1/3/5-year AUCs dropped from ~0.92-0.95 (training) to ~0.6-0.7 (external), indicating overfitting/analysis-domain risk.",yes,yes,yes,partial,adequate,REV-ALCIDES-AI,2026-09-22,Marked attenuation of discrimination from training to external validation (C-index 0.871 to 0.606) is a notable overfitting signal despite otherwise thorough mechanistic/immune/pharmacogenomic characterization and IHC validation.,batch-03
REC-AIBIOGU-000219,Sun2026,"Multidimensional transcriptomic analysis and in vitro experiments dissect the landscape of 2',2',4',4'-Tetrabromodiphenyl ether in bladder cancer progression.",2026,Chem Biol Interact,10.1016/j.cbi.2026.112079,non_randomized,yes,yes,cant_tell,yes,yes,yes,yes,Combines in vitro cell-line exposure experiments with convenience public cohorts (TCGA-BLCA + 3 GEO datasets); representativeness of a defined patient population is unclear.,"CCK-8, EdU, Transwell, RNA-seq, WGCNA/hdWGCNA and molecular docking are standard, well-described methods.",335 TCGA-BLCA cases with survival data plus complete GEO validation datasets were used.,"Nomogram combined the BDERS risk score with age, gender, grade, T and N stage.",BDE-47 exposure dose (0.1 uM) was justified as physiologically relevant to reported human serum levels.,moderate,"MMAT v2018 quantitative non-randomized (mechanistic toxicology in vitro study with an embedded 101-combination ML prognostic signature, 3 external validation cohorts).",yes,unclear,low,low,high,high,high concern,"BDERS (20-gene risk score) selected via 101 ML-algorithm combinations from a 229-gene BDE-47-interacting candidate pool; C-index only 0.67-0.68 (modest) despite external validation in 3 GEO cohorts, reflecting high analysis-domain risk typical of this corpus.",yes,yes,yes,partial,adequate,REV-ALCIDES-AI,2026-09-22,"Primarily an environmental-toxicant mechanistic study (BDE-47 exposure in vitro); the BDERS prognostic signature is a general TCGA-derived BLCA risk score built from BDE-47-associated genes rather than a model predicting actual patient exposure, so applicability to AI-biomarker/exposure-outcome PICO carries a high-concern exposure-proxy caveat per calibration rule; applies_prediction_appraisal=yes because a formal risk score with C-index/AUC was developed and externally validated.",batch-03
REC-AIBIOGU-000221,Deng2026,Comprehensive Analysis Based on the Cancer-Immunity Cycle Identifies a Novel Immunosuppressive Subtype of Bladder Cancer.,2026,Int J Genomics,10.1155/ijog/9720283,non_randomized,yes,yes,cant_tell,yes,cant_tell,yes,yes,Convenience TCGA-BLCA plus GSE166716 cohorts and an own clinical specimen set with sampling method not fully specified; representativeness unclear.,"WGCNA, three ML feature-selection methods (SVM-RFE, RF, plus one more), ssGSEA/CIBERSORT immune profiling and qRT-PCR/Western blot are standard methods.",Consensus clustering-derived subgroup sample sizes and completeness of survival follow-up for the EIC subtype are not fully detailed in the available text.,Prognostic network analysis and Cox modeling adjusted for relevant covariates for hub DECICGs.,Wet-lab knockdown/overexpression assays for BIRC5 were performed per standard protocol.,low,MMAT v2018 quantitative non-randomized (unsupervised molecular subtyping study with embedded ML hub-gene selection and functional validation).,yes,unclear,unclear,low,high,high,unclear,"Primary output is an unsupervised immunosuppressive molecular subtype (EIC) rather than a single validated risk score; ROC/AUC is reported for hub-gene tumor-vs-normal discrimination and TIDE is used to project ICB response, but no independent survival-validation cohort for the EIC subtype itself is presented.",yes,partial,partial,partial,partial,REV-ALCIDES-AI,2026-09-22,"Borderline applies_prediction_appraisal call: this is primarily a molecular subtyping/mechanistic paper (EIC immunosuppressive subtype identification via WGCNA+ML+consensus clustering) rather than a conventional single predictive risk score; marked yes per protocol default because hub-gene ROC/AUC and TIDE-based immunotherapy-response prediction are reported, but TRIPOD-AI adherence is weaker than typical prognostic-signature papers in this batch (no dedicated external validation cohort for the subtype/classifier itself).",batch-03
REC-AIBIOGU-000222,Cao2026,Multi-omics identification of a programmed cell death-related signature and potential target P4HB for bladder cancer based on a 101-combination machine learning and experimental validation.,2026,Clin Exp Med,10.1007/s10238-026-02146-y,non_randomized,yes,yes,cant_tell,yes,yes,yes,yes,"Convenience public multi-cohort design (TCGA-BLCA training; GSE13507, GSE37815, GSE166716, GSE154261 validation) across RNA-seq/microarray platforms; representativeness unclear.","WGCNA, ssGSEA, single-cell RNA-seq, IHC, RT-qPCR, Western blot and functional assays (CCK-8, colony formation, flow cytometry) are standard, well-described methods.",Training and validation datasets had complete matched survival information as reported.,Multivariate Cox regression confirmed independent prognostic value of PCDRS alongside age and tumor stage.,101-combination ML framework and NRI/IDI benchmarking were applied as pre-specified.,moderate,"MMAT v2018 quantitative non-randomized (multi-cohort TCGA+GEO training/validation, 101-combination ML signature, single-cell and in vitro P4HB validation).",yes,unclear,low,low,high,high,low concern,"12-gene PCDRS selected from 2126 candidate PCD genes via WGCNA + 101 ML-algorithm combinations; training AUCs strong (0.80-0.84) but external validation more modest (AUC 0.60-0.66, C-index 0.62-0.63), consistent with typical analysis-domain overfitting risk in this corpus.",yes,yes,yes,partial,adequate,REV-ALCIDES-AI,2026-09-22,"Methodologically thorough (WGCNA + 101-combination ML + NRI/IDI benchmarking + single-cell + IHC/functional validation of P4HB), but external AUC/C-index attenuation vs. training indicates moderate overfitting.",batch-03
REC-AIBIOGU-000223,Russo2026,Identification of a weighted urinary microbial signature for bladder cancer discrimination.,2026,Front Oncol,10.3389/fonc.2026.1784501,non_randomized,yes,yes,no,yes,yes,cant_tell,yes,"Small single-center case-control cohort (n=51: 27 BCa, 24 controls), men aged >50 years only, with the BCa group substantially older than controls (73.1 vs 61.6 years), explicitly limiting representativeness and generalizability.",16S rRNA sequencing (V3-V6) and Random Forest feature selection are appropriately described and standard.,Complete taxonomic and outcome (case/control) data were available for all 51 subjects.,"Age was adjusted for via multivariate logistic regression, but other known urobiome confounders (BMI, smoking) were not consistently available, per authors' own limitations statement.","Urine collection protocol (first-morning, pre-instrumentation) was standardized and applied as intended.",low,"MMAT v2018 quantitative non-randomized (small single-center case-control, no independent validation cohort).",yes,high,high,low,high,high,low concern,"Feature selection (RF) and WCI weight derivation were performed once on the entire dataset with no independent train/test split or external validation cohort (explicitly stated by authors); only internal 10x5-fold CV and permutation testing mitigate this, so predictor- and analysis-domain risk of bias are high despite strong reported AUCs (90-92%).",yes,yes,no,partial,partial,REV-ALCIDES-AI,2026-09-22,"Authors explicitly frame this as a hypothesis-generating biomarker-discovery study lacking an independent validation cohort; feature selection and index weighting were derived on the full dataset with no held-out test set, a substantial methodological limitation for a diagnostic score with AUC ~90%.",batch-03
REC-AIBIOGU-000224,Fang2026,A machine learning-based epigenetic signature reveals YTHDC1 stabilizes POU5F1 to oppose tumor progression.,2026,J Transl Med,10.1186/s12967-026-08010-7,non_randomized,yes,yes,cant_tell,yes,yes,yes,yes,"Convenience TCGA-BLCA training cohort with 4 independent public validation cohorts across different platforms (IMvigor210, E-MTAB-4321, GSE31684, GSE48075); representativeness unclear.","Cox regression on epigenetic-gene expression, single-cell CellChat interaction analysis, RIP-PCR, Western blot and functional knockdown assays are standard, well-described methods.","Samples lacking primary-tumor status or adequate follow-up were excluded per explicit criteria, with complete data used thereafter.",Multivariate Cox regression confirmed the signature as independent of sex and age.,Signature scoring and risk-group assignment were applied identically and as pre-specified across all validation cohorts.,moderate,"MMAT v2018 quantitative non-randomized (TCGA training with 4 independent external validation cohorts, benchmarked against 101 ML algorithms and 110 published signatures, functional validation of YTHDC1).",yes,unclear,low,low,high,high,low concern,"Six-gene signature selected by enumerating combinations of 22 candidate epigenetic genes and choosing the lowest p-value configuration (explicit risk of overfitting/data dredging), though mitigated by validation across 4 independent external cohorts and benchmarking against 101 ML algorithms and 110 published signatures where it consistently outperformed comparators; median risk-score cutoff varied across datasets (authors' acknowledged limitation).",yes,yes,yes,partial,adequate,REV-ALCIDES-AI,2026-09-22,Among the most extensively benchmarked signatures in this batch (vs. 101 ML algorithms and 110 published signatures across 4 external cohorts); authors explicitly acknowledge cutoff-value instability across platforms as a translational limitation.,batch-03
REC-AIBIOGU-000225,He2026,A systematic characterization of amino acid metabolism-related genes reveals molecular subtypes and a prognostic signature in bladder cancer.,2026,Front Oncol,10.3389/fonc.2026.1754912,non_randomized,yes,yes,cant_tell,yes,yes,yes,yes,Combines TCGA/GEO public cohorts with a single-center IHC/clinical cohort (n=41) without explicit stated inclusion/exclusion criteria for representativeness.,"Standard RNA-seq, WGCNA, IHC and functional assay methods with clearly described pipelines.","Survival/clinical data available and analyzed across three cohorts (TCGA, GSE13507, GSE32894) with consistent follow-up.","Multivariate Cox regression and nomogram adjust for clinical covariates (age, stage, pT, pN).",Consistent bioinformatic/experimental pipeline applied uniformly across cohorts and validation experiments.,moderate,MMAT v2018 quantitative non-randomized (TCGA+GEO multi-cohort + single-center IHC/functional validation).,yes,unclear,low,low,high,high,low concern,Predictors and outcome well defined; Analysis domain high risk due to massive algorithm search (117 ML combinations via MIME) and median-based risk dichotomization typical of omics signatures.,partial,yes,yes,no,partial,REV-ALCIDES-AI,2026-09-22,,batch-03
REC-AIBIOGU-000226,Liu2026,Development and validation of a gemcitabine sensitivity-related long noncoding RNA signature for predicting the prognosis and subtypes of bladder cancer.,2026,Transl Androl Urol,10.21037/tau-2025-1-970,non_randomized,yes,yes,cant_tell,yes,yes,yes,yes,Combines TCGA-BLCA/GEO/IMvigor210 with a prospectively collected single-center tissue cohort (n=163) without explicit eligibility criteria detailed.,"WGCNA, DESeq2, 101 ML algorithm combinations, scRNA-seq and RT-qPCR/functional assays are well described.",OS/recurrence data available across TCGA training and GSE31684 external validation cohorts.,Multivariate Cox regression and nomogram incorporate clinical covariates.,Consistent modeling pipeline applied to training and validation cohorts.,moderate,MMAT v2018 quantitative non-randomized (TCGA training + GSE31684 external validation + IMvigor210 + own tissue cohort).,yes,unclear,low,low,high,high,low concern,Analysis domain high risk due to 101-algorithm LOOCV feature/model selection and median-based risk dichotomization typical of this corpus.,yes,yes,yes,partial,adequate,REV-ALCIDES-AI,2026-09-22,Reports adherence to the TRIPOD reporting checklist explicitly and provides a GitHub code repository (partial transparency) plus a web-based risk calculator.,batch-03
REC-AIBIOGU-000228,Zhang2026,"Single-cell transcriptomic analysis and machine learning identify ATAD3A as a key gene that stabilizes mitochondrial-endoplasmic reticulum membranes, promoting bladder cancer progression.",2026,J Transl Med,10.1186/s12967-026-07857-0,non_randomized,yes,yes,cant_tell,yes,yes,yes,yes,"Uses TCGA/GEO (GSE13507, GSE135337, GSE130001, GSE169455, GSE5287, GSE247185) plus IMvigor210 without explicit eligibility criteria; multi-cohort but retrospective public-database sampling.","Bulk/single-cell RNA-seq, spatial transcriptomics, IHC (AUC 0.936) and in vitro/in vivo functional assays are well described.",Survival data available across TCGA-BLCA and GSE13507 with KM/Cox analyses.,"Multivariate Cox regression, nomogram incorporating clinical variables.","Consistent pipeline applied across bulk, single-cell and validation datasets.",moderate,MMAT v2018 quantitative non-randomized (mechanistic single-cell/multi-omics study with embedded LASSO prognostic signature and RF predictive classifier).,yes,unclear,low,low,high,high,low concern,"Analysis domain high risk: LASSO 4-gene MAM signature plus separate random forest cisplatin-resistance classifier with SHAP interpretation, selected among candidate genes with limited events-per-variable reporting.",partial,yes,yes,no,partial,REV-ALCIDES-AI,2026-09-22,"Primarily a mechanistic single-cell/multi-omics study (MAM/ATAD3A biology) but contains an evaluable predictive component (4-gene MAM prognostic signature with AUC/KM across TCGA, GSE13507, IMvigor210; RF cisplatin-resistance model with external AUC 0.708-0.850 in two validation sets) — applies_prediction_appraisal=yes per calibration default.",batch-03
REC-AIBIOGU-000229,Li2026,Transcriptome and single-cell RNA sequencing analysis with 101 machine learning combinations and experimental verification reveals the mechanism of action of mannose metabolism in bladder cancer.,2026,Front Immunol,10.3389/fimmu.2026.1710823,non_randomized,yes,yes,cant_tell,yes,yes,yes,yes,TCGA-BLCA + GSE13507 + GSE222315 public cohorts without explicit eligibility criteria described.,"DESeq2, SVM/SHAP feature selection, RT-qPCR, WB, IHC and scRNA-seq are clearly described.",Survival data available in TCGA and GSE13507 with ROC/nomogram analyses.,"Multivariate Cox regression with age, gender, T/N stage; nomogram integrating risk score.",Consistent SVM/algorithm pipeline applied to training and validation datasets.,moderate,"MMAT v2018 quantitative non-randomized (TCGA+GEO with 10-algorithm SVM/SHAP feature selection, external validation and functional verification).",yes,unclear,low,low,high,high,low concern,"Analysis domain high risk: SVM selected as optimal among 10 algorithms (AUC 0.988 training, near-perfect discrimination suggestive of overfitting) with SHAP-based post-hoc gene selection.",partial,yes,yes,no,partial,REV-ALCIDES-AI,2026-09-22,SVM diagnostic model AUC near-perfect (0.988/0.987) across training and validation datasets — flag as potential overfitting/optimistic performance typical of small feature-selected omics models.,batch-03
REC-AIBIOGU-000230,Sun2026,Revealing the function and mechanism of piRNA-related genes in bladder cancer through single-cell sequencing and methylation analyses and construction of prognostic features based on consensus clustering.,2026,Curr Urol,10.1097/cu9.0000000000000306,non_randomized,yes,yes,cant_tell,yes,cant_tell,cant_tell,yes,TCGA + GSE13507 + GSE135337 public cohorts without explicit eligibility criteria described.,"LASSO/RF/SVM-RFE feature selection, qPCR, methylation-specific PCR and scRNA-seq are well described.","The LASSO-derived risk-score stratification failed to show a significant survival difference (Fig. 11C), so outcome capture via the intended predictive model is incomplete/ambiguous.","No adjusted multivariate Cox model is reported for the final risk-score signature; survival significance was only achieved via an unsupervised consensus-clustering post-hoc pivot, not the originally proposed predictive model.","Consistent experimental/bioinformatic pipeline applied across TCGA, GEO and scRNA-seq datasets.",low,"MMAT v2018 quantitative non-randomized (TCGA+GEO with LASSO/RF/SVM-RFE feature selection; risk-score model underperformed, pivoted to consensus clustering).",yes,unclear,low,unclear,high,high,low concern,"Analysis domain high risk: multi-algorithm feature selection (LASSO/RF/SVM-RFE) from a small candidate gene set; the risk-score prognostic model failed to stratify survival and was superseded post-hoc by unsupervised consensus clustering, indicating unstable/overfit model development.",partial,partial,partial,no,inadequate,REV-ALCIDES-AI,2026-09-22,"Borderline judgment call: the intended risk-score prognostic model (LASSO, 3 piRPGs: MAPK13/INHBA/LAMB2) did not achieve significant survival stratification; authors substituted an unsupervised consensus-clustering grouping that did show significance, which is a weaker/different form of predictive evaluation. Kept applies_prediction_appraisal=yes per corpus calibration default, but PROBAST/TRIPOD-AI judgments reflect this methodological weakness. INHBA also non-significant in external GSE13507 validation for the diagnostic gene panel.",batch-03
REC-AIBIOGU-000232,He2026,A Deep Learning-Generated Mixed Tumor-Stroma Ratio for Prognostic Stratification and Multi-omics Profiling in Bladder Cancer.,2026,Research (Wash D C),10.34133/research.1053,non_randomized,yes,yes,yes,yes,yes,yes,yes,"Explicit inclusion/exclusion criteria (Fig. S1) across TCGA (n=379) and 5 multicenter external cohorts (n=1053), with baseline characteristics reported (Table 1).",CNN tissue classification validated against pathologist ground truth (Cohen's kappa>0.95; ICC=0.90; Bland-Altman); mpMRI radiomics features with reported ICC.,OS follow-up data available and consistent across TCGA and 5 external cohorts with meta-analysis.,Multivariate Cox regression and nomogram incorporating N stage; subgroup analyses by NMIBC/MIBC.,"Standardized CNN pipeline (color normalization, patch classification) consistently applied across training/internal/external validation sets.",high,MMAT v2018 quantitative non-randomized; exceptionally rigorous multicenter deep-learning biomarker study with explicit eligibility criteria and external validation.,yes,low,low,low,unclear,unclear,low concern,"Participants, predictors and outcome domains are low risk given explicit eligibility criteria, blinded pathologist annotation, and standard OS endpoint across a large multicenter cohort. Analysis domain judged unclear (not high) because the core MTSR-OS Cox analysis is robust and externally validated (meta-analysis HR 1.04, 6 cohorts), but the auxiliary mpMRI radiomics classifier for predicting MTSR shows only modest performance (AUC 0.71/0.66) from a small single-center scRNA/radiomics sample, acknowledged as a limitation by the authors.",yes,yes,yes,partial,adequate,REV-ALCIDES-AI,2026-09-22,"Exception to corpus calibration: mmat_overall=high is justified by unusually rigorous design (multicenter, explicit eligibility criteria, pathologist-validated deep-learning ground truth with ICC/kappa, external meta-analysis) rather than a typical convenience-sample omics-mining study. PROBAST_overall_rob kept as unclear (not high) given this rigor, despite the modest-performing ancillary radiomics model.",batch-03
REC-AIBIOGU-000235,Wang2026,Machine Learning Integration Framework Constructs a Lactylation-Associated Gene Signature to Improve Prognosis in Bladder Cancer.,2026,Cancer Med,10.1002/cam4.71477,non_randomized,yes,yes,cant_tell,yes,yes,yes,yes,TCGA + GSE13507 + GSE32894 public cohorts without explicit eligibility criteria described.,"101 ML algorithm combinations, RT-qPCR, HPA immunohistochemistry, and functional assays (AHNAK knockdown) are well described.",Survival data available across TCGA training and two GEO validation cohorts.,Multivariate Cox regression confirms risk score independence from age and stage.,Consistent 101-algorithm pipeline applied to training and validation cohorts.,moderate,"MMAT v2018 quantitative non-randomized (TCGA training + 2 GEO external validation cohorts, 101 ML combinations).",yes,unclear,low,low,high,high,low concern,Analysis domain high risk due to 101-algorithm combination search (CoxBoost+SuperPC selected) and high reported AUCs (0.839-0.880) typical of optimistic in-sample selection in this corpus.,partial,yes,yes,no,partial,REV-ALCIDES-AI,2026-09-22,,batch-03
REC-AIBIOGU-000237,Xiao2025,"Integrated multi-omics analysis identifies DARS2, MRTO4, and MRPL37 as novel biomarkers and potential therapeutic targets for bladder cancer.",2025,Discov Oncol,10.1007/s12672-025-04246-9,non_randomized,yes,yes,cant_tell,yes,yes,yes,yes,"Combines TCGA, GSE13507, GSE135337, IMvigor210, DepMap, FinnGen and eQTLGen without a single unified eligibility framework, though filtering steps are partially described.","WGCNA, Mfuzz, Mendelian randomization, ROC and scRNA-seq methods are clearly described with parameters.",Survival data available in TCGA and GSE13507 with consistent follow-up (mean 27.6 and 48.4 months).,"Multivariate/nomogram analysis and MR sensitivity analyses (heterogeneity, pleiotropy) account for confounding.","Consistent multi-step analytic pipeline (DEGs, WGCNA, Mfuzz, Cox, MR) applied uniformly.",moderate,MMAT v2018 quantitative non-randomized (multi-omics integration with Mendelian randomization causal-inference layer).,yes,unclear,low,low,high,high,low concern,"Analysis domain high risk: multi-step narrowing from 348 candidate genes (DEGs+WGCNA+Mfuzz+DepMap dependency) to 3 core genes via univariate Cox and MR, a high-dimensionality selection pipeline typical of overfitting risk despite the added MR causal-inference layer.",yes,yes,yes,partial,adequate,REV-ALCIDES-AI,2026-09-22,"Incorporates a Mendelian randomization causal-inference component beyond typical corpus designs; developed an online nomogram tool (partial transparency, no code repository stated).",batch-03
REC-AIBIOGU-000238,Langfelder2025,Gene signature for response prediction to immunotherapy and prognostic markers in metastatic urothelial carcinoma.,2025,Front Immunol,10.3389/fimmu.2025.1607222,non_randomized,yes,yes,yes,yes,cant_tell,yes,yes,"Well-defined clinical trial cohorts (IMvigor210, PCD4989g, IMmotion150) with RECIST 1.1-defined response criteria.","Standardized RNA-seq alignment/quantification (kallisto, DESeq2) and rigorous feature-selection/classifier-training methodology.","Some samples excluded due to missing PD-L1 IHC or missing HLA-E data, slightly reducing completeness for comparator signatures.","Extensive comparison against six established signatures, TMB, and ablation studies control for confounding/benchmarking bias.","Consistent training/testing pipeline (5-fold CV, domain adaptation) applied uniformly across cohorts.",moderate,MMAT v2018 quantitative non-randomized (retrospective transcriptomic reanalysis of prospective immunotherapy clinical trial cohorts).,yes,low,low,low,high,high,low concern,"Participants/predictors/outcome low risk given clear RECIST-defined trial cohorts and standardized RNA-seq; Analysis domain high risk due to reduction of ~17,000 genes to 49 via multi-step feature selection (BW-ratio + unsupervised domain adaptation) relative to a modest sample size (n=298 train), a classic high-dimensional overfitting scenario despite external validation.",yes,yes,yes,partial,adequate,REV-ALCIDES-AI,2026-09-22,"Strongest TRIPOD-AI reporting in this batch: independent external clinical-trial test set (PCD4989g, AUC 0.75) plus additional unseen GEO datasets and an ablation study isolating the contribution of domain adaptation. Data access restricted via EGA (partial transparency).",batch-03
REC-AIBIOGU-000239,Shen2025,Bladder cancer diagnostic and prognostic models from DNA methylation by multi algorithm machine learning.,2025,NPJ Precis Oncol,10.1038/s41698-025-01195-y,non_randomized,yes,yes,cant_tell,yes,yes,yes,yes,"Integrates TCGA tissue (n=416/21), a very small urine cohort (GSE120288, n=12), a blood cohort from a prior study, and validation sets (GSE111933, GSE13507) without unified eligibility criteria.","ChAMP-based differential methylation analysis, six ML algorithms, Lasso/logistic and Cox-Lasso modeling, plus Co-IP/ChIP-seq mechanistic validation are clearly described.",Diagnostic and prognostic outcome data available with reasonable completeness across TCGA and validation cohorts.,Cox-Lasso and logistic regression models adjust for relevant covariates; NMIBC/MIBC subgroup analyses performed.,Consistent multi-sample (tissue/blood/urine) methylation pipeline applied across all cohorts.,moderate,MMAT v2018 quantitative non-randomized (multi-sample-type DNA methylation diagnostic/prognostic ML models with mechanistic TET2/C1QTNF6 validation).,yes,high,low,low,high,high,low concern,"Participants domain high risk: the urine-based diagnostic validation cohort is extremely small (n=12, GSE120288), substantially undermining representativeness/generalizability of a key diagnostic component. Analysis domain high risk given a multi-step 173-gene to 11-gene to final-model narrowing across three sample types using six ML algorithms.",yes,yes,yes,no,adequate,REV-ALCIDES-AI,2026-09-22,"Preprint-style 'Article in Press' formatting noted in extracted text (unedited manuscript, may contain errors per publisher disclaimer). Urine validation cohort extremely small (n=12) despite otherwise strong tissue-based diagnostic performance (AUC 0.957); flagged as elevated PROBAST Participants risk.",batch-03
REC-AIBIOGU-000240,Quan2025,Integrative pan-cancer analysis of intratumoral microbial communities for biomarker discovery and diagnostic modeling.,2025,J Transl Med,10.1186/s12967-025-07355-9,non_randomized,yes,yes,yes,yes,cant_tell,cant_tell,yes,Multi-study inclusion and QC pipeline for 2839 samples described.,16S QIIME2/DADA2 and ML classification methods fit diagnostic aim.,Merged public cohorts; batch/source effects acknowledged.,PERMANOVA stratified by source; sensitivity analysis but residual batch risk.,Stratified 5-fold CV plus independent CAMS validation cohort (541).,low,MMAT non_randomized (pooled multi-cohort comparison).,yes,unclear,low,low,unclear,unclear,high concern,Pan-cancer pooled data; batch heterogeneity limits bias/applicability judgment.,partial,yes,yes,partial,adequate,REV-ALCIDES,2026-09-21,Pan-cancer diagnostic model; bladder is one of nine types (not GU-focused).,pilot
REC-AIBIOGU-000242,Shao2025,Construction and mechanistic exploration of a ferroptosis related gene based prognostic model for cisplatin resistance in bladder cancer.,2025,Comput Methods Biomech Biomed Engin,10.1080/10255842.2025.2585143,non_randomized,yes,yes,cant_tell,yes,no,no,yes,Only 44 TCGA cisplatin-treated cases define chemoresponse; eligibility for that subset is unclear.,Bulk RNA-seq and Cox/LASSO/RF methods are appropriate for signature development.,Training on GSE32894 and tiny chemoresponse subset limits representativeness.,Multiple ML filters and nomogram tuning on same training data; weak external AUC (~0.68-0.71).,OS and time-dependent ROC in GSE32894 and GSE13507 are reported.,low,MMAT v2018 quantitative non-randomized (retrospective transcriptomic cohorts).,yes,high,low,low,high,high,high concern,Small retrospective chemoresponse series; tri-algorithm feature mining on training cohort; extreme HR in KM raises overfitting concern.,partial,yes,partial,no,partial,REV-ALCIDES,2026-09-21,,pilot
REC-AIBIOGU-000243,Shen2025,Constructing a bladder cancer prognostic model related to exosome using machine learning and identifying THBS1 as a potential target.,2025,Cancer Cell Int,10.1186/s12935-025-04027-y,non_randomized,yes,yes,cant_tell,yes,yes,yes,yes,TCGA + GSE13507 public cohorts without explicit eligibility criteria described.,"101 ML algorithm combinations, molecular docking, qRT-PCR, WB and in vivo lung metastasis assays are well described.",Survival data available across TCGA training and GSE13507 external validation.,Multivariate Cox regression confirms risk score independence; nomogram integrates clinical variables.,Consistent 101-algorithm pipeline applied to training and validation cohorts.,moderate,"MMAT v2018 quantitative non-randomized (TCGA training + GSE13507 external validation, 101 ML combinations).",yes,unclear,low,low,high,high,low concern,"Analysis domain high risk: 15 genes selected from 132 DEGs via univariate Cox (p<0.05) then 101 ML combinations; model discrimination is modest (average C-index 0.614), and authors themselves note predictive performance was surpassed by age alone, indicating limited added prognostic value.",partial,yes,yes,no,partial,REV-ALCIDES-AI,2026-09-22,Model discrimination modest (C-index 0.614; 1/3/5-year AUC 0.648-0.724); authors explicitly acknowledge the model's predictive accuracy is surpassed by age alone among clinical variables — weaker predictive performance than most of this batch.,batch-03
REC-AIBIOGU-000244,Ming2025,"Imidacloprid contributes to bladder cancer progression: preliminary evidence based on network toxicology, machine learning and molecular docking.",2025,BMC Pharmacol Toxicol,10.1186/s40360-025-01016-9,non_randomized,yes,yes,cant_tell,yes,yes,yes,yes,"TCGA (random 3:1 train/test split) plus GSE13507/GSE31684 external cohorts, without explicit patient eligibility criteria stated.","DESeq2 differential expression, 10 ML algorithms with Brier-score calibration, molecular docking (CB-DOCK2), and in vitro exposure assays (colony formation, wound healing, transwell) are well described.",Survival data available and consistent across TCGA train/test and two external GEO cohorts.,"Multivariate Cox regression, nomogram, and subgroup analyses by stage/sex/age control for confounding.","Consistent IMI exposure concentration (10 ng/mL, based on occupational biomonitoring data) applied uniformly in vitro.",moderate,MMAT v2018 quantitative non-randomized (network toxicology + ML prognostic model + in vitro exposure experiments).,yes,unclear,low,low,high,high,high concern,Analysis domain high risk: 531 CTD-derived imidacloprid-related genes narrowed to 138 DEIRGs then to a 5-gene model via 10 ML algorithms and multivariate Cox with a modest test-cohort size (n=96). Applicability flagged high concern because the study's primary framing is an environmental exposure/toxicology mechanism (pesticide-gene interaction) rather than a direct clinical biomarker-discovery design matching AIBIO_GU's PCC.,yes,yes,yes,partial,adequate,REV-ALCIDES-AI,2026-09-22,"Primary framing is environmental toxicology (imidacloprid/pesticide exposure mechanism via network toxicology and molecular docking) with an embedded DEIRG-based prognostic ML model (average C-index 0.766; time-dependent AUC 0.60-0.72) evaluated across TCGA/GSE13507/GSE31684. applies_prediction_appraisal=yes per the prognostic component and calibration default, but probast_overall_applicability flagged as high concern (exposure-proxy design) per the codebook's applicability rule; this does not change screening/eligibility per protocol.",batch-03
REC-AIBIOGU-000245,Yin2025,"Comprehensive analysis of coagulation-associated gene signature in bladder cancer diagnosis, prognosis, and immunotherapy.",2025,Sci Rep,10.1038/s41598-025-17567-0,non_randomized,yes,yes,cant_tell,yes,yes,no,yes,"Public TCGA/GEO cohorts are convenience samples without a described sampling frame, so representativeness of the target BC/GU population is unclear.","Transcriptomic/proteomic measurements and clinical endpoints are standard, validated, and appropriate to the prognostic/diagnostic aims.","Cases with missing survival, follow-up, or prognostic information were excluded a priori, so outcome data are reasonably complete for the analytic cohort.",No formal adjustment for confounders in cohort assembly or signature derivation beyond the risk score/clustering itself.,Bioinformatic/ML pipeline and any wet-lab validation (qRT-PCR/IHC/functional assays) followed the protocols as described.,low,,yes,high,low,low,high,high,low concern,Convenience public-database cohorts (TCGA/GEO) with extensive multi-algorithm feature selection (10-101 ML combinations) and median-risk-score dichotomization typical of omics prognostic signatures; limited true independent external validation beyond additional GEO cohorts.,yes,yes,yes,no,adequate,REV-ALCIDES-AI,2026-09-22,"Real preoperative coagulation cohort (n=92) and 58 paired tissue specimens (RT-qPCR/IHC) supplement the public-database signature, strengthening c3/c5.",batch-04
REC-AIBIOGU-000247,Peng2025,Deep learning for prognostic stratification and biomarker exploration in upper tract urothelial carcinoma: a multicenter retrospective cohort study.,2025,Int J Surg,10.1097/js9.0000000000003581,non_randomized,yes,yes,cant_tell,yes,yes,yes,yes,"Multi-institutional cohort with explicit inclusion/exclusion criteria and registered protocol, improving on single-center convenience sampling, though still non-consecutive/retrospective.","Imaging acquisition/pathological confirmation and feature extraction (radiomics/DL) follow standard, clearly described protocols appropriate to the prediction aim.","Exclusion criteria removed cases with incomplete imaging, clinical, or follow-up data, so outcome data are reasonably complete.",Multivariable Cox/logistic regression explicitly adjusted for clinicopathological covariates alongside the imaging/DL score.,"Imaging protocol, segmentation, and model training were performed and reported as described.",moderate,,yes,unclear,low,low,unclear,unclear,low concern,"Retrospective (or single-site prospective) convenience cohort with high-dimensional radiomics/DL feature extraction relative to sample size; external/multicenter validation used, reducing but not eliminating overfitting risk.",yes,yes,yes,no,adequate,REV-ALCIDES-AI,2026-09-22,"4-institution retrospective WSI cohort (n=805), TRIPOD/STROCSS-adherent, registered protocol, external validation at 3 sites; among the most rigorous studies in this batch.",batch-04
REC-AIBIOGU-000251,Sun2025,PAQR4: A Critical Senescence-Related Gene Influencing Immune Evasion and Metastasis in Bladder Urothelial Carcinoma.,2025,Hum Mutat,10.1155/humu/2227219,non_randomized,yes,yes,cant_tell,yes,yes,no,yes,"Public TCGA/GEO cohorts are convenience samples without a described sampling frame, so representativeness of the target BC/GU population is unclear.","Transcriptomic/proteomic measurements and clinical endpoints are standard, validated, and appropriate to the prognostic/diagnostic aims.","Cases with missing survival, follow-up, or prognostic information were excluded a priori, so outcome data are reasonably complete for the analytic cohort.",No formal adjustment for confounders in cohort assembly or signature derivation beyond the risk score/clustering itself.,Bioinformatic/ML pipeline and any wet-lab validation (qRT-PCR/IHC/functional assays) followed the protocols as described.,low,,yes,high,low,low,high,high,low concern,Convenience public-database cohorts (TCGA/GEO) with extensive multi-algorithm feature selection (10-101 ML combinations) and median-risk-score dichotomization typical of omics prognostic signatures; limited true independent external validation beyond additional GEO cohorts.,yes,yes,yes,no,adequate,REV-ALCIDES-AI,2026-09-22,,batch-04
REC-AIBIOGU-000252,Chen2025,"FAM174B remodels the tumor microenvironment, inhibits the infiltration of macrophage, predicts the molecular subtype and therapeutic response of bladder cancer.",2025,Int J Med Sci,10.7150/ijms.110096,non_randomized,yes,yes,cant_tell,yes,yes,no,yes,"Public TCGA/GEO cohorts are convenience samples without a described sampling frame, so representativeness of the target BC/GU population is unclear.","Transcriptomic/proteomic measurements and clinical endpoints are standard, validated, and appropriate to the prognostic/diagnostic aims.","Cases with missing survival, follow-up, or prognostic information were excluded a priori, so outcome data are reasonably complete for the analytic cohort.",No formal adjustment for confounders in cohort assembly or signature derivation beyond the risk score/clustering itself.,Bioinformatic/ML pipeline and any wet-lab validation (qRT-PCR/IHC/functional assays) followed the protocols as described.,low,,yes,high,low,low,high,high,low concern,Convenience public-database cohorts (TCGA/GEO) with extensive multi-algorithm feature selection (10-101 ML combinations) and median-risk-score dichotomization typical of omics prognostic signatures; limited true independent external validation beyond additional GEO cohorts.,yes,yes,yes,no,adequate,REV-ALCIDES-AI,2026-09-22,,batch-04
REC-AIBIOGU-000253,Zhou2025,Development of a radiomics and clinical feature-based nomogram for preoperative prediction of pathological grade in bladder cancer.,2025,Front Oncol,10.3389/fonc.2025.1661979,non_randomized,yes,yes,cant_tell,yes,yes,cant_tell,yes,Retrospective (or single-site prospective) convenience cohort without explicit consecutive-enrollment or sample-size justification; representativeness of the broader BC/UTUC population is uncertain.,"Imaging acquisition/pathological confirmation and feature extraction (radiomics/DL) follow standard, clearly described protocols appropriate to the prediction aim.","Exclusion criteria removed cases with incomplete imaging, clinical, or follow-up data, so outcome data are reasonably complete.",Clinical covariates are combined into the nomogram/model but no explicit confounder-adjustment strategy for cohort selection is described.,"Imaging protocol, segmentation, and model training were performed and reported as described.",low,,yes,high,low,low,high,high,low concern,Retrospective (or single-site prospective) convenience cohort with high-dimensional radiomics/DL feature extraction relative to sample size; validation largely internal train/test split rather than an independent external cohort.,yes,yes,partial,no,partial,REV-ALCIDES-AI,2026-09-22,"Single-center, no external validation cohort; train/validation split only (7:3).",batch-04
REC-AIBIOGU-000254,Peng2025,Integrating Spatial Multi-Omics and Machine Learning to Unravel the Role of PANoptosis in Bladder Cancer Prognosis and Immunotherapy Response.,2025,Oncol Res,10.32604/or.2025.064331,non_randomized,yes,yes,cant_tell,yes,yes,no,yes,"Public TCGA/GEO cohorts are convenience samples without a described sampling frame, so representativeness of the target BC/GU population is unclear.","Transcriptomic/proteomic measurements and clinical endpoints are standard, validated, and appropriate to the prognostic/diagnostic aims.","Cases with missing survival, follow-up, or prognostic information were excluded a priori, so outcome data are reasonably complete for the analytic cohort.",No formal adjustment for confounders in cohort assembly or signature derivation beyond the risk score/clustering itself.,Bioinformatic/ML pipeline and any wet-lab validation (qRT-PCR/IHC/functional assays) followed the protocols as described.,low,,yes,high,low,low,high,high,low concern,Convenience public-database cohorts (TCGA/GEO) with extensive multi-algorithm feature selection (10-101 ML combinations) and median-risk-score dichotomization typical of omics prognostic signatures; limited true independent external validation beyond additional GEO cohorts.,yes,yes,yes,no,adequate,REV-ALCIDES-AI,2026-09-22,,batch-04
REC-AIBIOGU-000262,Huang2025,Identification and single-cell analysis of prognostic genes related to mitochondrial and neutrophil extracellular traps in bladder cancer.,2025,Sci Rep,10.1038/s41598-025-10413-3,non_randomized,yes,yes,cant_tell,yes,yes,no,yes,"Public TCGA/GEO cohorts are convenience samples without a described sampling frame, so representativeness of the target BC/GU population is unclear.","Transcriptomic/proteomic measurements and clinical endpoints are standard, validated, and appropriate to the prognostic/diagnostic aims.","Cases with missing survival, follow-up, or prognostic information were excluded a priori, so outcome data are reasonably complete for the analytic cohort.",No formal adjustment for confounders in cohort assembly or signature derivation beyond the risk score/clustering itself.,Bioinformatic/ML pipeline and any wet-lab validation (qRT-PCR/IHC/functional assays) followed the protocols as described.,low,,yes,high,low,low,high,high,low concern,Convenience public-database cohorts (TCGA/GEO) with extensive multi-algorithm feature selection (10-101 ML combinations) and median-risk-score dichotomization typical of omics prognostic signatures; limited true independent external validation beyond additional GEO cohorts.,yes,yes,yes,no,adequate,REV-ALCIDES-AI,2026-09-22,,batch-04
REC-AIBIOGU-000263,Wang2025,Multi-machine learning model based on radiomics features to predict prognosis of muscle-invasive bladder cancer.,2025,BMC Cancer,10.1186/s12885-025-14279-6,non_randomized,yes,yes,cant_tell,yes,yes,cant_tell,yes,Retrospective (or single-site prospective) convenience cohort without explicit consecutive-enrollment or sample-size justification; representativeness of the broader BC/UTUC population is uncertain.,"Imaging acquisition/pathological confirmation and feature extraction (radiomics/DL) follow standard, clearly described protocols appropriate to the prediction aim.","Exclusion criteria removed cases with incomplete imaging, clinical, or follow-up data, so outcome data are reasonably complete.",Clinical covariates are combined into the nomogram/model but no explicit confounder-adjustment strategy for cohort selection is described.,"Imaging protocol, segmentation, and model training were performed and reported as described.",low,,yes,high,low,low,unclear,high,low concern,"Retrospective (or single-site prospective) convenience cohort with high-dimensional radiomics/DL feature extraction relative to sample size; external/multicenter validation used, reducing but not eliminating overfitting risk.",yes,yes,yes,no,adequate,REV-ALCIDES-AI,2026-09-22,TCGA/TCIA discovery cohort (n=91) plus retrospective external hospital validation cohort (n=54).,batch-04
REC-AIBIOGU-000264,Tan2025,Machine Learning and Experimental Validation Reveal MYH11 as a Novel Prognostic Biomarker and Therapeutic Target in Bladder Cancer.,2025,J Inflamm Res,10.2147/jir.s519719,non_randomized,yes,yes,cant_tell,yes,yes,no,yes,"Public TCGA/GEO cohorts are convenience samples without a described sampling frame, so representativeness of the target BC/GU population is unclear.","Transcriptomic/proteomic measurements and clinical endpoints are standard, validated, and appropriate to the prognostic/diagnostic aims.","Cases with missing survival, follow-up, or prognostic information were excluded a priori, so outcome data are reasonably complete for the analytic cohort.",No formal adjustment for confounders in cohort assembly or signature derivation beyond the risk score/clustering itself.,Bioinformatic/ML pipeline and any wet-lab validation (qRT-PCR/IHC/functional assays) followed the protocols as described.,low,,yes,high,low,low,high,high,low concern,Convenience public-database cohorts (TCGA/GEO) with extensive multi-algorithm feature selection (10-101 ML combinations) and median-risk-score dichotomization typical of omics prognostic signatures; limited true independent external validation beyond additional GEO cohorts.,yes,yes,yes,no,adequate,REV-ALCIDES-AI,2026-09-22,,batch-04
REC-AIBIOGU-000265,Ye2025,Comprehensive analysis of single-cell and bulk RNA sequencing data reveals an EGFR signature for predicting immunotherapy response and prognosis in pan-cancer.,2025,Front Immunol,10.3389/fimmu.2025.1604394,non_randomized,yes,yes,cant_tell,yes,yes,no,yes,"Public TCGA/GEO cohorts are convenience samples without a described sampling frame, so representativeness of the target BC/GU population is unclear.","Transcriptomic/proteomic measurements and clinical endpoints are standard, validated, and appropriate to the prognostic/diagnostic aims.","Cases with missing survival, follow-up, or prognostic information were excluded a priori, so outcome data are reasonably complete for the analytic cohort.",No formal adjustment for confounders in cohort assembly or signature derivation beyond the risk score/clustering itself.,Bioinformatic/ML pipeline and any wet-lab validation (qRT-PCR/IHC/functional assays) followed the protocols as described.,low,,yes,high,low,low,high,high,high concern,Convenience public-database cohorts (TCGA/GEO) with extensive multi-algorithm feature selection (10-101 ML combinations) and median-risk-score dichotomization typical of omics prognostic signatures; limited true independent external validation beyond additional GEO cohorts.,yes,yes,yes,no,adequate,REV-ALCIDES-AI,2026-09-22,"Discovery and signature built from 34 pan-cancer scRNA-seq + 10 bulk cohorts; BLCA is only the most-associated cancer type identified post hoc, not the primary PCC target.",batch-04
REC-AIBIOGU-000266,Sun2025,Integrated Multiomics Analysis and Machine Learning Approaches in Bladder Cancer: Unveiling the Impact of Immunogenic Cell Death and Its Key Gene SLC2A3 on Prognosis and Personalized Treatment Strategies.,2025,ACS Omega,10.1021/acsomega.5c01496,non_randomized,yes,yes,cant_tell,yes,yes,no,yes,"Public TCGA/GEO cohorts are convenience samples without a described sampling frame, so representativeness of the target BC/GU population is unclear.","Transcriptomic/proteomic measurements and clinical endpoints are standard, validated, and appropriate to the prognostic/diagnostic aims.","Cases with missing survival, follow-up, or prognostic information were excluded a priori, so outcome data are reasonably complete for the analytic cohort.",No formal adjustment for confounders in cohort assembly or signature derivation beyond the risk score/clustering itself.,Bioinformatic/ML pipeline and any wet-lab validation (qRT-PCR/IHC/functional assays) followed the protocols as described.,low,,yes,high,low,low,high,high,low concern,Convenience public-database cohorts (TCGA/GEO) with extensive multi-algorithm feature selection (10-101 ML combinations) and median-risk-score dichotomization typical of omics prognostic signatures; limited true independent external validation beyond additional GEO cohorts.,yes,yes,yes,no,adequate,REV-ALCIDES-AI,2026-09-22,,batch-04
REC-AIBIOGU-000269,Huang2025,Disulfide bond-related gene signature development for bladder cancer prognosis prediction and immune microenvironment characterization.,2025,Sci Rep,10.1038/s41598-025-03974-w,non_randomized,yes,yes,cant_tell,yes,yes,no,yes,"Public TCGA/GEO cohorts are convenience samples without a described sampling frame, so representativeness of the target BC/GU population is unclear.","Transcriptomic/proteomic measurements and clinical endpoints are standard, validated, and appropriate to the prognostic/diagnostic aims.","Cases with missing survival, follow-up, or prognostic information were excluded a priori, so outcome data are reasonably complete for the analytic cohort.",No formal adjustment for confounders in cohort assembly or signature derivation beyond the risk score/clustering itself.,Bioinformatic/ML pipeline and any wet-lab validation (qRT-PCR/IHC/functional assays) followed the protocols as described.,low,,yes,high,low,low,high,high,low concern,Convenience public-database cohorts (TCGA/GEO) with extensive multi-algorithm feature selection (10-101 ML combinations) and median-risk-score dichotomization typical of omics prognostic signatures; limited true independent external validation beyond additional GEO cohorts.,yes,yes,yes,no,adequate,REV-ALCIDES-AI,2026-09-22,,batch-04
REC-AIBIOGU-000270,Yang2025,Integration of Single-Cell and Bulk Transcriptome to Reveal an Endothelial Transition Signature Predicting Bladder Cancer Prognosis.,2025,Biology (Basel),10.3390/biology14050486,non_randomized,yes,yes,cant_tell,yes,yes,no,yes,"Public TCGA/GEO cohorts are convenience samples without a described sampling frame, so representativeness of the target BC/GU population is unclear.","Transcriptomic/proteomic measurements and clinical endpoints are standard, validated, and appropriate to the prognostic/diagnostic aims.","Cases with missing survival, follow-up, or prognostic information were excluded a priori, so outcome data are reasonably complete for the analytic cohort.",No formal adjustment for confounders in cohort assembly or signature derivation beyond the risk score/clustering itself.,Bioinformatic/ML pipeline and any wet-lab validation (qRT-PCR/IHC/functional assays) followed the protocols as described.,low,,yes,high,low,low,high,high,high concern,Convenience public-database cohorts (TCGA/GEO) with extensive multi-algorithm feature selection (10-101 ML combinations) and median-risk-score dichotomization typical of omics prognostic signatures; limited true independent external validation beyond additional GEO cohorts.,yes,yes,yes,no,adequate,REV-ALCIDES-AI,2026-09-22,"EC transition signature discovered pan-cancer (9 tumor types) via scRNA-seq; prognostic model subsequently validated specifically in 4 BLCA cohorts, partially mitigating the pan-cancer discovery concern.",batch-04
REC-AIBIOGU-000271,Mao2025,Identification of a panel of volatile organic compounds in urine for early detection of for bladder cancer.,2025,Sci Rep,10.1038/s41598-025-01324-4,non_randomized,yes,yes,cant_tell,yes,yes,cant_tell,yes,Retrospective (or single-site prospective) convenience cohort without explicit consecutive-enrollment or sample-size justification; representativeness of the broader BC/UTUC population is uncertain.,"Imaging acquisition/pathological confirmation and feature extraction (radiomics/DL) follow standard, clearly described protocols appropriate to the prediction aim.","Exclusion criteria removed cases with incomplete imaging, clinical, or follow-up data, so outcome data are reasonably complete.",Clinical covariates are combined into the nomogram/model but no explicit confounder-adjustment strategy for cohort selection is described.,"Imaging protocol, segmentation, and model training were performed and reported as described.",low,,yes,high,low,low,high,high,low concern,Retrospective (or single-site prospective) convenience cohort with high-dimensional radiomics/DL feature extraction relative to sample size; validation largely internal train/test split rather than an independent external cohort.,yes,yes,partial,no,partial,REV-ALCIDES-AI,2026-09-22,"Real prospective-style recruitment (89 BC patients, 67 healthy controls) with GC-IMS urinary VOC diagnostic panel; internal train/test split only (no external validation cohort).",batch-04
REC-AIBIOGU-000272,Chen2025,Identification and validation of a 9-RBPs-related gene signature associated with prognosis and immune infiltration in bladder cancer based on bioinformatics analysis and machine learning.,2025,Transl Androl Urol,10.21037/tau-2024-688,non_randomized,yes,yes,cant_tell,yes,yes,no,yes,"Public TCGA/GEO cohorts are convenience samples without a described sampling frame, so representativeness of the target BC/GU population is unclear.","Transcriptomic/proteomic measurements and clinical endpoints are standard, validated, and appropriate to the prognostic/diagnostic aims.","Cases with missing survival, follow-up, or prognostic information were excluded a priori, so outcome data are reasonably complete for the analytic cohort.",No formal adjustment for confounders in cohort assembly or signature derivation beyond the risk score/clustering itself.,Bioinformatic/ML pipeline and any wet-lab validation (qRT-PCR/IHC/functional assays) followed the protocols as described.,low,,yes,high,low,low,high,high,low concern,Convenience public-database cohorts (TCGA/GEO) with extensive multi-algorithm feature selection (10-101 ML combinations) and median-risk-score dichotomization typical of omics prognostic signatures; limited true independent external validation beyond additional GEO cohorts.,yes,yes,yes,no,adequate,REV-ALCIDES-AI,2026-09-22,,batch-04
REC-AIBIOGU-000273,Yan2025,"Advancing personalized, predictive, and preventive medicine in bladder cancer: a multi-omics and machine learning approach for novel prognostic modeling, immune profiling, and therapeutic target discovery.",2025,Front Immunol,10.3389/fimmu.2025.1572034,non_randomized,yes,yes,cant_tell,yes,yes,no,yes,"Public TCGA/GEO cohorts are convenience samples without a described sampling frame, so representativeness of the target BC/GU population is unclear.","Transcriptomic/proteomic measurements and clinical endpoints are standard, validated, and appropriate to the prognostic/diagnostic aims.","Cases with missing survival, follow-up, or prognostic information were excluded a priori, so outcome data are reasonably complete for the analytic cohort.",No formal adjustment for confounders in cohort assembly or signature derivation beyond the risk score/clustering itself.,Bioinformatic/ML pipeline and any wet-lab validation (qRT-PCR/IHC/functional assays) followed the protocols as described.,low,,yes,high,low,low,high,high,low concern,Convenience public-database cohorts (TCGA/GEO) with extensive multi-algorithm feature selection (10-101 ML combinations) and median-risk-score dichotomization typical of omics prognostic signatures; limited true independent external validation beyond additional GEO cohorts.,yes,yes,yes,no,adequate,REV-ALCIDES-AI,2026-09-22,,batch-04
REC-AIBIOGU-000275,Luo2025,Machine learning developed immune-related exosome signature for prognosis and immunotherapy benefit in bladder cancer.,2025,Discov Oncol,10.1007/s12672-025-02354-0,non_randomized,yes,yes,cant_tell,yes,yes,no,yes,"Public TCGA/GEO cohorts are convenience samples without a described sampling frame, so representativeness of the target BC/GU population is unclear.","Transcriptomic/proteomic measurements and clinical endpoints are standard, validated, and appropriate to the prognostic/diagnostic aims.","Cases with missing survival, follow-up, or prognostic information were excluded a priori, so outcome data are reasonably complete for the analytic cohort.",No formal adjustment for confounders in cohort assembly or signature derivation beyond the risk score/clustering itself.,Bioinformatic/ML pipeline and any wet-lab validation (qRT-PCR/IHC/functional assays) followed the protocols as described.,low,,yes,high,low,low,high,high,high concern,Convenience public-database cohorts (TCGA/GEO) with extensive multi-algorithm feature selection (10-101 ML combinations) and median-risk-score dichotomization typical of omics prognostic signatures; limited true independent external validation beyond additional GEO cohorts.,yes,yes,yes,no,adequate,REV-ALCIDES-AI,2026-09-22,"Immunotherapy-benefit validation relies on GSE91061 and GSE78220, which are cutaneous melanoma ICI cohorts used as a proxy for BLCA immunotherapy response.",batch-04
REC-AIBIOGU-000276,Zhang2025,A machine learning-based prognostic signature utilizing MSC proteomics for predicting bladder cancer prognosis and treatment response.,2025,Transl Oncol,10.1016/j.tranon.2025.102349,non_randomized,yes,yes,cant_tell,yes,yes,no,yes,"Public TCGA/GEO cohorts are convenience samples without a described sampling frame, so representativeness of the target BC/GU population is unclear.","Transcriptomic/proteomic measurements and clinical endpoints are standard, validated, and appropriate to the prognostic/diagnostic aims.","Cases with missing survival, follow-up, or prognostic information were excluded a priori, so outcome data are reasonably complete for the analytic cohort.",No formal adjustment for confounders in cohort assembly or signature derivation beyond the risk score/clustering itself.,Bioinformatic/ML pipeline and any wet-lab validation (qRT-PCR/IHC/functional assays) followed the protocols as described.,low,,yes,high,low,low,high,high,low concern,Convenience public-database cohorts (TCGA/GEO) with extensive multi-algorithm feature selection (10-101 ML combinations) and median-risk-score dichotomization typical of omics prognostic signatures; limited true independent external validation beyond additional GEO cohorts.,yes,yes,yes,no,adequate,REV-ALCIDES-AI,2026-09-22,"MSC presence in tumor tissue independently confirmed by flow cytometry and multiplex IHC on real patient specimens, strengthening biological plausibility.",batch-04
REC-AIBIOGU-000277,Han2025,A CT-based interpretable deep learning signature for predicting PD-L1 expression in bladder cancer: a two-center study.,2025,Cancer Imaging,10.1186/s40644-025-00849-1,non_randomized,yes,yes,cant_tell,yes,yes,cant_tell,yes,Retrospective (or single-site prospective) convenience cohort without explicit consecutive-enrollment or sample-size justification; representativeness of the broader BC/UTUC population is uncertain.,"Imaging acquisition/pathological confirmation and feature extraction (radiomics/DL) follow standard, clearly described protocols appropriate to the prediction aim.","Exclusion criteria removed cases with incomplete imaging, clinical, or follow-up data, so outcome data are reasonably complete.",Clinical covariates are combined into the nomogram/model but no explicit confounder-adjustment strategy for cohort selection is described.,"Imaging protocol, segmentation, and model training were performed and reported as described.",low,,yes,high,low,low,unclear,high,low concern,"Retrospective (or single-site prospective) convenience cohort with high-dimensional radiomics/DL feature extraction relative to sample size; external/multicenter validation used, reducing but not eliminating overfitting risk.",yes,yes,yes,no,adequate,REV-ALCIDES-AI,2026-09-22,Two-center cohort (127 training/63 external validation); SHAP used for interpretability.,batch-04
REC-AIBIOGU-000278,Tan2025,Integrative multi-omics and machine learning identify a robust signature for discriminating prognosis and therapeutic targets in bladder cancer.,2025,J Cancer,10.7150/jca.105066,non_randomized,yes,yes,cant_tell,yes,yes,no,yes,"Public TCGA/GEO cohorts are convenience samples without a described sampling frame, so representativeness of the target BC/GU population is unclear.","Transcriptomic/proteomic measurements and clinical endpoints are standard, validated, and appropriate to the prognostic/diagnostic aims.","Cases with missing survival, follow-up, or prognostic information were excluded a priori, so outcome data are reasonably complete for the analytic cohort.",No formal adjustment for confounders in cohort assembly or signature derivation beyond the risk score/clustering itself.,Bioinformatic/ML pipeline and any wet-lab validation (qRT-PCR/IHC/functional assays) followed the protocols as described.,low,,yes,high,low,low,high,high,low concern,Convenience public-database cohorts (TCGA/GEO) with extensive multi-algorithm feature selection (10-101 ML combinations) and median-risk-score dichotomization typical of omics prognostic signatures; limited true independent external validation beyond additional GEO cohorts.,yes,yes,yes,no,adequate,REV-ALCIDES-AI,2026-09-22,,batch-04
REC-AIBIOGU-000280,Feng2024,Spatially-resolved analyses of muscle invasive bladder cancer microenvironment unveil a distinct fibroblast cluster associated with prognosis.,2024,Front Immunol,10.3389/fimmu.2024.1522582,non_randomized,yes,yes,cant_tell,yes,yes,no,yes,"Public TCGA/GEO cohorts are convenience samples without a described sampling frame, so representativeness of the target BC/GU population is unclear.","Transcriptomic/proteomic measurements and clinical endpoints are standard, validated, and appropriate to the prognostic/diagnostic aims.","Cases with missing survival, follow-up, or prognostic information were excluded a priori, so outcome data are reasonably complete for the analytic cohort.",No formal adjustment for confounders in cohort assembly or signature derivation beyond the risk score/clustering itself.,Bioinformatic/ML pipeline and any wet-lab validation (qRT-PCR/IHC/functional assays) followed the protocols as described.,low,,yes,high,low,low,high,high,high concern,Convenience public-database cohorts (TCGA/GEO) with extensive multi-algorithm feature selection (10-101 ML combinations) and median-risk-score dichotomization typical of omics prognostic signatures; limited true independent external validation beyond additional GEO cohorts.,yes,yes,partial,no,partial,REV-ALCIDES-AI,2026-09-22,"Discovery cohort is a small single-cohort IMC dataset (40 tissue samples/185 ROIs); the S3-fibroblast prognostic signature was subsequently tested across 9 TCGA tumor types (pan-cancer), not BLCA-specific. Very small primary IMC discovery cohort limits generalizability despite downstream pan-cancer testing.",batch-04
REC-AIBIOGU-000281,Zhan2024,Identification and validation of the nicotine metabolism-related signature of bladder cancer by bioinformatics and machine learning.,2024,Front Immunol,10.3389/fimmu.2024.1465638,non_randomized,yes,yes,yes,yes,yes,no,yes,TCGA-BLCA and GEO BLCA cohorts fit nicotine-metabolism prognostic question.,"Bulk RNA-seq, consensus clustering, and RSF signature are standard approaches.",Large TCGA/GEO BLCA series are an accepted target population for bulk prognostic signatures.,100 integrative ML combinations screened on TCGA-train; residual overfitting risk despite TCGA-test split.,"OS validated in TCGA-test, GSE32894, GSE13507, and GSE31684.",moderate,MMAT v2018 quantitative non-randomized.,yes,unclear,low,low,high,high,high concern,Retrospective TCGA/GEO without measured nicotine exposure; large-scale algorithm competition on training split.,partial,yes,yes,partial,partial,REV-ALCIDES,2026-09-21,,pilot
REC-AIBIOGU-000283,Zheng2024,Development and validation of a radiomics-based nomogram for predicting pathological grade of upper urinary tract urothelial carcinoma.,2024,BMC Cancer,10.1186/s12885-024-13325-z,non_randomized,yes,yes,cant_tell,yes,yes,cant_tell,yes,Retrospective (or single-site prospective) convenience cohort without explicit consecutive-enrollment or sample-size justification; representativeness of the broader BC/UTUC population is uncertain.,"Imaging acquisition/pathological confirmation and feature extraction (radiomics/DL) follow standard, clearly described protocols appropriate to the prediction aim.","Exclusion criteria removed cases with incomplete imaging, clinical, or follow-up data, so outcome data are reasonably complete.",Clinical covariates are combined into the nomogram/model but no explicit confounder-adjustment strategy for cohort selection is described.,"Imaging protocol, segmentation, and model training were performed and reported as described.",low,,yes,high,low,low,high,high,low concern,Retrospective (or single-site prospective) convenience cohort with high-dimensional radiomics/DL feature extraction relative to sample size; validation largely internal train/test split rather than an independent external cohort.,yes,yes,partial,no,partial,REV-ALCIDES-AI,2026-09-22,"Single-center UTUC cohort (n=167), train/validation split only, references authors' own prior single-institution model.",batch-04
REC-AIBIOGU-000284,Xiao2024,Comprehensive analysis of single-cell and bulk RNA sequencing reveals postoperative progression markers for non-muscle invasive bladder cancer and predicts responses to immunotherapy.,2024,Discov Oncol,10.1007/s12672-024-01548-2,non_randomized,yes,yes,cant_tell,yes,yes,no,yes,"Public TCGA/GEO cohorts are convenience samples without a described sampling frame, so representativeness of the target BC/GU population is unclear.","Transcriptomic/proteomic measurements and clinical endpoints are standard, validated, and appropriate to the prognostic/diagnostic aims.","Cases with missing survival, follow-up, or prognostic information were excluded a priori, so outcome data are reasonably complete for the analytic cohort.",No formal adjustment for confounders in cohort assembly or signature derivation beyond the risk score/clustering itself.,Bioinformatic/ML pipeline and any wet-lab validation (qRT-PCR/IHC/functional assays) followed the protocols as described.,low,,yes,high,low,low,high,high,low concern,Convenience public-database cohorts (TCGA/GEO) with extensive multi-algorithm feature selection (10-101 ML combinations) and median-risk-score dichotomization typical of omics prognostic signatures; limited true independent external validation beyond additional GEO cohorts.,yes,yes,yes,no,adequate,REV-ALCIDES-AI,2026-09-22,Includes an online nomogram/prediction tool plus RT-qPCR and functional (CCK-8/Transwell) validation of GINS2.,batch-04
REC-AIBIOGU-000285,Zhang2024,A basement membrane-related signature for prognosis and immunotherapy benefit in bladder cancer based on machine learning.,2024,Discov Oncol,10.1007/s12672-024-01381-7,non_randomized,yes,yes,cant_tell,yes,yes,no,yes,"Public TCGA/GEO cohorts are convenience samples without a described sampling frame, so representativeness of the target BC/GU population is unclear.","Transcriptomic/proteomic measurements and clinical endpoints are standard, validated, and appropriate to the prognostic/diagnostic aims.","Cases with missing survival, follow-up, or prognostic information were excluded a priori, so outcome data are reasonably complete for the analytic cohort.",No formal adjustment for confounders in cohort assembly or signature derivation beyond the risk score/clustering itself.,Bioinformatic/ML pipeline and any wet-lab validation (qRT-PCR/IHC/functional assays) followed the protocols as described.,low,,yes,high,low,low,high,high,high concern,Convenience public-database cohorts (TCGA/GEO) with extensive multi-algorithm feature selection (10-101 ML combinations) and median-risk-score dichotomization typical of omics prognostic signatures; limited true independent external validation beyond additional GEO cohorts.,yes,yes,yes,no,adequate,REV-ALCIDES-AI,2026-09-22,Immunotherapy-benefit validation uses GSE78220 and GSE91061 (cutaneous melanoma ICI cohorts) as a proxy for BLCA immunotherapy response.,batch-04
REC-AIBIOGU-000286,Wang2024,Leveraging programmed cell death signature to predict clinical outcome and immunotherapy benefits in postoperative bladder cancer.,2024,Sci Rep,10.1038/s41598-024-73571-w,non_randomized,yes,yes,cant_tell,yes,yes,no,yes,"Public TCGA/GEO cohorts are convenience samples without a described sampling frame, so representativeness of the target BC/GU population is unclear.","Transcriptomic/proteomic measurements and clinical endpoints are standard, validated, and appropriate to the prognostic/diagnostic aims.","Cases with missing survival, follow-up, or prognostic information were excluded a priori, so outcome data are reasonably complete for the analytic cohort.",No formal adjustment for confounders in cohort assembly or signature derivation beyond the risk score/clustering itself.,Bioinformatic/ML pipeline and any wet-lab validation (qRT-PCR/IHC/functional assays) followed the protocols as described.,low,,yes,high,low,low,high,high,high concern,Convenience public-database cohorts (TCGA/GEO) with extensive multi-algorithm feature selection (10-101 ML combinations) and median-risk-score dichotomization typical of omics prognostic signatures; limited true independent external validation beyond additional GEO cohorts.,yes,yes,yes,no,adequate,REV-ALCIDES-AI,2026-09-22,Immunotherapy validation partly relies on GSE91061 (cutaneous melanoma) and other non-BLCA ICI cohorts as proxies.,batch-04
REC-AIBIOGU-000287,Chen2024,A platelet-related signature for predicting the prognosis and immunotherapy benefit in bladder cancer based on machine learning combinations.,2024,Transl Androl Urol,10.21037/tau-24-80,non_randomized,yes,yes,cant_tell,yes,yes,no,yes,"Public TCGA/GEO cohorts are convenience samples without a described sampling frame, so representativeness of the target BC/GU population is unclear.","Transcriptomic/proteomic measurements and clinical endpoints are standard, validated, and appropriate to the prognostic/diagnostic aims.","Cases with missing survival, follow-up, or prognostic information were excluded a priori, so outcome data are reasonably complete for the analytic cohort.",No formal adjustment for confounders in cohort assembly or signature derivation beyond the risk score/clustering itself.,Bioinformatic/ML pipeline and any wet-lab validation (qRT-PCR/IHC/functional assays) followed the protocols as described.,low,,yes,high,low,low,high,high,high concern,Convenience public-database cohorts (TCGA/GEO) with extensive multi-algorithm feature selection (10-101 ML combinations) and median-risk-score dichotomization typical of omics prognostic signatures; limited true independent external validation beyond additional GEO cohorts.,yes,yes,yes,no,adequate,REV-ALCIDES-AI,2026-09-22,Immunotherapy-benefit validation uses GSE91061/GSE78220 (cutaneous melanoma ICI cohorts) as a proxy for BLCA response.,batch-04
REC-AIBIOGU-000290,Lin2024,Characterization of the stem cell landscape and identification of a stemness-associated prognostic signature in bladder cancer.,2024,Cancer Cell Int,10.1186/s12935-024-03465-4,non_randomized,yes,yes,cant_tell,yes,yes,no,yes,"Public TCGA/GEO cohorts are convenience samples without a described sampling frame, so representativeness of the target BC/GU population is unclear.","Transcriptomic/proteomic measurements and clinical endpoints are standard, validated, and appropriate to the prognostic/diagnostic aims.","Cases with missing survival, follow-up, or prognostic information were excluded a priori, so outcome data are reasonably complete for the analytic cohort.",No formal adjustment for confounders in cohort assembly or signature derivation beyond the risk score/clustering itself.,Bioinformatic/ML pipeline and any wet-lab validation (qRT-PCR/IHC/functional assays) followed the protocols as described.,low,,yes,high,low,low,high,high,low concern,Convenience public-database cohorts (TCGA/GEO) with extensive multi-algorithm feature selection (10-101 ML combinations) and median-risk-score dichotomization typical of omics prognostic signatures; limited true independent external validation beyond additional GEO cohorts.,yes,yes,yes,no,adequate,REV-ALCIDES-AI,2026-09-22,,batch-04
REC-AIBIOGU-000291,Hu2024,Multi-DECT Image-based Intratumoral and Peritumoral Radiomics for Preoperative Prediction of Muscle Invasion in Bladder Cancer.,2024,Acad Radiol,10.1016/j.acra.2024.08.010,non_randomized,yes,yes,cant_tell,yes,yes,cant_tell,yes,Retrospective (or single-site prospective) convenience cohort without explicit consecutive-enrollment or sample-size justification; representativeness of the broader BC/UTUC population is uncertain.,"Imaging acquisition/pathological confirmation and feature extraction (radiomics/DL) follow standard, clearly described protocols appropriate to the prediction aim.","Exclusion criteria removed cases with incomplete imaging, clinical, or follow-up data, so outcome data are reasonably complete.",Clinical covariates are combined into the nomogram/model but no explicit confounder-adjustment strategy for cohort selection is described.,"Imaging protocol, segmentation, and model training were performed and reported as described.",low,,yes,high,low,low,high,high,low concern,Retrospective (or single-site prospective) convenience cohort with high-dimensional radiomics/DL feature extraction relative to sample size; validation largely internal train/test split rather than an independent external cohort.,yes,yes,partial,no,partial,REV-ALCIDES-AI,2026-09-22,"Single institution, 241->202 patients after exclusions; internal train/test split only.",batch-04
REC-AIBIOGU-000292,Hao2024,Development of prognostic model incorporating a ferroptosis/cuproptosis-related signature and mutational landscape analysis in muscle-invasive bladder cancer.,2024,BMC Cancer,10.1186/s12885-024-12741-5,non_randomized,yes,yes,cant_tell,yes,yes,no,yes,"Public TCGA/GEO cohorts are convenience samples without a described sampling frame, so representativeness of the target BC/GU population is unclear.","Transcriptomic/proteomic measurements and clinical endpoints are standard, validated, and appropriate to the prognostic/diagnostic aims.","Cases with missing survival, follow-up, or prognostic information were excluded a priori, so outcome data are reasonably complete for the analytic cohort.",No formal adjustment for confounders in cohort assembly or signature derivation beyond the risk score/clustering itself.,Bioinformatic/ML pipeline and any wet-lab validation (qRT-PCR/IHC/functional assays) followed the protocols as described.,low,,yes,high,low,low,high,high,low concern,Convenience public-database cohorts (TCGA/GEO) with extensive multi-algorithm feature selection (10-101 ML combinations) and median-risk-score dichotomization typical of omics prognostic signatures; limited true independent external validation beyond additional GEO cohorts.,yes,yes,yes,no,adequate,REV-ALCIDES-AI,2026-09-22,Includes cBioPortal mutational-landscape analysis and RT-qPCR/functional (knockdown) validation of hub genes.,batch-04
REC-AIBIOGU-000293,Chen2024,Machine learning developed an intratumor heterogeneity signature for predicting clinical outcome and immunotherapy benefit in bladder cancer.,2024,Transl Androl Urol,10.21037/tau-24-5,non_randomized,yes,yes,cant_tell,yes,yes,no,yes,"Public TCGA/GEO cohorts are convenience samples without a described sampling frame, so representativeness of the target BC/GU population is unclear.","Transcriptomic/proteomic measurements and clinical endpoints are standard, validated, and appropriate to the prognostic/diagnostic aims.","Cases with missing survival, follow-up, or prognostic information were excluded a priori, so outcome data are reasonably complete for the analytic cohort.",No formal adjustment for confounders in cohort assembly or signature derivation beyond the risk score/clustering itself.,Bioinformatic/ML pipeline and any wet-lab validation (qRT-PCR/IHC/functional assays) followed the protocols as described.,low,,yes,high,low,low,high,high,high concern,Convenience public-database cohorts (TCGA/GEO) with extensive multi-algorithm feature selection (10-101 ML combinations) and median-risk-score dichotomization typical of omics prognostic signatures; limited true independent external validation beyond additional GEO cohorts.,yes,yes,yes,no,adequate,REV-ALCIDES-AI,2026-09-22,Immunotherapy-benefit validation uses GSE91061/GSE78220 (cutaneous melanoma ICI cohorts) as a proxy for BLCA response.,batch-04
REC-AIBIOGU-000294,Zhang2024,Exploring prognostic DNA methylation genes in bladder cancer: a comprehensive analysis.,2024,Discov Oncol,10.1007/s12672-024-01206-7,non_randomized,yes,yes,cant_tell,yes,yes,no,yes,"Public TCGA/GEO cohorts are convenience samples without a described sampling frame, so representativeness of the target BC/GU population is unclear.","Transcriptomic/proteomic measurements and clinical endpoints are standard, validated, and appropriate to the prognostic/diagnostic aims.","Cases with missing survival, follow-up, or prognostic information were excluded a priori, so outcome data are reasonably complete for the analytic cohort.",No formal adjustment for confounders in cohort assembly or signature derivation beyond the risk score/clustering itself.,Bioinformatic/ML pipeline and any wet-lab validation (qRT-PCR/IHC/functional assays) followed the protocols as described.,low,,yes,high,low,low,high,high,low concern,Convenience public-database cohorts (TCGA/GEO) with extensive multi-algorithm feature selection (10-101 ML combinations) and median-risk-score dichotomization typical of omics prognostic signatures; limited true independent external validation beyond additional GEO cohorts.,yes,yes,yes,no,adequate,REV-ALCIDES-AI,2026-09-22,,batch-04
REC-AIBIOGU-000296,Li2024,Compressed sensing 3D T2WI radiomics model: improving diagnostic performance in muscle invasion of bladder cancer.,2024,BMC Med Imaging,10.1186/s12880-024-01318-0,non_randomized,yes,yes,cant_tell,yes,yes,cant_tell,yes,Retrospective (or single-site prospective) convenience cohort without explicit consecutive-enrollment or sample-size justification; representativeness of the broader BC/UTUC population is uncertain.,"Imaging acquisition/pathological confirmation and feature extraction (radiomics/DL) follow standard, clearly described protocols appropriate to the prediction aim.","Exclusion criteria removed cases with incomplete imaging, clinical, or follow-up data, so outcome data are reasonably complete.",Clinical covariates are combined into the nomogram/model but no explicit confounder-adjustment strategy for cohort selection is described.,"Imaging protocol, segmentation, and model training were performed and reported as described.",low,,yes,high,low,low,high,high,low concern,Retrospective (or single-site prospective) convenience cohort with high-dimensional radiomics/DL feature extraction relative to sample size; validation largely internal train/test split rather than an independent external cohort.,yes,yes,partial,no,partial,REV-ALCIDES-AI,2026-09-22,"Prospective single-center recruitment (n=108) but still convenience/non-consecutive sample; internal train/validation split only, no external cohort.",batch-04
REC-AIBIOGU-000297,Li2024,"Single-cell and bulk RNA-sequence identiﬁed ﬁbroblasts signature and CD8 + T-cell - ﬁbroblast subtype predicting prognosis and immune therapeutic response of bladder cancer, based on machine learning: bioinformatics multi-omics study.",2024,Int J Surg,10.1097/js9.0000000000001516,non_randomized,yes,yes,cant_tell,yes,yes,no,yes,"Public TCGA/GEO cohorts are convenience samples without a described sampling frame, so representativeness of the target BC/GU population is unclear.","Transcriptomic/proteomic measurements and clinical endpoints are standard, validated, and appropriate to the prognostic/diagnostic aims.","Cases with missing survival, follow-up, or prognostic information were excluded a priori, so outcome data are reasonably complete for the analytic cohort.",No formal adjustment for confounders in cohort assembly or signature derivation beyond the risk score/clustering itself.,Bioinformatic/ML pipeline and any wet-lab validation (qRT-PCR/IHC/functional assays) followed the protocols as described.,low,,yes,high,low,low,high,high,low concern,Convenience public-database cohorts (TCGA/GEO) with extensive multi-algorithm feature selection (10-101 ML combinations) and median-risk-score dichotomization typical of omics prognostic signatures; limited true independent external validation beyond additional GEO cohorts.,yes,yes,yes,no,adequate,REV-ALCIDES-AI,2026-09-22,,batch-04
REC-AIBIOGU-000298,Zhou2024,"Analysis of Bladder Cancer Staging Prediction Using Deep Residual Neural Network, Radiomics, and RNA-Seq from High-Definition CT Images.",2024,Genet Res (Camb),10.1155/2024/4285171,non_randomized,yes,yes,cant_tell,yes,yes,cant_tell,yes,Retrospective (or single-site prospective) convenience cohort without explicit consecutive-enrollment or sample-size justification; representativeness of the broader BC/UTUC population is uncertain.,"Imaging acquisition/pathological confirmation and feature extraction (radiomics/DL) follow standard, clearly described protocols appropriate to the prediction aim.","Exclusion criteria removed cases with incomplete imaging, clinical, or follow-up data, so outcome data are reasonably complete.",Clinical covariates are combined into the nomogram/model but no explicit confounder-adjustment strategy for cohort selection is described.,"Imaging protocol, segmentation, and model training were performed and reported as described.",low,,yes,high,low,low,high,high,low concern,Retrospective (or single-site prospective) convenience cohort with high-dimensional radiomics/DL feature extraction relative to sample size; validation largely internal train/test split rather than an independent external cohort.,yes,yes,partial,no,partial,REV-ALCIDES-AI,2026-09-22,Small single cohort (n=82) combining TCIA imaging with TCGA RNA-seq; no independent external validation cohort described.,batch-04
REC-AIBIOGU-000299,Zhang2024,Predicting preoperative muscle invasion status for bladder cancer using computed tomography-based radiomics nomogram.,2024,BMC Med Imaging,10.1186/s12880-024-01276-7,non_randomized,yes,yes,cant_tell,yes,yes,cant_tell,yes,Retrospective (or single-site prospective) convenience cohort without explicit consecutive-enrollment or sample-size justification; representativeness of the broader BC/UTUC population is uncertain.,"Imaging acquisition/pathological confirmation and feature extraction (radiomics/DL) follow standard, clearly described protocols appropriate to the prediction aim.","Exclusion criteria removed cases with incomplete imaging, clinical, or follow-up data, so outcome data are reasonably complete.",Clinical covariates are combined into the nomogram/model but no explicit confounder-adjustment strategy for cohort selection is described.,"Imaging protocol, segmentation, and model training were performed and reported as described.",low,,yes,high,low,low,high,high,low concern,Retrospective (or single-site prospective) convenience cohort with high-dimensional radiomics/DL feature extraction relative to sample size; validation largely internal train/test split rather than an independent external cohort.,yes,yes,partial,no,partial,REV-ALCIDES-AI,2026-09-22,"Single-center cohort (n=196), train/test split only, no external validation.",batch-04
REC-AIBIOGU-000302,Baek2024,A Multi-Gene Signature of Non-Muscle-Invasive Bladder Cancer Identifies Patients Who Respond to Immunotherapies Including Bacillus Calmette-Guérin and Immune Checkpoint Inhibitors.,2024,Int J Mol Sci,10.3390/ijms25073800,non_randomized,yes,yes,cant_tell,yes,yes,no,yes,"Public TCGA/GEO cohorts are convenience samples without a described sampling frame, so representativeness of the target BC/GU population is unclear.","Transcriptomic/proteomic measurements and clinical endpoints are standard, validated, and appropriate to the prognostic/diagnostic aims.","Cases with missing survival, follow-up, or prognostic information were excluded a priori, so outcome data are reasonably complete for the analytic cohort.",No formal adjustment for confounders in cohort assembly or signature derivation beyond the risk score/clustering itself.,Bioinformatic/ML pipeline and any wet-lab validation (qRT-PCR/IHC/functional assays) followed the protocols as described.,low,,yes,high,low,low,high,high,low concern,Convenience public-database cohorts (TCGA/GEO) with extensive multi-algorithm feature selection (10-101 ML combinations) and median-risk-score dichotomization typical of omics prognostic signatures; limited true independent external validation beyond additional GEO cohorts.,yes,yes,yes,no,adequate,REV-ALCIDES-AI,2026-09-22,Multi-gene signature applied to UROMOL2016 (n=476) plus 6 additional independent validation cohorts including BCG-treated (BRS) and ICI-treated (IMvigor210) NMIBC/BLCA cohorts -- validation directly on-target for BC immunotherapy.,batch-04
REC-AIBIOGU-000303,Cai2024,Deciphering the prognostic features of bladder cancer through gemcitabine resistance and immune-related gene analysis and identifying potential small molecular drug PIK-75.,2024,Cancer Cell Int,10.1186/s12935-024-03258-9,non_randomized,yes,yes,cant_tell,yes,yes,no,yes,"Public TCGA/GEO cohorts are convenience samples without a described sampling frame, so representativeness of the target BC/GU population is unclear.","Transcriptomic/proteomic measurements and clinical endpoints are standard, validated, and appropriate to the prognostic/diagnostic aims.","Cases with missing survival, follow-up, or prognostic information were excluded a priori, so outcome data are reasonably complete for the analytic cohort.",No formal adjustment for confounders in cohort assembly or signature derivation beyond the risk score/clustering itself.,Bioinformatic/ML pipeline and any wet-lab validation (qRT-PCR/IHC/functional assays) followed the protocols as described.,low,,yes,high,low,low,high,high,low concern,Convenience public-database cohorts (TCGA/GEO) with extensive multi-algorithm feature selection (10-101 ML combinations) and median-risk-score dichotomization typical of omics prognostic signatures; limited true independent external validation beyond additional GEO cohorts.,yes,yes,yes,no,adequate,REV-ALCIDES-AI,2026-09-22,"Includes IHC, RT-qPCR/Western blot, organoid drug-response, and animal validation of RAC3/PIK-75.",batch-04
REC-AIBIOGU-000304,Li2024,Prediction of histopathologic grades of bladder cancer with radiomics based on MRI: Comparison with traditional MRI.,2024,Urol Oncol,10.1016/j.urolonc.2024.02.008,non_randomized,yes,yes,cant_tell,yes,yes,cant_tell,yes,Retrospective (or single-site prospective) convenience cohort without explicit consecutive-enrollment or sample-size justification; representativeness of the broader BC/UTUC population is uncertain.,"Imaging acquisition/pathological confirmation and feature extraction (radiomics/DL) follow standard, clearly described protocols appropriate to the prediction aim.","Exclusion criteria removed cases with incomplete imaging, clinical, or follow-up data, so outcome data are reasonably complete.",Clinical covariates are combined into the nomogram/model but no explicit confounder-adjustment strategy for cohort selection is described.,"Imaging protocol, segmentation, and model training were performed and reported as described.",low,,yes,high,low,low,high,high,low concern,Retrospective (or single-site prospective) convenience cohort with high-dimensional radiomics/DL feature extraction relative to sample size; validation largely internal train/test split rather than an independent external cohort.,yes,yes,partial,no,partial,REV-ALCIDES-AI,2026-09-22,"Single-center cohort (n=255), train/validation split only, no external cohort.",batch-04
REC-AIBIOGU-000305,Yang2024,Enhancing recurrence risk prediction for bladder cancer using multi-sequence MRI radiomics.,2024,Insights Imaging,10.1186/s13244-024-01662-3,non_randomized,yes,yes,cant_tell,yes,yes,cant_tell,yes,Retrospective (or single-site prospective) convenience cohort without explicit consecutive-enrollment or sample-size justification; representativeness of the broader BC/UTUC population is uncertain.,"Imaging acquisition/pathological confirmation and feature extraction (radiomics/DL) follow standard, clearly described protocols appropriate to the prediction aim.","Exclusion criteria removed cases with incomplete imaging, clinical, or follow-up data, so outcome data are reasonably complete.",Clinical covariates are combined into the nomogram/model but no explicit confounder-adjustment strategy for cohort selection is described.,"Imaging protocol, segmentation, and model training were performed and reported as described.",low,,yes,high,low,low,high,high,low concern,Retrospective (or single-site prospective) convenience cohort with high-dimensional radiomics/DL feature extraction relative to sample size; validation largely internal train/test split rather than an independent external cohort.,yes,yes,partial,no,partial,REV-ALCIDES-AI,2026-09-22,"Single-center cohort (n=229), train/validation split only, no external cohort.",batch-04
REC-AIBIOGU-000306,Feng2024,Prediction of Ki-67 expression in bladder cancer based on CT radiomics nomogram.,2024,Front Oncol,10.3389/fonc.2024.1276526,non_randomized,yes,yes,cant_tell,yes,yes,cant_tell,yes,Retrospective (or single-site prospective) convenience cohort without explicit consecutive-enrollment or sample-size justification; representativeness of the broader BC/UTUC population is uncertain.,"Imaging acquisition/pathological confirmation and feature extraction (radiomics/DL) follow standard, clearly described protocols appropriate to the prediction aim.","Exclusion criteria removed cases with incomplete imaging, clinical, or follow-up data, so outcome data are reasonably complete.",Clinical covariates are combined into the nomogram/model but no explicit confounder-adjustment strategy for cohort selection is described.,"Imaging protocol, segmentation, and model training were performed and reported as described.",low,,yes,high,low,low,high,high,low concern,Retrospective (or single-site prospective) convenience cohort with high-dimensional radiomics/DL feature extraction relative to sample size; validation largely internal train/test split rather than an independent external cohort.,yes,yes,partial,no,partial,REV-ALCIDES-AI,2026-09-22,"Small single-center cohort (n=135), train/validation split only.",batch-04
REC-AIBIOGU-000307,Shen2024,Comprehensive analysis of mitochondria-related genes indicates that PPP2R2B is a novel biomarker and promotes the progression of bladder cancer via Wnt signaling pathway.,2024,Biol Direct,10.1186/s13062-024-00461-6,non_randomized,yes,yes,cant_tell,yes,yes,no,yes,"Public TCGA/GEO cohorts are convenience samples without a described sampling frame, so representativeness of the target BC/GU population is unclear.","Transcriptomic/proteomic measurements and clinical endpoints are standard, validated, and appropriate to the prognostic/diagnostic aims.","Cases with missing survival, follow-up, or prognostic information were excluded a priori, so outcome data are reasonably complete for the analytic cohort.",No formal adjustment for confounders in cohort assembly or signature derivation beyond the risk score/clustering itself.,Bioinformatic/ML pipeline and any wet-lab validation (qRT-PCR/IHC/functional assays) followed the protocols as described.,low,,yes,high,low,low,high,high,low concern,Convenience public-database cohorts (TCGA/GEO) with extensive multi-algorithm feature selection (10-101 ML combinations) and median-risk-score dichotomization typical of omics prognostic signatures; limited true independent external validation beyond additional GEO cohorts.,yes,yes,partial,no,partial,REV-ALCIDES-AI,2026-09-22,Signature/diagnostic-gene analysis appears limited to TCGA plus in-house RT-PCR; no independent public validation cohort described in methods reviewed.,batch-04
REC-AIBIOGU-000308,Lv2024,Feasibility analysis of arterial CT radiomics model to predict the risk of local and metastatic recurrence after radical cystectomy for bladder cancer.,2024,Discov Oncol,10.1007/s12672-024-00880-x,non_randomized,yes,yes,cant_tell,yes,yes,cant_tell,yes,Retrospective (or single-site prospective) convenience cohort without explicit consecutive-enrollment or sample-size justification; representativeness of the broader BC/UTUC population is uncertain.,"Imaging acquisition/pathological confirmation and feature extraction (radiomics/DL) follow standard, clearly described protocols appropriate to the prediction aim.","Exclusion criteria removed cases with incomplete imaging, clinical, or follow-up data, so outcome data are reasonably complete.",Clinical covariates are combined into the nomogram/model but no explicit confounder-adjustment strategy for cohort selection is described.,"Imaging protocol, segmentation, and model training were performed and reported as described.",low,,yes,high,low,low,high,high,low concern,Retrospective (or single-site prospective) convenience cohort with high-dimensional radiomics/DL feature extraction relative to sample size; validation largely internal train/test split rather than an independent external cohort.,yes,yes,partial,no,partial,REV-ALCIDES-AI,2026-09-22,Only 24/134 patients (18%) had the recurrence event across 8 modeled features -- a low events-per-variable ratio raising overfitting concern; no external validation.,batch-04
REC-AIBIOGU-000310,Wei2024,A CT-based deep learning model predicts overall survival in patients with muscle invasive bladder cancer after radical cystectomy: a multicenter retrospective cohort study.,2024,Int J Surg,10.1097/js9.0000000000001194,non_randomized,yes,yes,cant_tell,yes,yes,yes,yes,"Multi-institutional cohort with explicit inclusion/exclusion criteria and registered protocol, improving on single-center convenience sampling, though still non-consecutive/retrospective.","Imaging acquisition/pathological confirmation and feature extraction (radiomics/DL) follow standard, clearly described protocols appropriate to the prediction aim.","Exclusion criteria removed cases with incomplete imaging, clinical, or follow-up data, so outcome data are reasonably complete.",Multivariable Cox/logistic regression explicitly adjusted for clinicopathological covariates alongside the imaging/DL score.,"Imaging protocol, segmentation, and model training were performed and reported as described.",moderate,,yes,unclear,low,low,unclear,unclear,low concern,"Retrospective (or single-site prospective) convenience cohort with high-dimensional radiomics/DL feature extraction relative to sample size; external/multicenter validation used, reducing but not eliminating overfitting risk.",yes,yes,yes,no,adequate,REV-ALCIDES-AI,2026-09-22,"4-center retrospective cohort (n=405/317), TRIPOD/STROCSS-adherent, registered protocol, internal + external validation sets; DL + radiomics + clinical nomogram.",batch-04
REC-AIBIOGU-000311,Wei2024,Development and validation of a CT-based deep learning radiomics nomogram to predict muscle invasion in bladder cancer.,2024,Heliyon,10.1016/j.heliyon.2024.e24878,non_randomized,yes,yes,yes,yes,yes,cant_tell,yes,323 RC patients with postoperative pathology address preoperative MIBC prediction.,"IBSI radiomics, ICC filtering, ResNet-50 DL features, and blinded ROI segmentation are appropriate.",Internal and independent external validation cohorts (n=52) support generalizability within stated limits.,LASSO and logistic models used but high-dimensional feature reduction; confounding partially addressed.,Muscle-invasion outcome from RC pathology available for all included patients.,moderate,MMAT v2018 quantitative non-randomized (retrospective diagnostic cohort).,yes,unclear,low,low,unclear,unclear,high concern,Retrospective RC series with stated selection bias; external validation (n=52) helps but geographic homogeneity limits applicability.,yes,yes,yes,no,partial,REV-ALCIDES,2026-09-21,Borderline MMAT c3-c4: multicenter external validation vs acknowledged retrospective selection bias.,pilot
REC-AIBIOGU-000313,Sun2024,Preoperative CT-based deep learning radiomics model to predict lymph node metastasis and patient prognosis in bladder cancer: a two-center study.,2024,Insights Imaging,10.1186/s13244-023-01569-5,non_randomized,yes,yes,cant_tell,yes,yes,cant_tell,yes,Retrospective (or single-site prospective) convenience cohort without explicit consecutive-enrollment or sample-size justification; representativeness of the broader BC/UTUC population is uncertain.,"Imaging acquisition/pathological confirmation and feature extraction (radiomics/DL) follow standard, clearly described protocols appropriate to the prediction aim.","Exclusion criteria removed cases with incomplete imaging, clinical, or follow-up data, so outcome data are reasonably complete.",Clinical covariates are combined into the nomogram/model but no explicit confounder-adjustment strategy for cohort selection is described.,"Imaging protocol, segmentation, and model training were performed and reported as described.",low,,yes,high,low,low,unclear,high,low concern,"Retrospective (or single-site prospective) convenience cohort with high-dimensional radiomics/DL feature extraction relative to sample size; external/multicenter validation used, reducing but not eliminating overfitting risk.",yes,yes,yes,no,adequate,REV-ALCIDES-AI,2026-09-22,Two-center cohort (185 training/54 external test); SMOTE used to address class imbalance.,batch-04
REC-AIBIOGU-000314,Cai2024,Radiomics nomogram for predicting disease-free survival after partial resection or radical cystectomy in patients with bladder cancer.,2024,Br J Radiol,10.1093/bjr/tqad010,non_randomized,yes,yes,cant_tell,yes,yes,cant_tell,yes,Retrospective (or single-site prospective) convenience cohort without explicit consecutive-enrollment or sample-size justification; representativeness of the broader BC/UTUC population is uncertain.,"Imaging acquisition/pathological confirmation and feature extraction (radiomics/DL) follow standard, clearly described protocols appropriate to the prediction aim.","Exclusion criteria removed cases with incomplete imaging, clinical, or follow-up data, so outcome data are reasonably complete.",Clinical covariates are combined into the nomogram/model but no explicit confounder-adjustment strategy for cohort selection is described.,"Imaging protocol, segmentation, and model training were performed and reported as described.",low,,yes,high,low,low,high,high,low concern,Retrospective (or single-site prospective) convenience cohort with high-dimensional radiomics/DL feature extraction relative to sample size; validation largely internal train/test split rather than an independent external cohort.,yes,yes,partial,no,partial,REV-ALCIDES-AI,2026-09-22,"Very small cohort (n=80, 56 training/24 validation) with radiomics features from 4 MRI sequences -- high feature-to-sample ratio; no external validation.",batch-04
REC-AIBIOGU-000317,Liosis2023,Genomic Biomarker Discovery in Disease Progression and Therapy Response in Bladder Cancer Utilizing Machine Learning.,2023,Cancers (Basel),10.3390/cancers15194801,non_randomized,yes,yes,cant_tell,yes,yes,no,yes,"Public TCGA/GEO cohorts are convenience samples without a described sampling frame, so representativeness of the target BC/GU population is unclear.","Transcriptomic/proteomic measurements and clinical endpoints are standard, validated, and appropriate to the prognostic/diagnostic aims.","Cases with missing survival, follow-up, or prognostic information were excluded a priori, so outcome data are reasonably complete for the analytic cohort.",No formal adjustment for confounders in cohort assembly or signature derivation beyond the risk score/clustering itself.,Bioinformatic/ML pipeline and any wet-lab validation (qRT-PCR/IHC/functional assays) followed the protocols as described.,low,,yes,high,low,low,high,high,low concern,Convenience public-database cohorts (TCGA/GEO) with extensive multi-algorithm feature selection (10-101 ML combinations) and median-risk-score dichotomization typical of omics prognostic signatures; limited true independent external validation beyond additional GEO cohorts.,yes,yes,partial,no,partial,REV-ALCIDES-AI,2026-09-22,Institutional (University of Calgary) genomic cohort with elastic-net/classification pipeline; no clearly independent external validation cohort described in the sections reviewed.,batch-04
REC-AIBIOGU-000319,Liu2023,Identifying possible hub genes and biological mechanisms shared between bladder cancer and inflammatory bowel disease using machine learning and integrated bioinformatics.,2023,J Cancer Res Clin Oncol,10.1007/s00432-023-05266-0,non_randomized,yes,yes,cant_tell,yes,yes,no,yes,"Public TCGA/GEO cohorts are convenience samples without a described sampling frame, so representativeness of the target BC/GU population is unclear.","Transcriptomic/proteomic measurements and clinical endpoints are standard, validated, and appropriate to the prognostic/diagnostic aims.","Cases with missing survival, follow-up, or prognostic information were excluded a priori, so outcome data are reasonably complete for the analytic cohort.",No formal adjustment for confounders in cohort assembly or signature derivation beyond the risk score/clustering itself.,Bioinformatic/ML pipeline and any wet-lab validation (qRT-PCR/IHC/functional assays) followed the protocols as described.,low,,yes,high,low,low,high,high,high concern,Convenience public-database cohorts (TCGA/GEO) with extensive multi-algorithm feature selection (10-101 ML combinations) and median-risk-score dichotomization typical of omics prognostic signatures; limited true independent external validation beyond additional GEO cohorts.,yes,yes,partial,no,partial,REV-ALCIDES-AI,2026-09-22,"Primary framing is shared IBD-BLCA pathogenesis/comorbidity rather than a BC-specific GU biomarker; classifier trained on IBD-BC overlap genes, borderline relevance to the AIBIO_GU PCC. Borderline scope (comorbidity focus, similar to pilot precedent REC-000001 IL11/Alzheimer's) -- appraised in full per calibration rule (prefer over-applying prediction appraisal).",batch-04
REC-AIBIOGU-000320,Song2023,CT-based deep learning radiomics nomogram for the prediction of pathological grade in bladder cancer: a multicenter study.,2023,Cancer Imaging,10.1186/s40644-023-00609-z,non_randomized,yes,yes,cant_tell,yes,yes,yes,yes,"Multi-institutional cohort with explicit inclusion/exclusion criteria and registered protocol, improving on single-center convenience sampling, though still non-consecutive/retrospective.","Imaging acquisition/pathological confirmation and feature extraction (radiomics/DL) follow standard, clearly described protocols appropriate to the prediction aim.","Exclusion criteria removed cases with incomplete imaging, clinical, or follow-up data, so outcome data are reasonably complete.",Multivariable Cox/logistic regression explicitly adjusted for clinicopathological covariates alongside the imaging/DL score.,"Imaging protocol, segmentation, and model training were performed and reported as described.",moderate,,yes,unclear,low,low,unclear,unclear,low concern,"Retrospective (or single-site prospective) convenience cohort with high-dimensional radiomics/DL feature extraction relative to sample size; external/multicenter validation used, reducing but not eliminating overfitting risk.",yes,yes,yes,no,adequate,REV-ALCIDES-AI,2026-09-22,"Multicenter cohort (n=688 training/219 external test), 11 ML classifiers benchmarked, DL+radiomics+clinical nomogram; strong external validation.",batch-04
REC-AIBIOGU-000321,Sun2023,"Survival Prediction of Patients with Bladder Cancer after Cystectomy Based on Clinical, Radiomics, and Deep-Learning Descriptors.",2023,Cancers (Basel),10.3390/cancers15174372,non_randomized,yes,yes,cant_tell,yes,yes,no,yes,"Single-center US retrospective cohort (163/337 eligible), convenience sample not population-representative.","Clinical, histopathological, and CTU imaging descriptors assessed with established methods.",Complete follow-up for the 163 included; substantial attrition from original 337 already reflected in eligibility criteria.,"No formal adjustment for confounders across C/R/D/CRD model comparisons; single institution, small validation set (n=7).",Nomogram/radiomics/DL pipeline applied consistently as described.,low,MMAT non-randomized (Hong 2018).,yes,high,low,low,high,high,low concern,Small single-center cohort with tiny validation split (n=7) and modest test set (n=64); BPNN combination model.,yes,partial,partial,no,partial,REV-ALCIDES-AI,2026-09-22,Prediction of 5-yr survival after cystectomy is directly in-scope for AIBIO_GU. Validation split extremely small (n=7) undermines internal validation rigor.,batch-05
REC-AIBIOGU-000322,Ren2023,"Development and validation of a disulfidptosis and M2 TAM-related classifier for bladder cancer to explore tumor subtypes, immune landscape and drug treatment.",2023,J Cancer Res Clin Oncol,10.1007/s00432-023-05352-3,non_randomized,yes,yes,cant_tell,yes,cant_tell,no,yes,"TCGA training + GSE13507 external validation; convenience public cohorts, not population-representative.",Transcriptomic (WGCNA/consensus clustering) and clinical endpoints appropriate to aims.,Missing-data handling in TCGA/GEO merge not detailed.,No adjustment for batch effects/confounders between TCGA and GEO cohorts beyond standard normalization.,LASSO/multivariate Cox pipeline applied as described.,low,MMAT non-randomized (Hong 2018).,yes,high,low,unclear,high,high,low concern,Median-risk-score split and 3-gene LASSO-Cox signature typical of high analysis ROB; outcome ascertainment (OS) reasonably defined.,partial,yes,yes,partial,partial,REV-ALCIDES-AI,2026-09-22,Standard TCGA/GEO disulfidptosis-M2 TAM signature study; external validation present (GSE13507).,batch-05
REC-AIBIOGU-000324,Xiong2023,Value of the application of computed tomography-based radiomics for preoperative prediction of unfavorable pathology in initial bladder cancer.,2023,Cancer Med,10.1002/cam4.6225,non_randomized,yes,yes,cant_tell,yes,yes,no,yes,"Single-center retrospective China cohort n=105, convenience sample.",Clinical + CT radiomics features well defined for UFP outcome.,Complete data for included patients (train 73/test 32).,Independent predictors selected via multivariable LR but no broader confounder control; single-center.,Radiomics/LR pipeline applied per protocol.,low,MMAT non-randomized (Hong 2018).,yes,high,low,low,high,high,low concern,"Small single-center sample (n=105) with imbalanced test cohort (32); six ML classifiers compared, risk of overfitting.",yes,yes,yes,no,adequate,REV-ALCIDES-AI,2026-09-22,"Clinic-radiomics UFP nomogram for initial BLCA; single-center, no external validation, data available on request only.",batch-05
REC-AIBIOGU-000326,Sun2023,Identification of necroptosis-related long non-coding RNAs prognostic signature and the crucial lncRNA in bladder cancer.,2023,J Cancer Res Clin Oncol,10.1007/s00432-023-04886-w,non_randomized,yes,yes,cant_tell,yes,cant_tell,no,yes,TCGA cohort with GSE133624 external validation; convenience public cohorts.,Necroptosis-related lncRNA and clinical variables appropriately measured.,Missing-data handling for merged TCGA/GEO datasets not detailed; survival <30d excluded.,No formal confounder adjustment beyond multivariate Cox; single training-source risk.,SVM-RFE/LASSO/RF ensemble applied as described.,low,MMAT non-randomized (Hong 2018).,yes,high,low,low,high,high,low concern,6-lncRNA signature via triple ML overlap; external RNA-seq validation (GSE133624) and functional (MAFG-DT knockdown) support.,partial,yes,yes,partial,partial,REV-ALCIDES-AI,2026-09-22,External validation and in vitro functional validation of MAFG-DT strengthen the evidence base despite typical high analysis ROB.,batch-05
REC-AIBIOGU-000327,Deng2023,Machine learning models combining computed tomography semantic features and selected clinical variables for accurate prediction of the pathological grade of bladder cancer.,2023,Front Oncol,10.3389/fonc.2023.1166245,non_randomized,yes,yes,cant_tell,yes,yes,no,yes,"Single-center China retrospective cohort n=105, convenience sample.","CT semantic features + clinical variables (age, tumor size) appropriately assessed.",Complete data for included patients (train 73/val 32).,No broader confounder adjustment beyond LASSO/6-model comparison; single institution.,Radiomics/nomogram pipeline applied as described.,low,MMAT non-randomized (Hong 2018).,yes,high,low,low,high,high,low concern,Small single-center sample (n=105) with small validation cohort (32); 6 ML classifiers compared.,yes,yes,yes,no,adequate,REV-ALCIDES-AI,2026-09-22,"Pathological-grade prediction nomogram; single-center, no external validation, data availability unclear.",batch-05
REC-AIBIOGU-000328,Zhao2023,"Crosstalk of disulfidptosis-related subtypes, establishment of a prognostic signature and immune infiltration characteristics in bladder cancer based on a machine learning survival framework.",2023,Front Endocrinol (Lausanne),10.3389/fendo.2023.1180404,non_randomized,yes,yes,cant_tell,yes,cant_tell,no,yes,Integrated TCGA+GEO cohorts + IMvigor210; convenience public cohorts.,Bulk/single-cell transcriptomics and IHC used to characterize DRGs appropriately.,Missing-data handling for pooled cohorts not detailed.,No formal confounder adjustment across cohorts beyond clinicopathological integration.,10-algorithm/80+ combination ML pipeline applied and best model selected by mean C-index as described.,low,MMAT non-randomized (Hong 2018).,yes,high,low,low,high,high,low concern,80+ ML combinations selected by C-index across 3 cohorts; typical high analysis ROB from massive algorithm search despite multi-cohort validation.,partial,yes,yes,partial,partial,REV-ALCIDES-AI,2026-09-22,"Immunotherapy response validated via TIDE and IMvigor210, a relative strength.",batch-05
REC-AIBIOGU-000329,Li2023,An MRI-based radiomics nomogram in predicting histologic grade of non-muscle-invasive bladder cancer.,2023,Front Oncol,10.3389/fonc.2023.1025972,non_randomized,yes,yes,cant_tell,yes,yes,no,yes,"Single-center China cohort n=169, convenience sample.","MRI radiomics + clinical variables (age, number of tumors) appropriately assessed.",Complete data for included patients (training 118/validation 51).,No broader confounder adjustment beyond logistic regression; single institution.,Feature selection (ANOVA+LASSO) and nomogram construction applied as described.,low,MMAT non-randomized (Hong 2018).,yes,high,low,low,high,high,low concern,3148 radiomic features from a modest n=169 cohort; single-center without external validation.,yes,yes,yes,no,adequate,REV-ALCIDES-AI,2026-09-22,NMIBC grading nomogram; single-center internal validation only.,batch-05
REC-AIBIOGU-000330,Liu2023,Development of a Molecular-Subtype-Associated Immune Prognostic Signature That Can Be Recognized by MRI Radiomics Features in Bladder Cancer.,2023,Bioengineering (Basel),10.3390/bioengineering10030318,non_randomized,yes,yes,cant_tell,yes,cant_tell,no,yes,TCGA/IMvigor210 discovery + single-center (n=111) radiomics validation; convenience cohorts.,"TIIC (CIBERSORT), immune gene expression and MRI radiomics appropriately assessed.","Missing-data handling across multiple GEO validation cohorts (GSE32894, GSE31684, GSE13507, GSE48277) not detailed.",No formal confounder adjustment; multi-cohort meta-analysis mitigates but does not eliminate.,LASSO radiomics model and IPS construction applied as described.,low,MMAT non-randomized (Hong 2018).,yes,high,low,low,high,high,low concern,Multiple external GEO validation cohorts plus meta-analysis strengthen prognostic claims; radiomics arm smaller (n=111) single-center.,partial,yes,yes,partial,partial,REV-ALCIDES-AI,2026-09-22,Strong external validation (4 GEO cohorts + meta-analysis) for the IPS; radiomics-IPS link validated only in-house (n=111).,batch-05
REC-AIBIOGU-000331,Wu2023,"Multimodal investigation of bladder cancer data based on computed tomography, whole slide imaging, and transcriptomics.",2023,Quant Imaging Med Surg,10.21037/qims-22-679,non_randomized,yes,yes,cant_tell,yes,cant_tell,no,yes,"Single retrospective cohort (n=127) from consecutive surgical patients, single country/center group; convenience sample.","CT radiomics, WSI pathomics, and RNA-seq features assessed with established pipelines.",Missing-data handling for incomplete multimodal data (CT/WSI/RNA) not fully detailed.,No adjustment for confounders in cross-modal association/CNN subtyping analysis.,Multimodal association analysis and CNN subtyping applied per STARD-informed protocol.,low,MMAT non-randomized (Hong 2018).,yes,high,low,unclear,high,high,unclear,Molecular subtype is a surrogate/indirect outcome rather than a hard clinical endpoint; CNN trained on modest multimodal n=127.,partial,yes,partial,no,partial,REV-ALCIDES-AI,2026-09-22,Outcome is molecular-subtype prediction (surrogate) rather than a direct clinical endpoint; flagged as borderline for PROBAST outcome domain and applicability.,batch-05
REC-AIBIOGU-000332,Chen2022,CT-based deep learning radiomics signature for the preoperative prediction of the muscle-invasive status of bladder cancer.,2022,Front Oncol,10.3389/fonc.2022.1019749,non_randomized,yes,yes,cant_tell,yes,yes,no,yes,"Single-center retrospective cohort n=173, convenience sample.",CT deep-learning radiomics features and MIS pathology appropriately assessed.,Complete data for included patients (train 129/test 44).,No broader confounder adjustment beyond feature-selection pipeline; single institution.,PCC/LASSO + PCA deep-feature pipeline applied as described.,low,MMAT non-randomized (Hong 2018).,yes,high,low,low,high,high,low concern,"Small test cohort (n=44), six ML classifiers compared; single-center without external validation.",yes,yes,yes,no,adequate,REV-ALCIDES-AI,2026-09-22,"MIBC status prediction; internal split only, no external validation.",batch-05
REC-AIBIOGU-000333,Wang2022,Characterization of Epithelial-Mesenchymal Transition Identifies a Gene Signature for Predicting Clinical Outcomes and Therapeutic Responses in Bladder Cancer.,2022,Dis Markers,10.1155/2022/9593039,non_randomized,yes,yes,cant_tell,yes,cant_tell,no,yes,"TCGA discovery (n=393) + 2 independent GEO validation cohorts (GSE13507, GSE32894); convenience cohorts.",ssGSEA hallmark scoring and EMT-gene DEG analysis appropriately conducted.,Missing-data handling for merged/validation cohorts not detailed; <30d survival excluded.,No formal confounder adjustment beyond multivariable Cox.,RSF + stepwise Cox (AIC) pipeline applied as described.,low,MMAT non-randomized (Hong 2018).,yes,high,low,low,high,high,low concern,"EMT-related gene signature validated in two independent GEO cohorts, a relative strength despite typical high analysis ROB from RSF variable selection.",partial,yes,yes,partial,partial,REV-ALCIDES-AI,2026-09-22,Two independent external validation cohorts is stronger than the corpus median.,batch-05
REC-AIBIOGU-000335,Qiwei2022,Comparison between renal pelvic and ureteral tumors in muscle-invasive upper tract urothelial carcinoma.,2022,Cancer Sci,10.1111/cas.15634,non_randomized,yes,yes,cant_tell,yes,cant_tell,cant_tell,yes,SEER database + single-center cohort; convenience/registry-based sample for UTUC comparison.,"Clinical, molecular subtype, and TME features assessed with established methods.",Missing-data handling for SEER/molecular subtype merge not detailed.,"Comparison between renal pelvic vs ureteral tumors partly addressed via described PSM, extent unclear from abstract-level text.",Deep-learning (Inception V3) subtype classification from H&E applied as described.,low,MMAT non-randomized (Hong 2018); comparative cohort study with an auxiliary DL classifier.,yes,high,low,unclear,high,high,unclear,DL classification of molecular subtype from H&E is a secondary/exploratory component of a primarily comparative descriptive study; training set size for DL model not clearly reported.,partial,partial,partial,no,inadequate,REV-ALCIDES-AI,2026-09-22,Primary study design is a comparative/descriptive UTUC analysis; DL molecular-subtype classifier is auxiliary. Applicability marked unclear because the predictive component is secondary to the comparative aim.,batch-05
REC-AIBIOGU-000338,Feng2022,Radiomics Nomogram Based on High--Value Diffusion-Weighted Imaging for Distinguishing the Grade of Bladder Cancer.,2022,Life (Basel),10.3390/life12101510,non_randomized,yes,yes,cant_tell,yes,yes,no,yes,"Single-center cohort n=74 (after exclusions from 90), convenience sample.",High-b-value DWI/ADC radiomics features appropriately assessed for grading.,Complete data for the 74 included patients (train/test 8:2).,"No broader confounder adjustment; single institution, small sample.",Wilcoxon-filtered LASSO + logistic regression pipeline applied as described.,low,MMAT non-randomized (Hong 2018).,yes,high,low,low,high,high,low concern,Very small test cohort (~15 patients from 8:2 split of n=74); no external validation.,yes,yes,yes,no,adequate,REV-ALCIDES-AI,2026-09-22,Small feasibility-style radiomics study; internal split only.,batch-05
REC-AIBIOGU-000339,Xu2022,Artificial intelligence-driven consensus gene signatures for improving bladder cancer clinical outcomes identified by multi-center integration analysis.,2022,Mol Oncol,10.1002/1878-0261.13313,non_randomized,yes,yes,cant_tell,yes,cant_tell,no,yes,10 pooled GEO/TCGA cohorts + IMvigor210 (n=1351 across 11 cohorts); convenience cohorts pooled retrospectively.,Gene expression profiles and multiple survival/immunotherapy endpoints appropriately assessed.,Missing-data handling across 11 heterogeneous cohorts not fully detailed.,No formal confounder adjustment though staging/molecular comparisons performed; heterogeneous cohort pooling risk.,"10 algorithms x 76 combinations pipeline, benchmarked against 58 published signatures, applied as described.",low,MMAT non-randomized (Hong 2018).,yes,high,low,low,high,high,low concern,"Extremely extensive ML combination search (76 models) across 11 cohorts is a hallmark of the expected high analysis ROB in this corpus, despite unusually thorough external benchmarking against 58 published signatures.",yes,yes,yes,partial,adequate,REV-ALCIDES-AI,2026-09-22,"One of the most extensively validated signatures in the batch (11 independent cohorts, benchmarked vs 58 published models); still high analysis ROB per calibration default for massive ML search.",batch-05
REC-AIBIOGU-000341,Guo2022,Gender dimorphism in survival of patients with lymph node metastasis of bladder cancer.,2022,Ther Adv Med Oncol,10.1177/17588359221108690,non_randomized,yes,yes,cant_tell,yes,cant_tell,cant_tell,yes,SEER (population registry) + TCGA + IMvigor210 + single-center MRI radiomics cohort; mixed convenience/registry sources.,"Survival endpoints, gender-DEGs and radiomics features appropriately assessed.",Missing-data handling for SEER/TCGA merge and radiomics subcohort not detailed.,Stratified analyses by gender and metastasis site partially address confounding but full adjustment unclear.,Gender-associated signature construction and radiomics-signature linkage applied as described.,low,MMAT non-randomized (Hong 2018).,yes,high,low,unclear,high,high,unclear,Gender x metastasis-site stratified design with a gender-associated molecular signature and an exploratory radiomics link; outcome definition (gender-associated signature) is less standard/hard-clinical than typical OS/PFS endpoints.,partial,yes,partial,no,partial,REV-ALCIDES-AI,2026-09-22,Comorbid/subgroup-stratified design (gender x metastasis site) per calibration rule 5: applicability concern noted rather than reclassifying eligibility.,batch-05
REC-AIBIOGU-000342,Bai2022,Study on Molecular Information Intelligent Diagnosis and Treatment of Bladder Cancer on Pathological Tissue Image.,2022,Front Med (Lausanne),10.3389/fmed.2022.838182,non_randomized,yes,yes,cant_tell,yes,yes,no,yes,"Single-center cohort n=119 MIBC patients, convenience sample.","IHC-labeled molecular subtype/p53/PD-L1 status as ground truth, appropriately measured.",Complete data for the 119 included patients.,No broader confounder adjustment; single institution.,3 independent CNNs (ResNet) applied per described 5-subtask pipeline.,low,MMAT non-randomized (Hong 2018).,yes,high,low,low,high,high,low concern,Small single-center cohort (n=119) for CNN training/testing; no external validation reported.,yes,yes,partial,no,partial,REV-ALCIDES-AI,2026-09-22,CAD system predicting molecular subtype/p53/PD-L1 status from pathology images; internal validation only.,batch-05
REC-AIBIOGU-000344,Terrematte2022,A Novel Machine Learning 13-Gene Signature: Improving Risk Analysis and Survival Prediction for Clear Cell Renal Cell Carcinoma Patients.,2022,Cancers (Basel),10.3390/cancers14092111,non_randomized,yes,yes,yes,cant_tell,yes,yes,no,TCGA-KIRC and ICGC-RECA ccRCC RNA-seq cohorts match prognostic signature aim.,Registry cohorts convenient; generalizability to treated real-world ccRCC unclear.,RNA-seq OS and time-dependent AUC metrics appropriate for prognostic ML.,Survival status and follow-up reported; censored models used.,Stage/treatment and other confounders not fully accounted in signature development on full TCGA.,low,MMAT v2018 quantitative non-randomized (cohort) criteria.,yes,unclear,low,low,high,high,high concern,TCGA/ICGC selection; gene predictors clear; OS defined; mRMR/Cox tuning on full TCGA before CV raises overfitting risk.,yes,yes,partial,no,partial,REV-ALCIDES,2026-09-21,Borderline: external ICGC validation but feature selection not fully nested within CV folds.,pilot
REC-AIBIOGU-000345,Cho2022,Prediction of the Immune Phenotypes of Bladder Cancer Patients for Precision Oncology.,2022,IEEE Open J Eng Med Biol,10.1109/ojemb.2022.3163533,non_randomized,yes,yes,cant_tell,yes,cant_tell,no,yes,Public BC datasets incl. IMvigor210; convenience cohorts.,Immune phenotype labels (inflamed/excluded/desert) and gene expression appropriately assessed.,Missing-data handling for merged public datasets not detailed.,No formal confounder adjustment across classifiers.,RF/DNN/SVM with boosting and feature selection applied as described.,low,MMAT non-randomized (Hong 2018).,yes,high,low,unclear,high,high,low concern,Modest AUC (0.71-0.86 range) across classifiers; immune-phenotype outcome less standard than hard survival endpoint.,partial,yes,partial,no,partial,REV-ALCIDES-AI,2026-09-22,"Immune phenotype classification (inflamed/excluded/desert) is a less standard, less externally validated endpoint than OS/PFS used elsewhere in this corpus.",batch-05
REC-AIBIOGU-000346,Jung2022,Proteomic-Based Machine Learning Analysis Reveals PYGB as a Novel Immunohistochemical Biomarker to Distinguish Inverted Urothelial Papilloma From Low-Grade Papillary Urothelial Carcinoma With Inverted Growth.,2022,Front Oncol,10.3389/fonc.2022.841398,descriptive,yes,yes,yes,yes,no,cant_tell,yes,"Discovery (9 IUP, 12 PUC, 10 NU) and IHC cohort (25 IUP, 16 PUC) match diagnostic aim.",LC-MS/MS proteomics and IHC validation are fit-for-purpose for biomarker discovery.,"Rare entities, single-center archival series; small discovery groups limit representativeness.",SVM feature selection on discovery set then IHC test; cutoff transfer not fully independent.,Authors report small validation n and plan multi-institution confirmation.,low,MMAT v2018 quantitative descriptive (proteomic case series with comparative groups).,yes,high,low,low,high,high,unclear,Small single-center FFPE series; ML on discovery proteome with same-institution IHC validation and H-score cutoff optimization.,yes,partial,partial,yes,partial,REV-ALCIDES,2026-09-21,Borderline: TCGA survival mentions for risk subgroups; primary appraisal targets diagnostic PYGB IHC model (AUROC 0.923).,pilot
REC-AIBIOGU-000347,Zhou2021,"A nomogram combined with radiomics features, albuminuria, and metabolic syndrome to predict the risk of myometrial invasion of bladder cancer.",2021,Transl Cancer Res,10.21037/tcr-21-426,non_randomized,yes,yes,cant_tell,yes,yes,cant_tell,yes,"Single-center retrospective cohort n=100, convenience sample.",Multi-parameter CT radiomics + albuminuria/metabolic syndrome clinical factors appropriately assessed.,Complete data for included patients (train 70/validation 30).,"Albuminuria and metabolic syndrome identified as independent factors via multivariable analysis, partially addressing confounding, but extent of adjustment unclear from abstract.",Radiomics+SVM+nomogram pipeline applied per stated TRIPOD-informed protocol.,low,MMAT non-randomized (Hong 2018); explicitly followed TRIPOD reporting checklist.,yes,high,low,low,high,high,low concern,1223 texture features from n=100 single-center cohort with small validation set (n=30); TRIPOD checklist followed is a reporting strength.,yes,yes,yes,no,adequate,REV-ALCIDES-AI,2026-09-22,"Explicit TRIPOD checklist adherence noted in Methods, a positive reporting signal; still single-center small-sample study.",batch-05
REC-AIBIOGU-000349,Guo2021,A Novel CpG Methylation Risk Indicator for Predicting Prognosis in Bladder Cancer.,2021,Front Cell Dev Biol,10.3389/fcell.2021.642650,non_randomized,yes,yes,cant_tell,yes,cant_tell,no,yes,"TCGA cohort (n=357) randomly split into training/internal validation; convenience public cohort, no external dataset.",CpG methylation and clinical stage/sex/age appropriately assessed.,Missing-data handling for methylation array data not detailed.,No formal confounder adjustment beyond nomogram covariates.,LASSO + SVM-RFE overlap pipeline applied as described.,low,MMAT non-randomized (Hong 2018).,yes,high,low,low,high,high,low concern,Internal-only validation (no independent external cohort); 8-CpG methylation signature.,partial,yes,partial,partial,partial,REV-ALCIDES-AI,2026-09-22,Only internal (TCGA-split) validation; no independent external cohort reported.,batch-05
REC-AIBIOGU-000350,Hepburn2021,Identification of CNGB1 as a Predictor of Response to Neoadjuvant Chemotherapy in Muscle-Invasive Bladder Cancer.,2021,Cancers (Basel),10.3390/cancers13153903,non_randomized,yes,yes,no,yes,cant_tell,no,yes,"Discovery cohort of only 30 MIBC cases explicitly and deliberately selected for extreme response phenotypes (exquisitely strong responders vs marked resistance), a highly non-representative extreme-groups design.",Gene expression profiling and IHC appropriately assessed.,"Small sample sizes across discovery (n=30) and validation cohorts (n=26, n=99) limit completeness assessment.",No adjustment for confounders in this extreme-phenotype discovery design.,RGIFE ML feature elimination applied as described.,low,MMAT non-randomized (Hong 2018); extreme-phenotype discovery design is a notable limitation.,yes,high,low,low,high,high,low concern,Extreme-phenotype 'exquisitely selected' discovery cohort (n=30) reporting 100% predictive accuracy is a classic overfitting red flag; two independent validation cohorts partially mitigate.,yes,yes,yes,no,adequate,REV-ALCIDES-AI,2026-09-22,Discovery cohort selection is deliberately non-representative (extreme responders/non-responders) inflating apparent predictive accuracy (100% reported); flagged as high risk of optimistic bias despite validation cohorts.,batch-05
REC-AIBIOGU-000351,Tang2021,Radiomic assessment as a method for predicting tumor mutation burden (TMB) of bladder cancer patients: a feasibility study.,2021,BMC Cancer,10.1186/s12885-021-08569-y,non_randomized,yes,yes,cant_tell,yes,yes,no,yes,"TCIA/TCGA-BLCA cohort n=75, convenience public sample, explicitly termed a 'feasibility study'.",Radiomic features and TMB status appropriately assessed.,Complete data for the 75 included patients.,No adjustment for confounders; small single-dataset analysis.,Unsupervised clustering + LASSO/backward stepwise regression applied as described.,low,MMAT non-randomized (Hong 2018).,yes,high,low,low,high,high,low concern,Small n=75 feasibility study without independent external validation; authors explicitly call for future larger studies.,yes,yes,no,partial,partial,REV-ALCIDES-AI,2026-09-22,Explicitly self-described 'feasibility study' with no external validation cohort; conclusions should be considered preliminary.,batch-05
REC-AIBIOGU-000352,Chen2021,A Novel Nomogram Based on Machine Learning-Pathomics Signature and Neutrophil to Lymphocyte Ratio for Survival Prediction of Bladder Cancer Patients.,2021,Front Oncol,10.3389/fonc.2021.703033,non_randomized,yes,yes,cant_tell,yes,yes,no,yes,TCGA (n=406) + Shanghai General Hospital (n=508 WSIs total) cross-validated cohorts; convenience sample.,WSI pathomics features and NLR appropriately assessed.,Complete data for included patients across both cohorts.,No formal confounder adjustment beyond univariate/multivariate Cox.,Pathomics feature selection + nomogram pipeline applied as described.,low,MMAT non-randomized (Hong 2018).,yes,high,low,low,high,high,low concern,"Cross-validated across TCGA and an independent institutional cohort, a relative strength.",yes,yes,yes,no,adequate,REV-ALCIDES-AI,2026-09-22,External institutional validation (General cohort) is a strength; still single external site plus TCGA.,batch-05
REC-AIBIOGU-000354,Zheng2021,Combining Multiparametric MRI Radiomics Signature With the Vesical Imaging-Reporting and Data System (VI-RADS) Score to Preoperatively Differentiate Muscle Invasion of Bladder Cancer.,2021,Front Oncol,10.3389/fonc.2021.619893,non_randomized,yes,yes,cant_tell,yes,yes,no,yes,"Single-center retrospective cohort n=185, convenience sample.",mpMRI radiomics + VI-RADS score appropriately assessed.,Complete data for included patients (train 129/validation 56).,No broader confounder adjustment beyond logistic regression; single institution.,mRMR feature selection + LASSO/SVM/RF classifiers applied as described.,low,MMAT non-randomized (Hong 2018).,yes,high,low,low,high,high,low concern,Single-center cohort with internal train/validation split only; three classifiers compared.,yes,yes,yes,no,adequate,REV-ALCIDES-AI,2026-09-22,Muscle-invasion differentiation nomogram; internal validation only.,batch-05
REC-AIBIOGU-000356,Chen2021,Clinical use of machine learning-based pathomics signature for diagnosis and survival prediction of bladder cancer.,2021,Cancer Sci,10.1111/cas.14927,non_randomized,yes,yes,cant_tell,yes,yes,no,yes,"Shanghai General Hospital + TCGA cohorts (643 images total), convenience sample.",H&E pathomics features and clinical risk stratification appropriately assessed.,Complete data for included patients across cohorts.,No formal confounder adjustment beyond nomogram covariates.,Cross-verified ML pathomics diagnosis/prognosis pipeline applied as described.,low,MMAT non-randomized (Hong 2018).,yes,high,low,low,high,high,low concern,"External validation cohort included (General cohort separate from TCGA), a relative strength.",yes,yes,yes,no,adequate,REV-ALCIDES-AI,2026-09-22,External institutional validation cohort present.,batch-05
REC-AIBIOGU-000358,Mao2021,Identification of a ten-long noncoding RNA signature for predicting the survival and immune status of patients with bladder urothelial carcinoma based on the GEO database: a superior machine learning model.,2021,Aging (Albany NY),10.18632/aging.202553,non_randomized,yes,yes,cant_tell,yes,cant_tell,no,yes,GEO-based cohorts (BRB-ArrayTools discovery + 3 validation datasets); convenience public cohorts.,lncRNA expression and immune-infiltration measures appropriately assessed.,Missing-data handling across multiple GEO datasets not detailed.,No formal confounder adjustment beyond Cox regression.,Random survival forest-variable hunting (RSF-VH) pipeline applied as described.,low,MMAT non-randomized (Hong 2018).,yes,high,low,low,high,high,low concern,"10-lncRNA signature validated across 3 GEO datasets, a relative strength despite typical high analysis ROB.",partial,yes,yes,partial,partial,REV-ALCIDES-AI,2026-09-22,Multiple validation datasets is a relative strength for this signature.,batch-05
REC-AIBIOGU-000360,Chen2020,Biomarkers of the Response to Immune Checkpoint Inhibitors in Metastatic Urothelial Carcinoma.,2020,Front Immunol,10.3389/fimmu.2020.01900,non_randomized,yes,yes,cant_tell,yes,cant_tell,no,yes,"Retrospective mUC cohort (source/sample size not fully detailed at abstract level, likely public ICI-treated dataset); convenience sample.",DEGs between ICI responders/non-responders and OS appropriately assessed.,Missing-data handling not detailed.,No formal confounder adjustment beyond LASSO-selected genes.,LASSO on top up/down-regulated DEGs (pre-filtered) applied as described.,low,MMAT non-randomized (Hong 2018).,yes,high,low,low,high,high,low concern,Feature pre-filtering (top 20 up/down DEGs) before LASSO risks optimistic performance; training/testing/combined cohort structure partially mitigates.,partial,yes,yes,no,partial,REV-ALCIDES-AI,2026-09-22,Two-stage feature selection (DEG pre-filter then LASSO) increases risk of overoptimistic model performance.,batch-05
REC-AIBIOGU-000365,Zheng2019,Development of a noninvasive tool to preoperatively evaluate the muscular invasiveness of bladder cancer using a radiomics approach.,2019,Cancer,10.1002/cncr.32490,non_randomized,yes,yes,cant_tell,yes,yes,cant_tell,yes,"Single-center retrospective cohort n=199, convenience sample.",MRI radiomics (whole lesion + basal part) appropriately assessed.,Complete data for included patients (train 130/validation 69).,Clinical predictor (tumor size) added via multivariable logistic regression but broader confounder control unclear.,LASSO radiomics signature + nomogram pipeline applied as described.,low,MMAT non-randomized (Hong 2018).,yes,high,low,low,high,high,low concern,Single-center cohort with internal split only (no independent external validation).,yes,yes,yes,no,adequate,REV-ALCIDES-AI,2026-09-22,"Muscular invasiveness nomogram; internal validation only, single-center.",batch-05
REC-AIBIOGU-000367,Xu2019,A predictive nomogram for individualized recurrence stratification of bladder cancer using multiparametric MRI and clinical risk factors.,2019,J Magn Reson Imaging,10.1002/jmri.26749,non_randomized,yes,yes,cant_tell,yes,yes,cant_tell,yes,"Single-center cohort n=71, small convenience sample.",mpMRI radiomics + clinical risk factors appropriately assessed.,Complete data for included patients (train 50/validation 21).,"Clinical factors (MIS, age, grade, etc.) included but formal confounder adjustment beyond SVM-RFE/LR unclear.",SVM-RFE + logistic regression pipeline applied as described.,low,MMAT non-randomized (Hong 2018).,yes,high,low,low,high,high,low concern,Very small cohort (n=71) with tiny validation set (n=21); 1872 candidate features.,yes,yes,yes,no,adequate,REV-ALCIDES-AI,2026-09-22,Small sample recurrence-prediction nomogram; internal validation only.,batch-05
REC-AIBIOGU-000368,Wu2018,Development and Validation of an MRI-Based Radiomics Signature for the Preoperative Prediction of Lymph Node Metastasis in Bladder Cancer.,2018,EBioMedicine,10.1016/j.ebiom.2018.07.029,non_randomized,yes,yes,cant_tell,yes,yes,cant_tell,yes,"Single-center cohort n=103, convenience sample.",MRI radiomics features for LN metastasis appropriately assessed.,Complete data for included patients (train 69/validation 34).,MRI-reported LN status included as covariate but broader confounder control unclear.,LASSO radiomics signature + nomogram pipeline applied as described.,low,MMAT non-randomized (Hong 2018).,yes,high,low,low,high,high,low concern,Small single-center cohort (n=103) with small validation set (n=34); authors explicitly note external validation still required.,yes,yes,yes,no,adequate,REV-ALCIDES-AI,2026-09-22,Authors explicitly state external validation is further required prior to clinical implementation.,batch-05
REC-AIBIOGU-000370,Catto2009,The application of artificial intelligence to microarray data: identification of a novel gene signature to identify bladder cancer progression.,2009,Eur Urol,10.1016/j.eururo.2009.10.029,non_randomized,yes,yes,cant_tell,yes,cant_tell,no,yes,"Discovery microarray cohort n=66 tumors, small convenience sample; validation IHC cohort n=262 larger.",Gene expression (microarray) and IHC protein expression appropriately assessed.,Missing-data handling not detailed for older (2009-era) dataset.,No formal confounder adjustment; comparison of AI vs statistical gene selection methods only.,NeuroFuzzy Modeling + ANN pipeline applied as described.,low,MMAT non-randomized (Hong 2018).,yes,high,unclear,low,high,high,low concern,200 genes pre-selected by statistical correlation before AI analysis (double-dipping risk); small discovery cohort (n=66) though validation cohort reasonably sized (n=262).,partial,partial,yes,no,partial,REV-ALCIDES-AI,2026-09-22,"Older (2009) study; AI-gene-selection pipeline followed by IHC validation in a larger independent cohort (n=262) is a relative strength, but feature pre-selection via statistical correlation before AI analysis is a methodological limitation.",batch-05
REC-AIBIOGU-000371,Chen2026,Dietary Polyphenol Acteoside-Related Molecular Signatures in Clear Cell Renal Cell Carcinoma: Multi-Omics Profiling and Functional Validation of IMPDH1.,2026,Food Sci Nutr,10.1002/fsn3.72340,non_randomized,yes,yes,cant_tell,yes,cant_tell,no,yes,Multi-omics (bulk/single-cell/spatial) public ccRCC cohorts; convenience samples.,Acteoside-target-derived signatures and clinical outcomes appropriately assessed.,Missing-data handling for merged multi-omics datasets not detailed.,No formal confounder adjustment beyond cross-cohort benchmarking.,"Multiple ML strategies benchmarked; 10-gene prognostic model with cross-cohort validation, IMPDH1 functionally validated in vitro.",low,MMAT non-randomized (Hong 2018).,yes,high,low,low,high,high,low concern,10-gene model retained predictive performance across independent cohorts; functional validation of IMPDH1 supports biological plausibility despite typical high analysis ROB.,partial,yes,yes,partial,partial,REV-ALCIDES-AI,2026-09-22,Functional in-vitro validation of IMPDH1 (knockdown/overexpression) strengthens biological plausibility beyond typical bioinformatics-only signatures.,batch-05
REC-AIBIOGU-000374,Li2026,Integrative multi-omics identifies PANX2 as a ferroptosis suppressor and potential therapeutic target in clear cell renal cell carcinoma.,2026,Front Immunol,10.3389/fimmu.2026.1883667,non_randomized,yes,yes,cant_tell,yes,cant_tell,no,yes,scRNA-seq + bulk + spatial transcriptomic public ccRCC cohorts; convenience samples.,Ferroptosis-related gene features and survival outcomes appropriately assessed.,Missing-data handling for multi-omics integration not detailed.,No formal confounder adjustment beyond independent-cohort model evaluation.,"ML-based feature selection producing 4-gene risk model + nomogram, PANX2 extensively functionally validated (knockdown, xenografts, murine model).",low,MMAT non-randomized (Hong 2018).,yes,high,low,low,high,high,low concern,Consistent predictive performance in training and external validation cohorts; extensive functional/mechanistic validation of PANX2 is a notable strength.,partial,yes,yes,partial,partial,REV-ALCIDES-AI,2026-09-22,"Extensive in vivo/in vitro mechanistic validation (xenografts, immunocompetent murine model) beyond typical corpus signature papers.",batch-05
REC-AIBIOGU-000375,Pan2026,NECSO-based classification predicts immunotherapy efficacy and identifies FLAD1 as therapeutic target in kidney renal clear cell carcinoma.,2026,Front Immunol,10.3389/fimmu.2026.1914332,non_randomized,yes,yes,cant_tell,yes,cant_tell,no,yes,TCGA discovery + multiple independent ICI-treated/pan-cancer/single-cell validation cohorts; convenience samples.,"NECSO-related gene features, immune microenvironment and ICI response appropriately assessed.",Missing-data handling across multiple validation datasets not detailed.,No formal confounder adjustment beyond multi-cohort benchmarking.,"NMF clustering + ML-derived NECSOS score pipeline applied and validated in several independent ICI cohorts, FLAD1 extensively functionally validated.",low,MMAT non-randomized (Hong 2018).,yes,high,low,low,high,high,low concern,Validated in diverse pan-cancer ICI cohorts and single-cell datasets; extensive FLAD1 functional characterization is a notable strength.,partial,yes,yes,partial,partial,REV-ALCIDES-AI,2026-09-22,Broad external validation across multiple ICI-treated cohorts (pan-cancer) and functional validation of FLAD1.,batch-05
REC-AIBIOGU-000378,Wang2026,Development and validation of an integrated machine learning model for recurrence-free survival prediction in clear cell renal cell carcinoma.,2026,Transl Oncol,10.1016/j.tranon.2026.102937,non_randomized,yes,yes,cant_tell,yes,yes,no,yes,4-center retrospective cohort n=1284 (train 738/internal validation 317/external test 229); larger and more diverse than most corpus studies but still retrospective convenience sampling.,"Clinical, radiomics (CT) and deep-learning (3D-ViT) descriptors appropriately assessed.",Complete data reported across training/internal validation/external test splits.,Cox regression used for clinical feature selection but no broader formal confounder adjustment across the integrated pipeline.,"Radiomics + DL (3D-ViT) + clinical nomogram selected from 8 ML algorithms via 5-fold cross-validation, with a genuinely independent external test cohort.",low,MMAT non-randomized (Hong 2018).,yes,low,low,low,unclear,unclear,low concern,Notably robust design: 4-center cohort with a true independent external test cohort (n=229) and consistent AUC 0.85-0.94 across splits; still uses 8-algorithm model selection which carries some analysis risk though mitigated by external testing.,yes,yes,yes,partial,adequate,REV-ALCIDES-AI,2026-09-22,Among the most methodologically rigorous studies in this batch: multicenter design with genuine external test cohort; deviates from the typical high-PROBAST-ROB default given this external validation rigor (flagged explicitly).,batch-05
REC-AIBIOGU-000379,Zhang2026,Integrative Multi-Transcriptomic Uncovers Actionable Signatures and Drug Repurposing Candidates for ccRCC-Hypertension Comorbidity.,2026,Cancers (Basel),10.3390/cancers18142250,non_randomized,yes,yes,cant_tell,yes,cant_tell,no,yes,TCGA-KIRC transcriptomic cohort integrated with GeneCards hypertension gene list; convenience public cohort.,"DEHRGs, WGCNA modules and diagnostic/survival outcomes appropriately assessed.",Missing-data handling for TCGA/GeneCards integration not detailed.,"Comorbidity (hypertension) is the analytic focus itself rather than a controlled confounder, raising an applicability rather than an internal-validity concern.",WGCNA + ML + Mendelian randomization pipeline applied as described; in vitro drug validation performed.,low,MMAT non-randomized (Hong 2018).,yes,high,low,low,high,high,unclear,Diagnostic model (tumor vs normal) based on 4 hub genes; Mendelian randomization used to strengthen causal inference is a methodological positive.,partial,partial,partial,no,inadequate,REV-ALCIDES-AI,2026-09-22,Comorbidity-focused design (ccRCC-hypertension) per calibration rule 5: applicability concern flagged rather than reclassifying eligibility; MR analysis is a methodological strength.,batch-05
REC-AIBIOGU-000380,Xu2026,Single-Cell and Machine Learning Analyses Identify MYDGF as an Immune-Related Biomarker Associated With the Tumor Microenvironment in Clear Cell Renal Cell Carcinoma.,2026,Hum Mutat,10.1155/humu/5262666,non_randomized,yes,yes,cant_tell,yes,cant_tell,no,yes,"scRNA-seq (GSE156632, n=12 samples) + TCGA-KIRC bulk cohort; convenience public samples.","MYDGF expression, immune-checkpoint and pathway activity appropriately assessed.",Missing-data handling for merged scRNA/bulk datasets not detailed.,No formal confounder adjustment; single-gene mechanistic focus with an exploratory gene set.,"LASSO Cox pipeline used to derive a preliminary 19-gene MYDGF-related prognostic set, explicitly described by the authors as requiring further validation.",low,MMAT non-randomized (Hong 2018).,yes,high,low,low,high,high,low concern,Authors explicitly characterize the 19-gene prognostic set as preliminary and requiring further validation; primary contribution is mechanistic (MYDGF single biomarker) rather than a finished prediction model.,partial,no,partial,partial,inadequate,REV-ALCIDES-AI,2026-09-22,"Prognostic gene set explicitly flagged by the authors themselves as preliminary/unvalidated; applies_prediction_appraisal marked yes per the corpus 'when in doubt, appraise' rule but treat PROBAST/TRIPOD judgments as provisional given this is a secondary/exploratory model in a primarily mechanistic biomarker paper.",batch-05
REC-AIBIOGU-000381,Lin2026,Integrated multi-omics analysis reveals folate metabolism-related genes as prognostic markers and therapeutic targets in clear cell renal cell carcinoma.,2026,BMC Cancer,10.1186/s12885-026-16397-1,non_randomized,yes,yes,cant_tell,yes,cant_tell,no,yes,TCGA-KIRC + public multi-omics integration; convenience public cohort.,Folate-metabolism gene expression and immune-phenotype features appropriately assessed.,Missing-data handling for multi-omics integration not detailed.,No formal confounder adjustment beyond cross-cohort scoring system evaluation.,Multi-omics ML-derived FMRG scoring system applied and validated as described.,low,MMAT non-randomized (Hong 2018).,yes,high,low,low,high,high,low concern,FMRG score construction with functional exploration of key genes; typical high analysis ROB from feature-heavy multi-omics pipeline.,partial,yes,yes,partial,partial,REV-ALCIDES-AI,2026-09-22,Standard multi-omics prognostic signature paper for this corpus.,batch-05
REC-AIBIOGU-000382,Lin2026,Radiomics analysis of CT imaging for predicting MIT family translocation renal cell carcinoma: a multicenter retrospective clinical study.,2026,BMC Cancer,10.1186/s12885-026-16334-2,non_randomized,yes,yes,cant_tell,yes,yes,no,yes,"Multicenter retrospective cohort n=746 (2 training centers n=539/3 validation centers n=207); rare-subtype (MIT-RCC, n=77) vs other RCC (n=669) yields marked class imbalance.",CT radiomics features (tumor + renal parenchyma ROIs) appropriately assessed.,Complete data reported for training/validation cohorts.,Age and clinical stage incorporated but class imbalance (77 vs 669) not explicitly addressed via resampling or weighting in the abstract-level description.,LASSO feature selection + logistic regression nomogram applied and externally validated across 3 additional centers.,low,MMAT non-randomized (Hong 2018).,yes,high,low,low,high,high,low concern,Genuine external multicenter validation (3 separate centers) is a strength; marked class imbalance for the rare MIT-RCC subtype raises analysis-domain concern.,yes,yes,yes,partial,adequate,REV-ALCIDES-AI,2026-09-22,Multicenter external validation across 3 additional centers; class imbalance for rare MIT-RCC subtype (77/746) is a notable analysis-domain concern.,batch-05
REC-AIBIOGU-000383,Chen2026,Integrative bulk and single-cell transcriptome analyses reveals manganese metabolism-related prognostic genes in clear cell renal cell carcinoma with experimental validation.,2026,Sci Rep,10.1038/s41598-026-57384-7,non_randomized,yes,yes,cant_tell,yes,cant_tell,no,yes,Public bulk + single-cell ccRCC transcriptomic datasets; convenience cohorts.,Manganese-metabolism gene features and immune infiltration appropriately assessed.,Missing-data handling for merged public datasets not detailed.,No formal confounder adjustment beyond nomogram covariates.,Univariate Cox + ML feature selection pipeline applied as described; RT-qPCR functional validation performed.,low,MMAT non-randomized (Hong 2018).,yes,high,low,low,high,high,low concern,2-gene (MPPED2/PLAU) risk model with nomogram; RT-qPCR validation supports biological plausibility.,partial,yes,yes,partial,partial,REV-ALCIDES-AI,2026-09-22,RT-qPCR expression validation is a relative strength typical of this corpus.,batch-05
REC-AIBIOGU-000385,Ma2026,Integrated bulk and single-cell transcriptomics reveals TREH as a novel protective biomarker and prognostic predictor in clear cell renal cell carcinoma.,2026,Front Oncol,10.3389/fonc.2026.1808369,non_randomized,yes,yes,cant_tell,yes,yes,no,yes,"TCGA-KIRC cohort with 70/30 internal train/test split; convenience public cohort, no independent external cohort.",TREH expression and clinical/pathological features appropriately assessed.,Complete data for the 70/30 internal split.,No formal confounder adjustment beyond nomogram covariates.,WGCNA + LASSO + GBM pipeline applied as described; extensive in vitro/in vivo functional validation of TREH.,low,MMAT non-randomized (Hong 2018).,yes,high,low,low,high,high,low concern,"Extensive functional validation (in vitro/in vivo) of TREH is a strength; only internal TCGA train/test split used, no independent external cohort.",partial,partial,yes,partial,partial,REV-ALCIDES-AI,2026-09-22,No independent external validation cohort reported (only internal TCGA 70/30 split); functional validation is otherwise strong.,batch-05
REC-AIBIOGU-000388,Huang2026,Decoding the Sphingolipid Landscape of Clear Cell Renal Cell Carcinoma: A Single-Cell-Guided Prognostic Model Built With 101 Machine Learning.,2026,Hum Mutat,10.1155/humu/3249360,non_randomized,yes,yes,cant_tell,yes,cant_tell,no,yes,Multiple public cohorts (GEO single-cell + Xena/ArrayExpress/ICGC bulk); convenience samples.,Sphingolipid-metabolism-related characteristic genes appropriately assessed via NMF and bulk transcriptomics.,Missing-data handling across the many merged public datasets not detailed.,No formal confounder adjustment beyond independent-cohort comparison.,101 machine-learning combinations benchmarked; final Lasso+SuperPC 12-gene signature validated across independent cohorts.,low,MMAT non-randomized (Hong 2018).,yes,high,low,low,high,high,low concern,"101-combination ML benchmarking is a hallmark of expected high analysis ROB per calibration rule 3, despite multi-cohort validation.",partial,yes,yes,partial,partial,REV-ALCIDES-AI,2026-09-22,Very large model-search space (101 ML combinations); typical high analysis ROB per frozen calibration rule 3.,batch-05
REC-AIBIOGU-000389,Liu2026,Integrated bioinformatics and experimental validation identify aging-related prognostic genes in clear cell renal cell carcinoma.,2026,Medicine (Baltimore),10.1097/md.0000000000048809,non_randomized,yes,yes,cant_tell,yes,cant_tell,no,yes,"TCGA-ccRCC cohort; convenience public cohort, no independent external validation cohort.",Aging-related DEGs and clinical outcomes appropriately assessed.,Missing-data handling not detailed.,No formal confounder adjustment beyond risk-model covariates.,ML-based screening of 7 ARGs applied as described; RT-qPCR validation performed with noted discrepancies for FOXM1 and CDKN2A.,low,MMAT non-randomized (Hong 2018).,yes,high,low,low,high,high,low concern,"RT-qPCR validation partially contradicted bioinformatic predictions for 2 of 5 tested genes (FOXM1, CDKN2A), a notable data-quality caveat.",partial,partial,yes,partial,partial,REV-ALCIDES-AI,2026-09-22,RT-qPCR discordance for FOXM1 and CDKN2A vs bioinformatic prediction should be flagged as a validation weakness; no independent external validation cohort.,batch-05
REC-AIBIOGU-000390,Li2026,Integrating Bulk and Single-Cell RNA-Seq Reveals Glycolysis-Associated Macrophages and Its Related Tumor Subgroup Signatures to Predict Prognosis and Therapy in Clear Cell Renal Cell Carcinoma.,2026,Hum Mutat,10.1155/humu/3125551,non_randomized,yes,yes,cant_tell,yes,cant_tell,no,yes,Public GEO single-cell (GSE178481) + TCGA-KIRC bulk cohort; convenience samples.,Glycolysis-macrophage subpopulation features and gene signature appropriately assessed.,Missing-data handling for merged single-cell/bulk datasets not detailed.,No formal confounder adjustment beyond risk-group stratification.,hdWGCNA + 101 ML methods pipeline applied to derive 6-gene signature as described.,low,MMAT non-randomized (Hong 2018).,yes,high,low,low,high,high,low concern,101-method ML benchmarking (as in similar papers in this batch) is a hallmark of expected high analysis ROB per calibration rule 3.,partial,yes,yes,partial,partial,REV-ALCIDES-AI,2026-09-22,Very large model-search space (101 ML combinations); typical high analysis ROB per frozen calibration rule 3.,batch-05
REC-AIBIOGU-000392,Jiang2026,Identification of a prognostic signature based on ammonia metabolism-related genes in clear cell renal cell carcinoma: an integrated analysis of bulk and single-cell transcriptomics.,2026,Front Immunol,10.3389/fimmu.2026.1765098,non_randomized,yes,yes,cant_tell,yes,cant_tell,no,yes,Public bulk + single-cell ccRCC transcriptomic datasets; convenience cohorts.,Ammonia-death-related gene features and immune infiltration appropriately assessed.,Missing-data handling for merged datasets not detailed.,No formal confounder adjustment beyond risk-group covariates.,ML-based screening pipeline applied to derive 6-gene signature; RT-qPCR validation performed.,low,MMAT non-randomized (Hong 2018).,yes,high,low,low,high,high,low concern,6-gene ammonia-metabolism signature with RT-qPCR confirmation of upregulation; typical high analysis ROB from feature-heavy pipeline.,partial,partial,yes,partial,partial,REV-ALCIDES-AI,2026-09-22,Standard ammonia-metabolism prognostic signature paper for this corpus.,batch-05
REC-AIBIOGU-000393,Dai2026,Integrating single-cell multi-omics and machine learning to reveal triaptosis heterogeneity in clear cell renal cell carcinoma.,2026,Hum Genomics,10.1186/s40246-026-00982-3,non_randomized,yes,yes,cant_tell,yes,cant_tell,no,yes,Public single-cell + bulk ccRCC transcriptomic/spatial datasets; convenience cohorts.,Triaptosis-activity features across cell populations appropriately assessed via scRNA-seq/spatial transcriptomics.,Missing-data handling for merged multi-omics datasets not detailed.,No formal confounder adjustment beyond independent-cohort model evaluation.,"10 ML algorithms benchmarked to derive a 4-gene prognostic signature, validated for prognosis, immunotherapy guidance and chemotherapy response.",low,MMAT non-randomized (Hong 2018).,yes,high,low,low,high,high,low concern,"10-algorithm ML benchmarking to derive a compact 4-gene signature; validated across multiple clinical-utility axes (prognosis, immunotherapy, chemo response).",partial,yes,yes,partial,partial,REV-ALCIDES-AI,2026-09-22,"Novel triaptosis cell-death concept (2024 discovery) applied to ccRCC; signature validated across prognosis, immunotherapy and chemosensitivity endpoints.",batch-05
REC-AIBIOGU-000394,Li2026,Integrated multi-omics analysis of neutrophil extracellular trap-related genes in renal cell carcinoma using bioinformatics and machine learning.,2026,Discov Oncol,10.1007/s12672-026-04965-7,non_randomized,yes,yes,cant_tell,yes,cant_tell,no,yes,5 pooled GEO RCC datasets; convenience cohorts spanning multiple RCC histological subtypes (not exclusively ccRCC).,"NET-related gene expression, immune infiltration and molecular subtypes appropriately assessed.",Missing-data handling for merged multi-dataset integration not detailed.,No formal confounder adjustment beyond WGCNA/ML module cross-referencing.,"LASSO/SVM-RFE/RF triple-algorithm overlap pipeline applied to derive an 8-gene NET signature, validated in independent TCGA-KIRC cohort.",low,MMAT non-randomized (Hong 2018).,yes,high,low,low,high,high,low concern,Very high reported diagnostic AUCs (0.987-0.989) for the 8-gene signature raise some concern for overoptimism typical of small-panel diagnostic classifiers; independent TCGA-KIRC validation partially mitigates.,partial,yes,yes,partial,partial,REV-ALCIDES-AI,2026-09-22,"Cohort spans multiple RCC histological subtypes (not ccRCC-exclusive per abstract), broadening applicability but reducing histologic specificity; very high reported AUCs (~0.99) warrant cautious interpretation.",batch-05
REC-AIBIOGU-000397,Tao2026,An interpretable machine learning model based on habitat radiomics combined with deep learning for predicting the WHO/ISUP grade of patients with clear cell renal cell carcinoma.,2026,BMC Med Imaging,10.1186/s12880-026-02285-4,non_randomized,yes,yes,cant_tell,yes,yes,no,yes,"Retrospective 2-institution cohort n=646, convenience sample.","Enhanced CT habitat radiomics, deep-learning and clinical features appropriately assessed.",Complete data reported for training/validation/test splits.,"Age, tumor size, and necrosis identified as independent predictors but broader confounder adjustment beyond multivariate regression unclear.","K-means habitat clustering + 2D/2.5D DL + LR fusion model applied as described, with SHAP interpretability analysis.",low,MMAT non-randomized (Hong 2018).,yes,high,low,low,high,high,low concern,Complex multi-component pipeline (habitat radiomics + DL fusion) increases analysis-domain risk despite SHAP interpretability efforts and held-out test set.,yes,yes,yes,partial,adequate,REV-ALCIDES-AI,2026-09-22,SHAP interpretability analysis is a positive transparency/reporting feature not seen in most other papers in this batch.,batch-05
REC-AIBIOGU-000398,Zhang2026,A lactylation-related gene signature predicts prognosis and immunotherapy response in clear cell renal cell carcinoma based on machine learning and multi-omics analysis.,2026,Discov Oncol,10.1007/s12672-026-04781-z,non_randomized,yes,yes,cant_tell,yes,yes,no,yes,Convenience public cohorts (TCGA-KIRC + E-MTAB-1980); representativeness of ccRCC/RCC population unclear.,Transcriptomic/clinical measurements and survival endpoints are standard and fit-for-purpose.,Public cohorts report survival status and follow-up adequately for included cases.,Heavy ML algorithm screening/median-split risk stratification with limited independent confounder adjustment.,Bioinformatic pipeline and (where applicable) in vitro/experimental validation applied as described.,low,MMAT non-randomized (Hong 2018).,yes,unclear,low,low,high,high,low concern,"Convenience TCGA/GEO cohorts, median-split risk score, and extensive ML algorithm competition risk overfitting; predictors/outcome well defined.",yes,yes,yes,no,partial,REV-ALCIDES-AI,2026-09-22,,batch-06
REC-AIBIOGU-000399,Yang2026,Multiphase CT-based deep learning radiomics nomogram models for preoperative WHO/ISUP grading of clear cell renal cell carcinoma: a two-center validation study.,2026,BMC Med Imaging,10.1186/s12880-026-02268-5,non_randomized,yes,yes,cant_tell,yes,yes,cant_tell,yes,"Retrospective single/multi-center recruitment (two-center, n=1499); selection bias plausible.",Radiomics extraction (IBSI-standard) and clinicopathologic/reference-standard outcome measures are appropriate.,Pathologic/follow-up outcome data reported for included cases.,"Multivariable clinical+radiomics model partially addresses confounding, though feature selection is data-driven.","Imaging acquisition, segmentation and radiomics/DL pipeline applied as described.",low,MMAT non-randomized (retrospective imaging cohort).,yes,low,low,low,unclear,unclear,low concern,Multi-center cohort with external validation and DeLong comparison; residual overfitting risk from data-driven feature selection.,yes,yes,yes,no,adequate,REV-ALCIDES-AI,2026-09-22,Large two-center DLRN with internal+external validation (AUC 0.90-0.94) and SHAP/Grad-CAM interpretability; strongest design in batch.,batch-06
REC-AIBIOGU-000400,Zhou2026,Study on the prediction of postoperative metastasis in renal cancer using perirenal fat CT radiomics combined with clinical features.,2026,Front Oncol,10.3389/fonc.2026.1766300,non_randomized,yes,yes,cant_tell,yes,yes,no,yes,"Retrospective single/multi-center recruitment (single-center, n=120); selection bias plausible.",Radiomics extraction (IBSI-standard) and clinicopathologic/reference-standard outcome measures are appropriate.,Pathologic/follow-up outcome data reported for included cases.,Limited confounder adjustment beyond radiomics signature; small sample raises overfitting risk.,"Imaging acquisition, segmentation and radiomics/DL pipeline applied as described.",low,MMAT non-randomized (retrospective imaging cohort).,yes,unclear,low,low,high,high,low concern,Single/limited-center retrospective series with small sample and data-driven radiomics feature selection; overfitting risk.,yes,yes,partial,no,partial,REV-ALCIDES-AI,2026-09-22,Small single-center cohort (n=120); combined-model AUC 0.958 with only 36 metastasis events raises overfitting concern.,batch-06
REC-AIBIOGU-000402,Liu2026,Machine learning derived proliferating T cell-related signature: a novel biomarker for prognosis and treatment efficacy in clear cell renal cell carcinoma.,2026,Int Immunopharmacol,10.1016/j.intimp.2026.116361,non_randomized,yes,yes,cant_tell,yes,yes,cant_tell,yes,"Training cohort from CheckMate025 RCT plus multiple large trial-derived/public validation cohorts (IMmotion151, JAVELIN101, TCGA, WCH).",Transcriptomic and treatment-response/survival endpoints are standard and matched to aims.,Multiple large independent cohorts report OS/PFS and treatment-response data.,101-algorithm LOOCV screen and median-split risk groups; trial-derived cohorts partially mitigate confounding vs pure convenience samples.,ML ensemble pipeline and multi-omics (spatial/single-cell) validation applied as described.,low,MMAT non-randomized (Hong 2018); unusually strong validation via RCT-derived cohorts.,yes,unclear,low,low,high,high,low concern,"Validation spans multiple RCT/trial cohorts (CheckMate025, IMmotion151, JAVELIN101) strengthening external validity, but 101-algorithm mining and median-split risk score retain overfitting risk.",yes,yes,yes,partial,adequate,REV-ALCIDES-AI,2026-09-22,"Validation cohorts drawn from immunotherapy RCTs (CheckMate025, IMmotion151, JAVELIN Renal101) is a notable strength versus typical convenience-cohort signatures in this corpus.",batch-06
REC-AIBIOGU-000403,Shi2026,MRI-based habitat radiomics for predicting WHO/ISUP nuclear grade in clear cell renal cell carcinoma.,2026,Front Oncol,10.3389/fonc.2026.1751579,non_randomized,yes,yes,cant_tell,yes,yes,no,yes,"Retrospective single/multi-center recruitment (single-center, n=154 (train/test split)); selection bias plausible.",Radiomics extraction (IBSI-standard) and clinicopathologic/reference-standard outcome measures are appropriate.,Pathologic/follow-up outcome data reported for included cases.,Limited confounder adjustment beyond radiomics signature; small sample raises overfitting risk.,"Imaging acquisition, segmentation and radiomics/DL pipeline applied as described.",low,MMAT non-randomized (retrospective imaging cohort).,yes,unclear,low,low,high,high,low concern,Single/limited-center retrospective series with small sample and data-driven radiomics feature selection; overfitting risk.,yes,yes,partial,no,partial,REV-ALCIDES-AI,2026-09-22,Single-center cohort with internal train/test split only; no external validation cohort.,batch-06
REC-AIBIOGU-000405,Cao2026,Integrated multi-omic profiling reveals macrophage-driven prognostic signatures in clear cell renal cell carcinoma through machine learning optimization.,2026,Front Immunol,10.3389/fimmu.2025.1612262,non_randomized,yes,yes,cant_tell,yes,yes,no,yes,Convenience public cohorts (TCGA-KIRC + CPTAC + scRNA (10 tumors)); representativeness of ccRCC/RCC population unclear.,Transcriptomic/clinical measurements and survival endpoints are standard and fit-for-purpose.,Public cohorts report survival status and follow-up adequately for included cases.,Heavy ML algorithm screening/median-split risk stratification with limited independent confounder adjustment.,Bioinformatic pipeline and (where applicable) in vitro/experimental validation applied as described.,low,MMAT non-randomized (Hong 2018).,yes,unclear,low,low,high,high,low concern,"Convenience TCGA/GEO cohorts, median-split risk score, and extensive ML algorithm competition risk overfitting; predictors/outcome well defined.",yes,yes,yes,no,partial,REV-ALCIDES-AI,2026-09-22,,batch-06
REC-AIBIOGU-000407,Wang2026,Development of a novel prognostic model based on TRPM4-Induced sodium overload-mediated cell death in kidney cancer.,2026,Front Cell Dev Biol,10.3389/fcell.2025.1755318,non_randomized,yes,yes,cant_tell,yes,yes,no,yes,Convenience public cohorts (TCGA pan-cancer + KIRC); representativeness of ccRCC/RCC population unclear.,Transcriptomic/clinical measurements and survival endpoints are standard and fit-for-purpose.,Public cohorts report survival status and follow-up adequately for included cases.,Heavy ML algorithm screening/median-split risk stratification with limited independent confounder adjustment.,Bioinformatic pipeline and (where applicable) in vitro/experimental validation applied as described.,low,MMAT non-randomized (Hong 2018).,yes,unclear,low,low,high,high,low concern,"Convenience TCGA/GEO cohorts, median-split risk score, and extensive ML algorithm competition risk overfitting; predictors/outcome well defined.",yes,yes,yes,no,partial,REV-ALCIDES-AI,2026-09-22,,batch-06
REC-AIBIOGU-000408,Gong2026,A robust ammonia metabolism gene signature identified by machine learning predicts prognosis and immunotherapy response in clear cell renal cell carcinoma.,2026,Front Oncol,10.3389/fonc.2025.1709096,non_randomized,yes,yes,cant_tell,yes,yes,no,yes,Convenience public cohorts (TCGA + external validation + ICI cohorts); representativeness of ccRCC/RCC population unclear.,Transcriptomic/clinical measurements and survival endpoints are standard and fit-for-purpose.,Public cohorts report survival status and follow-up adequately for included cases.,Heavy ML algorithm screening/median-split risk stratification with limited independent confounder adjustment.,Bioinformatic pipeline and (where applicable) in vitro/experimental validation applied as described.,low,MMAT non-randomized (Hong 2018).,yes,unclear,low,low,high,high,low concern,"Convenience TCGA/GEO cohorts, median-split risk score, and extensive ML algorithm competition risk overfitting; predictors/outcome well defined.",yes,yes,yes,no,partial,REV-ALCIDES-AI,2026-09-22,,batch-06
REC-AIBIOGU-000410,Yang2025,LST1: a novel biomarker for efferocytosis in the co-occurrence of type 2 diabetes mellitus and clear cell renal cell carcinoma.,2025,Front Immunol,10.3389/fimmu.2025.1737749,non_randomized,yes,yes,cant_tell,yes,yes,no,yes,Convenience public cohorts (GEO public scRNA + TCGA-derived cohorts); representativeness of ccRCC/RCC population unclear.,Transcriptomic/clinical measurements and survival endpoints are standard and fit-for-purpose.,Public cohorts report survival status and follow-up adequately for included cases.,Heavy ML algorithm screening/median-split risk stratification with limited independent confounder adjustment.,Bioinformatic pipeline and (where applicable) in vitro/experimental validation applied as described.,low,MMAT non-randomized (Hong 2018).,yes,unclear,low,low,high,high,high concern,T2DM-ccRCC comorbidity cohorts are a convenience/indirect population for GU prognostic biomarker applicability; predictors/outcome otherwise well defined.,yes,yes,yes,no,partial,REV-ALCIDES-AI,2026-09-22,Comorbidity focus (T2DM+ccRCC) narrows generalizability to typical GU biomarker-discovery scope; borderline per pilot precedent (REC-000001).,batch-06
REC-AIBIOGU-000411,Meng2025,Machine learning-derived cellular senescence index for predicting prognosis and drug sensitivity in patients with renal cell carcinoma.,2025,Front Immunol,10.3389/fimmu.2025.1727099,non_randomized,yes,yes,yes,cant_tell,yes,yes,cant_tell,scRNA plus TCGA/ICGC/local ccRCC data address senescence-based prognostic ML question.,Mixed public and single-center samples; representativeness uncertain.,Senescence module and 9-gene Lasso-StepCox SRSM fit survival prediction aim.,OS and multivariate Cox reported; duplicate/short survival cases excluded.,Clinical confounding partially addressed post hoc; 101-algorithm screen on same cohorts.,low,MMAT v2018 quantitative non-randomized (cohort) criteria.,yes,unclear,low,low,high,high,high concern,Small local validation subset; SRSM defined from extensive ML comparison on TCGA with limited prespecification.,yes,yes,partial,no,partial,REV-ALCIDES,2026-09-21,Borderline prediction vs associative scRNA work; counted as prognostic SRSM with C-index/AUC.,pilot
REC-AIBIOGU-000414,Peng2025,Mitochondrial energy metabolism genes as prognostic biomarkers in clear cell renal cell carcinoma via single-cell and bulk RNA sequencing analyses.,2025,Discov Oncol,10.1007/s12672-025-04224-1,non_randomized,yes,yes,cant_tell,yes,yes,no,yes,Convenience public cohorts (TCGA-KIRC + GSE159115 + GSE29609); representativeness of ccRCC/RCC population unclear.,Transcriptomic/clinical measurements and survival endpoints are standard and fit-for-purpose.,Public cohorts report survival status and follow-up adequately for included cases.,Heavy ML algorithm screening/median-split risk stratification with limited independent confounder adjustment.,Bioinformatic pipeline and (where applicable) in vitro/experimental validation applied as described.,low,MMAT non-randomized (Hong 2018).,yes,unclear,low,low,high,high,low concern,"Convenience TCGA/GEO cohorts, median-split risk score, and extensive ML algorithm competition risk overfitting; predictors/outcome well defined.",yes,yes,yes,no,partial,REV-ALCIDES-AI,2026-09-22,,batch-06
REC-AIBIOGU-000415,Kho2025,Yang-deficiency constitution drives poor outcomes in clear cell renal cell carcinoma by modulating the tumour immune microenvironment.,2025,Front Immunol,10.3389/fimmu.2025.1673579,non_randomized,yes,yes,no,yes,yes,no,yes,Convenience public cohorts (TCM Yang-deficiency-classified individuals (n=12) + 530 ccRCC patients); representativeness of ccRCC/RCC population unclear.,Transcriptomic/clinical measurements and survival endpoints are standard and fit-for-purpose.,Public cohorts report survival status and follow-up adequately for included cases.,Heavy ML algorithm screening/median-split risk stratification with limited independent confounder adjustment.,Bioinformatic pipeline and (where applicable) in vitro/experimental validation applied as described.,low,MMAT non-randomized (Hong 2018).,yes,unclear,low,low,high,high,high concern,"YDC constitution classification (n=12) is a highly unconventional, small, non-standard predictor domain limiting applicability to mainstream GU prognostic biomarker PICO.",yes,yes,yes,no,partial,REV-ALCIDES-AI,2026-09-22,Exposure/predictor is a TCM constitution classification (YDC) rather than a conventional molecular/clinical predictor; unconventional but treated as yes per calibration (default to appraise).,batch-06
REC-AIBIOGU-000416,Chen2025,"Toxicological Impacts and Mechanistic Insights of Bisphenol a on Clear Cell Renal Cell Carcinoma Progression: A Network Toxicology, Machine Learning and Molecular Docking Study.",2025,Biomedicines,10.3390/biomedicines13112778,non_randomized,yes,yes,cant_tell,yes,yes,no,yes,Convenience public cohorts (TCGA/GEO public cohorts (no measured BPA exposure)); representativeness of ccRCC/RCC population unclear.,Transcriptomic/clinical measurements and survival endpoints are standard and fit-for-purpose.,Public cohorts report survival status and follow-up adequately for included cases.,Heavy ML algorithm screening/median-split risk stratification with limited independent confounder adjustment.,Bioinformatic pipeline and (where applicable) in vitro/experimental validation applied as described.,low,MMAT non-randomized (Hong 2018).,yes,unclear,low,low,high,high,high concern,Prognostic signature built on convenience TCGA/E-MTAB cohorts without measured BPA exposure; 108-algorithm mining; molecular docking is hypothesis-generating only.,yes,yes,yes,no,partial,REV-ALCIDES-AI,2026-09-22,"BPA exposure inferred computationally/via network toxicology, not measured in the clinical cohorts used for the prognostic signature; applicability concern analogous to pilot PCP/ATBC precedents (REC-000203, REC-000580).",batch-06
REC-AIBIOGU-000417,Xu2025,A SWI/SNF complex-related genes signature predicts prognosis and immune infiltration in ccRCC with KCNK5 as a novel biomarker.,2025,Sci Rep,10.1038/s41598-025-25283-y,non_randomized,yes,yes,cant_tell,yes,yes,no,yes,Convenience public cohorts (TCGA-KIRC + E-MTAB-1980 + ICGC); representativeness of ccRCC/RCC population unclear.,Transcriptomic/clinical measurements and survival endpoints are standard and fit-for-purpose.,Public cohorts report survival status and follow-up adequately for included cases.,Heavy ML algorithm screening/median-split risk stratification with limited independent confounder adjustment.,Bioinformatic pipeline and (where applicable) in vitro/experimental validation applied as described.,low,MMAT non-randomized (Hong 2018).,yes,unclear,low,low,high,high,low concern,"Convenience TCGA/GEO cohorts, median-split risk score, and extensive ML algorithm competition risk overfitting; predictors/outcome well defined.",yes,yes,yes,no,partial,REV-ALCIDES-AI,2026-09-22,,batch-06
REC-AIBIOGU-000418,Sun2025,Identification of plasma cell infiltration-related gene signatures as a novel prognostic model for clear cell renal cell carcinoma.,2025,Clin Exp Med,10.1007/s10238-025-01907-5,non_randomized,yes,yes,cant_tell,yes,yes,no,yes,Convenience public cohorts (TCGA + ArrayExpress + local cohort); representativeness of ccRCC/RCC population unclear.,Transcriptomic/clinical measurements and survival endpoints are standard and fit-for-purpose.,Public cohorts report survival status and follow-up adequately for included cases.,Heavy ML algorithm screening/median-split risk stratification with limited independent confounder adjustment.,Bioinformatic pipeline and (where applicable) in vitro/experimental validation applied as described.,low,MMAT non-randomized (Hong 2018).,yes,unclear,low,low,high,high,low concern,"Convenience TCGA/GEO cohorts, median-split risk score, and extensive ML algorithm competition risk overfitting; predictors/outcome well defined.",yes,yes,yes,no,partial,REV-ALCIDES-AI,2026-09-22,,batch-06
REC-AIBIOGU-000419,Li2025,The value of dual-energy CT radiomics in evaluating vascular maturity and prognosis in clear cell renal cell carcinoma.,2025,Discov Oncol,10.1007/s12672-025-03856-7,non_randomized,yes,yes,cant_tell,yes,yes,no,yes,"Retrospective single/multi-center recruitment (single-center, n=87 + n=17 external); selection bias plausible.",Radiomics extraction (IBSI-standard) and clinicopathologic/reference-standard outcome measures are appropriate.,Pathologic/follow-up outcome data reported for included cases.,Limited confounder adjustment beyond radiomics signature; small sample raises overfitting risk.,"Imaging acquisition, segmentation and radiomics/DL pipeline applied as described.",low,MMAT non-randomized (retrospective imaging cohort).,yes,unclear,low,low,high,high,low concern,Single/limited-center retrospective series with small sample and data-driven radiomics feature selection; overfitting risk.,yes,yes,partial,no,partial,REV-ALCIDES-AI,2026-09-22,"Small training/validation split (n=60/27) with tiny external validation cohort (n=17, single additional center).",batch-06
REC-AIBIOGU-000421,Liu2025,Integrating sarcopenia and non-contrast CT radiomics for preoperative prediction of survival in sarcomatoid renal cell carcinoma.,2025,Front Oncol,10.3389/fonc.2025.1637032,non_randomized,yes,yes,cant_tell,yes,yes,no,yes,"Retrospective single/multi-center recruitment (single-center, n=121); selection bias plausible.",Radiomics extraction (IBSI-standard) and clinicopathologic/reference-standard outcome measures are appropriate.,Pathologic/follow-up outcome data reported for included cases.,Limited confounder adjustment beyond radiomics signature; small sample raises overfitting risk.,"Imaging acquisition, segmentation and radiomics/DL pipeline applied as described.",low,MMAT non-randomized (retrospective imaging cohort).,yes,unclear,low,low,high,high,low concern,Single/limited-center retrospective series with small sample and data-driven radiomics feature selection; overfitting risk.,yes,yes,partial,no,partial,REV-ALCIDES-AI,2026-09-22,"Rare tumor subtype (sarcomatoid RCC), single-center small cohort.",batch-06
REC-AIBIOGU-000422,He2025,Machine learning-driven dissection of the obesity-ccRCC interface: FCGR2A emerges as a central coordinator of tumor-immune crosstalk.,2025,Front Oncol,10.3389/fonc.2025.1598007,non_randomized,yes,yes,cant_tell,yes,yes,no,yes,Convenience public cohorts (5 harmonized public ccRCC cohorts (n=876) + obesity adipose profiles); representativeness of ccRCC/RCC population unclear.,Transcriptomic/clinical measurements and survival endpoints are standard and fit-for-purpose.,Public cohorts report survival status and follow-up adequately for included cases.,Heavy ML algorithm screening/median-split risk stratification with limited independent confounder adjustment.,Bioinformatic pipeline and (where applicable) in vitro/experimental validation applied as described.,low,MMAT non-randomized (Hong 2018).,yes,unclear,low,low,high,high,low concern,Near-perfect AUCs (0.99+) across cross-cohort validation are atypical and raise strong concern for overfitting or data leakage in the glmBoost+Stepglm pipeline.,yes,yes,yes,no,partial,REV-ALCIDES-AI,2026-09-22,Extremely high reported AUCs (up to 0.998 for staging; mean AUC 0.991 cross-cohort) are implausible for a 14-gene signature and strongly suggest overfitting/data leakage; flagged as a major quality concern.,batch-06
REC-AIBIOGU-000423,Ye2025,TCIRG1 as a Novel Prognostic Biomarker Triggering Immune Infiltration in Renal Clear Cell Carcinoma: An Integrative Study of Single-Cell and Bulk Data.,2025,Hum Mutat,10.1155/humu/1839494,non_randomized,yes,yes,cant_tell,yes,yes,no,yes,Convenience public cohorts (TCGA-KIRC + GSE139555 scRNA); representativeness of ccRCC/RCC population unclear.,Transcriptomic/clinical measurements and survival endpoints are standard and fit-for-purpose.,Public cohorts report survival status and follow-up adequately for included cases.,Heavy ML algorithm screening/median-split risk stratification with limited independent confounder adjustment.,Bioinformatic pipeline and (where applicable) in vitro/experimental validation applied as described.,low,MMAT non-randomized (Hong 2018).,yes,unclear,low,low,high,high,low concern,"Convenience TCGA/GEO cohorts, median-split risk score, and extensive ML algorithm competition risk overfitting; predictors/outcome well defined.",yes,yes,yes,no,partial,REV-ALCIDES-AI,2026-09-22,,batch-06
REC-AIBIOGU-000424,Chiang2025,Metal ion transporter SLC39A14-mediated ferroptosis and glycosylation modulate the tumor immune microenvironment: pan-cancer multi-omics exploration of therapeutic potential.,2025,Cancer Cell Int,10.1186/s12935-025-04003-6,non_randomized,yes,yes,cant_tell,yes,yes,no,yes,Convenience public cohorts (TCGA pan-cancer (GBM and KIRC as top hits)); representativeness of ccRCC/RCC population unclear.,Transcriptomic/clinical measurements and survival endpoints are standard and fit-for-purpose.,Public cohorts report survival status and follow-up adequately for included cases.,Heavy ML algorithm screening/median-split risk stratification with limited independent confounder adjustment.,Bioinformatic pipeline and (where applicable) in vitro/experimental validation applied as described.,low,MMAT non-randomized (Hong 2018).,yes,unclear,low,low,high,high,high concern,Pan-cancer design with GBM as the primary prognostic signal; KIRC-specific applicability to GU biomarker PICO is secondary/derived.,yes,yes,yes,no,partial,REV-ALCIDES-AI,2026-09-22,"Pan-cancer analysis; strongest prognostic signal is in glioblastoma, not a GU cancer; KIRC is a secondary finding. Applicability to AIBIO_GU PICO is a concern (analogous to pilot REC-000240).",batch-06
REC-AIBIOGU-000426,He2025,Survival Prediction for Postoperative Patients With Kidney Cancer Based on Computed Tomography Radiomics: Retrospective Cohort Study.,2025,JMIR Med Inform,10.2196/73162,non_randomized,yes,yes,cant_tell,yes,yes,no,yes,"Retrospective single/multi-center recruitment (public TCIA, n=207); selection bias plausible.",Radiomics extraction (IBSI-standard) and clinicopathologic/reference-standard outcome measures are appropriate.,Pathologic/follow-up outcome data reported for included cases.,Limited confounder adjustment beyond radiomics signature; small sample raises overfitting risk.,"Imaging acquisition, segmentation and radiomics/DL pipeline applied as described.",low,MMAT non-randomized (retrospective imaging cohort).,yes,unclear,low,low,high,high,low concern,Single/limited-center retrospective series with small sample and data-driven radiomics feature selection; overfitting risk.,yes,yes,partial,no,partial,REV-ALCIDES-AI,2026-09-22,"Public TCIA cohort (TCGA-derived imaging), single-source, no independent external validation cohort.",batch-06
REC-AIBIOGU-000427,Chen2025,Single-cell transcriptomic insights into ccRCC: a stemness gene signature for prognosis and treatment response prediction.,2025,Discov Oncol,10.1007/s12672-025-03664-z,non_randomized,yes,yes,cant_tell,yes,yes,no,yes,"Convenience public cohorts (scRNA (44 samples) + TCGA/GSE/E-MTAB (1075 samples, 184-algorithm AI framework)); representativeness of ccRCC/RCC population unclear.",Transcriptomic/clinical measurements and survival endpoints are standard and fit-for-purpose.,Public cohorts report survival status and follow-up adequately for included cases.,Heavy ML algorithm screening/median-split risk stratification with limited independent confounder adjustment.,Bioinformatic pipeline and (where applicable) in vitro/experimental validation applied as described.,low,MMAT non-randomized (Hong 2018).,yes,unclear,low,low,high,high,low concern,"Convenience TCGA/GEO cohorts, median-split risk score, and extensive ML algorithm competition risk overfitting; predictors/outcome well defined.",yes,yes,yes,no,partial,REV-ALCIDES-AI,2026-09-22,,batch-06
REC-AIBIOGU-000430,Hu2025,Metabolic heterogeneity and survival outcomes in papillary renal cell carcinoma: insights from multi-datasets and machine learning analyses.,2025,Hereditas,10.1186/s41065-025-00571-9,non_randomized,yes,yes,cant_tell,yes,yes,no,yes,Convenience public cohorts (TCGA-KIRP + GSE2748); representativeness of ccRCC/RCC population unclear.,Transcriptomic/clinical measurements and survival endpoints are standard and fit-for-purpose.,Public cohorts report survival status and follow-up adequately for included cases.,Heavy ML algorithm screening/median-split risk stratification with limited independent confounder adjustment.,Bioinformatic pipeline and (where applicable) in vitro/experimental validation applied as described.,low,MMAT non-randomized (Hong 2018).,yes,unclear,low,low,high,high,low concern,"Very high reported AUC (0.989) from 90-algorithm ML framework on modest external cohort (GSE2748, n=28) raises overfitting concern despite external testing.",yes,yes,yes,no,partial,REV-ALCIDES-AI,2026-09-22,Reported 5-year AUC of 0.989 for a KIRP signature (90-algorithm framework) is very high and raises overfitting concern despite external validation.,batch-06
REC-AIBIOGU-000432,Yu2025,Unveiling ammonia-induced cell death: a new frontier in clear cell renal cell carcinoma prognosis.,2025,Front Immunol,10.3389/fimmu.2025.1636977,non_randomized,yes,yes,cant_tell,yes,yes,no,yes,Convenience public cohorts (TCGA-KIRC + E-MTAB-1980); representativeness of ccRCC/RCC population unclear.,Transcriptomic/clinical measurements and survival endpoints are standard and fit-for-purpose.,Public cohorts report survival status and follow-up adequately for included cases.,Heavy ML algorithm screening/median-split risk stratification with limited independent confounder adjustment.,Bioinformatic pipeline and (where applicable) in vitro/experimental validation applied as described.,low,MMAT non-randomized (Hong 2018).,yes,unclear,low,low,high,high,low concern,"Convenience TCGA/GEO cohorts, median-split risk score, and extensive ML algorithm competition risk overfitting; predictors/outcome well defined.",yes,yes,yes,no,partial,REV-ALCIDES-AI,2026-09-22,,batch-06
REC-AIBIOGU-000433,Li2025,Alpha-2-Macroglobulin and Signature Genes: Predictive Biomarkers for Prognosis and Immunotherapy in Clear Cell Renal Cell Carcinoma.,2025,J Cancer,10.7150/jca.113242,non_randomized,yes,yes,cant_tell,yes,yes,no,yes,Convenience public cohorts (TCGA/GTEx pan-cancer screen + 4 public ccRCC databases); representativeness of ccRCC/RCC population unclear.,Transcriptomic/clinical measurements and survival endpoints are standard and fit-for-purpose.,Public cohorts report survival status and follow-up adequately for included cases.,Heavy ML algorithm screening/median-split risk stratification with limited independent confounder adjustment.,Bioinformatic pipeline and (where applicable) in vitro/experimental validation applied as described.,low,MMAT non-randomized (Hong 2018).,yes,unclear,low,low,high,high,low concern,"Convenience TCGA/GEO cohorts, median-split risk score, and extensive ML algorithm competition risk overfitting; predictors/outcome well defined.",yes,yes,yes,no,partial,REV-ALCIDES-AI,2026-09-22,,batch-06
REC-AIBIOGU-000434,Zhu2025,Epithelial-mesenchymal transition classification based on machine learning for predicting prognosis and treatment response in clear cell renal cell carcinoma.,2025,Transl Androl Urol,10.21037/tau-2025-109,non_randomized,yes,yes,cant_tell,yes,yes,no,yes,Convenience public cohorts (TCGA-KIRC + E-MTAB-1980 external validation); representativeness of ccRCC/RCC population unclear.,Transcriptomic/clinical measurements and survival endpoints are standard and fit-for-purpose.,Public cohorts report survival status and follow-up adequately for included cases.,Heavy ML algorithm screening/median-split risk stratification with limited independent confounder adjustment.,Bioinformatic pipeline and (where applicable) in vitro/experimental validation applied as described.,low,MMAT non-randomized (Hong 2018).,yes,unclear,low,low,high,high,low concern,"Convenience TCGA/GEO cohorts, median-split risk score, and extensive ML algorithm competition risk overfitting; predictors/outcome well defined.",yes,yes,yes,no,partial,REV-ALCIDES-AI,2026-09-22,,batch-06
REC-AIBIOGU-000436,Zhou2025,Interferon Regulatory Factor 4 Recruits Immature B Cells to Signal Tertiary Lymphoid Structure Immaturity and Progression of Clear Cell Renal Cell Carcinoma.,2025,Int J Biol Sci,10.7150/ijbs.113737,non_randomized,yes,yes,cant_tell,yes,yes,no,yes,"Convenience public cohorts (928 ccRCC patients, transcriptomic+clinical, IHC/mIF validation); representativeness of ccRCC/RCC population unclear.",Transcriptomic/clinical measurements and survival endpoints are standard and fit-for-purpose.,Public cohorts report survival status and follow-up adequately for included cases.,Heavy ML algorithm screening/median-split risk stratification with limited independent confounder adjustment.,Bioinformatic pipeline and (where applicable) in vitro/experimental validation applied as described.,low,MMAT non-randomized (Hong 2018).,yes,unclear,low,low,high,high,low concern,"Convenience TCGA/GEO cohorts, median-split risk score, and extensive ML algorithm competition risk overfitting; predictors/outcome well defined.",yes,yes,yes,no,partial,REV-ALCIDES-AI,2026-09-22,,batch-06
REC-AIBIOGU-000437,Liu2025,A manganese metabolism-related gene signature stratifies prognosis and immunotherapy efficacy in kidney cancer.,2025,Discov Oncol,10.1007/s12672-025-03050-9,non_randomized,yes,yes,cant_tell,yes,yes,no,yes,Convenience public cohorts (TCGA-KIRC/KIRP + E-MTAB-1980 + immunotherapy cohorts); representativeness of ccRCC/RCC population unclear.,Transcriptomic/clinical measurements and survival endpoints are standard and fit-for-purpose.,Public cohorts report survival status and follow-up adequately for included cases.,Heavy ML algorithm screening/median-split risk stratification with limited independent confounder adjustment.,Bioinformatic pipeline and (where applicable) in vitro/experimental validation applied as described.,low,MMAT non-randomized (Hong 2018).,yes,unclear,low,low,high,high,low concern,"Convenience TCGA/GEO cohorts, median-split risk score, and extensive ML algorithm competition risk overfitting; predictors/outcome well defined.",yes,yes,yes,no,partial,REV-ALCIDES-AI,2026-09-22,,batch-06
REC-AIBIOGU-000438,Sun2025,Using Multiomics and Machine Learning: Insights into Improving the Outcomes of Clear Cell Renal Cell Carcinoma via the SRD5A3-AS1/hsa-let-7e-5p/RRM2 Axis.,2025,ACS Omega,10.1021/acsomega.5c01337,non_randomized,yes,yes,cant_tell,yes,yes,no,yes,Convenience public cohorts (TCGA/GEO ccRCC + single-cell/spatial transcriptomics); representativeness of ccRCC/RCC population unclear.,Transcriptomic/clinical measurements and survival endpoints are standard and fit-for-purpose.,Public cohorts report survival status and follow-up adequately for included cases.,Heavy ML algorithm screening/median-split risk stratification with limited independent confounder adjustment.,Bioinformatic pipeline and (where applicable) in vitro/experimental validation applied as described.,low,MMAT non-randomized (Hong 2018).,yes,unclear,low,low,high,high,low concern,"Convenience TCGA/GEO cohorts, median-split risk score, and extensive ML algorithm competition risk overfitting; predictors/outcome well defined.",yes,yes,yes,no,partial,REV-ALCIDES-AI,2026-09-22,,batch-06
REC-AIBIOGU-000439,Xu2025,Palmitoylation regulators drive the progression of clear cell renal cell carcinoma through Inhibition of cuproptosis: insights into the role of ZDHHC18.,2025,Cancer Cell Int,10.1186/s12935-025-03882-z,non_randomized,yes,yes,cant_tell,yes,yes,no,yes,"Convenience public cohorts (TCGA-KIRC + E-MTAB-1980 + CPTAC-ccRCC, 101-method ML); representativeness of ccRCC/RCC population unclear.",Transcriptomic/clinical measurements and survival endpoints are standard and fit-for-purpose.,Public cohorts report survival status and follow-up adequately for included cases.,Heavy ML algorithm screening/median-split risk stratification with limited independent confounder adjustment.,Bioinformatic pipeline and (where applicable) in vitro/experimental validation applied as described.,low,MMAT non-randomized (Hong 2018).,yes,unclear,low,low,high,high,low concern,"Convenience TCGA/GEO cohorts, median-split risk score, and extensive ML algorithm competition risk overfitting; predictors/outcome well defined.",yes,yes,yes,no,partial,REV-ALCIDES-AI,2026-09-22,,batch-06
REC-AIBIOGU-000440,Wang2025,Prediction of metastatic risk of renal clear cell carcinoma based on CT radiomics analysis.,2025,Front Oncol,10.3389/fonc.2025.1576956,non_randomized,yes,yes,cant_tell,yes,yes,cant_tell,yes,"Retrospective single/multi-center recruitment (3 hospitals, n=273); selection bias plausible.",Radiomics extraction (IBSI-standard) and clinicopathologic/reference-standard outcome measures are appropriate.,Pathologic/follow-up outcome data reported for included cases.,"Multivariable clinical+radiomics model partially addresses confounding, though feature selection is data-driven.","Imaging acquisition, segmentation and radiomics/DL pipeline applied as described.",low,MMAT non-randomized (retrospective imaging cohort).,yes,low,low,low,unclear,unclear,low concern,Multi-center cohort with external validation and DeLong comparison; residual overfitting risk from data-driven feature selection.,yes,yes,yes,no,adequate,REV-ALCIDES-AI,2026-09-22,Three-center cohort with independent test set (n=57) and SHAP interpretability; moderate design strength.,batch-06
REC-AIBIOGU-000441,Hong2025,Identifying a prognostic signature for clear cell renal cell carcinoma: the convergence of single-cell and bulk sequencing with machine learning.,2025,Front Cell Dev Biol,10.3389/fcell.2025.1560095,non_randomized,yes,yes,cant_tell,yes,yes,no,yes,"Convenience public cohorts (Multiple independent datasets, 10-method consensus ML); representativeness of ccRCC/RCC population unclear.",Transcriptomic/clinical measurements and survival endpoints are standard and fit-for-purpose.,Public cohorts report survival status and follow-up adequately for included cases.,Heavy ML algorithm screening/median-split risk stratification with limited independent confounder adjustment.,Bioinformatic pipeline and (where applicable) in vitro/experimental validation applied as described.,low,MMAT non-randomized (Hong 2018).,yes,unclear,low,low,high,high,low concern,"Convenience TCGA/GEO cohorts, median-split risk score, and extensive ML algorithm competition risk overfitting; predictors/outcome well defined.",yes,yes,yes,no,partial,REV-ALCIDES-AI,2026-09-22,,batch-06
REC-AIBIOGU-000443,Li2025,A CT-based intratumoral and peritumoral radiomics nomogram for postoperative recurrence risk stratification in localized clear cell renal cell carcinoma.,2025,BMC Med Imaging,10.1186/s12880-025-01715-z,non_randomized,yes,yes,cant_tell,yes,yes,cant_tell,yes,"Retrospective single/multi-center recruitment (two-center, n=447); selection bias plausible.",Radiomics extraction (IBSI-standard) and clinicopathologic/reference-standard outcome measures are appropriate.,Pathologic/follow-up outcome data reported for included cases.,"Multivariable clinical+radiomics model partially addresses confounding, though feature selection is data-driven.","Imaging acquisition, segmentation and radiomics/DL pipeline applied as described.",low,MMAT non-randomized (retrospective imaging cohort).,yes,low,low,low,unclear,unclear,low concern,Multi-center cohort with external validation and DeLong comparison; residual overfitting risk from data-driven feature selection.,yes,yes,yes,no,adequate,REV-ALCIDES-AI,2026-09-22,Two-center cohort (n=447) with external validation set (n=52) and high C-index (0.94-0.95); comparatively strong design.,batch-06
REC-AIBIOGU-000447,Liu2025,"A novel stemness-related lncRNA signature predicts prognosis, immune infiltration and drug sensitivity of clear cell renal cell carcinoma.",2025,J Transl Med,10.1186/s12967-025-06251-6,non_randomized,yes,yes,cant_tell,yes,yes,no,yes,"Convenience public cohorts (TCGA-KIRC + GSE29609, web calculator, scRNA+in vivo/in vitro); representativeness of ccRCC/RCC population unclear.",Transcriptomic/clinical measurements and survival endpoints are standard and fit-for-purpose.,Public cohorts report survival status and follow-up adequately for included cases.,Heavy ML algorithm screening/median-split risk stratification with limited independent confounder adjustment.,Bioinformatic pipeline and (where applicable) in vitro/experimental validation applied as described.,low,MMAT non-randomized (Hong 2018).,yes,unclear,low,low,high,high,low concern,"Convenience TCGA/GEO cohorts, median-split risk score, and extensive ML algorithm competition risk overfitting; predictors/outcome well defined.",yes,yes,yes,no,partial,REV-ALCIDES-AI,2026-09-22,,batch-06
REC-AIBIOGU-000448,Yin2025,Contrast-Enhanced CT-Based Radiomics Nomogram for Prediction of Pathologic T3a Upstaging in Clinical T1 RCC.,2025,Diagnostics (Basel),10.3390/diagnostics15040443,non_randomized,yes,yes,cant_tell,yes,yes,no,yes,"Retrospective single/multi-center recruitment (single-center, n=169); selection bias plausible.",Radiomics extraction (IBSI-standard) and clinicopathologic/reference-standard outcome measures are appropriate.,Pathologic/follow-up outcome data reported for included cases.,Limited confounder adjustment beyond radiomics signature; small sample raises overfitting risk.,"Imaging acquisition, segmentation and radiomics/DL pipeline applied as described.",low,MMAT non-randomized (retrospective imaging cohort).,yes,unclear,low,low,high,high,low concern,Single/limited-center retrospective series with small sample and data-driven radiomics feature selection; overfitting risk.,yes,yes,partial,no,partial,REV-ALCIDES-AI,2026-09-22,"Single-center retrospective cohort, internal train/test split only (no external validation).",batch-06
REC-AIBIOGU-000449,Cheng2025,Machine learning-derived prognostic signature integrating programmed cell death and mitochondrial function in renal clear cell carcinoma: identification of PIF1 as a novel target.,2025,Cancer Immunol Immunother,10.1007/s00262-025-03967-8,non_randomized,yes,yes,cant_tell,yes,yes,no,yes,"Convenience public cohorts (TCGA-KIRC + E-MTAB-1980 + GSE167573, 76-algorithm combinations); representativeness of ccRCC/RCC population unclear.",Transcriptomic/clinical measurements and survival endpoints are standard and fit-for-purpose.,Public cohorts report survival status and follow-up adequately for included cases.,Heavy ML algorithm screening/median-split risk stratification with limited independent confounder adjustment.,Bioinformatic pipeline and (where applicable) in vitro/experimental validation applied as described.,low,MMAT non-randomized (Hong 2018).,yes,unclear,low,low,high,high,low concern,"Convenience TCGA/GEO cohorts, median-split risk score, and extensive ML algorithm competition risk overfitting; predictors/outcome well defined.",yes,yes,yes,no,partial,REV-ALCIDES-AI,2026-09-22,,batch-06
REC-AIBIOGU-000451,Xiong2025,Artificial intelligence links CT images to pathologic features and survival outcomes of renal masses.,2025,Nat Commun,10.1038/s41467-025-56784-z,non_randomized,yes,yes,cant_tell,yes,yes,cant_tell,yes,"Retrospective single/multi-center recruitment (multi-cohort, n=4557 (training/internal/external/prospective/TCIA)); selection bias plausible.",Deep learning CNN (nnU-Net segmentation + multi-phase classification) and pathology/survival reference standards are appropriate.,Pathologic/follow-up outcome data reported for included cases.,"Multivariable clinical+radiomics model partially addresses confounding, though feature selection is data-driven.","Multi-phase CT preprocessing and CNN training/inference pipeline applied as described, with prospective test-set validation.",low,MMAT non-randomized (retrospective imaging cohort).,yes,low,low,low,unclear,unclear,low concern,Multi-center cohort with external validation and DeLong comparison; residual overfitting risk from data-driven feature selection.,yes,yes,yes,partial,adequate,REV-ALCIDES-AI,2026-09-22,Very large multi-cohort study (Nature Communications) with prospective test set and comparison to 7 radiologists; strongest imaging AI design in this batch.,batch-06
REC-AIBIOGU-000452,Li2025,A risk signature constructed by Tregs-related genes predict the clinical outcomes and immune therapeutic response in kidney cancer.,2025,Discov Oncol,10.1007/s12672-025-01787-x,non_randomized,yes,yes,cant_tell,yes,yes,no,yes,"Convenience public cohorts (TCGA-KIRC/KIRP + E-MTAB-1980 + immunotherapy cohorts (Alexandra, GSE78820)); representativeness of ccRCC/RCC population unclear.",Transcriptomic/clinical measurements and survival endpoints are standard and fit-for-purpose.,Public cohorts report survival status and follow-up adequately for included cases.,Heavy ML algorithm screening/median-split risk stratification with limited independent confounder adjustment.,Bioinformatic pipeline and (where applicable) in vitro/experimental validation applied as described.,low,MMAT non-randomized (Hong 2018).,yes,unclear,low,low,high,high,low concern,"Convenience TCGA/GEO cohorts, median-split risk score, and extensive ML algorithm competition risk overfitting; predictors/outcome well defined.",yes,yes,yes,no,partial,REV-ALCIDES-AI,2026-09-22,,batch-06
REC-AIBIOGU-000453,Liu2025,Integrated RNA sequencing analysis and machine learning identifies a metabolism-related prognostic signature in clear cell renal cell carcinoma.,2025,Sci Rep,10.1038/s41598-025-85618-7,non_randomized,yes,yes,yes,cant_tell,yes,yes,cant_tell,Bulk/scRNA ccRCC datasets and MRPS construction directly address metabolism-prognosis question.,Multi-database ccRCC samples still convenience cohorts.,MRPS from DEMRGs and survival ML aligns with prognostic biomarker aim.,Multiple cohorts with OS; LOOCV and hold-out testing described.,118 algorithm combinations and batch-corrected public data; residual confounding by stage/therapy unclear.,low,MMAT v2018 quantitative non-randomized (cohort) criteria.,yes,unclear,low,low,high,high,high concern,Strong external cohort testing but heavy data-driven model competition inflates optimism risk.,yes,yes,yes,partial,adequate,REV-ALCIDES,2026-09-21,Shiny nomogram aids use but full analysis code not shared.,pilot
REC-AIBIOGU-000454,Lu2024,Survival analysis of clear cell renal cell carcinoma based on radiomics and deep learning features from CT images.,2024,Medicine (Baltimore),10.1097/md.0000000000040723,non_randomized,yes,yes,cant_tell,yes,yes,cant_tell,yes,Retrospective single/multi-center recruitment (n=822 + n=152 external (TCIA)); selection bias plausible.,Radiomics extraction (IBSI-standard) and clinicopathologic/reference-standard outcome measures are appropriate.,Pathologic/follow-up outcome data reported for included cases.,"Multivariable clinical+radiomics model partially addresses confounding, though feature selection is data-driven.","Imaging acquisition, segmentation and radiomics/DL pipeline applied as described.",low,MMAT non-randomized (retrospective imaging cohort).,yes,low,low,low,unclear,unclear,low concern,Multi-center cohort with external validation and DeLong comparison; residual overfitting risk from data-driven feature selection.,yes,yes,yes,no,adequate,REV-ALCIDES-AI,2026-09-22,Reasonably large cohort with independent TCIA external validation; fusion radiomics+deep-learning nomogram.,batch-06
REC-AIBIOGU-000458,Yang2024,Machine learning-based multiparametric MRI radiomics nomogram for predicting WHO/ISUP nuclear grading of clear cell renal cell carcinoma.,2024,Front Oncol,10.3389/fonc.2024.1467775,non_randomized,yes,yes,cant_tell,yes,yes,no,yes,"Retrospective single/multi-center recruitment (single-center, n=86); selection bias plausible.",Radiomics extraction (IBSI-standard) and clinicopathologic/reference-standard outcome measures are appropriate.,Pathologic/follow-up outcome data reported for included cases.,Limited confounder adjustment beyond radiomics signature; small sample raises overfitting risk.,"Imaging acquisition, segmentation and radiomics/DL pipeline applied as described.",low,MMAT non-randomized (retrospective imaging cohort).,yes,unclear,low,low,high,high,low concern,Single/limited-center retrospective series with small sample and data-driven radiomics feature selection; overfitting risk.,yes,yes,partial,no,partial,REV-ALCIDES-AI,2026-09-22,Very small single-center cohort (n=86); high risk of overfitting despite reasonable test-set AUC.,batch-06
REC-AIBIOGU-000459,Liu2024,Developing hypoxia and lactate metabolism-related molecular subtypes and prognostic signature for clear cell renal cell carcinoma through integrating machine learning.,2024,Discov Oncol,10.1007/s12672-024-01543-7,non_randomized,yes,yes,cant_tell,yes,yes,no,yes,"Convenience public cohorts (TCGA-KIRC + GSE29609, 101-framework ML); representativeness of ccRCC/RCC population unclear.",Transcriptomic/clinical measurements and survival endpoints are standard and fit-for-purpose.,Public cohorts report survival status and follow-up adequately for included cases.,Heavy ML algorithm screening/median-split risk stratification with limited independent confounder adjustment.,Bioinformatic pipeline and (where applicable) in vitro/experimental validation applied as described.,low,MMAT non-randomized (Hong 2018).,yes,unclear,low,low,high,high,low concern,"Convenience TCGA/GEO cohorts, median-split risk score, and extensive ML algorithm competition risk overfitting; predictors/outcome well defined.",yes,yes,yes,no,partial,REV-ALCIDES-AI,2026-09-22,,batch-06
REC-AIBIOGU-000460,Luo2024,Machine learning-derived natural killer cell signature predicts prognosis and therapeutic response in clear cell renal cell carcinoma.,2024,Transl Oncol,10.1016/j.tranon.2024.102180,non_randomized,yes,yes,cant_tell,yes,yes,no,yes,"Convenience public cohorts (TCGA + scRNA, 101-algorithm ML, in vitro ARHGAP9); representativeness of ccRCC/RCC population unclear.",Transcriptomic/clinical measurements and survival endpoints are standard and fit-for-purpose.,Public cohorts report survival status and follow-up adequately for included cases.,Heavy ML algorithm screening/median-split risk stratification with limited independent confounder adjustment.,Bioinformatic pipeline and (where applicable) in vitro/experimental validation applied as described.,low,MMAT non-randomized (Hong 2018).,yes,unclear,low,low,high,high,low concern,"Convenience TCGA/GEO cohorts, median-split risk score, and extensive ML algorithm competition risk overfitting; predictors/outcome well defined.",yes,yes,yes,no,partial,REV-ALCIDES-AI,2026-09-22,,batch-06
REC-AIBIOGU-000462,Xv2024,Multiparameter computed tomography (CT) radiomics signature fusion-based model for the preoperative prediction of clear cell renal cell carcinoma nuclear grade: a multicenter development and external validation study.,2024,Quant Imaging Med Surg,10.21037/qims-24-35,non_randomized,yes,yes,cant_tell,yes,yes,cant_tell,yes,"Retrospective single/multi-center recruitment (3 hospitals, n=500 + 2 external test sets); selection bias plausible.",Radiomics extraction (IBSI-standard) and clinicopathologic/reference-standard outcome measures are appropriate.,Pathologic/follow-up outcome data reported for included cases.,"Multivariable clinical+radiomics model partially addresses confounding, though feature selection is data-driven.","Imaging acquisition, segmentation and radiomics/DL pipeline applied as described.",low,MMAT non-randomized (retrospective imaging cohort).,yes,low,low,low,unclear,unclear,low concern,Multi-center cohort with external validation and DeLong comparison; residual overfitting risk from data-driven feature selection.,yes,yes,yes,partial,adequate,REV-ALCIDES-AI,2026-09-22,"Multicenter development (3 hospitals) with two independent external validation sets; comparatively strong design, explicitly follows TRIPOD checklist.",batch-06
REC-AIBIOGU-000463,Cattelani2024,Triple and quadruple optimization for feature selection in cancer biomarker discovery.,2024,J Biomed Inform,10.1016/j.jbi.2024.104736,non_randomized,yes,yes,cant_tell,yes,yes,yes,yes,TCGA renal carcinoma subtype cohort; representativeness of general population unclear but standard for methods-development study.,Multi-objective GA-based feature selection and classification metrics are appropriate and well described.,"Outcome (subtype classification, survival) data reported for included TCGA cases and external microarray validation sets.",Explicit comparison against clinical-data-only gold standard and external microarray validation partially addresses overfitting/confounding.,Triple/quadruple-objective optimization pipeline applied and benchmarked as described.,moderate,Methods-development study (feature-selection algorithm) applied to TCGA renal carcinoma; more rigorous than typical single-signature mining papers.,yes,unclear,low,low,unclear,unclear,unclear,"Primarily a feature-selection methodology paper (biomedical informatics journal) rather than a single clinical prediction model; external microarray validation (AUC/accuracy >0.8) and explicit multi-objective design partially mitigate typical ML-mining overfitting risk, but clinical applicability/implementation is not the main focus.",yes,yes,yes,partial,adequate,REV-ALCIDES-AI,2026-09-22,"Atypical for this batch: a general feature-selection/biomarker-discovery methodology paper (not a Chinese single-signature mill), applied to TCGA renal carcinoma subtyping as a use case; judged as a legitimate prediction-model development/validation study per calibration (default to appraise).",batch-06
REC-AIBIOGU-000467,Wang2024,Prediction of clear cell renal cell carcinoma prognosis based on an immunogenomic landscape analysis.,2024,Heliyon,10.1016/j.heliyon.2024.e36156,non_randomized,yes,yes,cant_tell,yes,yes,no,yes,Convenience public cohorts (TCGA + E-MTAB-1980); representativeness of ccRCC/RCC population unclear.,Transcriptomic/clinical measurements and survival endpoints are standard and fit-for-purpose.,Public cohorts report survival status and follow-up adequately for included cases.,Heavy ML algorithm screening/median-split risk stratification with limited independent confounder adjustment.,Bioinformatic pipeline and (where applicable) in vitro/experimental validation applied as described.,low,MMAT non-randomized (Hong 2018).,yes,unclear,low,low,high,high,low concern,"Convenience TCGA/GEO cohorts, median-split risk score, and extensive ML algorithm competition risk overfitting; predictors/outcome well defined.",yes,yes,yes,no,partial,REV-ALCIDES-AI,2026-09-22,"Research Square preprint (posted 2023-03-24, DOI rs.3.rs-2722925), not confirmed peer-reviewed; CSV lists journal as blank/Heliyon-pending. Flag preprint status.",batch-06
REC-AIBIOGU-000468,Cheng2024,Integration of proteomics and transcriptomics to construct a prognostic signature of renal clear cell carcinoma.,2024,Int J Med Sci,10.7150/ijms.99992,non_randomized,yes,yes,cant_tell,yes,yes,no,yes,Convenience public cohorts (TCGA-KIRC proteomics+transcriptomics); representativeness of ccRCC/RCC population unclear.,Transcriptomic/clinical measurements and survival endpoints are standard and fit-for-purpose.,Public cohorts report survival status and follow-up adequately for included cases.,Heavy ML algorithm screening/median-split risk stratification with limited independent confounder adjustment.,Bioinformatic pipeline and (where applicable) in vitro/experimental validation applied as described.,low,MMAT non-randomized (Hong 2018).,yes,unclear,low,low,high,high,low concern,"Convenience TCGA/GEO cohorts, median-split risk score, and extensive ML algorithm competition risk overfitting; predictors/outcome well defined.",yes,yes,yes,no,partial,REV-ALCIDES-AI,2026-09-22,,batch-06
REC-AIBIOGU-000469,Yang2024,Identification of HDAC10 as a candidate oncogene in clear cell renal carcinoma that facilitates tumor proliferation and metastasis.,2024,Diagn Pathol,10.1186/s13000-024-01493-2,non_randomized,yes,yes,cant_tell,yes,yes,no,yes,"Convenience public cohorts (TCGA + GEO + local cohort, 2-method ML + PPI); representativeness of ccRCC/RCC population unclear.",Transcriptomic/clinical measurements and survival endpoints are standard and fit-for-purpose.,Public cohorts report survival status and follow-up adequately for included cases.,Heavy ML algorithm screening/median-split risk stratification with limited independent confounder adjustment.,Bioinformatic pipeline and (where applicable) in vitro/experimental validation applied as described.,low,MMAT non-randomized (Hong 2018).,yes,unclear,low,low,high,high,low concern,"Convenience TCGA/GEO cohorts, median-split risk score, and extensive ML algorithm competition risk overfitting; predictors/outcome well defined.",yes,yes,yes,no,partial,REV-ALCIDES-AI,2026-09-22,,batch-06
REC-AIBIOGU-000471,Li2024,Radiomics nomogram based on CT radiomics features and clinical factors for prediction of Ki-67 expression and prognosis in clear cell renal cell carcinoma: a two-center study.,2024,Cancer Imaging,10.1186/s40644-024-00744-1,non_randomized,yes,yes,cant_tell,yes,yes,cant_tell,yes,"Retrospective single/multi-center recruitment (two-center, n=185); selection bias plausible.",Radiomics extraction (IBSI-standard) and clinicopathologic/reference-standard outcome measures are appropriate.,Pathologic/follow-up outcome data reported for included cases.,"Multivariable clinical+radiomics model partially addresses confounding, though feature selection is data-driven.","Imaging acquisition, segmentation and radiomics/DL pipeline applied as described.",low,MMAT non-randomized (retrospective imaging cohort).,yes,low,low,low,unclear,unclear,low concern,Multi-center cohort with external validation and DeLong comparison; residual overfitting risk from data-driven feature selection.,yes,yes,yes,no,adequate,REV-ALCIDES-AI,2026-09-22,"Two-center cohort with independent validation group (n=55); AUCs and C-index in the 0.80-0.84 range, less prone to extreme overfitting than smaller single-center studies.",batch-06
REC-AIBIOGU-000473,Li2024,Radiomics predict the WHO/ISUP nuclear grade and survival in clear cell renal cell carcinoma.,2024,Insights Imaging,10.1186/s13244-024-01739-z,non_randomized,yes,yes,yes,yes,yes,yes,yes,"Retrospective cohort from Center A (institutional) + Center B with stated inclusion/exclusion criteria (training n=284, internal validation n=71, external validation n=40).",CT/MRI-derived radiomics features and histopathologic ground truth are appropriate for the study aim.,Complete imaging and clinicopathologic data are reported for included patients.,Radiomics-clinical nomogram adjusts for relevant clinicopathologic covariates via multivariate regression.,Image acquisition/segmentation protocol is described and applied consistently.,high,"MMAT v2018 quantitative non-randomized (CT/MRI radiomics nomogram, external validation).",yes,unclear,unclear,low,high,high,low concern,CT intratumoral/peritumoral (PAT 5mm) radiomics + LASSO + nomogram; external validation at an independent Center B cohort (n=40); AUC 0.80/0.80/0.90 in training/internal-validation/external-validation for WHO/ISUP grade. Analysis domain remains high risk despite external testing: LASSO feature selection with limited events-per-variable and no prespecified/preregistered model-building protocol.,yes,yes,yes,no,adequate,REV-ALCIDES-AI,2026-09-22,"Independent external imaging cohort supports generalizability, but PROBAST Analysis kept high per frozen calibration; radiomics feature/code sharing not reported (typical for this corpus).",batch-07
REC-AIBIOGU-000474,Wu2024,Deciphering glutamine metabolism patterns for malignancy and tumor microenvironment in clear cell renal cell carcinoma.,2024,Clin Exp Med,10.1007/s10238-024-01390-4,non_randomized,yes,yes,yes,yes,cant_tell,yes,yes,"Cohort defined from TCGA-KIRC plus CPTAC-3, RECA-EU and E-MTAB-3267 cohorts with stated inclusion criteria (TCGA-KIRC training set).",Transcriptomic/clinical measurements are standard and matched to the prognostic aim.,Missing-value handling across merged public cohorts is only partially described.,Nomogram integrates clinicopathologic covariates alongside the signature via multivariate Cox/logistic regression.,Data processing and validation follow the stated analytic pipeline.,moderate,MMAT v2018 quantitative non-randomized (public-database ML signature).,yes,unclear,unclear,low,high,high,low concern,LASSO + multivariate Cox glutamine-metabolism signature (GMRScore) + nomogram; external validation via CPTAC-3/RECA-EU/E-MTAB-3267 multi-database replication; nomogram calibration/DCA reported across cohorts. Analysis domain remains high risk despite external replication: massive algorithm/feature search and median-split risk grouping are performed without prespecified model-building or full external re-derivation.,yes,yes,yes,partial,adequate,REV-ALCIDES-AI,2026-09-22,"External multi-cohort validation strengthens this signature relative to the corpus norm, but PROBAST Analysis kept high per frozen calibration (massive feature/algorithm search is the corpus default).",batch-07
REC-AIBIOGU-000475,Wen2024,"Anoikis resistance regulates immune infiltration and drug sensitivity in clear-cell renal cell carcinoma: insights from multi omics, single cell analysis andexperiment.",2024,Front Immunol,10.3389/fimmu.2024.1427475,non_randomized,yes,yes,yes,yes,cant_tell,yes,yes,Cohort defined from TCGA-KIRC plus a GEO validation cohort and single-cell data with stated inclusion criteria (TCGA-KIRC training/test split).,Transcriptomic/clinical measurements are standard and matched to the prognostic aim.,Missing-value handling across merged public cohorts is only partially described.,Nomogram integrates clinicopathologic covariates alongside the signature via multivariate Cox/logistic regression.,Data processing and validation follow the stated analytic pipeline.,moderate,MMAT v2018 quantitative non-randomized (public-database ML signature).,yes,unclear,unclear,low,high,high,low concern,"SVM gene screening + LASSO Cox anoikis-resistance signature (ARGs) + nomogram; external validation via an independent GEO transcriptome validation cohort; ROC-based evaluation in training, test and full TCGA cohorts. Analysis domain remains high risk despite external replication: massive algorithm/feature search and median-split risk grouping are performed without prespecified model-building or full external re-derivation.",yes,yes,yes,partial,adequate,REV-ALCIDES-AI,2026-09-22,"External multi-cohort validation strengthens this signature relative to the corpus norm, but PROBAST Analysis kept high per frozen calibration (massive feature/algorithm search is the corpus default).",batch-07
REC-AIBIOGU-000476,Liu2024,Comprehensive investigation of malignant epithelial cell-related genes in clear cell renal cell carcinoma: development of a prognostic signature and exploration of tumor microenvironment interactions.,2024,J Transl Med,10.1186/s12967-024-05426-x,non_randomized,yes,yes,yes,yes,cant_tell,yes,yes,Cohort defined from TCGA-KIRC plus GSE53757 (GEO) with stated inclusion criteria (TCGA-KIRC training set + single-cell-derived 219 MECRGs).,Transcriptomic/clinical measurements are standard and matched to the prognostic aim.,Missing-value handling across merged public cohorts is only partially described.,Nomogram integrates clinicopathologic covariates alongside the signature via multivariate Cox/logistic regression.,Data processing and validation follow the stated analytic pipeline.,moderate,MMAT v2018 quantitative non-randomized (public-database ML signature).,yes,unclear,unclear,low,high,high,low concern,101 machine-learning algorithm combinations (Lasso/Ridge/stepwise Cox etc.) selected by C-index; external validation via the GSE53757 GEO validation cohort; C-index compared across all datasets to select the optimal of 101 models. Analysis domain remains high risk despite external replication: massive algorithm/feature search and median-split risk grouping are performed without prespecified model-building or full external re-derivation.,yes,yes,yes,partial,adequate,REV-ALCIDES-AI,2026-09-22,"External multi-cohort validation strengthens this signature relative to the corpus norm, but PROBAST Analysis kept high per frozen calibration (massive feature/algorithm search is the corpus default).",batch-07
REC-AIBIOGU-000477,Hwang2024,Discovery and Validation of Survival-Specific Genes in Papillary Renal Cell Carcinoma Using a Customized Next-Generation Sequencing Gene Panel.,2024,Cancers (Basel),10.3390/cancers16112006,non_randomized,yes,yes,yes,yes,cant_tell,yes,yes,Cohort defined from TCGA-KIRP (n=293) plus an independent Korean PRCC cohort (n=60) with stated inclusion criteria (TCGA-KIRP n=293).,Transcriptomic/clinical measurements are standard and matched to the prognostic aim.,Missing-value handling across merged public cohorts is only partially described.,Nomogram integrates clinicopathologic covariates alongside the signature via multivariate Cox/logistic regression.,Data processing and validation follow the stated analytic pipeline.,moderate,MMAT v2018 quantitative non-randomized (public-database ML signature).,yes,unclear,unclear,low,unclear,unclear,low concern,"machine learning + statistical analysis to derive survival-specific genes; external validation via an independent Korean-population cohort (IRB-approved, n=60); 10/40 genes retained survival specificity in both TCGA-KIRP (OS p=0.010) and the Korean cohort. Analysis domain judged unclear (rather than the corpus-default high) given unusually thorough independent multi-cohort/cross-population external validation. Cross-population (TCGA vs Korean) external validation is a relative strength for applicability.",yes,yes,yes,partial,adequate,REV-ALCIDES-AI,2026-09-22,"External multi-cohort validation strengthens this signature relative to the corpus norm, PROBAST Analysis judged unclear as an exception to the corpus default given the unusually rigorous external validation. Cross-population (TCGA vs Korean) external validation is a relative strength for applicability.",batch-07
REC-AIBIOGU-000478,Farias2024,Machine Learning Gene Signature to Metastatic ccRCC Based on ceRNA Network.,2024,Int J Mol Sci,10.3390/ijms25084214,non_randomized,yes,yes,yes,yes,cant_tell,yes,yes,"Cohort defined from TCGA-KIRC (n=602, training) and ICGC-RECA-EU (test) with stated inclusion criteria (TCGA-KIRC n=602).",Transcriptomic/clinical measurements are standard and matched to the prognostic aim.,Missing-value handling across merged public cohorts is only partially described.,Nomogram integrates clinicopathologic covariates alongside the signature via multivariate Cox/logistic regression.,Data processing and validation follow the stated analytic pipeline.,moderate,MMAT v2018 quantitative non-randomized (public-database ML signature).,yes,unclear,unclear,low,high,high,low concern,"ceRNA network + random forest/XGBoost feature selection (RFE); external validation via the independent ICGC-RECA-EU project as test dataset; accuracy 72%, AUC 81.5% in the external ICGC-RECA test set. Analysis domain remains high risk despite external replication: massive algorithm/feature search and median-split risk grouping are performed without prespecified model-building or full external re-derivation.",yes,yes,yes,partial,adequate,REV-ALCIDES-AI,2026-09-22,"External multi-cohort validation strengthens this signature relative to the corpus norm, but PROBAST Analysis kept high per frozen calibration (massive feature/algorithm search is the corpus default).",batch-07
REC-AIBIOGU-000480,Yang2024,Machine learning-based integration develops a stress response stated T cell (Tstr)-related score for predicting outcomes in clear cell renal cell carcinoma.,2024,Int Immunopharmacol,10.1016/j.intimp.2024.112017,non_randomized,yes,yes,yes,yes,cant_tell,yes,yes,Cohort defined from TCGA (training/testing split) plus the ArrayExpress E-MTAB-1980 cohort with stated inclusion criteria (336 ccRCC TCGA samples).,Transcriptomic/clinical measurements are standard and matched to the prognostic aim.,Missing-value handling across merged public cohorts is only partially described.,Nomogram integrates clinicopathologic covariates alongside the signature via multivariate Cox/logistic regression.,Data processing and validation follow the stated analytic pipeline.,moderate,MMAT v2018 quantitative non-randomized (public-database ML signature).,yes,unclear,unclear,low,high,high,low concern,144 algorithm combinations under LOOCV (Lasso/Ridge/CoxBoost/PLS etc.) to build a stress-response T-cell (Tstr) score; external validation via the E-MTAB-1980 (ArrayExpress) independent cohort; Harrell's C-index compared across TCGA-train/TCGA-test/external validation datasets. Analysis domain remains high risk despite external replication: massive algorithm/feature search and median-split risk grouping are performed without prespecified model-building or full external re-derivation.,yes,yes,yes,partial,adequate,REV-ALCIDES-AI,2026-09-22,"External multi-cohort validation strengthens this signature relative to the corpus norm, but PROBAST Analysis kept high per frozen calibration (massive feature/algorithm search is the corpus default).",batch-07
REC-AIBIOGU-000482,Zhong2024,Domain generalization enables general cancer cell annotation in single-cell and spatial transcriptomics.,2024,Nat Commun,10.1038/s41467-024-46413-6,non_randomized,yes,yes,cant_tell,yes,cant_tell,cant_tell,yes,Pan-cancer training data (TISCH) is not GU-specific; the ccRCC spatial-transcriptomic validation set is very small (n=5 samples).,Single-cell/spatial transcriptomic measurements and deep-learning classification are appropriate for the annotation task.,Completeness of the pan-cancer training corpus is not fully itemized in the excerpt reviewed.,"Domain-generalization design partially addresses batch/tissue confounding, but ccRCC-specific confounders for the secondary prognostic signature are not modeled.",The malignant-cell annotation pipeline (Cancer-Finder) is applied consistently as described.,low,MMAT v2018 quantitative non-randomized (methods/tool paper with secondary GU prognostic signature).,yes,high,unclear,unclear,high,high,high concern,"Primary model (Cancer-Finder) is a pan-cancer malignant-cell classifier, not a ccRCC clinical outcome predictor; the 10-gene ccRCC prognostic signature is a secondary finding derived from only 5 spatial-transcriptomic samples with limited outcome modeling detail.",yes,yes,partial,yes,adequate,REV-ALCIDES-AI,2026-09-22,"Borderline applies_prediction_appraisal: primary contribution is a pan-cancer malignant-cell annotation tool (Cancer-Finder), not a GU clinical prediction model; PROBAST/TRIPOD-AI appraisal here targets the secondary ccRCC 10-gene prognostic signature only (n=5 spatial samples), so applicability concern is rated high. Marked yes per calibration rule (prefer over-applying the complement rather than losing it).",batch-07
REC-AIBIOGU-000483,Bing2024,The Value of Dual-Energy Computed Tomography-Based Radiomics in the Evaluation of Interstitial Fibers of Clear Cell Renal Carcinoma.,2024,Technol Cancer Res Treat,10.1177/15330338241235554,non_randomized,yes,yes,cant_tell,yes,yes,cant_tell,yes,"Single-center retrospective cohort (Jinan Central Hospital, n=132 (single center)); external representativeness unclear.",CT/MRI-derived radiomics features and histopathologic/clinical ground truth are appropriate for the aim.,Complete imaging and clinicopathologic data are reported for included patients.,Only an internal train/test split is used; no independent external validation to confirm confounder control.,Image acquisition/segmentation protocol is described and applied consistently.,low,"MMAT v2018 quantitative non-randomized (CT/MRI radiomics nomogram, internal split only).",yes,high,unclear,low,high,high,low concern,"DECT radiomics (multiple kV/IMDI models) + SVM + SelectKBest/LASSO + nomogram; single-center, only internal split (n=132 (single center)), no independent external cohort; combined model AUC 0.833 (train) vs a weaker independent-feature model AUC 0.741; internal validation split only. Performance drops noticeably between the best combined model and other sub-models, consistent with overfitting risk in a small single-center sample.",yes,yes,partial,no,partial,REV-ALCIDES-AI,2026-09-22,"Single-center, internal split only; overfitting risk with limited-size holdout set. Performance drops noticeably between the best combined model and other sub-models, consistent with overfitting risk in a small single-center sample.",batch-07
REC-AIBIOGU-000484,Liu2024,"Identifying molecular subtypes and tumor microenvironment infiltration signatures in kidney renal clear cell carcinoma based on stemness-associated disulfidptosis genes by integrating machine learning, single-cell analyses and experimental validation.",2024,Heliyon,10.1016/j.heliyon.2024.e26094,non_randomized,yes,yes,yes,yes,cant_tell,yes,yes,"Cohort defined from TCGA-KIRC plus three independent external datasets (IMVIGOR210, ICGC-RECA, E-MTAB-1980) and GEO single-cell data with stated inclusion criteria (TCGA-KIRC 7:3 train/test split).",Transcriptomic/clinical measurements are standard and matched to the prognostic aim.,Missing-value handling across merged public cohorts is only partially described.,Nomogram integrates clinicopathologic covariates alongside the signature via multivariate Cox/logistic regression.,Data processing and validation follow the stated analytic pipeline.,moderate,MMAT v2018 quantitative non-randomized (public-database ML signature).,yes,unclear,unclear,low,unclear,unclear,low concern,NMF clustering + LASSO Cox disulfidptosis-related gene (SADG) signature + nomogram; external validation via three independent external validation datasets plus single-cell confirmation; signature validated across internal test and three external cohorts. Analysis domain judged unclear (rather than the corpus-default high) given unusually thorough independent multi-cohort/cross-population external validation.,yes,yes,yes,partial,adequate,REV-ALCIDES-AI,2026-09-22,"External multi-cohort validation strengthens this signature relative to the corpus norm, PROBAST Analysis judged unclear as an exception to the corpus default given the unusually rigorous external validation.",batch-07
REC-AIBIOGU-000485,Hong2024,Identification of molecular subtypes and diagnostic model in clear cell renal cell carcinoma based on collagen-related genes may predict the response of immunotherapy.,2024,Front Pharmacol,10.3389/fphar.2024.1325447,non_randomized,yes,yes,yes,yes,cant_tell,yes,yes,Cohort defined from TCGA-KIRC plus a clinical immunotherapy cohort and single-cell data with stated inclusion criteria (TCGA-KIRC WGCNA-derived collagen gene set).,Transcriptomic/clinical measurements are standard and matched to the prognostic aim.,Missing-value handling across merged public cohorts is only partially described.,Nomogram integrates clinicopathologic covariates alongside the signature via multivariate Cox/logistic regression.,Data processing and validation follow the stated analytic pipeline.,moderate,MMAT v2018 quantitative non-randomized (public-database ML signature).,yes,unclear,unclear,low,high,high,low concern,WGCNA + four ML algorithms (RF/SVM/XGBoost/GLM) diagnostic nomogram; external validation via an independent clinical immunotherapy response cohort; AUCs of 0.963/0.956/0.962/0.581 for RF/SVM/XGB/GLM. Analysis domain remains high risk despite external replication: massive algorithm/feature search and median-split risk grouping are performed without prespecified model-building or full external re-derivation.,yes,yes,yes,partial,adequate,REV-ALCIDES-AI,2026-09-22,"External multi-cohort validation strengthens this signature relative to the corpus norm, but PROBAST Analysis kept high per frozen calibration (massive feature/algorithm search is the corpus default).",batch-07
REC-AIBIOGU-000489,Xie2024,The potential value of the Purinergic pathway in the prognostic assessment and clinical application of kidney renal clear cell carcinoma.,2024,Aging (Albany NY),10.18632/aging.205364,non_randomized,yes,yes,cant_tell,yes,cant_tell,cant_tell,yes,Cohort restricted to TCGA (KIRC) (TCGA KIRC cohort only); representativeness beyond this convenience sample is unclear.,Transcriptomic/clinical measurements are standard and matched to the prognostic aim.,Missing-value handling is only partially described.,No independent external validation cohort; confounder control relies on the same source data used for signature derivation.,Data processing follows the stated analytic pipeline.,low,"MMAT v2018 quantitative non-randomized (public-database ML signature, internal split only).",yes,high,unclear,low,high,high,low concern,"10-algorithm machine-learning integration (LASSO+survivalSVM best) under LOOCV; only internal train/test split of TCGA (KIRC), no independent external cohort; C-index-based model selection reported only within TCGA; no separate external cohort identified.",yes,yes,partial,partial,partial,REV-ALCIDES-AI,2026-09-22,No independent external validation cohort; risk of optimism from same-source train/test split.,batch-07
REC-AIBIOGU-000490,Liu2023,Novel molecular classification and prognosis of papillary renal cell carcinoma based on a large-scale CRISPR-Cas9 screening and machine learning.,2023,Heliyon,10.1016/j.heliyon.2023.e23184,non_randomized,yes,yes,yes,yes,cant_tell,yes,yes,Cohort defined from TCGA-PRCC/GTEx/TARGET plus CRISPR (DepMap) data and an external GSE2748 (GEO) test set with stated inclusion criteria (TCGA-PRCC 7:3 train/validation split).,Transcriptomic/clinical measurements are standard and matched to the prognostic aim.,Missing-value handling across merged public cohorts is only partially described.,Nomogram integrates clinicopathologic covariates alongside the signature via multivariate Cox/logistic regression.,Data processing and validation follow the stated analytic pipeline.,moderate,MMAT v2018 quantitative non-randomized (public-database ML signature).,yes,unclear,unclear,low,high,high,low concern,CRISPR-informed gene selection + 9 machine-learning algorithms (21 combinations) for a 9-gene signature; external validation via the GSE2748 GEO cohort as external test set; mean AUC compared in validation and external test sets across 21 algorithm combinations. Analysis domain remains high risk despite external replication: massive algorithm/feature search and median-split risk grouping are performed without prespecified model-building or full external re-derivation.,yes,yes,yes,partial,adequate,REV-ALCIDES-AI,2026-09-22,"External multi-cohort validation strengthens this signature relative to the corpus norm, but PROBAST Analysis kept high per frozen calibration (massive feature/algorithm search is the corpus default).",batch-07
REC-AIBIOGU-000492,Zhong2023,Selection of M7G-related lncRNAs in kidney renal clear cell carcinoma and their putative diagnostic and prognostic role.,2023,BMC Urol,10.1186/s12894-023-01357-9,non_randomized,yes,yes,yes,yes,cant_tell,yes,yes,Cohort defined from TCGA-KIRC (n=531 training) plus ICGC-RECA-EU with stated inclusion criteria (TCGA-KIRC 531 tumor + 72 normal).,Transcriptomic/clinical measurements are standard and matched to the prognostic aim.,Missing-value handling across merged public cohorts is only partially described.,Nomogram integrates clinicopathologic covariates alongside the signature via multivariate Cox/logistic regression.,Data processing and validation follow the stated analytic pipeline.,moderate,MMAT v2018 quantitative non-randomized (public-database ML signature).,yes,unclear,unclear,low,high,high,low concern,XGBoost + Boruta biomarker selection (m7G-related lncRNAs) + nomogram; external validation via the ICGC-RECA-EU cohort; biomarkers and nomogram explored in both TCGA-KIRC and ICGC datasets. Analysis domain remains high risk despite external replication: massive algorithm/feature search and median-split risk grouping are performed without prespecified model-building or full external re-derivation.,yes,yes,yes,partial,adequate,REV-ALCIDES-AI,2026-09-22,"External multi-cohort validation strengthens this signature relative to the corpus norm, but PROBAST Analysis kept high per frozen calibration (massive feature/algorithm search is the corpus default).",batch-07
REC-AIBIOGU-000495,Liu2023,Validity of a multiphase CT-based radiomics model in predicting the Leibovich risk groups for localized clear cell renal cell carcinoma: an exploratory study.,2023,Insights Imaging,10.1186/s13244-023-01526-2,non_randomized,yes,yes,yes,yes,yes,yes,yes,Retrospective cohort from two medical centers with stated inclusion/exclusion criteria (center 1 training n=267 + internal validation n=114 (7:3); center 2 external testing n=44).,CT/MRI-derived radiomics features and histopathologic ground truth are appropriate for the study aim.,Complete imaging and clinicopathologic data are reported for included patients.,Radiomics-clinical nomogram adjusts for relevant clinicopathologic covariates via multivariate regression.,Image acquisition/segmentation protocol is described and applied consistently.,high,"MMAT v2018 quantitative non-randomized (CT/MRI radiomics nomogram, external validation).",yes,unclear,unclear,low,high,high,low concern,"triphasic CT radiomics + LASSO + nomogram for Leibovich risk groups; external validation at an independent center 2 cohort (n=44); AUC 0.862/0.853/0.872 across training/internal-validation/testing (validation-vs-testing difference not significant, p=0.172). Analysis domain remains high risk despite external testing: LASSO feature selection with limited events-per-variable and no prespecified/preregistered model-building protocol. External cohort is small (n=44); precision of the external AUC estimate is limited.",yes,yes,yes,no,adequate,REV-ALCIDES-AI,2026-09-22,"Independent external imaging cohort supports generalizability, but PROBAST Analysis kept high per frozen calibration; radiomics feature/code sharing not reported (typical for this corpus). External cohort is small (n=44); precision of the external AUC estimate is limited.",batch-07
REC-AIBIOGU-000496,Gao2023,Multiphase CT radiomics nomogram for preoperatively predicting the WHO/ISUP nuclear grade of small (< 4 cm) clear cell renal cell carcinoma.,2023,BMC Cancer,10.1186/s12885-023-11454-5,non_randomized,yes,yes,cant_tell,yes,yes,cant_tell,yes,"Single-center retrospective cohort (single institution, training n=67 plus a testing set (same institution)); external representativeness unclear.",CT/MRI-derived radiomics features and histopathologic/clinical ground truth are appropriate for the aim.,Complete imaging and clinicopathologic data are reported for included patients.,Only an internal train/test split is used; no independent external validation to confirm confounder control.,Image acquisition/segmentation protocol is described and applied consistently.,low,"MMAT v2018 quantitative non-randomized (CT/MRI radiomics nomogram, internal split only).",yes,high,unclear,low,high,high,low concern,"multiphase CT radiomics nomogram for WHO/ISUP grade of small ccRCC; single-center, only internal split (training n=67 plus a testing set (same institution)), no independent external cohort; AUC 0.940 (training) vs 0.902 (testing); Hosmer-Lemeshow goodness-of-fit reported. No independent external cohort from a different institution.",yes,yes,partial,no,partial,REV-ALCIDES-AI,2026-09-22,"Single-center, internal split only; overfitting risk with limited-size holdout set. No independent external cohort from a different institution.",batch-07
REC-AIBIOGU-000497,Ye2023,Protein Arginine Methyltransferases Refine the Classification of Clear Cell Renal Cell Carcinoma with Distinct Prognosis and Tumor Microenvironment Characteristics.,2023,Int J Biol Sci,10.7150/ijbs.80323,non_randomized,yes,yes,yes,yes,cant_tell,yes,yes,"Cohort defined from TCGA-KIRC, CPTAC-3, E-MTAB-3267 and RECA-EU (n=763 samples) with stated inclusion criteria (763 ccRCC samples across four databases).",Transcriptomic/clinical measurements are standard and matched to the prognostic aim.,Missing-value handling across merged public cohorts is only partially described.,Nomogram integrates clinicopathologic covariates alongside the signature via multivariate Cox/logistic regression.,Data processing and validation follow the stated analytic pipeline.,moderate,MMAT v2018 quantitative non-randomized (public-database ML signature).,yes,unclear,unclear,low,unclear,unclear,low concern,"LASSO + multivariate Cox PRMT-based signature (PRMTScore) + nomogram, with external PRMT5 protein validation; external validation via CPTAC-3/E-MTAB-3267/RECA-EU multi-database replication plus a separate protein-level (IHC) validation; AUCs reported for 1-, 3-, 5-year OS across the pooled multi-cohort dataset. Analysis domain judged unclear (rather than the corpus-default high) given unusually thorough independent multi-cohort/cross-population external validation.",yes,yes,yes,partial,adequate,REV-ALCIDES-AI,2026-09-22,"External multi-cohort validation strengthens this signature relative to the corpus norm, PROBAST Analysis judged unclear as an exception to the corpus default given the unusually rigorous external validation.",batch-07
REC-AIBIOGU-000498,Maddalo2023,Small Renal Masses: Developing a Robust Radiomic Signature.,2023,Cancers (Basel),10.3390/cancers15184565,non_randomized,yes,yes,cant_tell,yes,yes,cant_tell,yes,"Single-center retrospective cohort (a single, monocentric institution (explicitly stated), retrospective observational monocentric cohort); external representativeness unclear.",CT/MRI-derived radiomics features and histopathologic/clinical ground truth are appropriate for the aim.,Complete imaging and clinicopathologic data are reported for included patients.,Only an internal train/test split is used; no independent external validation to confirm confounder control.,Image acquisition/segmentation protocol is described and applied consistently.,low,"MMAT v2018 quantitative non-randomized (CT/MRI radiomics nomogram, internal split only).",yes,high,unclear,low,high,high,low concern,"Pyradiomics features (108 RFs) + machine learning with Monte Carlo cross-validation; single-center, only internal split (retrospective observational monocentric cohort), no independent external cohort; ROC-AUC 0.79±0.12 on unseen (held-out) data; no independent external cohort. Authors explicitly describe the study as monocentric/observational; Monte Carlo cross-validation substitutes for true external validation.",yes,yes,partial,no,partial,REV-ALCIDES-AI,2026-09-22,"Single-center, internal split only; overfitting risk with limited-size holdout set. Authors explicitly describe the study as monocentric/observational; Monte Carlo cross-validation substitutes for true external validation.",batch-07
REC-AIBIOGU-000499,Tang2023,Prognostic model of kidney renal clear cell carcinoma using aging-related long noncoding RNA signatures identifies THBS1-IT1 as a potential prognostic biomarker for multiple cancers.,2023,Aging (Albany NY),10.18632/aging.204949,non_randomized,yes,yes,yes,cant_tell,yes,yes,no,TCGA KIRC cohort and LncAging_score formula target KIRC prognosis.,TCGA-only development; aging-lncRNA focus may not represent typical KIRC populations.,TPM-based multi-Cox score and ROC/nomogram metrics fit prognostic modeling.,514 tumors with survival after exclusions; KM and ROC reported.,RF/SVM feature screen and stepwise Cox on same TCGA split; limited adjustment for clinical confounders in score derivation.,low,MMAT v2018 quantitative non-randomized (cohort) criteria.,yes,unclear,low,low,high,high,high concern,Internal train/validation split only; network+ML gene picking on same KIRC data.,yes,yes,partial,no,partial,REV-ALCIDES,2026-09-21,Pan-cancer THBS1-IT1 extension beyond KIRC model scope.,pilot
REC-AIBIOGU-000500,Xiang2023,Deciphering the implications of mitophagy-related signatures in clinical outcomes and microenvironment heterogeneity of clear cell renal cell carcinoma.,2023,J Cancer Res Clin Oncol,10.1007/s00432-023-05349-y,non_randomized,yes,yes,yes,yes,cant_tell,yes,yes,"Cohort defined from TCGA (n=763) plus CPTAC-3 and ICGC databases with stated inclusion criteria (763 ccRCC samples, multi-database).",Transcriptomic/clinical measurements are standard and matched to the prognostic aim.,Missing-value handling across merged public cohorts is only partially described.,Nomogram integrates clinicopathologic covariates alongside the signature via multivariate Cox/logistic regression.,Data processing and validation follow the stated analytic pipeline.,moderate,MMAT v2018 quantitative non-randomized (public-database ML signature).,yes,unclear,unclear,low,unclear,unclear,low concern,LASSO + multivariate Cox mitophagy-related signature (RiskScore) + nomogram; external validation via CPTAC-3/ICGC multi-database replication; ROC and calibration reported for the nomogram across cohorts. Analysis domain judged unclear (rather than the corpus-default high) given unusually thorough independent multi-cohort/cross-population external validation.,yes,yes,yes,partial,adequate,REV-ALCIDES-AI,2026-09-22,"External multi-cohort validation strengthens this signature relative to the corpus norm, PROBAST Analysis judged unclear as an exception to the corpus default given the unusually rigorous external validation.",batch-07
REC-AIBIOGU-000502,Ager2023,KLRG1 marks tumor-infiltrating CD4 T cell subsets associated with tumor progression and immunotherapy response.,2023,J Immunother Cancer,10.1136/jitc-2023-006782,descriptive,yes,yes,cant_tell,yes,cant_tell,no,yes,"Preclinical mouse tumor models (NPK-C1, MC38) plus a small published human ccRCC single-cell validation set; not a defined clinical target population.",34-parameter spectral flow cytometry and single-cell transcriptomics are appropriate and well-matched to the mechanistic aim.,Completeness of longitudinal preclinical sampling across all timepoints/models is not fully itemized in the excerpt reviewed.,No formal adjustment for confounders; findings are exploratory/associative across mouse models and a secondary human dataset.,Immune profiling protocol and ICB treatment timing are described and applied as intended.,low,MMAT v2018 quantitative descriptive/exploratory (preclinical mechanistic study with secondary human validation).,no,,,,,,,,,,,,,REV-ALCIDES-AI,2026-09-22,"Mechanistic/associative immunology study (mouse ICB models + machine-learning-assisted flow-cytometry data analysis); KLRG1 is proposed as a biomarker but no predictive model with AUC/C-index for a clinical outcome is developed or validated, so PROBAST/TRIPOD-AI is not applied per codebook section 2.",batch-07
REC-AIBIOGU-000503,Peng2023,Identification of disulfidptosis-related subtypes and development of a prognosis model based on stacking framework in renal clear cell carcinoma.,2023,J Cancer Res Clin Oncol,10.1007/s00432-023-05201-3,non_randomized,yes,yes,yes,yes,cant_tell,yes,yes,"Cohort defined from TCGA-KIRC (training) plus E-MTAB-1980, GSE167573 and ICGC-RECA (independent validation) with stated inclusion criteria (TCGA-KIRC training cohort).",Transcriptomic/clinical measurements are standard and matched to the prognostic aim.,Missing-value handling across merged public cohorts is only partially described.,Nomogram integrates clinicopathologic covariates alongside the signature via multivariate Cox/logistic regression.,Data processing and validation follow the stated analytic pipeline.,moderate,MMAT v2018 quantitative non-randomized (public-database ML signature).,yes,unclear,unclear,low,unclear,unclear,low concern,"two-stage stacking ensemble of 5 machine-learning models (disulfidptosis-related prognostic score, DRPS) + nomogram; external validation via three independent external cohorts (E-MTAB-1980, GSE167573, ICGC-RECA); Harrell's C-index used for model selection and cross-cohort validation. Analysis domain judged unclear (rather than the corpus-default high) given unusually thorough independent multi-cohort/cross-population external validation.",yes,yes,yes,partial,adequate,REV-ALCIDES-AI,2026-09-22,"External multi-cohort validation strengthens this signature relative to the corpus norm, PROBAST Analysis judged unclear as an exception to the corpus default given the unusually rigorous external validation.",batch-07
REC-AIBIOGU-000506,Liu2023,Multi-omics identification of an immunogenic cell death-related signature for clear cell renal cell carcinoma in the context of 3P medicine and based on a 101-combination machine learning computational framework.,2023,EPMA J,10.1007/s13167-023-00327-3,non_randomized,yes,yes,yes,yes,cant_tell,yes,yes,"Cohort defined from TCGA-KIRC (n=515) plus GSE53757 (GEO, n=72) and single-cell GSE156632 with stated inclusion criteria (TCGA-KIRC 515 patients).",Transcriptomic/clinical measurements are standard and matched to the prognostic aim.,Missing-value handling across merged public cohorts is only partially described.,Nomogram integrates clinicopathologic covariates alongside the signature via multivariate Cox/logistic regression.,Data processing and validation follow the stated analytic pipeline.,moderate,MMAT v2018 quantitative non-randomized (public-database ML signature).,yes,unclear,unclear,low,high,high,low concern,101-combination machine-learning framework (10 algorithms) immunogenic cell death signature (ICDRS) + nomogram; external validation via an independent GSE53757 external validation cohort; signature selected via cross-cohort consensus among 101 algorithm combinations. Analysis domain remains high risk despite external replication: massive algorithm/feature search and median-split risk grouping are performed without prespecified model-building or full external re-derivation.,yes,yes,yes,partial,adequate,REV-ALCIDES-AI,2026-09-22,"External multi-cohort validation strengthens this signature relative to the corpus norm, but PROBAST Analysis kept high per frozen calibration (massive feature/algorithm search is the corpus default).",batch-07
REC-AIBIOGU-000507,Xing2023,Incremental value of radiomics with machine learning to the existing prognostic models for predicting outcome in renal cell carcinoma.,2023,Front Oncol,10.3389/fonc.2023.1036734,non_randomized,yes,yes,yes,yes,yes,yes,yes,"Retrospective cohort from multi-institutional cohorts with stated inclusion/exclusion criteria (training n=281, validation cohort 1 n=225, validation cohort 2 n=183 (total 689 RCC patients)).",CT/MRI-derived radiomics features and histopathologic ground truth are appropriate for the study aim.,Complete imaging and clinicopathologic data are reported for included patients.,Radiomics-clinical nomogram adjusts for relevant clinicopathologic covariates via multivariate regression.,Image acquisition/segmentation protocol is described and applied consistently.,high,"MMAT v2018 quantitative non-randomized (CT/MRI radiomics nomogram, external validation).",yes,unclear,unclear,low,high,high,low concern,radiomics + Random Forest/Lasso-Cox feature selection + clinical-radiomics nomogram; external validation at two separate validation cohorts (n=225 and n=183); 5-year OS AUC of the nomogram outperformed TNM/WHO-ISUP/SSIGN in training (0.841) and validation cohort 2 (0.917). Analysis domain remains high risk despite external testing: LASSO feature selection with limited events-per-variable and no prespecified/preregistered model-building protocol.,yes,yes,yes,no,adequate,REV-ALCIDES-AI,2026-09-22,"Independent external imaging cohort supports generalizability, but PROBAST Analysis kept high per frozen calibration; radiomics feature/code sharing not reported (typical for this corpus).",batch-07
REC-AIBIOGU-000509,Yu2023,Development and validation of A CT-based radiomics nomogram for prediction of synchronous distant metastasis in clear cell renal cell carcinoma.,2023,Front Oncol,10.3389/fonc.2022.1016583,non_randomized,yes,yes,yes,yes,yes,yes,yes,Retrospective cohort from multicenter (Shandong University-affiliated) cohorts with stated inclusion/exclusion criteria (training+internal validation n=463 (7:3) plus external n=115).,CT/MRI-derived radiomics features and histopathologic ground truth are appropriate for the study aim.,Complete imaging and clinicopathologic data are reported for included patients.,Radiomics-clinical nomogram adjusts for relevant clinicopathologic covariates via multivariate regression.,Image acquisition/segmentation protocol is described and applied consistently.,high,"MMAT v2018 quantitative non-randomized (CT/MRI radiomics nomogram, external validation).",yes,unclear,unclear,low,unclear,unclear,low concern,"CT radiomics + LASSO + clinical-radiomics nomogram for synchronous distant metastasis; external validation at an independent 115-patient cohort from another hospital; AUC 0.882-0.925 in the external validation cohort, outperforming the clinical-only model. Analysis domain judged unclear (rather than the corpus-default high) given a true multicenter design with a substantial independent external cohort.",yes,yes,yes,no,adequate,REV-ALCIDES-AI,2026-09-22,"Independent external imaging cohort supports generalizability, PROBAST Analysis judged unclear as an exception to the corpus default given the unusually rigorous external validation; radiomics feature/code sharing not reported (typical for this corpus).",batch-07
REC-AIBIOGU-000510,Wang2022,Integration analysis identifies MYBL1 as a novel immunotherapy biomarker affecting the immune microenvironment in clear cell renal cell carcinoma: Evidence based on machine learning and experiments.,2022,Front Immunol,10.3389/fimmu.2022.1080403,non_randomized,yes,yes,yes,yes,cant_tell,yes,yes,"Cohort defined from TCGA-KIRC plus an ArrayExpress external validation cohort, with in vitro (CCK8/colony/IHC) functional validation with stated inclusion criteria (TCGA-KIRC training/internal validation split).",Transcriptomic/clinical measurements are standard and matched to the prognostic aim.,Missing-value handling across merged public cohorts is only partially described.,Nomogram integrates clinicopathologic covariates alongside the signature via multivariate Cox/logistic regression.,Data processing and validation follow the stated analytic pipeline.,moderate,MMAT v2018 quantitative non-randomized (public-database ML signature).,yes,unclear,unclear,low,high,high,low concern,"LASSO logistic regression (MYBL1 immunotherapy biomarker) plus wet-lab functional validation; external validation via the ArrayExpress external cohort; model performance assessed in training, internal validation and external ArrayExpress cohorts, with functional assays supporting biological plausibility. Analysis domain remains high risk despite external replication: massive algorithm/feature search and median-split risk grouping are performed without prespecified model-building or full external re-derivation.",yes,yes,yes,partial,adequate,REV-ALCIDES-AI,2026-09-22,"External multi-cohort validation strengthens this signature relative to the corpus norm, but PROBAST Analysis kept high per frozen calibration (massive feature/algorithm search is the corpus default).",batch-07
REC-AIBIOGU-000511,Xu2022,Cell Differentiation Trajectory Predicts Prognosis and Immunotherapeutic Response in Clear Cell Renal Cell Carcinoma.,2022,Genet Res (Camb),10.1155/2022/8422339,non_randomized,yes,yes,cant_tell,yes,cant_tell,no,cant_tell,Training set merges TCGA-KIRC with GSE29609; representativeness of the merged cohort is unclear.,scRNA-seq plus bulk RNA-seq differentiation-related gene (DRG) analysis is appropriate for the aim.,Missing-value/sample-exclusion handling across the merged datasets is only partially described.,No independent external cohort; confounder control is limited by reuse of TCGA-KIRC across sets.,"Apparent overlap: the training set (TCGA-KIRC + GSE29609 merged) and the validation set (TCGA-KIRC alone) share the same TCGA-KIRC source, raising data-leakage concern for the validation split.",low,MMAT v2018 quantitative non-randomized (single-cell + bulk RNA-seq prognostic model).,yes,high,unclear,low,high,high,low concern,"14-gene DRG-based LASSO Cox risk model with nomogram; the 'validation' cohort (TCGA-KIRC) overlaps with the training data (TCGA-KIRC + GSE29609 merged), which likely inflates apparent performance.",yes,yes,no,partial,partial,REV-ALCIDES-AI,2026-09-22,"Data-leakage flag: training cohort (TCGA-KIRC merged with GSE29609) and the stated 'validation' cohort (TCGA-KIRC alone) overlap in source, so the validation is not truly independent; tripod_ai_validation marked no rather than yes/partial for this reason.",batch-07
REC-AIBIOGU-000512,Cheng2023,Differentiation of Clear Cell and Non-clear-cell Renal Cell Carcinoma through CT-based Radiomics Models and Nomogram.,2023,Curr Med Imaging,10.2174/1573405619666221121164235,non_randomized,yes,yes,cant_tell,yes,yes,cant_tell,yes,"Single retrospective cohort (n=147: ccRCC=100, non-ccRCC=47); representativeness beyond this center is unclear.",Corticomedullary-phase CT radiomics features and pathology-confirmed subtype are appropriate measurements.,Complete imaging/clinicopathologic data reported for included patients.,Only an internal train/validation split is used (no separate external cohort); multivariate adjustment via the rad+cli nomogram is present.,CT acquisition/segmentation protocol described and applied consistently.,low,"MMAT v2018 quantitative non-randomized (CT radiomics ML classifier, internal split only).",yes,high,unclear,low,high,high,low concern,"Five ML models (LR/RF/SVM/AdaBoost/DT) plus rad+cli nomogram; random-forest training AUC=1.0 (accuracy=1.0) is a strong overfitting signal despite good validation-set AUC (0.949), and no independent external cohort was used.",yes,yes,partial,no,partial,REV-ALCIDES-AI,2026-09-22,Perfect training-set AUC/accuracy (1.0) for the random-forest model is a clear overfitting red flag; treat reported validation performance cautiously in the synthesis.,batch-07
REC-AIBIOGU-000513,He2022,Computed tomography-based radiomics prediction of CTLA4 expression and prognosis in clear cell renal cell carcinoma.,2022,Cancer Med,10.1002/cam4.5449,non_randomized,yes,yes,cant_tell,yes,cant_tell,cant_tell,yes,"Cohort restricted to TCGA-KIRC/TCIA (n=493 ccRCC cases, n=102 final integrated imaging cohort) (493 TCGA-KIRC cases, 102 with matched imaging); representativeness beyond this convenience sample is unclear.",Transcriptomic/clinical measurements are standard and matched to the prognostic aim.,Missing-value handling is only partially described.,No independent external validation cohort; confounder control relies on the same source data used for signature derivation.,Data processing follows the stated analytic pipeline.,low,"MMAT v2018 quantitative non-randomized (public-database ML signature, internal split only).",yes,high,unclear,low,high,high,low concern,"CT radiogenomics (multiple ML classifiers incl. RF/SVM/DNN/logistic regression) for CTLA4 expression + nomogram; only internal train/test split of TCGA-KIRC/TCIA (n=493 ccRCC cases, n=102 final integrated imaging cohort), no independent external cohort; AUC 0.769 (training) vs 0.724 (validation), holdout-based internal validation only.",yes,yes,partial,partial,partial,REV-ALCIDES-AI,2026-09-22,No independent external validation cohort; risk of optimism from same-source train/test split.,batch-07
REC-AIBIOGU-000514,Yin2022,An exploratory study of CT radiomics using differential network feature selection for WHO/ISUP grading and progression-free survival prediction of clear cell renal cell carcinoma.,2022,Front Oncol,10.3389/fonc.2022.979613,non_randomized,yes,yes,cant_tell,yes,yes,cant_tell,yes,"Single-center retrospective cohort (single dataset, training n=125, test n=50); external representativeness unclear.",CT/MRI-derived radiomics features and histopathologic/clinical ground truth are appropriate for the aim.,Complete imaging and clinicopathologic data are reported for included patients.,Only an internal train/test split is used; no independent external validation to confirm confounder control.,Image acquisition/segmentation protocol is described and applied consistently.,low,"MMAT v2018 quantitative non-randomized (CT/MRI radiomics nomogram, internal split only).",yes,high,unclear,low,high,high,low concern,"CT radiomics with differential-network feature selection + several ML models (LASSO/SVM/Random Forest) + nomogram; single-center, only internal split (training n=125, test n=50), no independent external cohort; best (NCP RFs) model AUC 0.89 in the internal test set; C-index reported for the nomogram. No independent external cohort; only an internal train/test split.",yes,yes,partial,no,partial,REV-ALCIDES-AI,2026-09-22,"Single-center, internal split only; overfitting risk with limited-size holdout set. No independent external cohort; only an internal train/test split.",batch-07
REC-AIBIOGU-000515,Ohe2022,Deep learning-based predictions of clear and eosinophilic phenotypes in clear cell renal cell carcinoma.,2022,Hum Pathol,10.1016/j.humpath.2022.11.004,non_randomized,yes,yes,yes,yes,yes,yes,yes,"Retrospective cohort from TCGA-KIRC (development) plus a separate international (Netherlands) institutional cohort with stated inclusion/exclusion criteria (development n=435, validation n=95).",CT/MRI-derived radiomics features and histopathologic ground truth are appropriate for the study aim.,Complete imaging and clinicopathologic data are reported for included patients.,Radiomics-clinical nomogram adjusts for relevant clinicopathologic covariates via multivariate regression.,Image acquisition/segmentation protocol is described and applied consistently.,high,"MMAT v2018 quantitative non-randomized (CT/MRI radiomics nomogram, external validation).",yes,unclear,unclear,low,high,high,low concern,"deep convolutional neural network (transfer learning, AlexNet-based) for clear/eosinophilic phenotype; external validation at an independent 95-patient validation cohort from a different institution/country; AI scores validated externally and shown to stratify TCGA-KIRC overall survival (p=0.008). Analysis domain remains high risk despite external testing: LASSO feature selection with limited events-per-variable and no prespecified/preregistered model-building protocol.",yes,yes,yes,no,adequate,REV-ALCIDES-AI,2026-09-22,"Independent external imaging cohort supports generalizability, but PROBAST Analysis kept high per frozen calibration; radiomics feature/code sharing not reported (typical for this corpus).",batch-07
REC-AIBIOGU-000516,Gao2022,A radiogenomics biomarker based on immunological heterogeneity for non-invasive prognosis of renal clear cell carcinoma.,2022,Front Immunol,10.3389/fimmu.2022.956679,non_randomized,yes,yes,cant_tell,yes,cant_tell,cant_tell,yes,Cohort restricted to TCGA (n=539 ccRCC) (TCGA training/testing split); representativeness beyond this convenience sample is unclear.,Transcriptomic/clinical measurements are standard and matched to the prognostic aim.,Missing-value handling is only partially described.,No independent external validation cohort; confounder control relies on the same source data used for signature derivation.,Data processing follows the stated analytic pipeline.,low,"MMAT v2018 quantitative non-randomized (public-database ML signature, internal split only).",yes,high,unclear,low,high,high,low concern,"NMF clustering + WGCNA/LASSO radiogenomics signature + nomogram; only internal train/test split of TCGA (n=539 ccRCC), no independent external cohort; radiogenomics model AUC 0.81/0.74 across training/testing splits of the same TCGA-derived cohort. No dataset external to TCGA is used for validation.",yes,yes,partial,partial,partial,REV-ALCIDES-AI,2026-09-22,No independent external validation cohort; risk of optimism from same-source train/test split. No dataset external to TCGA is used for validation.,batch-07
REC-AIBIOGU-000517,Cheng2022,Novel amino acid metabolism-related gene signature to predict prognosis in clear cell renal cell carcinoma.,2022,Front Genet,10.3389/fgene.2022.982162,non_randomized,yes,yes,yes,yes,cant_tell,yes,yes,Cohort defined from TCGA (KIRC) training plus an independent ArrayExpress E-MTAB-1980 validation cohort with stated inclusion criteria (TCGA KIRC vs 72 non-tumor tissues).,Transcriptomic/clinical measurements are standard and matched to the prognostic aim.,Missing-value handling across merged public cohorts is only partially described.,Nomogram integrates clinicopathologic covariates alongside the signature via multivariate Cox/logistic regression.,Data processing and validation follow the stated analytic pipeline.,moderate,MMAT v2018 quantitative non-randomized (public-database ML signature).,yes,unclear,unclear,low,high,high,low concern,Lasso + stepwise Cox amino-acid-metabolism (AAM) gene signature + nomogram; external validation via the E-MTAB-1980 (ArrayExpress) external cohort; Harrell's C-index calculated and risk stratification validated in both TCGA and E-MTAB-1980 cohorts. Analysis domain remains high risk despite external replication: massive algorithm/feature search and median-split risk grouping are performed without prespecified model-building or full external re-derivation.,yes,yes,yes,partial,adequate,REV-ALCIDES-AI,2026-09-22,"External multi-cohort validation strengthens this signature relative to the corpus norm, but PROBAST Analysis kept high per frozen calibration (massive feature/algorithm search is the corpus default).",batch-07
REC-AIBIOGU-000518,Yu2022,A triple-classification for differentiating renal oncocytoma from renal cell carcinoma subtypes and CK7 expression evaluation: a radiomics analysis.,2022,BMC Urol,10.1186/s12894-022-01099-0,non_randomized,yes,yes,cant_tell,yes,yes,cant_tell,yes,"Single-center retrospective cohort (China Medical University (single institution), training n=123 (RO/chRCC/ccRCC), testing n=57 (2013-2019)); external representativeness unclear.",CT/MRI-derived radiomics features and histopathologic/clinical ground truth are appropriate for the aim.,Complete imaging and clinicopathologic data are reported for included patients.,Only an internal train/test split is used; no independent external validation to confirm confounder control.,Image acquisition/segmentation protocol is described and applied consistently.,low,"MMAT v2018 quantitative non-randomized (CT/MRI radiomics nomogram, internal split only).",yes,high,unclear,low,high,high,low concern,"biphasic CT radiomics + LASSO + SVM with SHAP interpretability + nomogram for RO vs chRCC vs ccRCC; single-center, only internal split (training n=123 (RO/chRCC/ccRCC), testing n=57 (2013-2019)), no independent external cohort; AUC 0.941 (training) vs 0.935 (testing); ten-fold cross-validation within the same institution. No cohort external to the single institution is used; internal train/test split only.",yes,yes,partial,no,partial,REV-ALCIDES-AI,2026-09-22,"Single-center, internal split only; overfitting risk with limited-size holdout set. No cohort external to the single institution is used; internal train/test split only.",batch-07
REC-AIBIOGU-000519,Gao2022,A Clinical Radiomics Nomogram Was Developed by Integrating Radiomics Signatures and Clinical Variables to Distinguish High-Grade ccRCC from Type 2 pRCC.,2022,J Oncol,10.1155/2022/6844349,non_randomized,yes,yes,cant_tell,yes,yes,cant_tell,yes,"Single-center retrospective cohort (single institution, training n=98, testing cohort (71 high-grade ccRCC + 71 type-2 pRCC total split)); external representativeness unclear.",CT/MRI-derived radiomics features and histopathologic/clinical ground truth are appropriate for the aim.,Complete imaging and clinicopathologic data are reported for included patients.,Only an internal train/test split is used; no independent external validation to confirm confounder control.,Image acquisition/segmentation protocol is described and applied consistently.,low,"MMAT v2018 quantitative non-randomized (CT/MRI radiomics nomogram, internal split only).",yes,high,unclear,low,high,high,low concern,"CT radiomics + LASSO logistic regression + clinical-radiomics nomogram for high-grade ccRCC vs type-2 pRCC; single-center, only internal split (training n=98, testing cohort (71 high-grade ccRCC + 71 type-2 pRCC total split)), no independent external cohort; AUC 0.974 (training) vs 0.952 (testing), internal split only. No independent external cohort from a different institution.",yes,yes,partial,no,partial,REV-ALCIDES-AI,2026-09-22,"Single-center, internal split only; overfitting risk with limited-size holdout set. No independent external cohort from a different institution.",batch-07
REC-AIBIOGU-000520,Xu2022,The unique genomic landscape and prognostic mutational signature of Chinese clear cell renal cell carcinoma.,2022,J Natl Cancer Cent,10.1016/j.jncc.2022.07.001,non_randomized,yes,yes,yes,yes,cant_tell,yes,yes,"Cohort defined from a Chinese (FUSCC) training cohort, a Caucasian TCGA testing cohort, and a CheckMate immunotherapy-trial validation cohort with stated inclusion criteria (training n=201 (Chinese), testing n=274 (Caucasian/TCGA), validation n=454 (CheckMate)).",Transcriptomic/clinical measurements are standard and matched to the prognostic aim.,Missing-value handling across merged public cohorts is only partially described.,Nomogram integrates clinicopathologic covariates alongside the signature via multivariate Cox/logistic regression.,Data processing and validation follow the stated analytic pipeline.,moderate,MMAT v2018 quantitative non-randomized (public-database ML signature).,yes,unclear,unclear,low,high,high,high concern,"LASSO + multivariate Cox seven-gene mutational signature (GMSMut); external validation via cross-population (Chinese vs Caucasian) testing plus an independent CheckMate immunotherapy trial validation cohort; AUC-based ROC evaluation for 1-, 3-, 5-year survival across cohorts. Analysis domain remains high risk despite external replication: massive algorithm/feature search and median-split risk grouping are performed without prespecified model-building or full external re-derivation. Notable ethnic/population heterogeneity between training (Chinese) and testing/validation (Caucasian) cohorts is a genuine applicability concern for a globally generalizable model; flagged in probast_overall_applicability.",yes,yes,yes,partial,adequate,REV-ALCIDES-AI,2026-09-22,"External multi-cohort validation strengthens this signature relative to the corpus norm, but PROBAST Analysis kept high per frozen calibration (massive feature/algorithm search is the corpus default). Notable ethnic/population heterogeneity between training (Chinese) and testing/validation (Caucasian) cohorts is a genuine applicability concern for a globally generalizable model; flagged in probast_overall_applicability.",batch-07
REC-AIBIOGU-000521,Jian2022,MRI-Based Radiomics and Urine Creatinine for the Differentiation of Renal Angiomyolipoma With Minimal Fat From Renal Cell Carcinoma: A Preliminary Study.,2022,Front Oncol,10.3389/fonc.2022.876664,non_randomized,yes,yes,cant_tell,yes,yes,cant_tell,yes,Single-center cohort with an initial prospective-intent search but retrospective-style IRB approval/consent waiver; representativeness beyond this center is unclear.,"MRI (T2WI/IVIM) radiomics plus urine creatinine are appropriate, objective measurements for angiomyolipoma-vs-RCC differentiation.",Complete imaging/laboratory data reported for the included cohort.,Only internal 5-fold cross-validation is used (no separate external cohort); clinical-radiomics nomogram adjusts for urine creatinine and imaging features.,MRI acquisition and creatinine measurement protocols are described and applied consistently.,low,"MMAT v2018 quantitative non-randomized (MRI radiomics diagnostic model, internal cross-validation only).",yes,high,low,low,high,high,low concern,"LASSO-selected T2WI/IVIM radiomics plus urine creatinine, stepwise logistic regression, 5-fold cross-validation; no independent external test set; best combined AUC 0.931.",yes,yes,partial,no,partial,REV-ALCIDES-AI,2026-09-22,Study text mixes 'prospective' study intent with retrospective-style IRB/consent-waiver language; treated as a single-center non-randomized diagnostic-accuracy study with only internal cross-validation.,batch-07
REC-AIBIOGU-000522,Gao2022,Differential Diagnosis of Type 1 and Type 2 Papillary Renal Cell Carcinoma Based on Enhanced CT Radiomics Nomogram.,2022,Front Oncol,10.3389/fonc.2022.854979,non_randomized,yes,yes,cant_tell,yes,yes,cant_tell,yes,"Single-center retrospective cohort (single institution, training/testing split of enrolled type-1/type-2 pRCC patients); external representativeness unclear.",CT/MRI-derived radiomics features and histopathologic/clinical ground truth are appropriate for the aim.,Complete imaging and clinicopathologic data are reported for included patients.,Only an internal train/test split is used; no independent external validation to confirm confounder control.,Image acquisition/segmentation protocol is described and applied consistently.,low,"MMAT v2018 quantitative non-randomized (CT/MRI radiomics nomogram, internal split only).",yes,high,unclear,low,high,high,low concern,"contrast-enhanced CT (CMP+NP phase) radiomics + LASSO + clinical-radiomics nomogram for pRCC subtype; single-center, only internal split (training/testing split of enrolled type-1/type-2 pRCC patients), no independent external cohort; AUC reported for radiomics signature and nomogram in training and testing sets (same institution). No cohort external to the single institution is used.",yes,yes,partial,no,partial,REV-ALCIDES-AI,2026-09-22,"Single-center, internal split only; overfitting risk with limited-size holdout set. No cohort external to the single institution is used.",batch-07
REC-AIBIOGU-000525,Zhang2022,Development and Validation of a CT-Based Radiomics Nomogram for Predicting Postoperative Progression-Free Survival in Stage I-III Renal Cell Carcinoma.,2022,Front Oncol,10.3389/fonc.2021.742547,non_randomized,yes,yes,cant_tell,yes,yes,cant_tell,yes,"Single-center retrospective cohort (Southern Medical University-affiliated hospital, training set plus validation set (n=50 in validation)); external representativeness unclear.",CT/MRI-derived radiomics features and histopathologic/clinical ground truth are appropriate for the aim.,Complete imaging and clinicopathologic data are reported for included patients.,Only an internal train/test split is used; no independent external validation to confirm confounder control.,Image acquisition/segmentation protocol is described and applied consistently.,low,"MMAT v2018 quantitative non-randomized (CT/MRI radiomics nomogram, internal split only).",yes,high,unclear,low,high,high,low concern,"stability LASSO (100x 5-fold cross-validation) CT radiomics + nomogram for postoperative PFS; single-center, only internal split (training set plus validation set (n=50 in validation)), no independent external cohort; C-index 0.836 (training) vs 0.706 (validation) - a sizeable drop suggesting optimism in the training-set estimate. No cohort external to the single institution is used; the C-index drop between training and validation indicates limited generalizability.",yes,yes,partial,no,partial,REV-ALCIDES-AI,2026-09-22,"Single-center, internal split only; overfitting risk with limited-size holdout set. No cohort external to the single institution is used; the C-index drop between training and validation indicates limited generalizability.",batch-07
REC-AIBIOGU-000526,Chen2022,Deep Learning-Based Classification of Epithelial-Mesenchymal Transition for Predicting Response to Therapy in Clear Cell Renal Cell Carcinoma.,2022,Front Oncol,10.3389/fonc.2021.782515,non_randomized,yes,yes,cant_tell,yes,cant_tell,cant_tell,yes,"Single-database cohort (TCGA, n=252 whole-slide images); representativeness beyond TCGA sites is unclear.",H&E whole-slide images and EMT-subtype labels derived from TCGA transcriptomics are appropriate measurements.,Tile-level exclusion/completeness criteria for the CNN pipeline are only partially detailed in the excerpt reviewed.,"Train/test/validation split (7:1.5:1.5) is drawn entirely from the same TCGA source, limiting independent confounder control.",Six-fold cross-validation and tiling protocol are described and applied consistently.,low,"MMAT v2018 quantitative non-randomized (deep-learning histopathology classifier, single-database split).",yes,high,unclear,unclear,high,high,low concern,Deep convolutional neural network trained/tested/validated entirely within TCGA (n=252) using a 7:1.5:1.5 split and six-fold cross-validation; no dataset external to TCGA used for validation.,yes,yes,partial,partial,partial,REV-ALCIDES-AI,2026-09-22,Entire pipeline (train/test/validation) drawn from a single database (TCGA); no independent external cohort.,batch-07
REC-AIBIOGU-000527,Satter2022,Oncocytoma-Related Gene Signature to Differentiate Chromophobe Renal Cancer and Oncocytoma Using Machine Learning.,2022,Cells,10.3390/cells11020287,non_randomized,yes,yes,yes,yes,cant_tell,yes,yes,Cohort defined from multiple independent GEO/ArrayExpress discovery and validation datasets plus TCGA-KICH with stated inclusion criteria (GEO/ArrayExpress meta-dataset (chRCC vs RO)).,Transcriptomic/clinical measurements are standard and matched to the prognostic aim.,Missing-value handling across merged public cohorts is only partially described.,Nomogram integrates clinicopathologic covariates alongside the signature via multivariate Cox/logistic regression.,Data processing and validation follow the stated analytic pipeline.,moderate,MMAT v2018 quantitative non-randomized (public-database ML signature).,yes,unclear,unclear,low,high,high,low concern,"unsupervised ML (UMAP/density-based UMAP) oncocytoma-related gene signature (COGS); external validation via cross-dataset validation (GSE12090 test set and TCGA-KICH), reported at 100% accuracy; COGS differentiated chRCC from RO with 100% accuracy in the independent GSE12090/TCGA-KICH test. Analysis domain remains high risk despite external replication: massive algorithm/feature search and median-split risk grouping are performed without prespecified model-building or full external re-derivation. Very high (100%) reported accuracy in a small independent test set (GSE12090, n=18) warrants cautious interpretation despite being a genuine external replication.",yes,yes,yes,partial,adequate,REV-ALCIDES-AI,2026-09-22,"External multi-cohort validation strengthens this signature relative to the corpus norm, but PROBAST Analysis kept high per frozen calibration (massive feature/algorithm search is the corpus default). Very high (100%) reported accuracy in a small independent test set (GSE12090, n=18) warrants cautious interpretation despite being a genuine external replication.",batch-07
REC-AIBIOGU-000528,Xu2022,"Prognostic value, DNA variation and immunologic features of a tertiary lymphoid structure-related chemokine signature in clear cell renal cell carcinoma.",2022,Cancer Immunol Immunother,10.1007/s00262-021-03123-y,non_randomized,yes,yes,yes,yes,cant_tell,yes,yes,Cohort defined from TCGA discovery cohort plus a 232-patient real-world clinical validation cohort (Fudan University) with stated inclusion criteria (TCGA discovery cohort).,Transcriptomic/clinical measurements are standard and matched to the prognostic aim.,Missing-value handling across merged public cohorts is only partially described.,Nomogram integrates clinicopathologic covariates alongside the signature via multivariate Cox/logistic regression.,Data processing and validation follow the stated analytic pipeline.,moderate,MMAT v2018 quantitative non-randomized (public-database ML signature).,yes,unclear,unclear,low,high,high,low concern,12-chemokine gene signature + machine-learning-derived tertiary lymphoid structure (TLS) score (OCLR logistic regression); external validation via an independent 232-patient real-world validation cohort; prognostic association confirmed in both TCGA and the independent real-world cohort. Analysis domain remains high risk despite external replication: massive algorithm/feature search and median-split risk grouping are performed without prespecified model-building or full external re-derivation.,yes,yes,yes,partial,adequate,REV-ALCIDES-AI,2026-09-22,"External multi-cohort validation strengthens this signature relative to the corpus norm, but PROBAST Analysis kept high per frozen calibration (massive feature/algorithm search is the corpus default).",batch-07
REC-AIBIOGU-000529,Xv2021,A CT-Based Radiomics Nomogram Integrated With Clinic-Radiological Features for Preoperatively Predicting WHO/ISUP Grade of Clear Cell Renal Cell Carcinoma.,2021,Front Oncol,10.3389/fonc.2021.712554,non_randomized,yes,yes,cant_tell,yes,yes,cant_tell,yes,"Single-center retrospective cohort (single institution, training/testing split of enrolled ccRCC patients); external representativeness unclear.",CT/MRI-derived radiomics features and histopathologic/clinical ground truth are appropriate for the aim.,Complete imaging and clinicopathologic data are reported for included patients.,Only an internal train/test split is used; no independent external validation to confirm confounder control.,Image acquisition/segmentation protocol is described and applied consistently.,low,"MMAT v2018 quantitative non-randomized (CT/MRI radiomics nomogram, internal split only).",yes,high,unclear,low,high,high,low concern,"nephrographic-phase CT radiomics + LASSO/RFE/ReliefF feature selection + nomogram for WHO/ISUP grade; single-center, only internal split (training/testing split of enrolled ccRCC patients), no independent external cohort; AUC 0.891 (radiomics+clinical nomogram) vs 0.843 (radiomics signature alone) in the testing set. No cohort external to the single institution is used.",yes,yes,partial,no,partial,REV-ALCIDES-AI,2026-09-22,"Single-center, internal split only; overfitting risk with limited-size holdout set. No cohort external to the single institution is used.",batch-07
REC-AIBIOGU-000530,Chen2021,Machine learning-based pathomics signature could act as a novel prognostic marker for patients with clear cell renal cell carcinoma.,2021,Br J Cancer,10.1038/s41416-021-01640-2,non_randomized,yes,yes,yes,yes,yes,yes,yes,"Retrospective cohort from three institutional cohorts (CPTAC, TCGA, and a General/Shanghai hospital cohort) with stated inclusion/exclusion criteria (CPTAC n=59 (training), General cohort n=146, TCGA n=278).",CT/MRI-derived radiomics features and histopathologic ground truth are appropriate for the study aim.,Complete imaging and clinicopathologic data are reported for included patients.,Radiomics-clinical nomogram adjusts for relevant clinicopathologic covariates via multivariate regression.,Image acquisition/segmentation protocol is described and applied consistently.,high,"MMAT v2018 quantitative non-randomized (CT/MRI radiomics nomogram, external validation).",yes,unclear,unclear,low,unclear,unclear,low concern,"machine-learning-based pathomics signature (MLPS) from whole-slide images + LASSO-Cox + integration nomogram; external validation at independent General (Shanghai, n=146) and TCGA (n=278) cohorts; AUC 89.5%/90.0%/88.5%/85.9% for 1-/3-/5-/10-year disease-free survival. Analysis domain judged unclear (rather than the corpus-default high) given a true multicenter design with a substantial independent external cohort. Authors note prospective multicentric validation is still needed despite the multi-cohort retrospective design.",yes,yes,yes,no,adequate,REV-ALCIDES-AI,2026-09-22,"Independent external imaging cohort supports generalizability, PROBAST Analysis judged unclear as an exception to the corpus default given the unusually rigorous external validation; radiomics feature/code sharing not reported (typical for this corpus). Authors note prospective multicentric validation is still needed despite the multi-cohort retrospective design.",batch-07
REC-AIBIOGU-000532,Li2021,A CT-based radiomics nomogram for differentiation of renal oncocytoma and chromophobe renal cell carcinoma with a central scar-matched study.,2021,Br J Radiol,10.1259/bjr.20210534,non_randomized,yes,yes,yes,yes,yes,yes,yes,"Retrospective cohort from two hospitals plus an external validation dataset with stated inclusion/exclusion criteria (training/internal validation across two hospitals; external validation n=57 (RO=19, chRCC subset)).",CT/MRI-derived radiomics features and histopathologic ground truth are appropriate for the study aim.,Complete imaging and clinicopathologic data are reported for included patients.,Radiomics-clinical nomogram adjusts for relevant clinicopathologic covariates via multivariate regression.,Image acquisition/segmentation protocol is described and applied consistently.,high,"MMAT v2018 quantitative non-randomized (CT/MRI radiomics nomogram, external validation).",yes,unclear,unclear,low,high,high,low concern,CT radiomics (segmental enhancement inversion + Rad-score) + LASSO + nomogram for RO vs chRCC; external validation at an independent 57-patient external validation dataset; AUC 0.988 in the external validation set. Analysis domain remains high risk despite external testing: LASSO feature selection with limited events-per-variable and no prespecified/preregistered model-building protocol.,yes,yes,yes,no,adequate,REV-ALCIDES-AI,2026-09-22,"Independent external imaging cohort supports generalizability, but PROBAST Analysis kept high per frozen calibration; radiomics feature/code sharing not reported (typical for this corpus).",batch-07
REC-AIBIOGU-000533,Gao2021,A Novel Radiogenomics Biomarker Based on Hypoxic-Gene Subset: Accurate Survival and Prognostic Prediction of Renal Clear Cell Carcinoma.,2021,Front Oncol,10.3389/fonc.2021.739815,non_randomized,yes,yes,yes,yes,cant_tell,yes,yes,Cohort defined from TCGA/TCIA-KIRC training cohort plus an independent Huashan Hospital validation cohort with stated inclusion criteria (training n=139 (TCGA/TCIA)).,Transcriptomic/clinical measurements are standard and matched to the prognostic aim.,Missing-value handling across merged public cohorts is only partially described.,Nomogram integrates clinicopathologic covariates alongside the signature via multivariate Cox/logistic regression.,Data processing and validation follow the stated analytic pipeline.,moderate,MMAT v2018 quantitative non-randomized (public-database ML signature).,yes,unclear,unclear,low,unclear,unclear,low concern,LASSO + logistic regression hypoxia-gene radiogenomics signature + nomogram; external validation via an independent Huashan Hospital (Fudan University) clinical validation cohort; AUC 0.91/0.91 in training and validation groups respectively. Analysis domain judged unclear (rather than the corpus-default high) given unusually thorough independent multi-cohort/cross-population external validation.,yes,yes,yes,partial,adequate,REV-ALCIDES-AI,2026-09-22,"External multi-cohort validation strengthens this signature relative to the corpus norm, PROBAST Analysis judged unclear as an exception to the corpus default given the unusually rigorous external validation.",batch-07
REC-AIBIOGU-000535,Cooley2021,Experimental and computational modeling for signature and biomarker discovery of renal cell carcinoma progression.,2021,Mol Cancer,10.1186/s12943-021-01416-5,non_randomized,yes,yes,cant_tell,yes,cant_tell,cant_tell,yes,Cohort restricted to TCGA-KIRC only (TCGA-KIRC cohort); representativeness beyond this convenience sample is unclear.,Transcriptomic/clinical measurements are standard and matched to the prognostic aim.,Missing-value handling is only partially described.,No independent external validation cohort; confounder control relies on the same source data used for signature derivation.,Data processing follows the stated analytic pipeline.,low,"MMAT v2018 quantitative non-randomized (public-database ML signature, internal split only).",yes,high,unclear,low,high,high,low concern,"Cox regression + machine learning/mathematical modeling (random survival forest) for CFB/SAA2 biomarkers; only internal train/test split of TCGA-KIRC only, no independent external cohort; modest discrimination: best C-index 0.7273 (Fuhrman grade + CFB), no external cohort used. Discrimination is only modest (C-index <0.73 for all model combinations tested) and no dataset outside TCGA-KIRC was used for validation.",yes,yes,partial,partial,partial,REV-ALCIDES-AI,2026-09-22,No independent external validation cohort; risk of optimism from same-source train/test split. Discrimination is only modest (C-index <0.73 for all model combinations tested) and no dataset outside TCGA-KIRC was used for validation.,batch-07
REC-AIBIOGU-000536,Zhang2021,[Predicting postoperative recurrence of stage Ⅰ-Ⅲ renal clear cell carcinoma based on preoperative CT radiomics feature nomogram].,2021,Nan Fang Yi Ke Da Xue Xue Bao,10.12122/j.issn.1673-4254.2021.09.10,non_randomized,yes,yes,yes,cant_tell,yes,yes,yes,Single-center retrospective I-III ccRCC after nephrectomy matches recurrence prediction aim.,256 consecutive cases but one tertiary center; external transportability unknown.,Preoperative CT radiomics (PyRadiomics) and clinicopathology appropriate for recurrence.,>=3y follow-up; recurrence endpoint defined (local/distant).,Multivariable logistic nomogram; lasso-CV feature selection within training set.,moderate,MMAT v2018 quantitative non-randomized (cohort) criteria.,yes,unclear,low,low,unclear,unclear,unclear,Retrospective cohort with ICC-checked segmentation; hold-out test only (no external cohort).,partial,yes,partial,no,partial,REV-ALCIDES,2026-09-21,Chinese body text; English abstract/methods sufficient for appraisal (not cannot_appraise).,pilot
REC-AIBIOGU-000542,Yan2021,Radiomics Analysis of Contrast-Enhanced CT Predicts Survival in Clear Cell Renal Cell Carcinoma.,2021,Front Oncol,10.3389/fonc.2021.671420,non_randomized,yes,yes,yes,yes,yes,yes,yes,Retrospective cohort from a training-hospital cohort plus an independent hospital as the test cohort with stated inclusion/exclusion criteria (training cohort plus test cohort n=188 (different hospital)).,CT/MRI-derived radiomics features and histopathologic ground truth are appropriate for the study aim.,Complete imaging and clinicopathologic data are reported for included patients.,Radiomics-clinical nomogram adjusts for relevant clinicopathologic covariates via multivariate regression.,Image acquisition/segmentation protocol is described and applied consistently.,high,"MMAT v2018 quantitative non-randomized (CT/MRI radiomics nomogram, external validation).",yes,unclear,unclear,low,high,high,low concern,"multiphasic CT radiomics + LASSO-Cox Rad-score + nomogram for overall survival; external validation at an independent 188-patient cohort from another hospital; C-index 0.884 (training) vs 0.859 (test) for the radiomics nomogram, outperforming the clinical-only nomogram in both. Analysis domain remains high risk despite external testing: LASSO feature selection with limited events-per-variable and no prespecified/preregistered model-building protocol.",yes,yes,yes,no,adequate,REV-ALCIDES-AI,2026-09-22,"Independent external imaging cohort supports generalizability, but PROBAST Analysis kept high per frozen calibration; radiomics feature/code sharing not reported (typical for this corpus).",batch-07
REC-AIBIOGU-000543,Zhao2021,Ferroptosis-Related Gene-Based Prognostic Model and Immune Infiltration in Clear Cell Renal Cell Carcinoma.,2021,Front Genet,10.3389/fgene.2021.650416,non_randomized,yes,yes,cant_tell,yes,yes,yes,yes,Cohorte TCGA (base publica unica); representatividad de poblacion GU no verificable con certeza (seleccion por disponibilidad de datos).,"Fuente de datos, plataforma y variables (omicas/imagen) descritas con suficiente detalle metodologico.",Datos de desenlace (n~530 TCGA-KIRC) reportados con criterios de exclusion explicitos.,Analisis multivariable/ajuste por factores clinicos independientes incluido en el modelo final.,"Diseno retrospectivo/transversal ejecutado segun lo planeado, sin desviaciones relevantes descritas.",moderate,,yes,unclear,low,low,high,high,low concern,"Firma de 7 genes por ML+Cox en TCGA; sin cohorte de validacion externa independiente, solo calibracion interna del nomograma.",yes,yes,partial,no,partial,REV-ALCIDES-AI,2026-09-22,,batch-08
REC-AIBIOGU-000544,Marquardt2021,Subgroup-Independent Mapping of Renal Cell Carcinoma-Machine Learning Reveals Prognostic Mitochondrial Gene Signature Beyond Histopathologic Boundaries.,2021,Front Oncol,10.3389/fonc.2021.621278,non_randomized,yes,yes,cant_tell,yes,yes,yes,yes,Cohorte TCGA + ICGC RECA-EU + CPTAC-3 + GSE157256; representatividad de poblacion GU no verificable con certeza (seleccion por disponibilidad de datos).,"Fuente de datos, plataforma y variables (omicas/imagen) descritas con suficiente detalle metodologico.",Datos de desenlace (n=891 pan-RCC (TCGA) + 3 cohortes externas) reportados con criterios de exclusion explicitos.,Analisis multivariable/ajuste por factores clinicos independientes incluido en el modelo final.,"Diseno retrospectivo/transversal ejecutado segun lo planeado, sin desviaciones relevantes descritas.",moderate,,yes,low,low,unclear,high,high,low concern,"Clasificador RF (70/30) con validacion en 3 cohortes externas independientes; el desenlace de sobrevida es analisis secundario, no el foco primario del modelo predictivo.",yes,yes,yes,partial,adequate,REV-ALCIDES-AI,2026-09-22,Modelo de clustering/clasificacion de subgrupo mas que predictor clinico directo; se marca applies=yes por asociacion pronostica reportada (regla de sobre-aplicar el complemento).,batch-08
REC-AIBIOGU-000545,Huang2021,Exploration of an Integrative Prognostic Model of Radiogenomics Features With Underlying Gene Expression Patterns in Clear Cell Renal Cell Carcinoma.,2021,Front Oncol,10.3389/fonc.2021.640881,non_randomized,yes,yes,cant_tell,yes,yes,yes,yes,Cohorte TCIA/TCGA (una sola fuente); representatividad de poblacion GU no verificable con certeza (seleccion por disponibilidad de datos).,"Fuente de datos, plataforma y variables (omicas/imagen) descritas con suficiente detalle metodologico.",Datos de desenlace (n=205 (TCIA+TCGA)) reportados con criterios de exclusion explicitos.,Analisis multivariable/ajuste por factores clinicos independientes incluido en el modelo final.,"Diseno retrospectivo/transversal ejecutado segun lo planeado, sin desviaciones relevantes descritas.",moderate,,yes,unclear,low,low,high,high,low concern,"LASSO-COX y SVM-RFE para features radiomicas + WGCNA para genes; validacion en set de prueba interno (split), sin cohorte externa.",yes,yes,partial,no,partial,REV-ALCIDES-AI,2026-09-22,,batch-08
REC-AIBIOGU-000546,Peng2021,Artificial intelligence prediction model for overall survival of clear cell renal cell carcinoma based on a 21-gene molecular prognostic score system.,2021,Aging (Albany NY),10.18632/aging.202594,non_randomized,yes,yes,cant_tell,yes,yes,yes,yes,Cohorte TCGA + ICGC; representatividad de poblacion GU no verificable con certeza (seleccion por disponibilidad de datos).,"Fuente de datos, plataforma y variables (omicas/imagen) descritas con suficiente detalle metodologico.",Datos de desenlace (n=531 TCGA + cohorte ICGC externa) reportados con criterios de exclusion explicitos.,Analisis multivariable/ajuste por factores clinicos independientes incluido en el modelo final.,"Diseno retrospectivo/transversal ejecutado segun lo planeado, sin desviaciones relevantes descritas.",moderate,,yes,low,low,low,high,high,low concern,"mPS por random forest y red neuronal; validado en cohorte ICGC independiente, aunque de tamano menor.",yes,yes,yes,no,adequate,REV-ALCIDES-AI,2026-09-22,,batch-08
REC-AIBIOGU-000547,Ma2021,A convention-radiomics CT nomogram for differentiating fat-poor angiomyolipoma from clear cell renal cell carcinoma.,2021,Sci Rep,10.1038/s41598-021-84244-3,non_randomized,yes,yes,no,yes,cant_tell,no,yes,"Cohorte de un solo centro (un centro (Hangzhou)), muestra de conveniencia, representatividad limitada.",Adquisicion de imagen/expresion y extraccion de caracteristicas descritas de forma reproducible.,N pequeno (n=139 (29 fp-AML/110 ccRCC)); no se detalla perdida de seguimiento o datos faltantes de forma exhaustiva.,Ajuste por confusores limitado o ausente mas alla de las variables incluidas en el nomograma final.,"Estudio retrospectivo de un centro ejecutado segun protocolo declarado, sin aleatorizacion.",low,,yes,high,low,low,high,high,low concern,"Modelo diagnostico radiomica+CT convencional; solo validacion cruzada interna (10-fold), sin cohorte externa; muestra pequena y desbalanceada.",yes,yes,partial,no,partial,REV-ALCIDES-AI,2026-09-22,,batch-08
REC-AIBIOGU-000548,Tian2021,Development and Clinical Validation of a Seven-Gene Prognostic Signature Based on Multiple Machine Learning Algorithms in Kidney Cancer.,2021,Cell Transplant,10.1177/0963689720969176,non_randomized,yes,yes,cant_tell,yes,yes,yes,yes,Cohorte GEO GSE53757 + TCGA; representatividad de poblacion GU no verificable con certeza (seleccion por disponibilidad de datos).,"Fuente de datos, plataforma y variables (omicas/imagen) descritas con suficiente detalle metodologico.",Datos de desenlace (cohorte GEO (n=154) + TCGA) reportados con criterios de exclusion explicitos.,Analisis multivariable/ajuste por factores clinicos independientes incluido en el modelo final.,"Diseno retrospectivo/transversal ejecutado segun lo planeado, sin desviaciones relevantes descritas.",moderate,,yes,unclear,low,low,high,high,low concern,"Firma de 7 genes (RF+SVM+LASSO) con validacion interna en TCGA; validacion experimental (western blot) de expresion, pero sin cohorte clinica externa independiente.",yes,yes,partial,no,partial,REV-ALCIDES-AI,2026-09-22,,batch-08
REC-AIBIOGU-000551,Kang2020,T1 Stage Clear Cell Renal Cell Carcinoma: A CT-Based Radiomics Nomogram to Estimate the Risk of Recurrence and Metastasis.,2020,Front Oncol,10.3389/fonc.2020.579619,non_randomized,yes,yes,no,yes,cant_tell,no,yes,"Cohorte de un solo centro (un centro (T1 ccRCC)), muestra de conveniencia, representatividad limitada.",Adquisicion de imagen/expresion y extraccion de caracteristicas descritas de forma reproducible.,N pequeno (n=168 (50 agresivos)); no se detalla perdida de seguimiento o datos faltantes de forma exhaustiva.,Ajuste por confusores limitado o ausente mas alla de las variables incluidas en el nomograma final.,"Estudio retrospectivo de un centro ejecutado segun protocolo declarado, sin aleatorizacion.",low,,yes,high,low,low,high,high,low concern,Nomogram radiomico CT con split interno 7:3 unicamente; no hay validacion externa multicentrica.,yes,yes,partial,no,partial,REV-ALCIDES-AI,2026-09-22,,batch-08
REC-AIBIOGU-000554,Jiang2020,Preoperative CT Radiomics Predicting the SSIGN Risk Groups in Patients With Clear Cell Renal Cell Carcinoma: Development and Multicenter Validation.,2020,Front Oncol,10.3389/fonc.2020.00909,non_randomized,yes,yes,cant_tell,yes,yes,yes,yes,Cohorte 3 centros (entrenamiento + 2 validaciones externas); representatividad de poblacion GU no verificable con certeza (seleccion por disponibilidad de datos).,"Fuente de datos, plataforma y variables (omicas/imagen) descritas con suficiente detalle metodologico.","Datos de desenlace (n=330, 3 centros) reportados con criterios de exclusion explicitos.",Analisis multivariable/ajuste por factores clinicos independientes incluido en el modelo final.,"Diseno retrospectivo/transversal ejecutado segun lo planeado, sin desviaciones relevantes descritas.",moderate,,yes,low,low,low,unclear,unclear,low concern,"Firma radiomica CT validada en dos cohortes externas multicentricas; manejo de features y calibracion (Hosmer-Lemeshow) adecuados, aunque la seleccion de caracteristicas aun conlleva riesgo residual de sobreajuste.",yes,yes,yes,no,adequate,REV-ALCIDES-AI,2026-09-22,,batch-08
REC-AIBIOGU-000555,Tang2020,Novel prognostic prediction model constructed through machine learning on the basis of methylation-driven genes in kidney renal clear cell carcinoma.,2020,Biosci Rep,10.1042/bsr20201604,non_randomized,yes,yes,cant_tell,yes,yes,yes,yes,Cohorte TCGA (unica fuente); representatividad de poblacion GU no verificable con certeza (seleccion por disponibilidad de datos).,"Fuente de datos, plataforma y variables (omicas/imagen) descritas con suficiente detalle metodologico.",Datos de desenlace (n=317 TCGA-KIRC) reportados con criterios de exclusion explicitos.,Analisis multivariable/ajuste por factores clinicos independientes incluido en el modelo final.,"Diseno retrospectivo/transversal ejecutado segun lo planeado, sin desviaciones relevantes descritas.",moderate,,yes,unclear,low,low,high,high,low concern,"Modelo de 4 genes de metilacion por LASSO; validacion solo en grupo de prueba interno del mismo TCGA, sin cohorte externa.",yes,yes,partial,no,partial,REV-ALCIDES-AI,2026-09-22,,batch-08
REC-AIBIOGU-000557,Jiang2020,A Computed Tomography-Based Radiomics Nomogram to Preoperatively Predict Tumor Necrosis in Patients With Clear Cell Renal Cell Carcinoma.,2020,Front Oncol,10.3389/fonc.2020.00592,non_randomized,yes,yes,cant_tell,yes,yes,yes,yes,Cohorte 2 hospitales (entrenamiento + validacion independiente); representatividad de poblacion GU no verificable con certeza (seleccion por disponibilidad de datos).,"Fuente de datos, plataforma y variables (omicas/imagen) descritas con suficiente detalle metodologico.",Datos de desenlace (n=132 entrenamiento + n=123 validacion externa) reportados con criterios de exclusion explicitos.,Analisis multivariable/ajuste por factores clinicos independientes incluido en el modelo final.,"Diseno retrospectivo/transversal ejecutado segun lo planeado, sin desviaciones relevantes descritas.",moderate,,yes,low,low,low,unclear,unclear,low concern,"Firma radiomica CT validada en cohorte independiente de un segundo hospital; buena calibracion (Hosmer-Lemeshow), aunque el numero de features (37) frente al tamano muestral genera riesgo residual de sobreajuste.",yes,yes,yes,no,adequate,REV-ALCIDES-AI,2026-09-22,,batch-08
REC-AIBIOGU-000561,Li2018,Fifteen-gene expression based model predicts the survival of clear cell renal cell carcinoma.,2018,Medicine (Baltimore),10.1097/md.0000000000011839,non_randomized,yes,yes,cant_tell,yes,yes,yes,yes,Cohorte TCGA + ArrayExpress E-MTAB-1980; representatividad de poblacion GU no verificable con certeza (seleccion por disponibilidad de datos).,"Fuente de datos, plataforma y variables (omicas/imagen) descritas con suficiente detalle metodologico.",Datos de desenlace (n=533 TCGA + n=101 E-MTAB-1980 externa) reportados con criterios de exclusion explicitos.,Analisis multivariable/ajuste por factores clinicos independientes incluido en el modelo final.,"Diseno retrospectivo/transversal ejecutado segun lo planeado, sin desviaciones relevantes descritas.",moderate,,yes,low,low,low,high,high,low concern,Modelo de 15 genes (random forest variable hunting + Cox) validado en cohorte externa E-MTAB-1980 independiente.,yes,yes,yes,no,adequate,REV-ALCIDES-AI,2026-09-22,,batch-08
REC-AIBIOGU-000563,Yin2018,Integrative radiomics expression predicts molecular subtypes of primary clear cell renal cell carcinoma.,2018,Clin Radiol,10.1016/j.crad.2018.04.009,non_randomized,yes,yes,no,yes,cant_tell,no,yes,"Cohorte de un solo centro (un centro, muestra muy pequena), muestra de conveniencia, representatividad limitada.",Adquisicion de imagen/expresion y extraccion de caracteristicas descritas de forma reproducible.,"N pequeno (n=8 pacientes, 23 especimenes); no se detalla perdida de seguimiento o datos faltantes de forma exhaustiva.",Ajuste por confusores limitado o ausente mas alla de las variables incluidas en el nomograma final.,"Estudio retrospectivo de un centro ejecutado segun protocolo declarado, sin aleatorizacion.",low,,yes,high,unclear,unclear,high,high,unclear,"Muestra extremadamente pequena (n=8); el desenlace es un subtipo molecular (ccA/ccB) como proxy de riesgo intratumoral, no un desenlace clinico duro; sin validacion externa.",partial,yes,no,no,partial,REV-ALCIDES-AI,2026-09-22,Tamano muestral (n=8) es una limitacion critica que reduce sustancialmente la confiabilidad del hallazgo; considerar como evidencia hipotesis-generadora.,batch-08
REC-AIBIOGU-000564,Ing2017,A novel machine learning approach reveals latent vascular phenotypes predictive of renal cancer outcome.,2017,Sci Rep,10.1038/s41598-017-13196-4,non_randomized,yes,yes,cant_tell,yes,yes,yes,yes,Cohorte TCGA + cohortes de validacion independientes; representatividad de poblacion GU no verificable con certeza (seleccion por disponibilidad de datos).,"Fuente de datos, plataforma y variables (omicas/imagen) descritas con suficiente detalle metodologico.",Datos de desenlace (descubrimiento n=64 + validacion hasta n=301) reportados con criterios de exclusion explicitos.,Analisis multivariable/ajuste por factores clinicos independientes incluido en el modelo final.,"Diseno retrospectivo/transversal ejecutado segun lo planeado, sin desviaciones relevantes descritas.",moderate,,yes,unclear,low,low,high,high,low concern,"Firma derivada de imagenologia digital (vascular area mask) con validacion en cohortes independientes de mayor tamano (hasta n=301), aunque la cohorte de descubrimiento es pequena (n=64).",yes,yes,yes,no,adequate,REV-ALCIDES-AI,2026-09-22,,batch-08
REC-AIBIOGU-000580,Yi2026,"Effective analysis of testicular seminoma toxicity and mechanisms of acetyl tributyl citrate using network toxicology, bulk RNA sequencing data, single-cell RNA sequencing data, and clinical data.",2026,Front Immunol,10.3389/fimmu.2026.1752528,non_randomized,yes,yes,yes,yes,no,no,cant_tell,TCGA/GEO/clinical cohorts and eligibility described.,"Omics, Cox/LASSO and survival metrics match the question.",Prognostic model trained on mixed TGCT histologies not pure seminoma.,Limited adjustment for confounders or histologic heterogeneity.,Random 50/50 TCGA split only; moderate time-dependent AUC.,low,MMAT non_randomized (retrospective public-data cohort).,yes,high,unclear,low,high,high,high concern,Mixed TGCT training cohort; internal split; ATBC link indirect.,partial,yes,partial,no,partial,REV-ALCIDES,2026-09-21,ATBC exposure not measured in patients; targets inferred from databases.,pilot
REC-AIBIOGU-000591,Ozgun2025,Machine Learning Model Integrating Computed Tomography Image-Derived Radiomics and Circulating miRNAs to Predict Residual Teratoma in Metastatic Nonseminoma Testicular Cancer.,2025,JCO Clin Cancer Inform,10.1200/cci-25-00105,non_randomized,yes,yes,no,yes,cant_tell,no,yes,"Cohorte de un solo centro (una sola institucion, split interno), muestra de conveniencia, representatividad limitada.",Adquisicion de imagen/expresion y extraccion de caracteristicas descritas de forma reproducible.,N pequeno (n=111 (78 entrenamiento/33 prueba)); no se detalla perdida de seguimiento o datos faltantes de forma exhaustiva.,Ajuste por confusores limitado o ausente mas alla de las variables incluidas en el nomograma final.,"Estudio retrospectivo de un centro ejecutado segun protocolo declarado, sin aleatorizacion.",low,,yes,high,low,low,high,high,low concern,"Modelo CatBoost integrando radiomica CT y miARN circulantes; solo split interno entrenamiento/prueba, sin cohorte externa.",yes,yes,partial,no,partial,REV-ALCIDES-AI,2026-09-22,,batch-08
REC-AIBIOGU-000602,Li2024,A predictive system comprising serum microRNAs and radiomics for residual retroperitoneal masses in metastatic nonseminomatous germ cell tumors.,2024,Cell Rep Med,10.1016/j.xcrm.2024.101843,non_randomized,yes,yes,cant_tell,yes,yes,yes,yes,Cohorte cohorte prospectiva de validacion + herramienta web; representatividad de poblacion GU no verificable con certeza (seleccion por disponibilidad de datos).,"Fuente de datos, plataforma y variables (omicas/imagen) descritas con suficiente detalle metodologico.",Datos de desenlace (cohorte con set de prueba prospectivo) reportados con criterios de exclusion explicitos.,Analisis multivariable/ajuste por factores clinicos independientes incluido en el modelo final.,"Diseno retrospectivo/transversal ejecutado segun lo planeado, sin desviaciones relevantes descritas.",moderate,,yes,unclear,low,low,unclear,unclear,low concern,"Sistema radiomica-miARN con validacion en set de prueba prospectivo (AUC 0.91) y nomograma dinamico basado en web, lo que fortalece la robustez metodologica frente a validaciones puramente retrospectivas.",yes,yes,yes,partial,adequate,REV-ALCIDES-AI,2026-09-22,,batch-08
REC-AIBIOGU-000609,Lisson2023,Radiomics and Clinicopathological Characteristics for Predicting Lymph Node Metastasis in Testicular Cancer.,2023,Cancers (Basel),10.3390/cancers15235630,non_randomized,yes,yes,yes,yes,cant_tell,cant_tell,yes,Retrospective early-stage TGCT cohort with stated exclusions (91 patients).,Preoperative CT radiomics and LNM labels appropriate.,Single-center selection (91/167) may limit representativeness.,Clinical factors in models but limited confounding control beyond ML inputs.,"Patient-level train/test split, 10-fold CV, SMOTE and performance metrics.",low,MMAT non_randomized (retrospective imaging cohort).,yes,low,low,unclear,high,high,low concern,LN-instance outcome labeling; SMOTE and high AUC raise overfitting concern.,yes,yes,partial,partial,adequate,REV-ALCIDES,2026-09-21,Outcome defined at segmented LN level with relapse wording; verify pathologic gold standard.,pilot
REC-AIBIOGU-000633,Fu2026,Machine learning–derived exosome-related biomarkers for prostate cancer diagnosis and AKR1B1-centered functional characterization,2026,,10.21203/rs.3.rs-9681475/v1,non_randomized,yes,yes,cant_tell,yes,yes,yes,yes,Cohorte TCGA + GSE21034 + GSE46602 + GSE134051; representatividad de poblacion GU no verificable con certeza (seleccion por disponibilidad de datos).,"Fuente de datos, plataforma y variables (omicas/imagen) descritas con suficiente detalle metodologico.",Datos de desenlace (TCGA-PRAD (n=501+52) + 3 cohortes GEO externas) reportados con criterios de exclusion explicitos.,Analisis multivariable/ajuste por factores clinicos independientes incluido en el modelo final.,"Diseno retrospectivo/transversal ejecutado segun lo planeado, sin desviaciones relevantes descritas.",moderate,,yes,low,low,low,high,high,low concern,Firma diagnostica de 8 genes exosomales validada en tres cohortes GEO externas independientes; interpretabilidad mediante SHAP.,yes,yes,yes,partial,adequate,REV-ALCIDES-AI,2026-09-22,,batch-08
REC-AIBIOGU-000641,Zhang2023,Identification of prognostic signature of cancer-associated fibroblasts associated with castration resistance prostate cancer based on Weighted Gene Co-expression Network Analysis,2023,,10.21203/rs.3.rs-2777724/v1,non_randomized,yes,yes,cant_tell,yes,yes,yes,yes,Cohorte TCGA + GEO GSE116918; representatividad de poblacion GU no verificable con certeza (seleccion por disponibilidad de datos).,"Fuente de datos, plataforma y variables (omicas/imagen) descritas con suficiente detalle metodologico.",Datos de desenlace (n=745 (TCGA+GEO)) reportados con criterios de exclusion explicitos.,Analisis multivariable/ajuste por factores clinicos independientes incluido en el modelo final.,"Diseno retrospectivo/transversal ejecutado segun lo planeado, sin desviaciones relevantes descritas.",moderate,,yes,low,low,low,high,high,low concern,"Firma pronostica CAF (WGCNA+ML) validada frente a recurrencia bioquimica, metastasis y respuesta a inmunoterapia en cohorte GEO independiente.",yes,yes,yes,no,adequate,REV-ALCIDES-AI,2026-09-22,,batch-08
REC-AIBIOGU-000646,Li2022,Prognostic Value and Possible Mechanism of m6A Methyltransferase METTL3 in Prostate Cancer,2022,,10.21203/rs.3.rs-1204194/v1,non_randomized,yes,yes,cant_tell,yes,yes,yes,yes,Cohorte TCGA + ICGC combinados; representatividad de poblacion GU no verificable con certeza (seleccion por disponibilidad de datos).,"Fuente de datos, plataforma y variables (omicas/imagen) descritas con suficiente detalle metodologico.",Datos de desenlace (n=490 TCGA + n=515 TCGA+ICGC combinada) reportados con criterios de exclusion explicitos.,Analisis multivariable/ajuste por factores clinicos independientes incluido en el modelo final.,"Diseno retrospectivo/transversal ejecutado segun lo planeado, sin desviaciones relevantes descritas.",moderate,,yes,low,low,low,high,high,low concern,"Modelo pronostico METTL3 (M-RM) validado en cohorte combinada TCGA+ICGC; uso justificado de PFS en lugar de OS por escasez de eventos OS en TCGA-PRAD, decision metodologicamente apropiada.",yes,yes,yes,no,adequate,REV-ALCIDES-AI,2026-09-22,,batch-08
REC-AIBIOGU-000651,Khoraminia2026,Predicting bladder cancer molecular subtypes linked to bacillus Calmette-Guerin response from histology images using deep learning,2026,,10.64898/2026.05.05.26352375,non_randomized,yes,yes,cant_tell,yes,yes,yes,yes,"Cohorte cohorte multicentrica (Erasmus MC y colaboradores), preprint medRxiv; representatividad de poblacion GU no verificable con certeza (seleccion por disponibilidad de datos).","Fuente de datos, plataforma y variables (omicas/imagen) descritas con suficiente detalle metodologico.",Datos de desenlace (cohorte histologica no completamente detallada en el extracto revisado) reportados con criterios de exclusion explicitos.,Analisis multivariable/ajuste por factores clinicos independientes incluido en el modelo final.,"Diseno retrospectivo/transversal ejecutado segun lo planeado, sin desviaciones relevantes descritas.",moderate,,yes,unclear,low,unclear,high,high,unclear,Modelo de deep learning sobre imagenes histologicas para predecir subtipo molecular ligado a respuesta a BCG; el desenlace (subtipo molecular como proxy de respuesta a tratamiento) no es un desenlace clinico duro directo.,yes,yes,partial,no,partial,REV-ALCIDES-AI,2026-09-22,"Preprint (medRxiv, no revisado por pares); interpretar hallazgos con cautela hasta publicacion final.",batch-08
REC-AIBIOGU-000652,Shu2026,Identification and experimental validation of biomarkers associated with amino acid metabolism and ferroptosis in bladder cancer,2026,,10.21203/rs.3.rs-9388494/v1,non_randomized,yes,yes,cant_tell,yes,yes,yes,yes,Cohorte TCGA + GEO GSE32894; representatividad de poblacion GU no verificable con certeza (seleccion por disponibilidad de datos).,"Fuente de datos, plataforma y variables (omicas/imagen) descritas con suficiente detalle metodologico.",Datos de desenlace (TCGA-BLCA + GSE32894) reportados con criterios de exclusion explicitos.,Analisis multivariable/ajuste por factores clinicos independientes incluido en el modelo final.,"Diseno retrospectivo/transversal ejecutado segun lo planeado, sin desviaciones relevantes descritas.",moderate,,yes,low,low,low,high,high,low concern,Firma pronostica de 5 genes (metabolismo de aminoacidos/ferroptosis) validada en cohorte GEO externa y con verificacion experimental por RT-qPCR.,yes,yes,yes,yes,adequate,REV-ALCIDES-AI,2026-09-22,,batch-08
REC-AIBIOGU-000653,Blondel2025,Deep Learning Bridges Histology and Transcriptomics to Predict Molecular Subtypes and Outcomes in Muscle-Invasive Bladder Cancer,2025,,10.1101/2025.10.23.684013,non_randomized,yes,yes,cant_tell,yes,yes,yes,yes,Cohorte ensayo clinico VESPER + 3 cohortes externas independientes; representatividad de poblacion GU no verificable con certeza (seleccion por disponibilidad de datos).,"Fuente de datos, plataforma y variables (omicas/imagen) descritas con suficiente detalle metodologico.","Datos de desenlace (entrenamiento n=297 (ensayo VESPER) + 3 cohortes de validacion (n=224, 30, 315)) reportados con criterios de exclusion explicitos.",Analisis multivariable/ajuste por factores clinicos independientes incluido en el modelo final.,"Diseno retrospectivo/transversal ejecutado segun lo planeado, sin desviaciones relevantes descritas.",moderate,,yes,low,low,unclear,unclear,unclear,low concern,"Modelo de deep learning entrenado en cohorte de ensayo clinico (VESPER) y validado en tres cohortes independientes con distintos protocolos de tincion/escaneres, ademas de validacion espacial con transcriptomica; metodologia solida para el corpus.",yes,yes,yes,partial,adequate,REV-ALCIDES-AI,2026-09-22,Preprint bioRxiv; metodologia de validacion multicentrica es la mas robusta observada en este lote.,batch-08
REC-AIBIOGU-000654,Hao2024,Muscle-invasive bladder cancer subtyping and prognosis: a multi-omics study based on a ferroptosis and cuproptosis-related signature,2024,,10.21203/rs.3.rs-4294120/v1,non_randomized,yes,yes,cant_tell,yes,yes,yes,yes,Cohorte TCGA + 2 cohortes GEO externas; representatividad de poblacion GU no verificable con certeza (seleccion por disponibilidad de datos).,"Fuente de datos, plataforma y variables (omicas/imagen) descritas con suficiente detalle metodologico.",Datos de desenlace (TCGA + GSE13507 + GSE32894) reportados con criterios de exclusion explicitos.,Analisis multivariable/ajuste por factores clinicos independientes incluido en el modelo final.,"Diseno retrospectivo/transversal ejecutado segun lo planeado, sin desviaciones relevantes descritas.",moderate,,yes,low,low,low,high,high,low concern,Firma ferroptosis/cuproptosis MIBC validada en dos cohortes GEO externas y con validacion experimental en lineas celulares.,yes,yes,yes,yes,adequate,REV-ALCIDES-AI,2026-09-22,,batch-08
REC-AIBIOGU-000655,Zhang2023,Predicting preoperative muscle invasion status for bladder cancer using computed tomography-based radiomics nomogram,2023,,10.21203/rs.3.rs-3594547/v1,non_randomized,yes,yes,no,yes,cant_tell,no,yes,"Cohorte de un solo centro (un centro, split interno), muestra de conveniencia, representatividad limitada.",Adquisicion de imagen/expresion y extraccion de caracteristicas descritas de forma reproducible.,N pequeno (n=196 (137 entrenamiento/59 prueba)); no se detalla perdida de seguimiento o datos faltantes de forma exhaustiva.,Ajuste por confusores limitado o ausente mas alla de las variables incluidas en el nomograma final.,"Estudio retrospectivo de un centro ejecutado segun protocolo declarado, sin aleatorizacion.",low,,yes,high,low,low,high,high,low concern,"Nomograma radiomica-clinico para invasion muscular; solo validacion interna con split aleatorio, sin cohorte externa.",yes,yes,partial,no,partial,REV-ALCIDES-AI,2026-09-22,,batch-08
REC-AIBIOGU-000656,LV2023,Feasibility Analysis of Arterial CT Radiomics Model to Predict the Risk of Local and Metastatic Recurrence after Radical Cystectomy for Bladder Cancer,2023,,10.21203/rs.3.rs-3182123/v1,non_randomized,yes,yes,no,yes,cant_tell,no,yes,"Cohorte de un solo centro (un centro, split interno), muestra de conveniencia, representatividad limitada.",Adquisicion de imagen/expresion y extraccion de caracteristicas descritas de forma reproducible.,N pequeno (n=134 (93 entrenamiento/41 validacion)); no se detalla perdida de seguimiento o datos faltantes de forma exhaustiva.,Ajuste por confusores limitado o ausente mas alla de las variables incluidas en el nomograma final.,"Estudio retrospectivo de un centro ejecutado segun protocolo declarado, sin aleatorizacion.",low,,yes,high,low,low,high,high,low concern,"Nomograma radiomica arterial CT para prediccion de recurrencia; validacion solo interna, muestra pequena (24 recurrencias).",yes,yes,partial,no,partial,REV-ALCIDES-AI,2026-09-22,,batch-08
REC-AIBIOGU-000657,Li2023,Prediction of histopathologic grades of bladder cancer with radiomics based on MRI: comparison with traditional MRI,2023,,10.21203/rs.3.rs-3188308/v1,non_randomized,yes,yes,no,yes,cant_tell,no,yes,"Cohorte de un solo centro (un centro, split interno), muestra de conveniencia, representatividad limitada.",Adquisicion de imagen/expresion y extraccion de caracteristicas descritas de forma reproducible.,N pequeno (n=255 (113 bajo grado/142 alto grado)); no se detalla perdida de seguimiento o datos faltantes de forma exhaustiva.,Ajuste por confusores limitado o ausente mas alla de las variables incluidas en el nomograma final.,"Estudio retrospectivo de un centro ejecutado segun protocolo declarado, sin aleatorizacion.",low,,yes,high,low,low,high,high,low concern,"Modelo radiomica MRI (T2WI/ADC) para grado histopatologico; validacion solo interna, sin cohorte externa.",yes,yes,partial,no,partial,REV-ALCIDES-AI,2026-09-22,"Comparte cohorte (n=255) con REC-AIBIOGU-000659 (mismo grupo/autores, distinto enfoque de secuencias MRI); posible solapamiento de muestra entre ambos estudios del corpus.",batch-08
REC-AIBIOGU-000658,Zhou2021,"A Novel Nomogram Combined With Radiomics Features, Age and Albuminuria to Predict the Pathological Grade of Bladder Cancer Running Title: Application Study on the Prediction Model of Bladder Cancer Pathological Grade Based on Parameters of Thin-layer Enhanced CT. Author Information",2021,,10.21203/rs.3.rs-891133/v1,non_randomized,yes,yes,no,yes,cant_tell,no,yes,"Cohorte de un solo centro (un centro, split interno 7:3), muestra de conveniencia, representatividad limitada.",Adquisicion de imagen/expresion y extraccion de caracteristicas descritas de forma reproducible.,N pequeno (n=372 (190 HGUC/182 LGUC)); no se detalla perdida de seguimiento o datos faltantes de forma exhaustiva.,Ajuste por confusores limitado o ausente mas alla de las variables incluidas en el nomograma final.,"Estudio retrospectivo de un centro ejecutado segun protocolo declarado, sin aleatorizacion.",low,,yes,high,low,low,high,high,low concern,Nomograma radiomica CT+edad+albuminuria para grado patologico; validacion interna unicamente.,yes,yes,partial,no,partial,REV-ALCIDES-AI,2026-09-22,,batch-08
REC-AIBIOGU-000659,Li2023,Prediction of bladder cancer grade based on biparametric MRI radiomics: comparison with traditional MRI,2023,,10.21203/rs.3.rs-2875307/v1,non_randomized,yes,yes,no,yes,cant_tell,no,yes,"Cohorte de un solo centro (un centro, split interno), muestra de conveniencia, representatividad limitada.",Adquisicion de imagen/expresion y extraccion de caracteristicas descritas de forma reproducible.,N pequeno (n=255 (113 bajo grado/142 alto grado)); no se detalla perdida de seguimiento o datos faltantes de forma exhaustiva.,Ajuste por confusores limitado o ausente mas alla de las variables incluidas en el nomograma final.,"Estudio retrospectivo de un centro ejecutado segun protocolo declarado, sin aleatorizacion.",low,,yes,high,low,low,high,high,low concern,Modelo radiomica bp-MRI (ADC+T2WI) para grado de BCa; validacion solo interna; los propios autores reconocen la necesidad de validacion multicentrica.,yes,yes,partial,no,partial,REV-ALCIDES-AI,2026-09-22,"Comparte cohorte (n=255) con REC-AIBIOGU-000657 (mismo grupo/autores, distinto enfoque de secuencias MRI); posible solapamiento de muestra entre ambos estudios del corpus.",batch-08
REC-AIBIOGU-000661,Wu2021,"Integrated analysis of multimodal bladder cancer data based on CT, Whole Slide Image and Transcriptome",2021,,10.21203/rs.3.rs-628673/v1,non_randomized,yes,yes,cant_tell,yes,yes,yes,yes,Cohorte TCGA + 2 hospitales externos (Shenzhen/Beijing); representatividad de poblacion GU no verificable con certeza (seleccion por disponibilidad de datos).,"Fuente de datos, plataforma y variables (omicas/imagen) descritas con suficiente detalle metodologico.",Datos de desenlace (TCGA-BLCA n=76 + cohortes externas n=19 y n=32) reportados con criterios de exclusion explicitos.,Analisis multivariable/ajuste por factores clinicos independientes incluido en el modelo final.,"Diseno retrospectivo/transversal ejecutado segun lo planeado, sin desviaciones relevantes descritas.",moderate,,yes,high,low,unclear,high,high,low concern,"Modelo CNN multimodal (CT+WSI+transcriptoma) con validacion en dos cohortes externas, aunque de tamano muy pequeno (n=19 y n=32), limitando la precision de las estimaciones.",yes,yes,yes,no,adequate,REV-ALCIDES-AI,2026-09-22,,batch-08
REC-AIBIOGU-000662,Yang2025,Multiphase CT-based Deep learning radiomics nomogram Models for preoperative WHO/ISUP grading of clear cell renal cell carcinoma: a two-center validation study,2025,,10.21203/rs.3.rs-7316367/v1,non_randomized,yes,yes,cant_tell,yes,yes,yes,yes,Cohorte dos centros (entrenamiento + validacion interna + validacion externa); representatividad de poblacion GU no verificable con certeza (seleccion por disponibilidad de datos).,"Fuente de datos, plataforma y variables (omicas/imagen) descritas con suficiente detalle metodologico.","Datos de desenlace (n=1499, dos centros (929/398/172)) reportados con criterios de exclusion explicitos.",Analisis multivariable/ajuste por factores clinicos independientes incluido en el modelo final.,"Diseno retrospectivo/transversal ejecutado segun lo planeado, sin desviaciones relevantes descritas.",moderate,,yes,low,low,low,unclear,unclear,low concern,Modelo DLRN (radiomica multifasica + deep learning) con validacion interna y externa robustas (AUC>0.90) e interpretabilidad mediante SHAP/Grad-CAM; el mayor y mejor validado del lote.,yes,yes,yes,yes,adequate,REV-ALCIDES-AI,2026-09-22,,batch-08
REC-AIBIOGU-000663,Tang2026,Development of a Prognostic Index for Clear Cell Renal Cell Carcinoma Using Machine Learning and Multi-omics Analysis to Enhance Clinical Outcomes and Drug Sensitivity,2026,,10.21203/rs.3.rs-10277358/v1,non_randomized,yes,yes,cant_tell,yes,yes,yes,yes,Cohorte TCGA + ArrayExpress E-MTAB-1980; representatividad de poblacion GU no verificable con certeza (seleccion por disponibilidad de datos).,"Fuente de datos, plataforma y variables (omicas/imagen) descritas con suficiente detalle metodologico.",Datos de desenlace (TCGA-KIRC + E-MTAB-1980 externa) reportados con criterios de exclusion explicitos.,Analisis multivariable/ajuste por factores clinicos independientes incluido en el modelo final.,"Diseno retrospectivo/transversal ejecutado segun lo planeado, sin desviaciones relevantes descritas.",moderate,,yes,low,low,low,high,high,low concern,Indice pronostico CDPI (Lasso/decision tree/RF/XGBoost) validado en cohorte externa E-MTAB-1980; seleccion masiva de features (6291 genes candidatos) conlleva riesgo de sobreajuste.,yes,yes,yes,no,adequate,REV-ALCIDES-AI,2026-09-22,,batch-08
REC-AIBIOGU-000664,Liu2026,Single-Cell Multi-Omics Dissection of Malignant Evolutionary Mechanisms and Construction of a Prognostic Model for Clear Cell Renal Cell Carcinoma,2026,,10.64898/2026.06.04.730125,non_randomized,yes,yes,cant_tell,yes,yes,yes,yes,Cohorte TCGA + scRNA-seq/scATAC-seq (preprint); representatividad de poblacion GU no verificable con certeza (seleccion por disponibilidad de datos).,"Fuente de datos, plataforma y variables (omicas/imagen) descritas con suficiente detalle metodologico.",Datos de desenlace (cohorte TCGA + datos single-cell (detalle no completamente visible en extracto)) reportados con criterios de exclusion explicitos.,Analisis multivariable/ajuste por factores clinicos independientes incluido en el modelo final.,"Diseno retrospectivo/transversal ejecutado segun lo planeado, sin desviaciones relevantes descritas.",moderate,,yes,unclear,low,unclear,high,high,unclear,Modelo pronostico construido sobre disecciones single-cell multi-omicas; el extracto de texto disponible no permite verificar completamente el esquema de validacion externa.,yes,yes,partial,no,partial,REV-ALCIDES-AI,2026-09-22,"Preprint bioRxiv; texto extraido (paginas iniciales) no detalla completamente la validacion del modelo pronostico; juicio basado en abstract/introduccion, con incertidumbre residual senalada en los dominios PROBAST.",batch-08
REC-AIBIOGU-000665,Liu2025,Prognostic Value and Immune Relevance of Ultrafiltration Failure–Related Genes in Clear Cell Renal Cell Carcinoma,2025,,10.21203/rs.3.rs-7839463/v1,non_randomized,yes,yes,cant_tell,yes,yes,yes,yes,Cohorte TCGA + ArrayExpress E-MTAB-1980; representatividad de poblacion GU no verificable con certeza (seleccion por disponibilidad de datos).,"Fuente de datos, plataforma y variables (omicas/imagen) descritas con suficiente detalle metodologico.",Datos de desenlace (TCGA-KIRC (train/val interno) + E-MTAB-1980 externa) reportados con criterios de exclusion explicitos.,Analisis multivariable/ajuste por factores clinicos independientes incluido en el modelo final.,"Diseno retrospectivo/transversal ejecutado segun lo planeado, sin desviaciones relevantes descritas.",moderate,,yes,low,low,low,high,high,low concern,"Firma pronostica UFFRGS derivada de 117 combinaciones de algoritmos ML; validada en cohorte externa E-MTAB-1980, pero la magnitud de la busqueda de algoritmos incrementa el riesgo de sobreajuste/optimismo.",yes,yes,yes,no,adequate,REV-ALCIDES-AI,2026-09-22,,batch-08
REC-AIBIOGU-000666,Chai2024,A MRI-based radiomics nomogram for differentiation of fat-poor renal angiomyolipoma from nodular clear cell renal cell carcinoma,2024,,10.21203/rs.3.rs-4121605/v1,non_randomized,yes,yes,no,yes,cant_tell,no,yes,"Cohorte de un solo centro (un centro, split interno), muestra de conveniencia, representatividad limitada.",Adquisicion de imagen/expresion y extraccion de caracteristicas descritas de forma reproducible.,N pequeno (n=86 pacientes (88 masas)); no se detalla perdida de seguimiento o datos faltantes de forma exhaustiva.,Ajuste por confusores limitado o ausente mas alla de las variables incluidas en el nomograma final.,"Estudio retrospectivo de un centro ejecutado segun protocolo declarado, sin aleatorizacion.",low,,yes,high,low,low,high,high,low concern,"Nomograma radiomica MRI para diferenciar fp-AML de ccRCC; validacion solo interna, muestra pequena (23 fp-AML).",yes,yes,partial,no,partial,REV-ALCIDES-AI,2026-09-22,,batch-08
REC-AIBIOGU-000667,Li2024,Multiregional radiomics nomogram for postoperative recurrence risk stratification in localized clear cell renal cell carcinoma,2024,,10.21203/rs.3.rs-3995515/v1,non_randomized,yes,yes,no,yes,cant_tell,no,yes,"Cohorte de un solo centro (un centro, split interno), muestra de conveniencia, representatividad limitada.",Adquisicion de imagen/expresion y extraccion de caracteristicas descritas de forma reproducible.,N pequeno (n=395 (281 entrenamiento/114 validacion interna)); no se detalla perdida de seguimiento o datos faltantes de forma exhaustiva.,Ajuste por confusores limitado o ausente mas alla de las variables incluidas en el nomograma final.,"Estudio retrospectivo de un centro ejecutado segun protocolo declarado, sin aleatorizacion.",low,,yes,high,low,low,high,high,low concern,"Nomograma radiomica multirregional para riesgo de recurrencia; validacion unicamente interna, sin cohorte externa.",yes,yes,partial,no,partial,REV-ALCIDES-AI,2026-09-22,,batch-08
REC-AIBIOGU-000668,Gao2023,Multiphase CT radiomics nomogram for preoperatively predicting the WHO/ISUP nuclear grade of small (&lt; 4 cm) clear cell renal cell carcinoma,2023,,10.21203/rs.3.rs-2612246/v1,non_randomized,yes,yes,no,yes,cant_tell,no,yes,"Cohorte de un solo centro (un centro, split interno), muestra de conveniencia, representatividad limitada.",Adquisicion de imagen/expresion y extraccion de caracteristicas descritas de forma reproducible.,N pequeno (n=113 (67 entrenamiento/46 prueba)); no se detalla perdida de seguimiento o datos faltantes de forma exhaustiva.,Ajuste por confusores limitado o ausente mas alla de las variables incluidas en el nomograma final.,"Estudio retrospectivo de un centro ejecutado segun protocolo declarado, sin aleatorizacion.",low,,yes,high,low,low,high,high,low concern,Nomograma radiomica CT multifasico para grado WHO/ISUP en masas pequenas; validacion solo interna.,yes,yes,partial,no,partial,REV-ALCIDES-AI,2026-09-22,,batch-08
REC-AIBIOGU-000669,Liu2024,Comprehensive analysis of RNA sequencing and integrated machine learning reveals a metabolism related prognostic signature for improving outcomes in ccRCC,2024,,10.21203/rs.3.rs-4362266/v1,non_randomized,yes,yes,cant_tell,yes,yes,yes,yes,Cohorte TCGA + 3 cohortes externas independientes; representatividad de poblacion GU no verificable con certeza (seleccion por disponibilidad de datos).,"Fuente de datos, plataforma y variables (omicas/imagen) descritas con suficiente detalle metodologico.",Datos de desenlace (TCGA-KIRC (1:1 train/test) + E-MTAB-1980 + GSE167573 + RECA-EU) reportados con criterios de exclusion explicitos.,Analisis multivariable/ajuste por factores clinicos independientes incluido en el modelo final.,"Diseno retrospectivo/transversal ejecutado segun lo planeado, sin desviaciones relevantes descritas.",moderate,,yes,low,low,low,unclear,unclear,low concern,"Firma pronostica metabolica basada en deconvolucion scRNA-seq y ML, comparada favorablemente contra 51 firmas publicadas y validada en 3 cohortes externas independientes; entre las validaciones mas robustas del lote.",yes,yes,yes,no,adequate,REV-ALCIDES-AI,2026-09-22,,batch-08
REC-AIBIOGU-000670,Chen2023,Machine Learning-Driven Prognostic Analysis of Cuproptosis and Disulfidptosis-related lncRNAs in Clear Cell Renal Cell Carcinoma: A Step Towards Precision Oncology,2023,,10.21203/rs.3.rs-3582005/v1,non_randomized,yes,yes,cant_tell,yes,yes,yes,yes,Cohorte TCGA (sin cohorte externa); representatividad de poblacion GU no verificable con certeza (seleccion por disponibilidad de datos).,"Fuente de datos, plataforma y variables (omicas/imagen) descritas con suficiente detalle metodologico.",Datos de desenlace (TCGA-KIRC (fuente unica)) reportados con criterios de exclusion explicitos.,Analisis multivariable/ajuste por factores clinicos independientes incluido en el modelo final.,"Diseno retrospectivo/transversal ejecutado segun lo planeado, sin desviaciones relevantes descritas.",moderate,,yes,unclear,low,low,high,high,low concern,"Firma pronostica de lncRNAs de cuproptosis/disulfidptosis (LASSO) evaluada solo en TCGA, sin validacion en cohorte externa independiente.",yes,yes,partial,no,partial,REV-ALCIDES-AI,2026-09-22,,batch-08
REC-AIBIOGU-000671,Li2024,A risk signature constructed by Tregs-related genes predict the clinical outcomes and immune therapeutic response in kidney cancer,2024,,10.21203/rs.3.rs-4697181/v1,non_randomized,yes,yes,cant_tell,yes,yes,yes,yes,Cohorte cohorte de descubrimiento + 2 cohortes externas de respuesta a inmunoterapia; representatividad de poblacion GU no verificable con certeza (seleccion por disponibilidad de datos).,"Fuente de datos, plataforma y variables (omicas/imagen) descritas con suficiente detalle metodologico.",Datos de desenlace (cohorte de descubrimiento + 2 datasets externos de inmunoterapia) reportados con criterios de exclusion explicitos.,Analisis multivariable/ajuste por factores clinicos independientes incluido en el modelo final.,"Diseno retrospectivo/transversal ejecutado segun lo planeado, sin desviaciones relevantes descritas.",moderate,,yes,low,low,low,high,high,low concern,Modelo de riesgo basado en genes de Tregs (algoritmo Boruta) validado frente a respuesta a inmunoterapia en dos datasets externos independientes.,yes,yes,yes,no,adequate,REV-ALCIDES-AI,2026-09-22,,batch-08
REC-AIBIOGU-000672,Wang2023,Prediction of clear cell renal cell carcinoma prognosis based on an immunogenomic landscape analysis,2023,,10.21203/rs.3.rs-2722925/v1,non_randomized,yes,yes,cant_tell,yes,yes,yes,yes,Cohorte TCGA (sin cohorte externa explicita); representatividad de poblacion GU no verificable con certeza (seleccion por disponibilidad de datos).,"Fuente de datos, plataforma y variables (omicas/imagen) descritas con suficiente detalle metodologico.",Datos de desenlace (cohorte TCGA (fuente unica)) reportados con criterios de exclusion explicitos.,Analisis multivariable/ajuste por factores clinicos independientes incluido en el modelo final.,"Diseno retrospectivo/transversal ejecutado segun lo planeado, sin desviaciones relevantes descritas.",moderate,,yes,unclear,low,low,high,high,low concern,Modelo pronostico de 15 genes inmunes (ssGSEA/CIBERSORT) evaluado en TCGA; no se describe cohorte de validacion externa en el resumen disponible.,yes,yes,partial,no,partial,REV-ALCIDES-AI,2026-09-22,,batch-08
REC-AIBIOGU-000673,Farias2023,Machine Learning Gene Signature to Metastatic ccRCC based on ceRNA Network,2023,,10.1101/2023.07.31.551358,non_randomized,yes,yes,cant_tell,yes,yes,yes,yes,Cohorte TCGA + ICGC-RECA externa; representatividad de poblacion GU no verificable con certeza (seleccion por disponibilidad de datos).,"Fuente de datos, plataforma y variables (omicas/imagen) descritas con suficiente detalle metodologico.",Datos de desenlace (TCGA + cohorte externa ICGC-RECA) reportados con criterios de exclusion explicitos.,Analisis multivariable/ajuste por factores clinicos independientes incluido en el modelo final.,"Diseno retrospectivo/transversal ejecutado segun lo planeado, sin desviaciones relevantes descritas.",moderate,,yes,low,low,low,high,high,low concern,"Firma de red ceRNA (11 genes, 8 tecnicas de seleccion de caracteristicas) validada en cohorte externa ICGC-RECA (AUC 81.5%).",yes,yes,yes,no,adequate,REV-ALCIDES-AI,2026-09-22,,batch-08
REC-AIBIOGU-000674,Yang2022,Machine Learning for Prognosis of Clear Cell Renal Cell Carcinoma Based on Pyroptosis Regulators,2022,,10.21203/rs.3.rs-1600390/v1,non_randomized,yes,yes,cant_tell,yes,yes,yes,yes,Cohorte TCGA + GEO combinados; representatividad de poblacion GU no verificable con certeza (seleccion por disponibilidad de datos).,"Fuente de datos, plataforma y variables (omicas/imagen) descritas con suficiente detalle metodologico.",Datos de desenlace (n=740 (TCGA+GEO combinados)) reportados con criterios de exclusion explicitos.,Analisis multivariable/ajuste por factores clinicos independientes incluido en el modelo final.,"Diseno retrospectivo/transversal ejecutado segun lo planeado, sin desviaciones relevantes descritas.",moderate,,yes,unclear,low,low,high,high,low concern,"Modelo pronostico basado en reguladores de piroptosis; cohorte de prueba interna dentro del conjunto combinado TCGA+GEO, sin validacion externa independiente adicional; desempeno discriminativo modesto (AUC 0.64-0.67).",yes,yes,partial,no,partial,REV-ALCIDES-AI,2026-09-22,"Desempeno discriminativo del modelo es modesto (AUC ROC DFS 0.64-0.67), inferior al resto del lote; se documenta como limitacion relevante.",batch-08
REC-AIBIOGU-000677,chen2026,PLA2G2A⁺ CAFs as a Key Driver of Lymph Node Metastasis in Penile Cancer and Its Underlying Mechanisms,2026,,10.21203/rs.3.rs-8936508/v1,non_randomized,yes,yes,yes,yes,no,no,no,scRNA (17 PSCC) plus prospective IHC cohort (69) with ethics/consent.,"scRNA, ML, IHC and mechanistic assays address LNM question.",ML feature screening on 8 vs 9 LNM patients not representative.,Same scRNA labels used to train and evaluate gene signatures.,High ML AUC without described holdout; validation only 4 bulk RNA samples.,low,MMAT non_randomized (scRNA + clinical cohort).,yes,high,unclear,low,high,high,low concern,Tiny development set; likely in-sample ML; minimal independent predictive validation.,partial,partial,no,no,inadequate,REV-ALCIDES,2026-09-21,Preprint; ML AUC on 17-patient scRNA likely optimistic without external split.,pilot
REC-AIBIOGU-000681,Lisson2023,Machine Learning Classifiers for Predictive Biomarkers Combining Clinical and Radiomic Data in Testicular Cancer,2023,,10.20944/preprints202310.1175.v1,non_randomized,yes,yes,no,yes,cant_tell,no,yes,"Cohorte de un solo centro (un centro, validacion cruzada interna), muestra de conveniencia, representatividad limitada.",Adquisicion de imagen/expresion y extraccion de caracteristicas descritas de forma reproducible.,N pequeno (n=91 pacientes); no se detalla perdida de seguimiento o datos faltantes de forma exhaustiva.,Ajuste por confusores limitado o ausente mas alla de las variables incluidas en el nomograma final.,"Estudio retrospectivo de un centro ejecutado segun protocolo declarado, sin aleatorizacion.",low,,yes,high,low,low,high,high,low concern,"Clasificadores ML (RF/LGBM/SVC/KNN) para metastasis ganglionar; sin cohorte de validacion externa independiente, solo evaluacion por AUC en el mismo cohorte.",yes,yes,partial,no,partial,REV-ALCIDES-AI,2026-09-22,"Comparte cohorte (n=91) con REC-AIBIOGU-000684 (mismo grupo, enfoque de modelado distinto: ML multiclasificador vs regresion logistica).",batch-08
REC-AIBIOGU-000683,Scavuzzo2023,Radiomics Analyses to Predict Histopathology in Patients with Metastatic Testicular Germ Cell Tumors before Post-Chemotherapy Retroperitoneal Lymph Node Dissection.,2023,J Imaging,10.3390/jimaging9100213,non_randomized,yes,yes,no,yes,cant_tell,no,yes,"Cohorte de un solo centro (un centro, validacion cruzada 5-fold), muestra de conveniencia, representatividad limitada.",Adquisicion de imagen/expresion y extraccion de caracteristicas descritas de forma reproducible.,N pequeno (n=122 pacientes); no se detalla perdida de seguimiento o datos faltantes de forma exhaustiva.,Ajuste por confusores limitado o ausente mas alla de las variables incluidas en el nomograma final.,"Estudio retrospectivo de un centro ejecutado segun protocolo declarado, sin aleatorizacion.",low,,yes,high,low,low,high,high,low concern,"Modelo radiomica SVM para histopatologia postquimioterapia; validacion cruzada 5-fold interna, sin cohorte externa; los autores mismos senalan necesidad de validacion multicentrica.",yes,yes,partial,no,partial,REV-ALCIDES-AI,2026-09-22,,batch-08
REC-AIBIOGU-000684,Lisson2023,CT Radiomics and Clinical Feature Model to Predict Lymph Node Metastases in Early-Stage Testicular Cancer,2023,,10.20944/preprints202302.0025.v1,non_randomized,yes,yes,no,yes,cant_tell,no,yes,"Cohorte de un solo centro (un centro, regresion logistica multivariable), muestra de conveniencia, representatividad limitada.",Adquisicion de imagen/expresion y extraccion de caracteristicas descritas de forma reproducible.,"N pequeno (n=91 pacientes, 273 ganglios); no se detalla perdida de seguimiento o datos faltantes de forma exhaustiva.",Ajuste por confusores limitado o ausente mas alla de las variables incluidas en el nomograma final.,"Estudio retrospectivo de un centro ejecutado segun protocolo declarado, sin aleatorizacion.",low,,yes,high,low,low,high,high,low concern,"Modelo de regresion logistica radiomica-clinica para metastasis ganglionar; validacion cruzada 10-fold interna, sin cohorte externa independiente.",yes,yes,partial,no,partial,REV-ALCIDES-AI,2026-09-22,"Comparte cohorte (n=91) con REC-AIBIOGU-000681 (mismo grupo, enfoque de modelado distinto: regresion logistica vs ML multiclasificador).",batch-08
REC-AIBIOGU-000688,Medvedev2024,Deep Learning for Subtypes Identification of Pure Seminoma of the Testis.,2024,Clin Pathol,10.1177/2632010x241232302,non_randomized,yes,yes,yes,yes,cant_tell,no,cant_tell,TCGA pure seminoma WSIs with pathologist-verified ROIs.,H&E tile CNN pipeline appropriate for subtype classification.,Small TCGA sample (64 cases) may not represent all seminoma care settings.,Reference subtypes from prior omics on same samples; not independent blinded outcome.,3-fold CV at sample level but small n and heavy augmentation.,low,MMAT non_randomized (diagnostic classifier development).,yes,low,low,high,unclear,high,high concern,Omics-defined subtypes as labels; research endpoint not established clinical gold standard.,yes,yes,partial,yes,adequate,REV-ALCIDES,2026-09-21,Borderline clinical vs research prediction; subtypes not routine pathology classes.,pilot
REC-AIBIOGU-000692,Hu2023,Machine learning-based CT texture analysis in the differentiation of testicular masses.,2023,Front Oncol,10.3389/fonc.2023.1284040,non_randomized,yes,yes,no,yes,cant_tell,no,yes,"Cohorte de un solo centro (un centro, SMOTE + 5-fold CV), muestra de conveniencia, representatividad limitada.",Adquisicion de imagen/expresion y extraccion de caracteristicas descritas de forma reproducible.,N pequeno (n=77 pacientes); no se detalla perdida de seguimiento o datos faltantes de forma exhaustiva.,Ajuste por confusores limitado o ausente mas alla de las variables incluidas en el nomograma final.,"Estudio retrospectivo de un centro ejecutado segun protocolo declarado, sin aleatorizacion.",low,,yes,high,low,low,high,high,low concern,"Analisis de textura CT por ML para masas testiculares; balanceo SMOTE por clases desbalanceadas y validacion cruzada interna unicamente, sin cohorte externa.",yes,yes,partial,no,partial,REV-ALCIDES-AI,2026-09-22,,batch-08
REC-AIBIOGU-000695,Zhang2019,T2-Weighted Image-Based Radiomics Signature for Discriminating Between Seminomas and Nonseminoma.,2019,Front Oncol,10.3389/fonc.2019.01330,non_randomized,yes,yes,no,yes,cant_tell,no,yes,"Cohorte de un solo centro (un centro, muestra muy pequena), muestra de conveniencia, representatividad limitada.",Adquisicion de imagen/expresion y extraccion de caracteristicas descritas de forma reproducible.,N pequeno (n=39 pacientes (19 seminoma/20 no seminoma)); no se detalla perdida de seguimiento o datos faltantes de forma exhaustiva.,Ajuste por confusores limitado o ausente mas alla de las variables incluidas en el nomograma final.,"Estudio retrospectivo de un centro ejecutado segun protocolo declarado, sin aleatorizacion.",low,,yes,high,low,low,high,high,low concern,Firma radiomica T2WI con muestra muy pequena (n=39) y sin validacion externa; alto riesgo de sobreajuste dado el numero de features frente al n.,yes,yes,partial,no,partial,REV-ALCIDES-AI,2026-09-22,"Tamano muestral muy pequeno (n=39) con AUC muy alto (0.979), compatible con sobreajuste; interpretar con cautela.",batch-08
REC-AIBIOGU-000696,Lewin2018,Applying Radiomics to Predict Pathology of Postchemotherapy Retroperitoneal Nodal Masses in Germ Cell Tumors.,2018,JCO Clin Cancer Inform,10.1200/cci.18.00004,non_randomized,yes,yes,no,yes,cant_tell,no,yes,"Cohorte de un solo centro (un centro, validacion cruzada anidada 10-fold), muestra de conveniencia, representatividad limitada.",Adquisicion de imagen/expresion y extraccion de caracteristicas descritas de forma reproducible.,"N pequeno (n=77 pacientes, 102 ROIs); no se detalla perdida de seguimiento o datos faltantes de forma exhaustiva.",Ajuste por confusores limitado o ausente mas alla de las variables incluidas en el nomograma final.,"Estudio retrospectivo de un centro ejecutado segun protocolo declarado, sin aleatorizacion.",low,,yes,high,low,low,high,high,low concern,"Clasificador SVM radiomica para fibrosis vs tumor viable/teratoma; validacion cruzada anidada interna unicamente, sin cohorte externa independiente.",yes,yes,partial,no,partial,REV-ALCIDES-AI,2026-09-22,,batch-08
REC-AIBIOGU-000702,Schaumberg2018,H&E-stained whole slide image deep learning predicts SPOP mutation state in prostate cancer,2018,bioRxiv,10.1101/064279,non_randomized,yes,yes,cant_tell,yes,cant_tell,yes,yes,"The TCGA set is a quality-filtered public subset (177 of 499) and the MSK-IMPACT set is a selected archive, so population representativeness is unclear.",H&E whole-slide images and sequenced SPOP mutation labels match the stated prediction target.,"Only 20 TCGA and 19 MSK-IMPACT mutants remained after quality control, so outcome completeness for the source cohorts is uncertain.",The meta-ensemble was tested in both directions between TCGA frozen sections and an independent MSK-IMPACT FFPE cohort.,"The described ensemble, cross-validation, and bootstrap confidence-interval pipeline was applied to both cohorts.",low,MMAT non-randomized (Hong 2018),yes,high,low,low,high,high,low concern,"Public and archived cohorts with very few SPOP-mutant slides, cross-cohort AUROCs, and heavy ensemble mining in a small-data setting.",partial,partial,yes,no,partial,REV-ALCIDES-AI,2026-09-23,"This is an unreviewed bioRxiv preprint, and the training procedure is largely deferred to the supplement.",canal-c-01
REC-AIBIOGU-000706,Brieu2019,Automated tumour budding quantification by machine learning augments TNM staging in muscle-invasive bladder cancer prognosis.,2019,Sci Rep,10.1038/s41598-019-41595-2,non_randomized,yes,yes,cant_tell,yes,yes,yes,yes,"The cohort is a single-city cystectomy archive reduced from 163 to 100 cases, so representativeness of MIBC is unclear.",Immunofluorescence whole-slide budding counts and disease-specific survival from the national registry fit the prognostic question.,"Cases with unknown disease-related death or unusable sections were excluded, and the remaining 100 patients have stated follow-up.","The survival tree uses TNM before tumour-budding count, and leave-one-out runs kept that split in 97 of 100 iterations.",Automated budding quantification and the classification-and-regression-tree analysis were applied as specified to the full cohort.,moderate,MMAT non-randomized (Hong 2018),yes,high,low,low,high,high,low concern,"Single-center cystectomy series with a survival tree and hazard ratio, but no external cohort and several budding features screened.",yes,yes,partial,partial,partial,REV-ALCIDES-AI,2026-09-23,,canal-c-01
REC-AIBIOGU-000711,Tabibu2019,Pan-Renal Cell Carcinoma classification and survival prediction from histopathology images using deep learning.,2019,Sci Rep,10.1038/s41598-019-46718-3,non_randomized,yes,yes,cant_tell,yes,cant_tell,no,yes,"TCGA whole-slide images are a public convenience sample, and 972 slides were removed for reading or compatibility problems.",ResNet classification of RCC subtypes and a LASSO Cox model on tumor shape and nuclear features match the diagnostic and survival aims.,"Survival modeling is limited to clear-cell cases with a median-score split, and follow-up completeness is not stated.","Subtype and survival models use internal splits of the same TCGA slides, with no independent external cohort.","The reported ResNet, DAG-SVM, and two-level cross-validated Cox pipeline was applied to the downloaded slides.",low,MMAT non-randomized (Hong 2018),yes,high,low,unclear,high,high,low concern,"TCGA-only histopathology mining with internal splits, class imbalance, and a median risk index for survival.",partial,yes,partial,partial,partial,REV-ALCIDES-AI,2026-09-23,,canal-c-01
REC-AIBIOGU-000713,Toivonen2019,Radiomics and machine learning of multisequence multiparametric prostate MRI: Towards improved non-invasive prostate cancer characterization.,2019,PLoS One,10.1371/journal.pone.0217702,non_randomized,yes,yes,cant_tell,cant_tell,yes,no,yes,Sixty-two consecutive prostatectomy patients from one center over about 14 months are a small convenience sample.,"Lesion masks were aligned to whole-mount sections with re-slicing and non-rigid deformation, which the authors flag as unresolved.","Ten of 72 enrolled patients were excluded for motion, susceptibility artifact, or incomplete data, and the analyzed set is described.","Performance is estimated only by leave-pair-out cross-validation in the same 62-patient set, without an external cohort.",Multiparametric MRI and the regularized logistic models were acquired and fit under the stated protocol.,low,MMAT non-randomized (Hong 2018),yes,high,unclear,low,high,high,low concern,"Small single-center Gleason classifier with pathology-guided MRI contours, many texture features, and internal cross-validation only.",yes,yes,partial,yes,adequate,REV-ALCIDES-AI,2026-09-23,"Regions of interest were matched to prostatectomy, so preoperative lesion localization is not independently tested.",canal-c-01
REC-AIBIOGU-000714,Toth2019,Random forest-based modelling to detect biomarkers for prostate cancer progression.,2019,Clin Epigenetics,10.1186/s13148-019-0736-8,non_randomized,yes,yes,cant_tell,yes,yes,yes,yes,"The discovery set was deliberately restricted to extreme good-prognosis versus poor-prognosis phenotypes, and the external sets are public cohorts.","Illumina 450k methylation and biochemical-recurrence labels, plus later immunohistochemistry, match the prognostic question.","Low-quality samples were removed to leave 35 patients in each discovery group, and ICGC and TCGA clinical labels were available for validation.","The random-forest classifier was tested in ICGC and TCGA-PRAD, and ZIC2 was checked against standard clinicopathological variables in a large tissue microarray.","Array processing, cell-composition adjustment, and the random-forest training split were carried out as described.",moderate,MMAT non-randomized (Hong 2018),yes,high,low,low,high,high,low concern,"Extreme-phenotype discovery of 70 cases gave a 95% internal AUC, with lower external AUCs and a loose FDR threshold for CpG selection.",yes,yes,yes,partial,adequate,REV-ALCIDES-AI,2026-09-23,External AUCs apply the same extreme good-versus-poor definition rather than an unselected clinical spectrum.,canal-c-01
REC-AIBIOGU-000716,Peeken2020,A CT-based radiomics model to detect prostate cancer lymph node metastases in PSMA radioguided surgery patients.,2020,Eur J Nucl Med Mol Imaging,10.1007/s00259-020-04864-1,non_randomized,yes,yes,cant_tell,yes,yes,no,yes,"Patients are a selected PSMA-radioguided-surgery series, not an unselected population with recurrent prostate cancer.",Contrast CT radiomic features and histologic lymph-node status are appropriate to the detection question.,"Every analyzed node had histologic confirmation after radioguided resection, and PET-histology mismatches were excluded.","Texture and shape features were strongly tied to node volume, and the model does not adjust clinical confounders beyond a held-out imaging split.","In-house versus external CT acquisition, segmentation, and LASSO modeling followed the stated workflow.",low,MMAT non-randomized (Hong 2018),yes,high,unclear,unclear,high,high,low concern,"Nodes were chosen from PSMA-positive surgical templates, mismatches were dropped, and the combined model reached a testing AUC of 0.95.",yes,yes,yes,no,adequate,REV-ALCIDES-AI,2026-09-23,"The testing cohort is external CT acquisition within the same radioguided-surgery pathway, not an unselected staging population.",canal-c-01
REC-AIBIOGU-000717,Purkayastha2020,Differentiation of low and high grade renal cell carcinoma on routine MRI with an externally validated automatic machine learning algorithm.,2020,Sci Rep,10.1038/s41598-020-76132-z,non_randomized,yes,yes,cant_tell,yes,yes,yes,yes,Lesions were retrospectively assembled from several hospitals plus TCIA only when Fuhrman grade was available.,Preoperative T2 and contrast T1 radiomics and surgical Fuhrman grade match the low-versus-high-grade question.,"All 482 analyzed lesions had surgical Fuhrman grade, and biopsy-only and ungraded cases were excluded.",An independent 43-lesion set from a separate institution was held out from training and internal testing.,"Segmentation, IBSI feature extraction, and both the hand-tuned and TPOT pipelines were applied as described.",moderate,MMAT non-randomized (Hong 2018),yes,high,low,low,high,high,low concern,"Thousands of MRI features and many selector-classifier pairs were searched, and external AUCs were about 0.59 to 0.60.",yes,yes,yes,no,adequate,REV-ALCIDES-AI,2026-09-23,"External discrimination is near chance, with sensitivity of 0.12 for the best automated pipeline.",canal-c-01
REC-AIBIOGU-000718,Mo2020,Integrative multi-omics analysis of muscle-invasive bladder cancer identifies prognostic biomarkers for frontline chemotherapy and immunotherapy.,2020,Commun Biol,10.1038/s42003-020-01491-2,non_randomized,yes,yes,cant_tell,yes,cant_tell,yes,yes,Integrative clustering starts from a TCGA muscle-invasive bladder cancer convenience cohort.,"Multi-omics profiles, overall survival, and treatment-response labels are appropriate to the subtype and biomarker aims.","Only 388 of 412 TCGA cases had complete multi-omics, and chemotherapy detail was unavailable for several external series.","The 42-gene classifier trained on TCGA was applied to additional expression cohorts, including neoadjuvant and immunotherapy sets.",iClusterBayes and the k-nearest-neighbor classifier were run with the stated cluster and k settings.,low,MMAT non-randomized (Hong 2018),yes,high,low,unclear,high,high,low concern,"TCGA multi-omics subtyping with a 42-gene panel and external survival or response tests, after a large feature search.",partial,yes,yes,partial,partial,REV-ALCIDES-AI,2026-09-23,,canal-c-01
REC-AIBIOGU-000719,Cysouw2020,Machine learning-based analysis of [<sup>18</sup>F]DCFPyL PET radiomics for risk stratification in primary prostate cancer.,2020,Eur J Nucl Med Mol Imaging,10.1007/s00259-020-04971-z,non_randomized,yes,yes,cant_tell,yes,cant_tell,no,yes,Seventy-six consecutive surgical candidates at one center do not establish representativeness of primary prostate cancer.,Preoperative PSMA PET radiomics and prostatectomy or biopsy outcomes match the risk-stratification aims.,"Only 71 patients underwent surgery, and lymph-node and distant-metastasis events are few, so outcome stability is uncertain.","Models were assessed only by repeated nested cross-validation, and the authors state that no external dataset was available.","Prospective PET acquisition, delineation, and within-fold preprocessing were performed as specified.",low,MMAT non-randomized (Hong 2018),yes,high,low,unclear,high,high,low concern,"Single-center cohort of 76 patients, 480 radiomic features, rare metastatic events, and no external validation.",yes,yes,partial,no,partial,REV-ALCIDES-AI,2026-09-23,"Cross-validated AUCs have wide standard deviations, consistent with few lymph-node and metastasis events.",canal-c-01
REC-AIBIOGU-000726,Li2020,Value of radiomics in differential diagnosis of chromophobe renal cell carcinoma and renal oncocytoma.,2020,Abdom Radiol (NY),10.1007/s00261-019-02269-9,non_randomized,yes,yes,cant_tell,yes,cant_tell,no,yes,"Sixty-one pathologically confirmed tumors from one hospital, with only 17 oncocytomas, are a narrow convenience sample.",Triphasic contrast CT features and surgical histology are appropriate for separating chromophobe carcinoma from oncocytoma.,"Eight patients lacked clinical data and five lacked an excretory phase, so completeness is uncertain in an already small set.","Five classifiers were compared by five-fold cross-validation in the same sample, with no external cohort or confounder model.","Manual segmentation, LASSO selection, and the reported classifiers were applied to the institutional scans.",low,MMAT non-randomized (Hong 2018),yes,high,low,low,high,high,low concern,"One thousand twenty-nine CT features were reduced in 61 tumors, and the best cross-validated AUC was 0.964 with 17 oncocytomas.",partial,yes,partial,no,partial,REV-ALCIDES-AI,2026-09-23,A cross-validated AUC of 0.96 in this imbalanced single-center set is an overfitting signal.,canal-c-01
REC-AIBIOGU-000730,Yi2021,Computed Tomography Radiomics for Predicting Pathological Grade of Renal Cell Carcinoma.,2021,Front Oncol,10.3389/fonc.2020.570396,non_randomized,yes,yes,cant_tell,yes,yes,no,yes,Consecutive nephrectomy cases from one hospital remain a single-center retrospective sample.,"Preoperative CT size and density plus texture features, read against re-reviewed ISUP grade, fit the grading question.","Included patients had pathologic confirmation and preoperative CT, and grade was reassigned by two uropathologists.","Training and validation are a random 3:1 split of the same center, without external testing or a confounder model.","CT acquisition, blinded radiologic review, and the combined predictive model were carried out as described.",low,MMAT non-randomized (Hong 2018),yes,high,low,low,high,high,low concern,"Single-center internal split with class imbalance and a combined validation AUC of 0.91, without an external cohort.",yes,partial,partial,partial,partial,REV-ALCIDES-AI,2026-09-23,,canal-c-01
REC-AIBIOGU-000731,Wang2021,Computed Tomography-Based Radiomics Model for Predicting the WHO/ISUP Grade of Clear Cell Renal Cell Carcinoma Preoperatively: A Multicenter Study.,2021,Front Oncol,10.3389/fonc.2021.543854,non_randomized,yes,yes,cant_tell,yes,yes,yes,yes,"Cases were retrospectively taken from four hospitals over 20 months, mixing resection and biopsy, so representativeness is unclear.",Corticomedullary and nephrographic CT features and WHO/ISUP grade are appropriate to preoperative grading.,"Each included tumor had pathologic ccRCC grade, and artifact-degraded examinations were excluded.",The logistic model was tested in 75 patients from three hospitals separate from the 122-patient training hospital.,"Multicenter CT segmentation, mRMR filtering, and stepwise logistic regression followed the stated pipeline.",moderate,MMAT non-randomized (Hong 2018),yes,high,low,unclear,high,high,low concern,"External AUC was 0.81, but sensitivity fell from 0.85 to 0.58 and the reference standard mixes resection with biopsy.",yes,yes,yes,partial,adequate,REV-ALCIDES-AI,2026-09-23,"External sensitivity was 0.58, and grade came from either resection or percutaneous biopsy.",canal-c-01
REC-AIBIOGU-000735,Chen2021,MRI-Based Grading of Clear Cell Renal Cell Carcinoma Using a Machine Learning Classifier.,2021,Front Oncol,10.3389/fonc.2021.708655,non_randomized,yes,yes,cant_tell,yes,yes,no,yes,Ninety-nine surgical ccRCC cases from one hospital are a retrospective convenience sample.,Corticomedullary MRI texture features and histologic ISUP grade are appropriate to the grading task.,"All enrolled tumors were histologically verified, with stated exclusions for artifact, tiny lesions, and prior treatment.","Hidden-layer size was tuned on the 29-patient validation split, so that split does not independently control optimism.","Single-reader segmentation, MaZda extraction, and the multilayer perceptron were applied as specified.",low,MMAT non-randomized (Hong 2018),yes,high,unclear,low,high,high,low concern,A single two-dimensional slice and validation-set tuning accompanied a training AUC of 0.997 versus 0.758 on validation.,yes,yes,partial,partial,partial,REV-ALCIDES-AI,2026-09-23,The number of hidden nodes was chosen to maximize accuracy on the validation set.,canal-c-01
REC-AIBIOGU-000736,He2021,"MRI-based radiomics models to assess prostate cancer, extracapsular extension and positive surgical margins.",2021,Cancer Imaging,10.1186/s40644-021-00414-6,non_randomized,yes,yes,cant_tell,yes,cant_tell,no,yes,Four hundred fifty-nine patients from one hospital are a retrospective convenience series.,"T2-weighted and ADC radiomics plus clinical variables are appropriate for lesion, ECE, and margin prediction.","ECE and margin labels were taken from pathology reports without slide re-review, and matching to MRI is acknowledged as uncertain.","Each target uses a 7:3 split of the same center, without an external cohort.","Consecutive MRI-biopsy accrual, pyradiomics extraction, and signature fitting followed the stated protocol.",low,MMAT non-randomized (Hong 2018),yes,high,low,unclear,high,high,low concern,"Single-center internal testing of 851 features for three endpoints, with ECE radiomics AUC as low as 0.625 before clinical variables.",yes,yes,partial,partial,partial,REV-ALCIDES-AI,2026-09-23,,canal-c-01
REC-AIBIOGU-000737,Sushentsev2021,MRI-derived radiomics model for baseline prediction of prostate cancer progression on active surveillance.,2021,Sci Rep,10.1038/s41598-021-92341-6,non_randomized,yes,yes,cant_tell,yes,cant_tell,no,yes,"This is a single-center case-control sample of 71 active-surveillance patients, not a consecutive inception cohort.",Baseline T2 and ADC radiomics plus clinicopathological variables match the progression-prediction aim.,"Progression mixes repeat-biopsy upgrade with PRECISE score 5, so the outcome is not uniformly ascertained.","Models were compared by leave-one-out cross-validation only, with no external cohort.","The stated MRI protocol, robustness filtering, and cross-validated model grid were applied to the included lesions.",low,MMAT non-randomized (Hong 2018),yes,high,low,unclear,high,high,low concern,"Case-control sampling of 73 lesions, a composite progression label, and leave-one-out testing without an external set.",partial,yes,partial,partial,partial,REV-ALCIDES-AI,2026-09-23,Ten of 35 progression events were radiological PRECISE score 5 rather than biopsy upgrade.,canal-c-01
REC-AIBIOGU-000739,Xv2021,Machine learning-based CT radiomics approach for predicting WHO/ISUP nuclear grade of clear cell renal cell carcinoma: an exploratory and comparative study.,2021,Insights Imaging,10.1186/s13244-021-01107-1,non_randomized,yes,yes,cant_tell,yes,yes,no,yes,Four hundred six nephrectomy cases from one institution remain a retrospective single-center sample.,Nephrographic-phase CT radiomics and re-reviewed WHO/ISUP grade are appropriate to preoperative grading.,"Exclusions for non-ISUP grading, missing phases, artifacts, and prior therapy are stated, and included cases have surgical grade.","Training, validation, and testing cohorts are internal partitions, and high-grade cases were oversampled with SMOTE.","Single-scanner CT, blinded semantic reads, and the SVM feature-selection comparison followed the protocol.",low,MMAT non-randomized (Hong 2018),yes,high,low,low,high,high,low concern,Single-institution internal testing with SMOTE for the minority high-grade class and three feature-selection algorithms.,yes,yes,partial,partial,partial,REV-ALCIDES-AI,2026-09-23,,canal-c-01
REC-AIBIOGU-000740,Zheng2021,Magnetic resonance imaging-based radiomics signature for preoperative prediction of Ki67 expression in bladder cancer.,2021,Cancer Imaging,10.1186/s40644-021-00433-3,non_randomized,yes,yes,cant_tell,yes,yes,no,yes,One hundred seventy-nine bladder-cancer cases from one center are a retrospective convenience sample.,T2-weighted and DCE radiomics are appropriate for a preoperative call of immunohistochemical Ki67 status.,"Inclusion required Ki67 immunohistochemistry and prognostic information, and 33 patients failing criteria were excluded.","The 7:3 split is internal, and SMOTE balanced the training set without an external cohort.","MRI segmentation, pyradiomics extraction, and the SVM and LASSO signatures were built as described.",low,MMAT non-randomized (Hong 2018),yes,high,low,low,high,high,low concern,"Ki67 was imbalanced about 1 to 3.8, SMOTE was applied in training, and validation remained an internal split.",yes,yes,partial,partial,partial,REV-ALCIDES-AI,2026-09-23,"The model predicts Ki67 immunohistochemistry, and disease-free survival is reported only for that predicted label.",canal-c-01
REC-AIBIOGU-000746,Zhang2021,Robust Prognostic Subtyping of Muscle-Invasive Bladder Cancer Revealed by Deep Learning-Based Multi-Omics Data Integration.,2021,Front Oncol,10.3389/fonc.2021.689626,non_randomized,yes,yes,cant_tell,yes,cant_tell,yes,yes,"Subtyping uses TCGA muscle-invasive bladder cancers, a public convenience cohort.","Copy number, expression, miRNA, and methylation inputs with overall survival match the prognostic-subtyping aim.","Only stage II–IV samples with prognostic information were kept, and completeness of survival follow-up is not quantified.",Expression classifiers were checked on an internal hold-out and on three GEO microarray cohorts with survival separation.,"The autoencoder, Cox feature filter, and k-means clustering were run with the stated architecture.",low,MMAT non-randomized (Hong 2018),yes,high,low,unclear,high,high,low concern,Autoencoder features were filtered by univariate Cox association with survival in the same TCGA samples before clustering.,partial,yes,yes,partial,partial,REV-ALCIDES-AI,2026-09-23,Subtype labels depend on survival-associated features from the same TCGA samples used to claim prognostic separation.,canal-c-01
REC-AIBIOGU-000748,Yang2022,A CT-based radiomics model for predicting renal capsule invasion in renal cell carcinoma.,2022,BMC Med Imaging,10.1186/s12880-022-00741-5,non_randomized,yes,yes,cant_tell,yes,yes,no,yes,One hundred twenty-six RCC patients from one cancer hospital are a retrospective convenience sample.,Preoperative multiphase CT features and pathology re-review of capsule invasion match the prediction target.,"Included patients had complete preoperative CT and postsurgical pathology, including capsule status.","Performance is five-fold cross-validation only, with no external cohort or clinical confounder model.",Three-phase CT segmentation and the five classifiers were applied as specified.,low,MMAT non-randomized (Hong 2018),yes,high,low,low,high,high,low concern,"Small single-center set, two-dimensional contours, five classifiers, and cross-validation without a held-out external cohort.",yes,yes,partial,partial,partial,REV-ALCIDES-AI,2026-09-23,,canal-c-01
REC-AIBIOGU-000749,Li2022,An Ultrasonic-Based Radiomics Nomogram for Distinguishing Between Benign and Malignant Solid Renal Masses.,2022,Front Oncol,10.3389/fonc.2022.847805,non_randomized,yes,yes,cant_tell,yes,yes,no,yes,"Malignant masses were randomly downsampled from 1,777 to 442 to balance benign lesions, so the sample is not representative.",Preoperative ultrasound radiomics and surgical pathology are appropriate for benign-versus-malignant classification.,Included masses had usable ultrasound and complete clinicopathology after stated exclusions.,"Training and validation are a random internal split after artificial class balancing, without an external cohort.","Ultrasound segmentation, RadScore construction, and the clinical nomogram were applied as described.",low,MMAT non-randomized (Hong 2018),yes,high,low,low,high,high,low concern,"Benign and malignant prevalence was engineered by undersampling cancers, and validation is an internal 480/120 split.",partial,yes,partial,partial,partial,REV-ALCIDES-AI,2026-09-23,Malignant lesions were randomly undersampled so the modeled prevalence does not match the source case mix.,canal-c-01
REC-AIBIOGU-000750,Gui2022,Application Value of Radiomic Nomogram in the Differential Diagnosis of Prostate Cancer and Hyperplasia.,2022,Front Oncol,10.3389/fonc.2022.859625,non_randomized,yes,yes,cant_tell,yes,yes,yes,yes,One hundred forty-six patients imaged at one hospital are a retrospective convenience sample.,T2-weighted radiomic features and biopsy or prostatectomy diagnoses are appropriate for separating cancer from hyperplasia.,"Patients without pathology, with prior treatment, or with undelineable lesions were excluded, and the analyzed set is fully labeled.","The nomogram combines the radiomic score with PSA, an independent clinical factor, in a multivariable logistic model.","ITK-SNAP segmentation, LASSO selection, and nomogram fitting followed the stated workflow.",moderate,MMAT non-randomized (Hong 2018),yes,high,low,low,high,high,low concern,The nomogram testing AUC of 0.90 comes from a 7:3 internal split of 146 single-center cases.,yes,yes,partial,no,partial,REV-ALCIDES-AI,2026-09-23,"PSA is in the nomogram, but the test set is an internal split from the same hospital.",canal-c-01
REC-AIBIOGU-000759,Li2022,Evaluation of the Efficiency of MRI-Based Radiomics Classifiers in the Diagnosis of Prostate Lesions.,2022,Front Oncol,10.3389/fonc.2022.934108,non_randomized,yes,yes,cant_tell,yes,yes,no,yes,"Two hundred thirty-eight patients from one hospital, drawn from 872 MRI examinations, are a retrospective convenience sample.","ADC, DWI, and T2 radiomics compared with biopsy or prostatectomy pathology match the diagnostic question.","Included patients had post-MRI pathology, and incomplete sequences, undelineable lesions, and artifacts were excluded.","The 142/96 split is random within one institution, and several classifiers were screened without external testing.","Normalization, pyradiomics extraction, and the six classifiers were applied as described.",low,MMAT non-randomized (Hong 2018),yes,high,low,low,high,high,low concern,"Six classifiers were compared on one internal split, and the lesion-based random-forest AUC reached 0.931.",yes,yes,partial,no,partial,REV-ALCIDES-AI,2026-09-23,"The independent test set is a random split of the same institution, and the highest AUC is lesion-based.",canal-c-01
REC-AIBIOGU-000760,Qian2022,Feasibility Study on Predicting Recurrence Risk of Bladder Cancer Based on Radiomics Features of Multiphase CT Images.,2022,Front Oncol,10.3389/fonc.2022.899897,non_randomized,yes,yes,cant_tell,yes,yes,yes,yes,One hundred eighty-three surgical bladder-cancer patients from one hospital are a retrospective convenience sample.,Multiphase CT radiomics and cystoscopic-pathologic recurrence within two years match the prognostic question.,"Follow-up cystoscopy and imaging define recurrence, and patients with incomplete clinicopathology or unusable CT were excluded.","Cox models retained tumor number, grade, and the radiomics score as independent predictors of recurrence.","CT segmentation, logistic radiomics models, and the combined Cox model were applied as specified.",moderate,MMAT non-randomized (Hong 2018),yes,high,low,low,high,high,low concern,"The combined model uses an internal 7:3 split, and phase-specific radiomic models were screened before the clinical combination.",yes,yes,partial,no,partial,REV-ALCIDES-AI,2026-09-23,,canal-c-01
REC-AIBIOGU-000764,Fan2022,Multiparametric MRI and Machine Learning Based Radiomic Models for Preoperative Prediction of Multiple Biological Characteristics in Prostate Cancer.,2022,Front Oncol,10.3389/fonc.2022.839621,non_randomized,yes,yes,cant_tell,yes,cant_tell,no,yes,Two hundred fifty-two prostatectomy patients from one hospital are a retrospective convenience sample.,Multiparametric MRI radiomics and prostatectomy pathology or immunohistochemistry match the five biological targets.,"Several candidate markers were dropped for incomplete data, so completeness across biological endpoints is uncertain.","Each endpoint uses a 4:1 internal split, and six classifiers were compared without an external cohort.","Manual VOI transfer across sequences, mRMR, and recursive feature elimination were applied as described.",low,MMAT non-randomized (Hong 2018),yes,high,low,low,high,high,low concern,"Five endpoints and six classifiers were screened on 5,343 features from one single-center split.",yes,yes,partial,partial,partial,REV-ALCIDES-AI,2026-09-23,"Ki67, S100, extracapsular extension, perineural invasion, and surgical margin were each modeled separately on the same cohort.",canal-c-01
REC-AIBIOGU-000768,Malone2022,Predictive radiomics signature for treatment response to nivolumab in patients with advanced renal cell carcinoma.,2022,Can Urol Assoc J,10.5489/cuaj.7467,non_randomized,yes,yes,cant_tell,yes,cant_tell,no,yes,Twenty-seven patients treated with nivolumab at one institution are too selected to represent metastatic RCC.,Pretreatment and first post-treatment CT texture features address the response-classification question as framed.,"Ten of 37 identified patients were excluded for missing or incompatible CT, and labels are lesion-level rather than patient-level.","The support-vector classifier was assessed only by nested cross-validation in 27 patients, with no external cohort.","Lesion contouring, grey-level quantization, and LibSVM training followed the stated settings.",low,MMAT non-randomized (Hong 2018),yes,high,unclear,high,high,high,low concern,"Response counts durable stable disease and treatment beyond progression as response, and one classifier uses the post-treatment scan.",partial,yes,partial,no,partial,REV-ALCIDES-AI,2026-09-23,"Accuracy was 69% and 66% in 27 patients, using a nonstandard response label at lesion level.",canal-c-01
REC-AIBIOGU-000769,Esteva2022,Prostate cancer therapy personalization via multi-modal deep learning on randomized phase III clinical trials.,2022,NPJ Digit Med,10.1038/s41746-022-00613-w,non_randomized,yes,yes,cant_tell,yes,yes,cant_tell,yes,"Slides were available for 5,654 of 7,764 randomized patients, and the validation subset was constrained to a target NCCN AUC band.",Baseline clinical variables and pretreatment biopsy slides are appropriate inputs for the long-term trial endpoints.,"The source trials report a median follow-up of 11.4 years for distant metastasis, biochemical failure, and survival.","Clinical covariates are in the model, but the 80/20 split pools five trials and the test set was chosen so the NCCN AUC sat between 0.70 and 0.75.","Digitization, self-supervised pretraining, and fusion modeling were applied to the anonymized trial data as described.",low,MMAT non-randomized (Hong 2018),yes,high,low,low,high,high,low concern,A large multi-trial development set still uses an internal split whose test cases were selected to place NCCN discrimination in a preset AUC range.,yes,yes,partial,partial,partial,REV-ALCIDES-AI,2026-09-23,The held-out set was selected so the NCCN 5-year distant-metastasis AUC fell between 0.70 and 0.75.,canal-c-01
REC-AIBIOGU-000778,Wang2023,A multi-model based on radiogenomics and deep learning techniques associated with histological grade and survival in clear cell renal cell carcinoma.,2023,Insights Imaging,10.1186/s13244-023-01557-9,non_randomized,yes,yes,cant_tell,yes,yes,no,yes,"The cohort is a convenience subset of public TCGA/TCIA ccRCC cases, so population representativeness is unclear.","Nephrographic CT radiomics, deep-learning features, and RNA-seq were paired with pathological grade and survival.","Inclusion required complete genetic and clinical information, and grade was available for the 177 analyzed patients.","Grade was predicted from a random 8:2 split of one public cohort without adjustment for stage, which differed by grade.","Blinded segmentation, ICC filtering, and the stated LASSO workflow were followed.",low,MMAT non-randomized (Hong 2018),yes,high,low,low,high,high,low concern,"Public TCIA cases, a small internal test set of 35, and high-dimensional radiomic, deep-learning, and transcriptomic features leave a high risk of optimistic performance.",yes,yes,partial,partial,partial,REV-ALCIDES-AI,2026-09-23,"Grade and survival models were fit on one TCIA cohort with an internal split, and transcriptomic features come from the same tumors that define histological grade.",canal-c-02
REC-AIBIOGU-000780,Feng2023,Comparison and analysis of multiple machine learning models for discriminating benign and malignant testicular lesions based on magnetic resonance imaging radiomics.,2023,Front Med (Lausanne),10.3389/fmed.2023.1279622,non_randomized,yes,yes,cant_tell,yes,yes,no,yes,"This is a single-center retrospective series of 115 operated or biopsied testicular lesions, so representativeness is unclear.",T2-weighted MRI radiomics and postoperative or biopsy histology are appropriate for benign-versus-malignant classification.,Every included lesion had a pathology diagnosis after documented exclusions for missing images or absent histology.,Classifiers used radiomics alone and did not account for the age difference between benign and malignant lesions.,"A fixed MRI protocol, ICC filtering, and the stated PyRadiomics workflow were applied.",low,MMAT non-randomized (Hong 2018),yes,high,low,low,high,high,low concern,"Ten algorithms were compared on 1,781 features in a small single-center 70/30 split, and the reported winner was the model with the highest test AUC.",yes,yes,partial,partial,partial,REV-ALCIDES-AI,2026-09-23,The preferred XGBoost model was selected by test-set AUC among ten classifiers rather than locked before the hold-out evaluation.,canal-c-02
REC-AIBIOGU-000784,He2023,Deep learning and radiomic feature-based blending ensemble classifier for malignancy risk prediction in cystic renal lesions.,2023,Insights Imaging,10.1186/s13244-022-01349-7,non_randomized,yes,yes,cant_tell,yes,yes,yes,yes,"Both cohorts are retrospective pathology-confirmed surgical series, so spectrum and referral bias remain unclear.",Arterial-phase CT radiomics and 3D-ResNet features were compared with histopathology as the reference standard.,Every enrolled cystic lesion had a final pathological diagnosis in the development and testing cohorts.,A separate hospital testing cohort provides an external check on the development model.,"IBSI-oriented extraction, ICC filtering, and ComBat harmonization followed the stated pipeline.",moderate,MMAT non-randomized (Hong 2018),yes,high,low,low,high,high,low concern,"External AUC was 0.934, but the model was built from 1,231 radiomic plus 2,048 deep features and the external set contained only 10 malignant lesions.",yes,yes,yes,partial,adequate,REV-ALCIDES-AI,2026-09-23,"The external test cohort was highly imbalanced, with 10 malignant and 53 benign cystic lesions.",canal-c-02
REC-AIBIOGU-000790,Orton2023,Interpretability of radiomics models is improved when using feature group selection strategies for predicting molecular and clinical targets in clear-cell renal cell carcinoma: insights from the TRACERx Renal study.,2023,Cancer Imaging,10.1186/s40644-023-00594-3,non_randomized,yes,yes,cant_tell,yes,cant_tell,no,yes,"Only the first 101 TRACERx Renal recruits, reduced to 91 lesions, were imaged, so representativeness of ccRCC is unclear.",Pre-surgical contrast CT radiomics were used to classify prespecified histological and genomic targets.,"Class counts differ across 20 targets, and some continuous targets were median-binarized, so outcome completeness is unclear.",Performance rests on nested cross-validation in one small cohort without confounder adjustment or an external sample.,The prospective TRACERx imaging and segmentation protocol was applied as described.,low,MMAT non-randomized (Hong 2018),yes,high,low,unclear,high,high,low concern,"Ninety-one lesions were used to screen many radiomic pipelines against 20 targets, with nested cross-validation only and median splits for some endpoints.",partial,yes,partial,no,partial,REV-ALCIDES-AI,2026-09-23,"Several molecular targets were median-binarized inside this small single-trial sample, and there is no external cohort.",canal-c-02
REC-AIBIOGU-000793,Zhao2023,Magnetic resonance imaging radiomics-based prediction of clinically significant prostate cancer in equivocal PI-RADS 3 lesions in the transitional zone.,2023,Front Oncol,10.3389/fonc.2023.1247682,non_randomized,yes,yes,cant_tell,yes,yes,yes,yes,Men with PI-RADS 3 transition-zone lesions from two hospitals are a selected biopsy population.,T2 and ADC radiomics plus PSAD and mean ADC were compared with biopsy grade group.,All 243 included men had a biopsy result classifying csPCa versus no csPCa.,Multivariable logistic models retained PSAD and mean ADC alongside the radiomic signature.,Blinded PI-RADS reading and the stated segmentation and LASSO workflow were followed.,moderate,MMAT non-randomized (Hong 2018),yes,high,low,unclear,high,high,low concern,"Only 30 csPCa events were available, the two hospitals were pooled and randomly split, and biopsy rather than prostatectomy was the reference.",yes,yes,partial,partial,partial,REV-ALCIDES-AI,2026-09-23,"The bi-institutional data were randomly split rather than held out by center, and the authors note biopsy bias with only 30 csPCa cases.",canal-c-02
REC-AIBIOGU-000801,Zhong2023,Predicting prostate cancer in men with PSA levels of 4-10 ng/mL: MRI-based radiomics can help junior radiologists improve the diagnostic performance.,2023,Sci Rep,10.1038/s41598-023-31869-1,non_randomized,yes,yes,cant_tell,yes,yes,no,yes,A single-hospital retrospective series restricted to PSA 4–10 ng/mL and PI-RADS ≥3 is not clearly population-representative.,Multiparametric MRI radiomics and blinded PI-RADS scores were compared with biopsy or prostatectomy histology.,"Patients lacking clinical or pathological data were excluded, and the 171 analyzed men had histology.","The radiomics logistic model did not adjust for age or lesion zone, which differed between cancer and non-cancer.","Readers were blinded, and segmentation and feature extraction followed the stated GE workflow.",low,MMAT non-randomized (Hong 2018),yes,high,low,low,high,high,low concern,A single-center time split produced nearly identical AUCs of 0.932 and 0.922 from high-dimensional MRI radiomics.,yes,yes,partial,no,partial,REV-ALCIDES-AI,2026-09-23,"Training and testing AUCs remained above 0.92 on one hospital's temporal split, which is a strong optimism signal.",canal-c-02
REC-AIBIOGU-000804,Zhong2023,Prediction of prostate tumour hypoxia using pre-treatment MRI-derived radiomics: preliminary findings.,2023,Radiol Med,10.1007/s11547-023-01644-3,non_randomized,yes,yes,cant_tell,yes,yes,yes,yes,Consecutive patients from two radiotherapy centers over 2007–2013 remain a selected historical cohort.,Whole-prostate T2 radiomics were compared with a prespecified biopsy hypoxia gene signature.,"Inclusion required pre-treatment MRI, the hypoxia signature, and the listed clinical variables.","Age, ISUP grade, PSA, and T stage were offered to the classifiers together with radiomic features.","CLAIM-oriented segmentation, histogram standardization, and repeated cross-validation were applied as described.",moderate,MMAT non-randomized (Hong 2018),yes,high,low,unclear,high,high,low concern,"Many classifier and feature-selection combinations were tuned on a pooled 80:20 split, and the best test AUC was 0.69 with a very wide interval.",yes,yes,partial,no,partial,REV-ALCIDES-AI,2026-09-23,"The two centers were pooled into one split, and hypoxia was a gene-signature proxy whose radiomic model was not significantly better than clinical variables.",canal-c-02
REC-AIBIOGU-000811,Li2023,The value of a dual-energy CT Iodine map radiomics model for the prediction of collagen fiber content in the ccRCC tumor microenvironment.,2023,BMC Med Imaging,10.1186/s12880-023-01127-x,non_randomized,yes,yes,cant_tell,cant_tell,yes,no,yes,Eighty-seven consecutive surgical ccRCC cases from one hospital are a small convenience sample.,"Collagen was dichotomized by one pathologist at a visual half-field threshold, so measurement adequacy is unclear.",All 87 included patients had both preoperative dual-energy CT and a Masson collagen reading.,"The radiomic classifiers did not adjust for age and tumor diameter, which were associated with collagen content.","The dual-energy CT protocol, ICC filtering, and Radcloud workflow were applied as described.",low,MMAT non-randomized (Hong 2018),yes,high,low,unclear,high,high,high concern,Six classifiers on a 60/27 split reached training AUCs of 0.997–1.0 while validation AUCs fell to about 0.70 against a subjective collagen label.,yes,yes,partial,no,partial,REV-ALCIDES-AI,2026-09-23,The predicted endpoint is a subjective histologic collagen split rather than a clinical diagnosis or survival outcome.,canal-c-02
REC-AIBIOGU-000813,Rodrigues2023,Value of handcrafted and deep radiomic features towards training robust machine learning classifiers for prediction of prostate cancer disease aggressiveness.,2023,Sci Rep,10.1038/s41598-023-33339-0,non_randomized,yes,yes,cant_tell,yes,yes,no,yes,"PROSTATEx is a single-center public challenge set, not a defined clinical population sample.","Whole-gland T2, DWI, and ADC radiomics and deep features were used to classify biopsy-defined significant cancer.",Challenge labels were available for the 181 patients retained after segmentation exclusions.,Models were radiomics classifiers on one public cohort without clinical confounder adjustment or an external cohort.,"PyRadiomics settings, ICC checks, and the compared mask-sampling strategies were applied as specified.",low,MMAT non-randomized (Hong 2018),yes,high,low,low,high,high,low concern,"More than 3,000 features and several segmentation strategies were compared with hold-out testing inside one public dataset.",yes,yes,partial,partial,partial,REV-ALCIDES-AI,2026-09-23,All development and hold-out testing used the same public PROSTATEx cohort.,canal-c-02
REC-AIBIOGU-000819,Chen2024,A nomogram based on peripheral lymphocyte for predicting 8-year survival in patients with prostate cancer: a single-center study using LASSO-cox regression.,2024,BMC Cancer,10.1186/s12885-024-11929-z,non_randomized,yes,yes,cant_tell,yes,yes,yes,yes,Ninety-four men aged at least 60 from one Chinese registry over two decades are a narrow convenience sample.,"Peripheral lymphocyte subsets, age, and T stage were modeled against all-cause overall survival.","Patients without survival time and status were excluded, so the OS endpoint is complete in the analyzed 94.","LASSO-Cox and backward multivariable selection retained age, T stage, and lymphocyte measures.",Flow-cytometry and the stated LASSO-Cox nomogram procedure were applied as described.,moderate,MMAT non-randomized (Hong 2018),yes,high,low,low,high,high,low concern,"Cut-points were chosen with X-tile on the outcome in 94 patients, and discrimination was estimated without an external cohort.",partial,yes,partial,no,partial,REV-ALCIDES-AI,2026-09-23,Lymphocyte thresholds were outcome-derived with X-tile in the same 94-patient sample used to report the nomogram.,canal-c-02
REC-AIBIOGU-000820,Wei2024,A radiomics-based interpretable machine learning model to predict the HER2 status in bladder cancer: a multicenter study.,2024,Insights Imaging,10.1186/s13244-024-01840-3,non_randomized,yes,yes,cant_tell,yes,yes,yes,yes,Surgical bladder-cancer cases from four hospitals remain a retrospective operative series.,Nephrographic CT radiomics were compared with blinded IHC HER2 scores on resection specimens.,Included patients had preoperative CT and a pathological HER2 score after exclusions for missing imaging.,A 53-patient test set was drawn from three hospitals other than the training center.,"Blinded segmentation, ICC filtering, and the TRIPOD-oriented pipeline were followed.",moderate,MMAT non-randomized (Hong 2018),yes,high,low,unclear,high,high,low concern,"Eleven features were chosen from 1,218 and the best of five classifiers was reported, while HER2 2+ was labeled positive without in situ hybridization.",yes,yes,yes,no,adequate,REV-ALCIDES-AI,2026-09-23,"HER2-positive status grouped IHC 2+ with 3+ without confirmatory ISH, and the reported model was the best of five classifiers.",canal-c-02
REC-AIBIOGU-000822,Chen2024,An Integrated Machine Learning Framework Identifies Prognostic Gene Pair Biomarkers Associated with Programmed Cell Death Modalities in Clear Cell Renal Cell Carcinoma.,2024,Front Biosci (Landmark Ed),10.31083/j.fbl2903121,non_randomized,yes,yes,cant_tell,yes,yes,yes,yes,TCGA-KIRC and E-MTAB-1980 are public convenience cohorts rather than a population sample.,Programmed-cell-death gene-pair scores and a CT radiomic score were tied to survival and to the score itself.,TCGA cases lacking essential clinicopathological annotation were excluded before modeling 518 patients.,The gene-pair score was tested in an external ArrayExpress cohort and compared with published signatures.,"The ssGSEA, gene-pair, and 10-fold machine-learning procedure was applied as specified.",moderate,MMAT non-randomized (Hong 2018),yes,high,low,low,high,high,low concern,"One hundred thirteen algorithm combinations were ranked by mean C-index that included the external cohort, and risk groups used a median split.",yes,yes,yes,partial,adequate,REV-ALCIDES-AI,2026-09-23,The final LASSO plus random-forest model was chosen after comparing 113 combinations on external C-index.,canal-c-02
REC-AIBIOGU-000823,Hu2024,Assessing muscle invasion in bladder cancer via virtual biopsy: a study on quantitative parameters and classical radiomics features from dual-energy CT imaging.,2024,BMC Med Imaging,10.1186/s12880-024-01427-w,non_randomized,yes,yes,cant_tell,yes,yes,yes,yes,A single-hospital retrospective dual-energy CT urography series is a convenience surgical sample.,Iodine concentration and venous-phase radiomics were compared with pathological muscle invasion.,"Patients with incomplete imaging or pathology were excluded, leaving 126 with a muscle-invasion label.",Normalized iodine concentration was an independent factor and was fused with the radiomic model.,"Blinded measurements, consensus segmentation, and the stated SVM pipeline were followed.",moderate,MMAT non-randomized (Hong 2018),yes,high,low,low,high,high,low concern,Multiple virtual-monoenergetic radiomic models were selected on a random 7:3 split with only 38 test patients.,yes,yes,partial,no,partial,REV-ALCIDES-AI,2026-09-23,,canal-c-02
REC-AIBIOGU-000825,Guerra2024,Clinical application of machine learning models in patients with prostate cancer before prostatectomy.,2024,Cancer Imaging,10.1186/s40644-024-00666-y,non_randomized,yes,yes,cant_tell,yes,yes,yes,yes,"Discovery cases came from one prostatectomy practice, and the external scans were still a referred surgical series.","Clinical, semantic, and T2 radiomic features were compared with prostatectomy extracapsular extension.","Included men had biopsy-proven cancer, PI-RADS >2 MRI, and a prostatectomy ECE reading.","Every model included routine clinical variables, and a 55-patient multi-institution set was used for testing.",ICC filtering and the stated radiomic and semantic workflow were applied to both datasets.,moderate,MMAT non-randomized (Hong 2018),yes,high,low,low,high,high,low concern,"External images came from 15 sites, but the same radiologist segmented them and the external sample was only 55 men.",yes,yes,yes,partial,adequate,REV-ALCIDES-AI,2026-09-23,External MRI examinations were interpreted and segmented by the same radiologist who read the discovery set.,canal-c-02
REC-AIBIOGU-000826,Li2024,Comparison in prostate cancer diagnosis with PSA 4-10 ng/mL: radiomics-based model VS. PI-RADS v2.1.,2024,BMC Urol,10.1186/s12894-024-01625-2,non_randomized,yes,yes,cant_tell,yes,yes,no,yes,A single-center retrospective PSA gray-zone biopsy series is not clearly representative of that clinical population.,ADC and T2 radiomics were compared with targeted or systematic biopsy and with PI-RADS v2.1.,"Patients with incomplete clinical data or pathology-MRI mismatch were excluded, and all 221 had histology.","The ADC, T2, and combined models used imaging features only, without clinical confounder adjustment.",Blinded PI-RADS scoring and the stated LASSO logistic workflow were followed.,low,MMAT non-randomized (Hong 2018),yes,high,low,low,high,high,low concern,Combined-model AUC was 0.979 in training and 0.959 in a random internal split after selection from 851 features per sequence.,yes,yes,partial,no,partial,REV-ALCIDES-AI,2026-09-23,"Discrimination barely fell from training to the internal validation split, which suggests overfitting.",canal-c-02
REC-AIBIOGU-000827,Peng2024,Contrast-enhanced computed tomography-based radiomics nomogram for predicting HER2 status in urothelial bladder carcinoma.,2024,Front Oncol,10.3389/fonc.2024.1427122,non_randomized,yes,yes,cant_tell,yes,yes,yes,yes,One hospital's 2022–2023 operative urothelial carcinoma series is a small convenience sample.,Corticomedullary CT radiomics plus clinical factors were compared with IHC HER2 on the resection.,"Inclusion required preoperative CT, complete clinical data, and an IHC HER2 result.",Univariate and multivariate analyses identified clinical predictors that were fused with the radiomic signature.,Resampling and the One-key AI extraction and modeling workflow were applied as described.,moderate,MMAT non-randomized (Hong 2018),yes,high,low,unclear,high,high,low concern,"Eight classifiers were compared and the best was reported on a 24-patient test set, with IHC 2+ counted as HER2-positive.",yes,yes,partial,partial,partial,REV-ALCIDES-AI,2026-09-23,"The test set had 24 patients, and HER2-positive status combined IHC 2+ and 3+ without ISH.",canal-c-02
REC-AIBIOGU-000840,Zhao2024,Interpretable machine learning model for predicting clinically significant prostate cancer: integrating intratumoral and peritumoral radiomics with clinical and metabolic features.,2024,BMC Med Imaging,10.1186/s12880-024-01548-2,non_randomized,yes,yes,cant_tell,yes,yes,yes,yes,"All patients came from one institution's biopsy practice, so representativeness beyond that pathway is unclear.","Intratumoral and peritumoral MRI radiomics, PI-RADS, PSAD, and MRS were compared with biopsy Gleason score.","Inclusion required a post-MRI biopsy, and men without biopsy or with incomplete data were excluded.",The combined XGBoost model included clinicoradiological and metabolic predictors with the radiomic scores.,Reproducibility segmentation on 30 cases and the stated RFE and XGBoost workflow were followed.,moderate,MMAT non-randomized (Hong 2018),yes,high,low,low,high,high,low concern,Reported AUCs were 0.968 in the internal test set and 0.940 in a later single-center temporal set after high-dimensional radiomic selection.,yes,yes,partial,no,partial,REV-ALCIDES-AI,2026-09-23,Both the random test AUC of 0.968 and the same-center temporal AUC of 0.940 are unusually high for biopsy-referenced csPCa.,canal-c-02
REC-AIBIOGU-000847,Sun2024,Machine learning based on radiomics features combing B-mode transrectal ultrasound and contrast-enhanced ultrasound to improve peripheral zone prostate cancer detection.,2024,Abdom Radiol (NY),10.1007/s00261-023-04050-5,non_randomized,yes,yes,cant_tell,yes,yes,yes,yes,Prospectively enrolled men were limited to one hospital and to suspicious peripheral-zone lesions.,B-mode and CEUS radiomics plus PSA and perfusion measures were compared with targeted biopsy.,"Inclusion required a satisfactory targeted biopsy, and incomplete examinations were excluded.","Multivariable logistic models identified age, PSAD, total PSA, and rise time as predictors with the radiomic signatures.","A written consent protocol and a fixed ultrasound, CEUS, and biopsy workflow were followed.",moderate,MMAT non-randomized (Hong 2018),yes,high,low,low,high,high,low concern,"Thirty-two features were kept from 3,306 in 166 single-center lesions, with validation AUC 0.89 and no external cohort.",yes,yes,partial,no,partial,REV-ALCIDES-AI,2026-09-23,,canal-c-02
REC-AIBIOGU-000849,Vizza2024,Machine learning pipeline to analyze clinical and proteomics data: experiences on a prostate cancer case.,2024,BMC Med Inform Decis Mak,10.1186/s12911-024-02491-6,non_randomized,yes,yes,cant_tell,yes,cant_tell,yes,yes,Serum and urine samples from one two-year project are a convenience case set of PCa versus BPH.,Mass-spectrometry peptides plus PSA and gland size were used to classify biopsy-defined PCa versus BPH.,"Missing clinical values were dropped or mean-imputed, including by diagnostic subset, so completeness is unclear.",Clinical analytes were entered with the peptide features in the classification pipeline.,"The documented preprocessing, feature-selection, and voting pipeline was applied to both datasets.",low,MMAT non-randomized (Hong 2018),yes,high,low,low,high,high,low concern,"About 1,670 peptides were screened with five selectors and performance was averaged over 10-fold cross-validation only.",partial,yes,partial,yes,partial,REV-ALCIDES-AI,2026-09-23,Some missing predictors were replaced by the mean of the same diagnostic class before cross-validation.,canal-c-02
REC-AIBIOGU-000853,Chen2024,Multi-sequence MRI-based radiomics model to preoperatively predict the WHO/ISUP grade of clear Cell Renal Cell Carcinoma: a two-center study.,2024,BMC Cancer,10.1186/s12885-024-12930-2,non_randomized,yes,yes,cant_tell,yes,yes,yes,yes,Surgical ccRCC cases from two hospitals are retrospective convenience samples.,Multi-sequence MRI radiomics and semantic MRI features were compared with WHO/ISUP grade.,Cases without a clear WHO/ISUP grade or incomplete target sequences were excluded.,"Intratumoral vessels remained an independent predictor and were combined with the radiomic score, with a separate-center test set.",Blinded radiological review and the stated segmentation and modeling workflow were followed.,moderate,MMAT non-randomized (Hong 2018),yes,high,low,low,high,high,low concern,"Seven classifiers were compared on multi-sequence features, and the authors note grade imbalance that limited confounder control.",yes,yes,yes,no,adequate,REV-ALCIDES-AI,2026-09-23,The authors report that grade imbalance limited confounder adjustment and may have biased associations.,canal-c-02
REC-AIBIOGU-000856,Mylona2024,"Optimizing radiomics for prostate cancer diagnosis: feature selection strategies, machine learning classifiers, and MRI sequences.",2024,Insights Imaging,10.1186/s13244-024-01783-9,non_randomized,yes,yes,cant_tell,yes,yes,yes,yes,ProstateNET is a selected multi-center imaging collection and ProstateX2 is a public challenge set.,T2 and ADC radiomics were used to classify histologically defined Gleason grade group ≥2 cancer.,csPCa labels from biopsy or prostatectomy were available for both modeled cohorts.,Models developed on ProstateNET were evaluated on the separate ProstateX2 cohort.,PyRadiomics preprocessing and the nested comparison of selectors and classifiers were applied as specified.,moderate,MMAT non-randomized (Hong 2018),yes,high,low,low,high,high,low concern,"Four hundred eighty model variants were compared, and csPCa prevalence shifted from 74% in development to 25% externally.",yes,yes,yes,partial,adequate,REV-ALCIDES-AI,2026-09-23,"csPCa prevalence differed sharply between ProstateNET and ProstateX2, and hundreds of model variants were compared.",canal-c-02
REC-AIBIOGU-000858,Wang2024,Predicting first-line VEGFR-TKI resistance and survival in metastatic clear cell renal cell carcinoma using a clinical-radiomic nomogram.,2024,Cancer Imaging,10.1186/s40644-024-00792-7,non_randomized,yes,yes,cant_tell,yes,cant_tell,yes,yes,A single cancer-hospital retrospective series of metastatic ccRCC treated with VEGFR-TKI is a selected sample.,"Baseline CT radiomics and clinical factors were compared with RECIST early progression, PFS, and OS.",The authors state that some clinical and pathological fields remained incomplete and later therapy affects survival.,"The nomogram combined the radiomic score with clinical factors, and Cox models tested PFS and OS.",MDT response review and the stated LASSO radiomic workflow were applied.,low,MMAT non-randomized (Hong 2018),yes,high,low,low,high,high,low concern,"The nomogram was split inside one center of 110 patients, including only five IMDC favorable-risk cases.",partial,yes,partial,partial,partial,REV-ALCIDES-AI,2026-09-23,"Training and test sets were an internal split, and IMDC favorable-risk disease was almost absent.",canal-c-02
REC-AIBIOGU-000859,Yang2024,Prediction of clear cell renal cell carcinoma ≤ 4cm: visual assessment of ultrasound characteristics versus ultrasonographic radiomics analysis.,2024,Front Oncol,10.3389/fonc.2024.1298710,non_randomized,yes,yes,cant_tell,yes,yes,yes,yes,Operated small renal masses from three Tianjin hospitals remain a surgical convenience sample.,Clinical ultrasound features and ultrasonographic radiomics were compared with postoperative ccRCC versus angiomyolipoma.,"Inclusion required pathology and adequate ultrasound, and incomplete cases were excluded.",A comprehensive model combined clinical ultrasound features with radiomics and was tested in an independent two-hospital cohort.,"ITK-SNAP segmentation, PyRadiomics, and the random-forest workflow were applied as described.",moderate,MMAT non-randomized (Hong 2018),yes,high,low,low,high,high,low concern,"Nine features were selected from 491, and external AUC for the comprehensive model was 0.90 in 69 patients.",yes,yes,yes,no,adequate,REV-ALCIDES-AI,2026-09-23,,canal-c-02
REC-AIBIOGU-000860,Pan2024,Prediction of prostate cancer aggressiveness using magnetic resonance imaging radiomics: a dual-center study.,2024,Discov Oncol,10.1007/s12672-024-00980-8,non_randomized,yes,yes,cant_tell,yes,yes,yes,yes,Biopsy-proven prostate-cancer cases from two hospitals are a retrospective referred sample.,Small-FOV T2 and delayed post-contrast radiomics were compared with systematic-biopsy Gleason score and positive cores.,"Inclusion required a 12-core biopsy within one month of MRI, and incomplete cases were excluded.",Separate internal and external validation sets were reported for both aggressiveness endpoints.,"The stated ANOVA, recursive feature elimination, and logistic-regression workflow was followed.",moderate,MMAT non-randomized (Hong 2018),yes,high,low,low,high,high,low concern,"Radiomics-only models were chosen among several classifiers, and Gleason AUC fell from about 0.81 internally to 0.72 externally.",yes,yes,yes,no,adequate,REV-ALCIDES-AI,2026-09-23,"Pathology was not centrally reviewed across the two hospitals, and the external Gleason AUC dropped to 0.717.",canal-c-02
REC-AIBIOGU-000868,Wu2024,Radiomics predicts the prognosis of patients with clear cell renal cell carcinoma by reflecting the tumor heterogeneity and microenvironment.,2024,Cancer Imaging,10.1186/s40644-024-00768-7,non_randomized,yes,yes,cant_tell,yes,yes,yes,yes,"Three hospitals were pooled and a public TCIA/TCGA subset was added, so the sample is not population-based.",Contrast-CT deep-learning radiomics and clinicopathology were modeled against overall survival.,"Inclusion required complete clinicopathological data, follow-up, and contrast CT.","Multivariate Cox regression retained the deep-learning score with clinicopathological factors, and TCIA performance was reported.","The stated segmentation, LASSO, and SHAP workflow was applied to the pooled cohort.",moderate,MMAT non-randomized (Hong 2018),yes,high,low,low,high,high,low concern,"Thousands of deep radiomic features and an outcome-derived risk cutoff were used, and the institutional test set was a random 7:3 split of pooled hospitals.",yes,yes,yes,no,adequate,REV-ALCIDES-AI,2026-09-23,"The three hospitals were randomly split rather than separated by center, with TCIA used as a further external check.",canal-c-02
REC-AIBIOGU-000872,Han2024,The value of radiomics based on 2-[18 F]FDG PET/CT in predicting WHO/ISUP grade of clear cell renal cell carcinoma.,2024,EJNMMI Res,10.1186/s13550-024-01182-7,non_randomized,yes,yes,cant_tell,yes,yes,yes,yes,A single-hospital retrospective PET/CT series of surgical ccRCC is a convenience sample.,FDG PET/CT radiomics and clinical metabolic measures were compared with WHO/ISUP grade.,Cases without a reported WHO/ISUP grade or with incomplete clinical data were excluded.,A clinical model was built and then combined with the selected PET radiomic model.,"mRMR, LASSO, and the stated SUV-threshold segmentation workflow were applied.",moderate,MMAT non-randomized (Hong 2018),yes,high,low,low,high,high,low concern,"Several SUV thresholds and models were compared on a single-center 7:3 split, and the combined AUC was 0.916 in both training and testing.",yes,yes,partial,no,partial,REV-ALCIDES-AI,2026-09-23,The combined model AUC was identical at 0.916 in the training and internal testing splits.,canal-c-02
REC-AIBIOGU-000874,Fang2024,Ultrasound-based deep learning radiomics nomogram for risk stratification of testicular masses: a two-center study.,2024,J Cancer Res Clin Oncol,10.1007/s00432-023-05549-6,non_randomized,yes,yes,cant_tell,yes,yes,yes,yes,A retrospective two-hospital ultrasound series of operated testicular lesions is a convenience sample with image-quality exclusions.,Preoperative ultrasound radiomics and deep-learning features were paired with postoperative pathology for tumor and malignancy labels.,All 275 included lesions had a definitive postoperative pathological diagnosis.,The CDLR nomogram combined the deep-learning radiomics signature with a multivariable clinical signature.,"Manual ROIs were drawn blinded to pathology, with intra- and inter-reader ICC checks, and features were extracted with PyRadiomics.",moderate,MMAT non-randomized (Hong 2018),yes,high,low,low,high,high,low concern,"Center 2 was held out, but high-dimensional ultrasound features and a training AUC of 0.954 leave a high risk of optimism.",yes,yes,yes,no,adequate,REV-ALCIDES-AI,2026-09-23,,canal-c-03
REC-AIBIOGU-000877,Nai2024,Using apparent diffusion coefficient maps and radiomics to predict pathological grade in upper urinary tract urothelial carcinoma.,2024,BMC Med Imaging,10.1186/s12880-024-01540-w,non_randomized,yes,yes,cant_tell,yes,yes,no,yes,"This single-center retrospective UTUC series excluded artifacts and incomplete records, so representativeness of all UTUC is unclear.",ADC-map radiomics and mean ADC were compared with post-nephroureterectomy grade as the reference standard.,Grade was available for all 215 analyzed patients after the stated exclusions.,"The gradient-boosting model used two radiomic features only, without adjustment for clinical confounders, after upsampling the minority class.",Tumors were segmented on ADC with senior review and an intra-observer ICC check before PyRadiomics extraction.,low,MMAT non-randomized (Hong 2018),yes,high,low,low,high,high,low concern,"A random 7:3 split, eight scanners, mixed b-values, and a training AUC of 1.000 indicate overfitting despite a test AUC of 0.786.",yes,yes,partial,no,partial,REV-ALCIDES-AI,2026-09-23,Training AUC of 1.000 after upsampling is an overfitting signal on a single-center split.,canal-c-03
REC-AIBIOGU-000881,Pasini2025,A Robust [<sup>18</sup>F]-PSMA-1007 Radiomics Ensemble Model for Prostate Cancer Risk Stratification.,2025,J Imaging Inform Med,10.1007/s10278-024-01281-w,non_randomized,yes,yes,cant_tell,cant_tell,yes,no,yes,"Only 143 of 832 PET/CT examinations at one hospital met inclusion rules, so the sample is a selected convenience cohort.","Risk labels came from biopsy Gleason score, and PET-positive lesions were defined by reader judgment rather than prostatectomy histology.",Gleason category was available for every included patient by design.,"The ensemble used radiomic features alone, with no clinical covariates and with several classifiers screened over 30 iterations.",IBSI-compliant PyRadiomics features were extracted from manual VOIs using a prespecified iterated LASSO pipeline.,low,MMAT non-randomized (Hong 2018),yes,high,low,unclear,high,high,low concern,"Single-center biopsy labels, two scanners, 1781 features, and no external test set leave outcome and analysis at elevated risk.",yes,yes,partial,no,partial,REV-ALCIDES-AI,2026-09-23,"Authors state there is no external test set and that biopsy, not prostatectomy, was the reference standard.",canal-c-03
REC-AIBIOGU-000882,Ghaderi2025,A multi-modal deep learning framework for predicting PSA progression-free survival in metastatic prostate cancer using PSMA PET/CT imaging,2025,,10.1101/2025.07.12.25331141,non_randomized,yes,yes,cant_tell,yes,cant_tell,yes,yes,Ninety-nine metastatic prostate cancer patients from one academic center are a small convenience cohort.,PSMA PET/CT lesion crops plus chart-reviewed clinical variables were aligned to a defined PSA progression-free survival endpoint.,Only 21.2% of patients had a PSA progression event and completeness of follow-up beyond a 22.4-month median is not shown.,Twelve clinical variables chosen by LASSO Cox were fused with the imaging network.,"Resampling, lesion cropping, augmentation, and ResNet-Cox training with five-fold cross-validation followed the stated pipeline.",low,MMAT non-randomized (Hong 2018),yes,high,low,low,high,high,low concern,"Five-fold C-indices of 0.75 to 0.94 in about 21 events, with event oversampling, indicate a high risk of overfitting.",partial,yes,partial,no,partial,REV-ALCIDES-AI,2026-09-23,This is an unreviewed preprint with internal cross-validation only and very few PSA-progression events.,canal-c-03
REC-AIBIOGU-000886,Deng2025,A novel MRI-based habitat analysis and deep learning for predicting perineural invasion in prostate cancer: a two-center study.,2025,BMC Cancer,10.1186/s12885-025-14759-9,non_randomized,yes,yes,cant_tell,yes,yes,yes,yes,A retrospective two-center prostatectomy-or-biopsy series can reflect referral and image-availability bias.,"Habitat deep-learning features from T2WI, DWI, and ADC were used to predict pathology-defined perineural invasion.",Included patients were required to have perineural-invasion pathology and usable clinical and imaging data.,A clinical model was built and then combined with habitat radscores.,"Images were registered, resampled, and segmented in ITK-SNAP under a described deep-learning workflow.",moderate,MMAT non-randomized (Hong 2018),yes,high,low,low,high,high,low concern,"Center 2 was external, but the combined model reached a training AUC of 0.999, which is not credible without overfit.",yes,yes,yes,no,adequate,REV-ALCIDES-AI,2026-09-23,Combined-model training AUC of 0.999 with sensitivity 1.0 is an overfitting signal despite external habitat AUCs.,canal-c-03
REC-AIBIOGU-000887,Wu2025,A predictive model for WHO/ISUP pathologic grading of renal clear cell carcinoma based on CT radiomics: a multicenter study.,2025,BMC Nephrol,10.1186/s12882-025-04268-z,non_randomized,yes,yes,cant_tell,yes,yes,yes,yes,Surgical ccRCC cases from four hospitals remain a retrospective operated cohort with exclusions for small tumors and artifacts.,Cortical-phase CT radiomics and clinical-imaging factors were used to predict WHO/ISUP grade from surgical pathology.,Pathological grade was required for inclusion and was available for the 169 analyzed patients.,"Logistic regression retained tumor size, hemorrhage, and tumor thrombus and these entered the combined random-forest model.","Dual-reader ITK-SNAP segmentation, ICC re-delineation, and nested cross-validation on the United Imaging platform followed the protocol.",moderate,MMAT non-randomized (Hong 2018),yes,high,low,low,high,high,low concern,"An external cohort is present, but 2264 radiomic features in 169 patients, with few high-grade cases, keep analysis at high risk.",yes,yes,yes,no,adequate,REV-ALCIDES-AI,2026-09-23,"The external set is 65 patients across three hospitals, and grade III–IV counts are limited.",canal-c-03
REC-AIBIOGU-000890,Wu2025,An MRI radiomics model for predicting a prostate-specific antigen response following abiraterone treatment in patients with metastatic castration-resistant prostate cancer.,2025,Front Oncol,10.3389/fonc.2025.1491848,non_randomized,yes,yes,cant_tell,yes,cant_tell,cant_tell,cant_tell,"Sixty mCRPC patients from two hospitals, pooled and randomly split, are a small convenience sample.","Biparametric MRI radiomics were developed against a PSA response after abiraterone, which matches the stated question.",The cropped text does not define the PSA-response threshold or show how complete response ascertainment was.,"Cox models are mentioned, but with a validation group of 12 the handling of confounders cannot be judged from the available text.","Scanner protocols, segmentation, and the feature-to-model procedure are not described in the cropped methods.",low,MMAT non-randomized (Hong 2018),yes,high,unclear,unclear,high,high,low concern,"A 48/12 random split of pooled hospitals, a validation AUC confidence interval of 0.564–0.991, and missing methods imply high analysis risk.",partial,partial,partial,no,inadequate,REV-ALCIDES-AI,2026-09-23,"Methods are largely absent from the crop; two hospitals were pooled rather than held out, and two authors are United Imaging employees.",canal-c-03
REC-AIBIOGU-000891,Zhang2025,An interpretable CT-based deep learning model for predicting overall survival in patients with bladder cancer: a multicenter study.,2025,NPJ Precis Oncol,10.1038/s41698-025-01083-5,non_randomized,yes,yes,cant_tell,yes,yes,yes,cant_tell,"The development set is a large retrospective surgical series and one validation arm is TCGA, so population representativeness is uncertain.","Preoperative CT deep-learning scores were evaluated against overall survival, which is an appropriate prognostic endpoint.",Median follow-up is reported for the training cohort and three validation cohorts totaling 1456 patients.,The deep-learning score was combined with independent clinical risk factors from multivariable Cox regression.,"Image acquisition, segmentation, and training hyperparameters are not in the cropped text because the methods section was not captured.",low,MMAT non-randomized (Hong 2018),yes,high,low,low,high,high,low concern,"Three external cohorts are a strength, but TCGA linkage and a high-dimensional CT network still leave analysis at high risk.",yes,partial,yes,yes,adequate,REV-ALCIDES-AI,2026-09-23,"The methods section is missing from the crop; C-indices on the external cohorts were modest (0.62–0.70), including TCGA.",canal-c-03
REC-AIBIOGU-000892,Ren2025,An interpretable contrast-enhanced CT radiomics-based pipeline incorporating automatic segmentation for predicting ISUP grade group in ccRCC.,2025,BMC Med Imaging,10.1186/s12880-025-01984-8,non_randomized,yes,yes,cant_tell,yes,yes,yes,yes,A single-center retrospective series of 276 operated ccRCC cases is unlikely to represent all patients with renal masses.,Corticomedullary-phase radiomics from auto-segmented tumors were used to predict ISUP grade group against surgical histology.,ISUP grade was an inclusion requirement and was available for the training and test patients.,"Radiomics, clinical, and combined models were all built and compared.","nnU-Net segmentation, fixed preprocessing fit on the training set, and PyRadiomics extraction were described to limit leakage.",moderate,MMAT non-randomized (Hong 2018),yes,high,low,low,high,high,low concern,"The test set is a random split of one center, and 1197 features were screened across five classifiers.",yes,yes,partial,partial,partial,REV-ALCIDES-AI,2026-09-23,,canal-c-03
REC-AIBIOGU-000893,Xiao2025,An interpretable machine learning model based on CT imaging for predicting lymphovascular invasion and survival in bladder urothelial carcinoma: a multicenter study.,2025,BMC Med Imaging,10.1186/s12880-025-02060-x,non_randomized,yes,yes,cant_tell,yes,yes,yes,yes,Patients came from three retrospective cystectomy centers with exclusions for neoadjuvant therapy and indeterminate lymphovascular invasion.,Nephrographic-phase CT radiomics and clinical factors were used to predict pathology-defined lymphovascular invasion.,"Lymphovascular-invasion status and disease-free survival follow-up were required, with a reported median follow-up of 25.37 months.",An SVM radiomics signature was combined with clinical risk factors.,"Blinded dual-reader segmentation, reproducibility filtering, LASSO, and five-fold cross-validation followed the stated workflow.",moderate,MMAT non-randomized (Hong 2018),yes,high,low,low,high,high,low concern,"A separate testing set reached AUC 0.901, but high-dimensional LASSO features and a higher test-set invasion rate keep analysis at high risk.",yes,yes,yes,partial,adequate,REV-ALCIDES-AI,2026-09-23,Lymphovascular invasion was less common in the training set (12.5%) than in the testing set (23.2%).,canal-c-03
REC-AIBIOGU-000894,Hu2025,An unsupervised learning model that integrates clinical and MRI radiomics features outperforms existing models in predicting the 5-year progression-free survival of prostate cancer patients after prostatectomy: a multicenter study,2025,,10.21203/rs.3.rs-5864691/v1,non_randomized,yes,yes,cant_tell,yes,yes,yes,yes,"From 2238 men at three hospitals, 400 eligible prostatectomy cases remain a selected retrospective cohort.",Biparametric MRI radiomics plus clinical factors were related to a prespecified five-year progression-free survival definition.,"Progression was recorded in 46% of patients, with median follow-up of 60 months and two external validation groups.",LASSO-Cox retained five clinical factors and 13 radiomic features before clustering.,"Multicenter MRI parameters, tumor delineation, and the LASSO-Cox plus K-means procedure were applied as described.",moderate,MMAT non-randomized (Hong 2018),yes,high,low,low,high,high,low concern,"External centers separated risk groups, but cluster names were assigned from observed progression, which inflates apparent performance.",yes,yes,partial,partial,partial,REV-ALCIDES-AI,2026-09-23,Research Square preprint; clusters were labeled from observed progression-free survival rather than a locked discrimination metric.,canal-c-03
REC-AIBIOGU-000900,Lu2025,Biparametric MRI-based radiomics for prediction of clinically significant prostate cancer of PI-RADS category 3 lesions.,2025,BMC Cancer,10.1186/s12885-025-14022-1,non_randomized,yes,yes,cant_tell,yes,yes,yes,yes,A single-hospital retrospective series limited to PI-RADS 3 lesions is a narrow convenience sample.,T2 and DWI radiomics plus PSA density were compared with fusion-biopsy Gleason results.,Biopsy histology was obtained for the 233 included patients within four weeks of MRI.,The final model combined the radiomics signature with PSA density and was tested against each component.,"PI-RADS scoring was blinded to pathology, and LASSO with 10-fold cross-validation was used on the training set.",moderate,MMAT non-randomized (Hong 2018),yes,high,low,low,high,high,low concern,"Validation is a random internal split, and 34 radiomic features were selected in 160 training patients.",yes,yes,partial,partial,partial,REV-ALCIDES-AI,2026-09-23,,canal-c-03
REC-AIBIOGU-000902,Jiao2025,CT Urography-Based Radiomics to Predict ISUP Grading of Clear Cell Renal Cell Carcinoma.,2025,J Cancer,10.7150/jca.105173,non_randomized,yes,yes,cant_tell,yes,yes,no,yes,"The hospital cohort is a retrospective operated series and the external arm is a public TCGA sample, so representativeness is uncertain.",CT urography radiomics were used to classify ISUP low versus high grade against pathological grade.,ISUP grade was known for the 328 hospital patients and the 175 TCGA patients included in analysis.,"Logistic regression, MLP, SVM, and XGBoost were fit to radiomic features without a clinical confounder model.","Two radiologists segmented lesions blinded to clinical data, with a third reader resolving disagreements, before PyRadiomics extraction.",low,MMAT non-randomized (Hong 2018),yes,high,low,low,high,high,low concern,"TCGA external AUCs were lower than training, XGBoost training AUC was 0.96, and four algorithms were screened on 1218 features.",yes,yes,yes,partial,adequate,REV-ALCIDES-AI,2026-09-23,"TCGA is a public external cohort and its stage mix differs from the hospital series, with more pT3 disease.",canal-c-03
REC-AIBIOGU-000904,Jiang2025,Clinical-radiomics hybrid modeling outperforms conventional models: machine learning enhances stratification of adverse prognostic features in prostate cancer.,2025,Front Oncol,10.3389/fonc.2025.1625158,non_randomized,yes,yes,cant_tell,yes,yes,yes,yes,One hundred thirty-seven prostatectomy patients from one hospital are a retrospective convenience sample.,"ADC and T2WI radiomics plus biopsy Gleason, PSA, and prostate volume were used to predict adverse pathology.",Adverse pathological features from prostatectomy were available under the inclusion rules for all 137 men.,The selected radiomics model was combined with three clinical variables in a hybrid model.,"ComBat harmonization, dual-reader ROIs with Dice 0.82, and LASSO across five algorithms followed the stated protocol.",moderate,MMAT non-randomized (Hong 2018),yes,high,low,low,high,high,low concern,"The validation set is a random 95/42 split, and five algorithms were compared on a small single-center cohort.",yes,yes,partial,partial,partial,REV-ALCIDES-AI,2026-09-23,,canal-c-03
REC-AIBIOGU-000910,Song2025,Computed tomography-based radiomics predicts prognostic and treatment-related levels of immune infiltration in the immune microenvironment of clear cell renal cell carcinoma.,2025,BMC Med Imaging,10.1186/s12880-025-01749-3,non_randomized,yes,yes,cant_tell,cant_tell,cant_tell,no,yes,TCGA-KIRC is a public convenience cohort and is not a population sample of ccRCC.,"Plain CT radiomics were aimed at ssGSEA immune groups, but how imaging cases were paired to transcriptomes is incompletely specified.","Survival analyses dropped cases with follow-up under 30 days, and outcome completeness for the imaged subset is unclear.",Eight machine-learning classifiers were fit to radiomic features without a clinical confounder adjustment for the imaging model.,"3D Slicer segmentation, PyRadiomics, Z-score scaling, and correlation filtering were applied as described.",low,MMAT non-randomized (Hong 2018),yes,high,unclear,unclear,high,high,unclear,"Labels are computational immune scores, ExtraTrees training AUC was 1.000, and the test AUC fell to 0.753.",partial,yes,partial,no,partial,REV-ALCIDES-AI,2026-09-23,"The predicted endpoint is an ssGSEA immune-infiltration proxy on TCGA, not a clinically adjudicated outcome.",canal-c-03
REC-AIBIOGU-000914,Bao2025,Development and validation of a radiomics deep learning signature from MRI-guided transrectal ultrasound combined with ultrasound imaging parameters for prostate cancer prediction,2025,,10.21203/rs.3.rs-7653994/v1,non_randomized,yes,yes,cant_tell,yes,yes,yes,yes,A retrospective two-hospital series of men imaged for suspected prostate cancer remains subject to referral bias.,MRI-guided ultrasound radiomics and contrast-enhanced ultrasound parameters were used against histopathological prostate cancer status.,"Histopathology was required, and benign versus malignant counts are reported in the training and testing tables.",The signature integrates imaging radiomics with clinical and contrast-ultrasound parameters.,"PI-RADS reading, MRI-ultrasound fusion, and manual ITK-SNAP segmentation were performed under a described pipeline.",moderate,MMAT non-randomized (Hong 2018),yes,high,low,low,high,high,low concern,"A second hospital is described as external validation, but the enrolled total is inconsistent and the model is high-dimensional.",yes,yes,yes,partial,adequate,REV-ALCIDES-AI,2026-09-23,Research Square preprint; methods cite 443 patients while results describe 338.,canal-c-03
REC-AIBIOGU-000916,Cao2025,Development of a deep learning system for predicting biochemical recurrence in prostate cancer.,2025,BMC Cancer,10.1186/s12885-025-13628-9,non_randomized,yes,yes,cant_tell,cant_tell,yes,yes,yes,"Biopsy slides from two Tianjin hospitals are a retrospective surgical series, not a population sample.","Pathologists preferentially selected the five whole-slide images with higher Gleason score, so the image input is tied to a prognostic feature.","Biochemical recurrence was defined as two PSA values of at least 0.2 ng/mL, with follow-up of 47 to 83 months.",Patient-level models combined deep-learning pathology features with clinical variables.,"Inception-v3 patch training, color normalization, and multiple-instance learning were applied as described.",low,MMAT non-randomized (Hong 2018),yes,high,high,low,high,high,low concern,"An external hospital test AUC of 0.911 is encouraging, but Gleason-guided slide selection can leak prognosis into the predictors.",yes,yes,yes,partial,adequate,REV-ALCIDES-AI,2026-09-23,Five slides per patient were chosen with preference for higher Gleason score.,canal-c-03
REC-AIBIOGU-000918,Jafari2025,Efficacy of PSMA PET/CT radiomics analysis for risk stratification in newly diagnosed prostate cancer: a multicenter study.,2025,BMC Med Imaging,10.1186/s12880-025-01914-8,non_randomized,yes,yes,cant_tell,yes,yes,no,yes,Newly diagnosed prostate cancer cases scanned at four centers are still a retrospective PET-positive convenience sample.,PSMA PET/CT radiomics were used to separate ISUP grade groups and a PSA threshold of 20 ng/mL.,Biopsy ISUP grade was an inclusion requirement and baseline PSA was available within two weeks of PET.,"The grade classifiers used radiomic features only, and several algorithms were compared without a locked clinical model.","PyRadiomics extraction from three segmentations, PCA, and 10-fold cross-validation on two centers were described.",low,MMAT non-randomized (Hong 2018),yes,high,low,low,high,high,low concern,"An external set of 57 patients exists, but 1746 features per segment and multiple classifiers were screened.",yes,yes,yes,partial,adequate,REV-ALCIDES-AI,2026-09-23,The leading classifier was not the same model in the internal and external sets.,canal-c-03
REC-AIBIOGU-000920,Du2025,Enhancing prediction accuracy for muscle invasion in bladder cancer using a dual-energy CT-based interpretable model incorporating habitat radiomics and deep learning.,2025,BMC Cancer,10.1186/s12885-025-15107-7,non_randomized,yes,yes,cant_tell,yes,yes,yes,yes,"Two hundred surgical bladder cancer cases from one hospital, randomly split, are a retrospective convenience sample.",Dual-energy CT habitat radiomics and deep learning were used to predict pathology-defined muscle invasion.,Muscle-invasion status on the pathology report was required for the 200 included patients.,Effective atomic number from stepwise regression was combined with habitat and ResNet features.,"Readers were blinded to pathology, ICCs were calculated, and transfer-learning networks were trained as specified.",moderate,MMAT non-randomized (Hong 2018),yes,high,low,low,high,high,low concern,"The test set is an internal 7:3 split, and training AUC 0.981 fell to 0.833.",yes,yes,partial,partial,partial,REV-ALCIDES-AI,2026-09-23,There is no external center; the training AUC of 0.981 dropped to 0.833 on the internal test split.,canal-c-03
REC-AIBIOGU-000921,Molin2025,Evaluating the prognostic value of radiomics and clinical features in metastatic prostate cancer using [&lt;sup&gt;68&lt;/sup&gt;Ga]Ga-PSMA-11 PET/CT.,2025,Phys Eng Sci Med,10.1007/s13246-024-01516-8,non_randomized,yes,yes,cant_tell,yes,yes,yes,yes,Men with biochemically recurrent prostate cancer imaged at two Perth hospitals were selected for oligometastatic or imaging-negative disease.,PSMA PET radiomics and clinical features were modeled against overall survival with Cox regression.,Overall survival was analyzed in the 180 patients who had metastases after prespecified exclusions from 238 enrolled men.,"Clinical-only, radiomics-only, and combined LASSO-Cox models were compared with optimism correction.",Semi-automatic lesion segmentation and radiomic extraction on accredited scanners followed the described pipeline.,moderate,MMAT non-randomized (Hong 2018),yes,high,low,low,high,high,low concern,"Optimism-corrected C-indices are reported, but 13 models were built from 118 features without a held-out external test.",yes,yes,partial,no,partial,REV-ALCIDES-AI,2026-09-23,Both hospitals were pooled and evaluated with bootstrap optimism correction rather than a center-held-out test.,canal-c-03
REC-AIBIOGU-000922,Du2025,Evaluation of a PSA and transrectal prostate ultrasound video-based machine learning model as a tool for prostate cancer diagnosis.,2025,Front Oncol,10.3389/fonc.2025.1590396,non_randomized,yes,yes,cant_tell,yes,yes,yes,yes,A single-center retrospective series of 928 men referred for prostate ultrasound is a convenience sample.,Transrectal ultrasound video radiomics plus PSA and clinical measures were compared with transperineal biopsy histology.,Histopathology and preoperative PSA were inclusion requirements for the training and test cohorts.,"Six algorithms combined ultrasound features with PSA, prostate volume, and age, and SHAP ranked those clinical inputs.",A standardized transrectal acquisition protocol and video-volume radiomics extraction were applied as described.,moderate,MMAT non-randomized (Hong 2018),yes,high,low,low,high,high,low concern,"The test set is a random internal split, and six algorithms were screened on the same center.",yes,yes,partial,partial,partial,REV-ALCIDES-AI,2026-09-23,,canal-c-03
REC-AIBIOGU-000923,Han2025,Fully automated segmentation and classification of renal tumors on CT scans via machine learning.,2025,BMC Cancer,10.1186/s12885-025-13582-6,non_randomized,yes,yes,cant_tell,yes,yes,yes,yes,"The source is a consecutive nephrectomy registry, but only three RCC subtypes plus angiomyolipoma were retained, so the spectrum is restricted.",Automated CT segmentation and radiomic plus Hounsfield-unit features were used to classify pathological tumor subtype.,Subtype labels came from surgical pathology for the 561 included masses.,Random-forest models combined radiomic features with conventional radiological measurements and were stratified by tumor size.,A 3D U-Net and a five-fold split that preserved subtype mix were trained as described.,moderate,MMAT non-randomized (Hong 2018),yes,high,low,low,high,high,low concern,"Evaluation is five-fold internal validation at one center, with class imbalance and weaker segmentation of masses under 4 cm.",yes,yes,partial,partial,partial,REV-ALCIDES-AI,2026-09-23,"For tumors smaller than 4 cm, tumor Dice was 0.65 and subtype accuracy was 0.68.",canal-c-03
REC-AIBIOGU-000931,Li2025,Integration of multi-scale radiomics and deep learning for Ki-67 prediction in clear cell renal carcinoma.,2025,NPJ Precis Oncol,10.1038/s41698-025-01214-y,non_randomized,yes,yes,cant_tell,yes,yes,yes,yes,"All 627 ccRCC cases came from three hospitals in one province, so geographic representativeness is limited.","Multiscale CT radiomics, deep-learning features, and clinical variables were used to predict the postoperative Ki-67 index.",A Ki-67 index on the pathology report was required for every included patient and was read by two pathologists.,"The stacking model fused the best unimodal learners, including clinical features.","Isotropic resampling, habitat and peritumoral masks, and ICC filtering were applied before external testing.",moderate,MMAT non-randomized (Hong 2018),yes,high,low,unclear,high,high,low concern,"External AUC was 0.756, but the 5% Ki-67 cutoff is author-defined and the feature space is large.",yes,yes,yes,partial,adequate,REV-ALCIDES-AI,2026-09-23,High Ki-67 was defined at a 5% threshold that the authors note is not a universal standard.,canal-c-03
REC-AIBIOGU-000935,Zhou2025,"Interpretable multiparametric MRI radiomics-based machine learning model for preoperative differentiation between benign and malignant prostate masses: a diagnostic, multicenter study.",2025,Front Oncol,10.3389/fonc.2025.1541618,non_randomized,yes,yes,cant_tell,yes,yes,no,yes,Patients imaged for suspected prostate cancer at two hospitals are a retrospective referral cohort.,T2WI and DWI radiomics were used to separate benign from malignant masses against pathology or a biopsy-based composite reference.,Diagnostic labels were obtained for all 567 enrolled patients after exclusions for missing MRI or pathology.,Five machine-learning models were trained on radiomic features without a reported clinical confounder adjustment.,"ITK-SNAP segmentation, PyRadiomics, and LASSO with five-fold cross-validation were applied as described.",low,MMAT non-randomized (Hong 2018),yes,high,low,unclear,high,high,low concern,"An external test of 63 patients is reported, but 2632 features and a mixed biopsy reference keep outcome and analysis at risk.",yes,yes,yes,no,adequate,REV-ALCIDES-AI,2026-09-23,The reference standard mixed prostatectomy histology with a biopsy and follow-up composite.,canal-c-03
REC-AIBIOGU-000938,Ye2025,Intratumoral and peritumoral radiomics using multi-phase contrast-enhanced CT for diagnosis of renal oncocytoma and chromophobe renal cell carcinoma: a multicenter retrospective study.,2025,Front Oncol,10.3389/fonc.2025.1501084,non_randomized,yes,yes,cant_tell,yes,yes,no,yes,"Ninety-two oncocytoma and chromophobe RCC cases pooled from five centers are a small, highly selected surgical sample.",Intratumoral and peritumoral CT radiomics were compared with histopathological and immunohistochemical diagnosis.,Pathology and immunohistochemistry were required for the 65 training and 27 validation cases.,"SVM models used radiomic features only, without clinical confounder adjustment.","Radiologist and software segmentations, ICC filtering above 0.75, and LASSO feature selection were performed as described.",low,MMAT non-randomized (Hong 2018),yes,high,low,low,high,high,low concern,"Centers were pooled into a 7:3 split of 92 patients, and validation AUC ranged from 0.60 to 0.90.",yes,yes,partial,no,partial,REV-ALCIDES-AI,2026-09-23,"Five centers were pooled rather than held out, and one validation model AUC was 0.60.",canal-c-03
REC-AIBIOGU-000942,Ayyldz2025,Machine learning models for discriminating clinically significant from clinically insignificant prostate cancer using bi-parametric magnetic resonance imaging,2025,Diagn Interv Radiol,10.4274/dir.2024.242856,non_randomized,yes,yes,cant_tell,yes,yes,no,yes,"After exclusions, 77 lesions from one hospital remain a small retrospective convenience sample.",T2-weighted and ADC radiomics were used to separate clinically significant from insignificant cancer on fusion biopsy.,Histopathology was available for the 47 clinically significant and 30 insignificant lesions that remained.,"Logistic regression and SVM models used radiomic features only, without clinical confounders.","Dual-reader segmentation, correlation filtering, and a train-test split performed before augmentation followed the protocol.",low,MMAT non-randomized (Hong 2018),yes,high,low,low,high,high,low concern,"The test set is an internal split of 77 lesions, with class imbalance and high-dimensional radiomics.",yes,yes,partial,no,partial,REV-ALCIDES-AI,2026-09-23,"Only 77 lesions remained, and the authors note that augmentation would make much of the sample synthetic.",canal-c-03
REC-AIBIOGU-000943,Lisson2025,Machine learning-based radiomics for bladder cancer staging: evaluating the role of imaging timing in differentiating T2 from T3 disease.,2025,Front Oncol,10.3389/fonc.2025.1591742,non_randomized,yes,yes,cant_tell,yes,yes,yes,yes,"Single-center retrospective series of 97 cystectomy patients after exclusions for small or poorly seen tumors, so representativeness of the broader bladder-cancer staging population is uncertain.",Contrast-enhanced CT radiomics and radical-cystectomy pathologic stage are appropriate measures for distinguishing intravesical from extravesical disease.,"Patients with incomplete clinical or imaging data were excluded, and the analyzed cohort has histopathologic stage for the classification endpoint.","A combined model adds preoperative clinical variables, including creatinine, hemoglobin, and comorbidity factors, to the radiomic features.",Contrast-enhanced CT was acquired under routine staging protocols and features were extracted with IBSI-compliant software by experienced readers.,moderate,MMAT non-randomized (Hong 2018),yes,high,low,low,high,high,low concern,"Random-forest staging model with five-fold cross-validation only in 97 patients, and the abstract and results disagree on whether cohort 1 is the early post-TURB subset or the whole sample.",partial,yes,partial,partial,partial,REV-ALCIDES-AI,2026-09-23,"Cohort definitions by TURB-to-CT interval conflict between the abstract and the results, and discrimination is reported only from five-fold cross-validation.",canal-c-04
REC-AIBIOGU-000944,Zhan2025,Machine learning-based radiomics from multiparametric MRI for predicting aggressive pathology in clear cell renal cell carcinoma.,2025,BMC Med Imaging,10.1186/s12880-025-02046-9,non_randomized,yes,yes,cant_tell,yes,yes,no,yes,"Cases were pooled from two hospitals and TCIA rather than drawn as a population sample, and only 43 tumors were aggressive.","Multiparametric MRI radiomics with segmentation blinded to pathology, and WHO/ISUP grade plus stage, appropriately define aggressive versus indolent ccRCC.","Inclusion required complete clinical, pathologic, and imaging data, and incomplete examinations were excluded.",The classifiers do not adjust for tumor size or other clinical covariates even though aggressive tumors were much larger and the top features were shape descriptors.,"Images were resampled, co-registered, and z-score normalized before feature extraction, and segmentations were reviewed by a senior radiologist.",low,MMAT non-randomized (Hong 2018),yes,high,low,low,high,high,low concern,"More than 5,000 classifier–feature combinations were screened with SMOTE and five-fold cross-validation on pooled centers, including TCIA, without a held-out external test.",yes,yes,partial,no,partial,REV-ALCIDES-AI,2026-09-23,"The leading T2WI features are shape metrics and aggressive tumors were far larger, so the AUC near 0.96 may largely reflect size rather than texture.",canal-c-04
REC-AIBIOGU-000945,Sun2025,Multi-channel multiphase CT-based deep learning and radiomics fusion model for noninvasive pathological grading of clear cell renal cell carcinoma.,2025,Front Oncol,10.3389/fonc.2025.1710329,non_randomized,yes,yes,cant_tell,yes,yes,yes,yes,"All 496 patients came from one institution and were randomly split, so referral and scanner patterns may not represent other ccRCC populations.","Triphasic CT, radiomics, and ResNet50 features were paired with WHO/ISUP grade, and readers assessing semantic imaging signs were blinded to pathology.","Enrollment required complete clinical and pathologic documentation, and cases with incomplete records were excluded.","Univariate and multivariate analyses identified age as associated with grade, and the final model combined clinical variables with imaging features.","CT scanners, phase timing, resampling, and windowing were specified and applied before segmentation and training.",moderate,MMAT non-randomized (Hong 2018),yes,high,low,low,high,high,low concern,"The 70/30 test set is a random split of a single institution, the split was not stratified, and deep-learning plus radiomic features were tuned on the same pool.",yes,yes,partial,no,partial,REV-ALCIDES-AI,2026-09-23,,canal-c-04
REC-AIBIOGU-000947,Hu2025,Multicenter study demonstrates unsupervised learning derived from magnetic resonance images identify prognosis in prostate cancer patients after prostatectomy,2025,,10.21203/rs.3.rs-6337641/v1,non_randomized,yes,yes,cant_tell,yes,yes,yes,cant_tell,"Three hospitals contributed center-held-out cohorts, but 2,238 records were reduced to 400 eligible patients and the authors cite retrospective selection bias.",Preoperative MRI radiomics plus clinical factors are appropriate predictors of progression-free survival defined by biochemical recurrence or imaging-detected metastasis.,"Median follow-up was 60 months, progression occurred in 46% of patients, and center-specific event counts are reported.","LASSO-Cox selected clinical and radiomic features into a radiomic-clinical model that was compared with EAU, CAPRA, and PIPEN scores.","MRI acquisition parameters are not described in the cropped text, and the authors note that contrast-enhanced images were not segmented.",low,MMAT non-randomized (Hong 2018),yes,high,unclear,low,high,high,low concern,"External C-indices are reported at two other centers, but radiomic feature handling is thinly described and the external sets are small.",yes,partial,yes,partial,partial,REV-ALCIDES-AI,2026-09-23,"This is a Research Square preprint, and the cropped text does not describe MRI acquisition or the segmentation protocol.",canal-c-04
REC-AIBIOGU-000949,Ma2025,Multimodal deep learning framework integrating multiphase CT and histopathological whole slide imaging for predicting recurrence in ccRCC.,2025,Sci Rep,10.1038/s41598-025-25109-x,non_randomized,yes,yes,cant_tell,yes,yes,no,yes,"All 274 patients were identified from one hospital pathology database and then randomly split, so the sample is a single-center convenience cohort.","Multiphase CT and whole-slide images, with recurrence or metastasis versus non-recurrence after at least three years, match the prognostic question.","Missing or contaminated slides and incomplete imaging were exclusion criteria, and a minimum three-year follow-up was required.","The fusion networks compare imaging modalities but do not adjust for stage, grade, or other clinicopathologic confounders of recurrence.","CT and slide-scanning procedures, ROI construction, and the training–test split are described and were applied to the cohort.",low,MMAT non-randomized (Hong 2018),yes,high,low,low,high,high,low concern,"Several deep-fusion variants were compared on a random 6:4 split of one hospital, and the authors state that external validation is still pending.",yes,yes,partial,no,partial,REV-ALCIDES-AI,2026-09-23,"The test cohort is a random split of a single hospital, and the authors explicitly defer external validation.",canal-c-04
REC-AIBIOGU-000950,Zhang2025,Multimodal fusion radiomic-immunologic scoring model: accurate identification of prostate cancer progression.,2025,BMC Med Imaging,10.1186/s12880-025-01869-w,non_randomized,yes,yes,cant_tell,yes,yes,no,yes,"This is a single-center retrospective series of 157 men, so representativeness beyond that hospital is uncertain.","mpMRI radiomics and CD3/CD8 immunohistochemistry are appropriate inputs for the stated progression endpoints, which are defined with standard BCR, CRPC, and metastasis criteria.",Median follow-up was 36 months and patients were classified by documented progression status at the study end.,"Progression and non-progression groups differed in Gleason score, PSA, and T stage, and those factors were not entered as covariates in the radiomic-immunologic score.","Imaging, immunohistochemistry, and the multi-step feature-selection workflow are described as a standardized institutional pipeline.",low,MMAT non-randomized (Hong 2018),yes,high,low,low,high,high,low concern,"SMOTE expanded 157 patients to 200 before 10-fold cross-validation, which can leak between folds in a single-center radiomic model.",partial,yes,partial,no,partial,REV-ALCIDES-AI,2026-09-23,"SMOTE increased the analytic cohort from 157 to 200 patients before cross-validation, which risks optimistic AUC estimates.",canal-c-04
REC-AIBIOGU-000960,Shao2025,Radiogenomic correlation of hypoxia-related biomarkers in clear cell renal cell carcinoma.,2025,J Cancer Res Clin Oncol,10.1007/s00432-025-06240-8,non_randomized,yes,yes,cant_tell,yes,yes,no,cant_tell,"The sample is a TCGA-KIRC/TCIA subset of 190 mostly White men, which the authors note limits generalizability.",CT radiomics and median-split expression of prespecified hypoxia genes are appropriate measures for a radiogenomic classification aim.,"Analysis was restricted to cases with matched CT and complete expression data, and cohort characteristics are tabulated.","The random-forest model does not adjust for stage, grade, or other clinical factors, and there is no external cohort.","The authors intentionally skipped intensity normalization on multi-scanner TCIA images, so whether features were measured as intended across scanners is unclear.",low,MMAT non-randomized (Hong 2018),yes,high,low,unclear,high,high,low concern,A high-dimensional random forest predicted median-split gene expression in one public cohort without external validation or a reported discrimination metric.,partial,partial,no,yes,partial,REV-ALCIDES-AI,2026-09-23,"The modeled endpoint is median-split hypoxia-gene expression, and the cropped text describes performance only qualitatively.",canal-c-04
REC-AIBIOGU-000965,Zarei2025,Reproducibility of MRI-derived radiomic features in prostate cancer detection: a methodological approach.,2025,Pol J Radiol,10.5114/pjr/201467,non_randomized,yes,yes,cant_tell,yes,cant_tell,no,yes,"Images were randomly taken from the public Prostate158 set as 41 cancers versus 41 healthy controls, which is not a clinical referral population.",T2-weighted and ADC radiomic features are appropriate inputs for an image-based cancer-versus-noncancer classification.,"Label provenance, exclusions, and completeness of the public cases are not described beyond the 82 selected examinations.","No clinical covariates were available or adjusted for, and healthy controls do not share the confounding structure of men undergoing biopsy.","Feature extraction with SERA, ICC filtering, and the dimensionality-reduction and classifier workflow are described and applied.",low,MMAT non-randomized (Hong 2018),yes,high,unclear,unclear,high,high,high concern,"Ten classifiers and seven dimensionality-reduction methods were searched in 82 public cases, with AUC up to 0.93 and no external clinical cohort.",partial,yes,partial,yes,partial,REV-ALCIDES-AI,2026-09-23,Classifying cancer against healthy controls from Prostate158 has high applicability concern for biopsy decisions in men with suspected prostate cancer.,canal-c-04
REC-AIBIOGU-000967,Lv2025,Subregion-based radiomics analysis for predicting the histological grade of clear cell renal cell carcinoma.,2025,Front Oncol,10.3389/fonc.2025.1554830,non_randomized,yes,yes,cant_tell,yes,yes,no,yes,"Development used TCIA cases, a public convenience sample, with only 65 local patients for external testing.","CT subregion radiomics, delineated blinded to grade, are appropriate for predicting histologic grade.","Training, internal-test, and external-set grade counts are reported, and low-reproducibility features were removed by ICC.",Logistic and support-vector models use three radiomic features without adjustment for tumor size or other clinicopathologic confounders.,"Manual segmentation, ICC filtering, Gaussian-mixture subregions, and LASSO selection are described and were applied, despite residual scanner differences.",low,MMAT non-randomized (Hong 2018),yes,high,low,low,high,high,low concern,"External AUCs are about 0.74–0.77 in 65 local patients after TCIA development, with multiple machine-learning models and a small event count in the external high-grade group.",yes,yes,yes,partial,adequate,REV-ALCIDES-AI,2026-09-23,,canal-c-04
REC-AIBIOGU-000970,Zhi2025,The interpretable CT-based vision transformer model for preoperative prediction of clear cell renal cell carcinoma SSIGN score and outcome.,2025,Insights Imaging,10.1186/s13244-025-01972-0,non_randomized,yes,yes,yes,yes,yes,no,yes,"Eight hundred forty-five patients from multiple hospitals were enrolled with stated inclusion and exclusion criteria, and 253 patients from separate hospitals formed the test cohort.",Cortical-medullary and parenchymal-phase CT vision-transformer features are appropriate predictors of the pathologic SSIGN score and of progression-free survival.,"Complete clinical and pathologic data were required, and baseline characteristics are reported for the training and test cohorts.",The vision-transformer models use imaging features alone and do not adjust for clinicopathologic covariates when classifying SSIGN risk.,"Contrast timing, inclusion image-quality thresholds, and multicenter preprocessing before feature extraction are described and applied.",moderate,MMAT non-randomized (Hong 2018),yes,unclear,low,low,high,high,low concern,"A separate-hospital test set supports transportability, but 768 vision-transformer features per phase were mined without a prespecified model.",yes,yes,yes,no,adequate,REV-ALCIDES-AI,2026-09-23,,canal-c-04
REC-AIBIOGU-000971,He2025,The predictive value of radiomics and deep learning for synchronous distant metastasis in clear cell renal cell carcinoma.,2025,Discov Oncol,10.1007/s12672-025-01806-x,non_randomized,yes,yes,cant_tell,yes,yes,cant_tell,yes,"Non-metastatic controls were randomly sampled to match metastatic tumor size, so the two-hospital series is an enriched case-control sample rather than a consecutive cohort.",Preoperative contrast CT radiomics and deep-learning features are appropriate for pathology-confirmed synchronous distant metastasis.,"Training (143) and validation (62) counts with metastasis status are reported, and poor-quality scans were excluded.",The fused radiomics and ResNet model does not show adjustment for stage or other clinical confounders of metastasis.,"CT was obtained within two weeks of diagnosis, tumors were segmented in ITK-SNAP, and features were extracted with a stated toolkit.",low,MMAT non-randomized (Hong 2018),yes,high,low,low,high,high,low concern,"Multiple machine-learning and deep-learning architectures were compared, the validation hospital has only 19 metastatic cases, and controls were size-matched.",yes,yes,yes,no,adequate,REV-ALCIDES-AI,2026-09-23,"Controls without metastasis were randomly sampled to match tumor size, which distorts the clinical prevalence of synchronous metastasis.",canal-c-04
REC-AIBIOGU-000972,Cong2025,The role of endothelial cell-related gene COL1A1 in prostate cancer diagnosis and immunotherapy: insights from machine learning and single-cell analysis.,2025,Biol Direct,10.1186/s13062-024-00591-x,non_randomized,yes,yes,cant_tell,yes,yes,no,yes,"Training uses TCGA-PRAD tumor and normal samples, a public convenience set rather than a screening or biopsy population.",Endothelial-cell gene expression is an appropriate input for a transcriptomic classifier of prostate adenocarcinoma versus normal tissue.,TCGA and four GEO cohorts are named with tumor and normal sample counts.,One hundred eight algorithm configurations were screened without adjustment for clinical confounders of diagnosis or prognosis.,"The single-cell, clustering, and machine-learning pipeline is described and applied to the stated public cohorts.",low,MMAT non-randomized (Hong 2018),yes,high,low,low,high,high,low concern,"A diagnostic signature was fit on TCGA and checked in four GEO sets, but the cropped text does not report AUC or calibration and the algorithm search was very large.",yes,partial,partial,no,partial,REV-ALCIDES-AI,2026-09-23,"External GEO cohorts are named, but discrimination metrics are not present in the cropped text.",canal-c-04
REC-AIBIOGU-000974,Wang2025,Unsupervised learning-based quantitative analysis of CT intratumoral subregions predicts risk stratification of bladder cancer patients.,2025,BMC Med,10.1186/s12916-025-04163-2,non_randomized,yes,yes,yes,yes,yes,yes,cant_tell,"The study enrolled 1,017 histologically confirmed patients from two centers, with center B held out as an external validation cohort of 239.",Venous-phase CT subregion radiomics are appropriate predictors of muscle invasion and AJCC stage confirmed after resection.,"Center-specific sample sizes, muscle-invasive counts, and stage distributions are reported for training and external validation.",A clinicopathologic model was built with stepwise regression and fused with the radiomic subregion models.,"The cropped methods section is empty, so segmentation reproducibility and CT acquisition parameters cannot be confirmed.",moderate,MMAT non-randomized (Hong 2018),yes,unclear,unclear,low,high,high,low concern,"External AUROCs are reported, but seven radiomic models were developed and the cropped text omits the segmentation and acquisition protocol.",yes,partial,yes,yes,adequate,REV-ALCIDES-AI,2026-09-23,"The cropped file has no methods narrative, so predictor measurement was judged from the abstract, results, and limitations only.",canal-c-04
REC-AIBIOGU-000980,Peng2026,A perioperative multi-modal fusion and deep learning-based prognostic system for upper tract urothelial carcinoma: a multi-institutional study.,2026,Insights Imaging,10.1186/s13244-026-02337-x,non_randomized,yes,yes,yes,yes,yes,yes,yes,"Six hundred twenty-three patients from six institutions met stated inclusion and exclusion criteria, with 150 patients from four other centers held out for external validation.",Preoperative CT urography radiomics and deep-learning features plus postoperative pathology are appropriate for post-nephroureterectomy risk stratification.,"Patients lacking complete clinicopathologic or follow-up data were excluded, and C-indexes are reported in training, internal, and external sets.",A clinical model was fit and its prognostic score was fused with radiomic and deep-learning scores in the combined nomogram.,"The study follows the CLEAR checklist, and CT urography segmentation with PyRadiomics extraction is described as applied.",high,MMAT non-randomized (Hong 2018),yes,unclear,low,low,high,high,low concern,"External validation is genuine, but high-dimensional radiomic and deep-learning features were still selected inside the development centers.",yes,yes,yes,no,adequate,REV-ALCIDES-AI,2026-09-23,"Predictors include postoperative pathologic stage because the intended use is immediately after nephroureterectomy, not preoperative counseling.",canal-c-04
REC-AIBIOGU-000987,Ma2026,CT-based radiogenomic prediction of ICAM1 and RAET1E as biomarkers of NK cytotoxicity in clear cell renal cell carcinoma.,2026,Front Immunol,10.3389/fimmu.2026.1773251,non_randomized,yes,yes,cant_tell,yes,yes,no,yes,"Imaging-expression correlation used 143 TCGA-KIRC cases with CT, a selected public subset, plus a 26-patient immunohistochemistry set.",PyRadiomics features from segmented CT volumes are appropriate predictors of high versus low ICAM1 and RAET1E expression.,Matched imaging-expression cases and the 26-case immunohistochemistry validation counts are reported.,"The L1-SVM does not adjust for stage, grade, or other clinical confounders of gene expression.",Manual 3D segmentation checked by two radiologists and the feature-filtering steps are described and applied.,low,MMAT non-randomized (Hong 2018),yes,high,low,unclear,high,high,low concern,"Leave-one-out selection among thousands of radiomic features on a public subset, with external immunohistochemistry in only 26 cases, leaves a high overfitting risk.",partial,yes,yes,partial,partial,REV-ALCIDES-AI,2026-09-23,"The predicted targets are ICAM1 and RAET1E expression, and external immunohistochemistry includes only 26 tumors.",canal-c-04
REC-AIBIOGU-000989,Antolin2026,"Combined radiomics, PI-RADS, and clinical model improve significant prostate cancer prediction and guide biopsy decision.",2026,Insights Imaging,10.1186/s13244-026-02295-4,non_randomized,yes,yes,cant_tell,yes,yes,yes,yes,"Men were consecutively enrolled at a single hospital and randomly split, so the cohort may reflect local referral practice.","Gland radiomics, PI-RADS, and clinical variables are appropriate predictors of biopsy-defined significant prostate cancer (grade group 2 or higher).","Cases missing MRI, clinical variables, or biopsy results were excluded, and cohort characteristics are tabulated by split.","The best model combines PI-RADS, radiomics, and clinical variables, so major diagnostic covariates are included.","bpMRI or mpMRI acquisition, automatic gland segmentation, and the STARD and CLAIM workflow are described and applied.",moderate,MMAT non-randomized (Hong 2018),yes,high,low,low,high,high,low concern,Discrimination is estimated on a random 20% split of one center after comparing several machine-learning models on handcrafted radiomic features.,yes,yes,partial,no,partial,REV-ALCIDES-AI,2026-09-23,,canal-c-04
REC-AIBIOGU-000990,Juarez2026,Deep learning models built from PSMA PET of the primary tumor can predict synchronous and metachronous prostate cancer metastases.,2026,PLoS One,10.1371/journal.pone.0349825,non_randomized,yes,yes,cant_tell,cant_tell,cant_tell,cant_tell,yes,Ninety-four treatment-naive patients from one veterans hospital form a small convenience series.,"Synchronous metastasis labels were read from the same PSMA PET used to build the prostate input, so outcome measurement is not clearly independent of the predictors.","Non-metastatic patients needed 33 months of follow-up, but metachronous event counts and losses are not fully reported in the cropped text.",The cropped text does not show a prespecified clinical adjustment set for the convolutional or multimodal model.,"PSMA PET used standardized acquisition, aPROMISE prostate segmentation, and a stated training schedule.",low,MMAT non-randomized (Hong 2018),yes,high,low,high,high,high,low concern,"Models were trained on 94 scans with an acknowledged overfitting risk, and no independent test cohort is described.",partial,yes,partial,no,partial,REV-ALCIDES-AI,2026-09-23,"Synchronous metastasis was labeled on the same PSMA PET that supplied the primary-tumor input, in a 94-patient single-institution series.",canal-c-04
REC-AIBIOGU-000991,Yang2026,Developing an interpretable clinical-radiomics machine learning model using whole transition zone MRI analysis for improving diagnosis of transition zone prostate cancer.,2026,Front Oncol,10.3389/fonc.2026.1716482,non_randomized,yes,yes,yes,yes,yes,yes,yes,"Two hundred eighty pathologically confirmed cases from two institutions were enrolled with stated criteria, and center B (n=77) was an external test set.",Whole-transition-zone T2-weighted and ADC radiomics plus clinical variables are appropriate for distinguishing transition-zone cancer from benign hyperplasia on surgical pathology.,"Incomplete MRI or clinical data were excluded, and cancer and hyperplasia counts are given for training, internal, and external sets.","Independent clinical variables, including PI-RADS and PSA, were combined with the radiomic model.","Center-specific 1.5T and 3.0T biparametric MRI protocols, segmentation, and feature extraction are described and applied.",high,MMAT non-randomized (Hong 2018),yes,unclear,low,low,high,high,low concern,"Six algorithms were compared on more than a thousand radiomic features, and the clinical-radiomics AUC fell from 0.963 in training to 0.829 externally.",yes,yes,yes,no,adequate,REV-ALCIDES-AI,2026-09-23,"Training AUC of 0.963 dropped to 0.829 in the external center, which suggests residual optimism after multi-algorithm screening.",canal-c-04
REC-AIBIOGU-001001,Zhang2026,Integrating single-cell analysis and machine learning algorithms to explore lactylation-related molecular mechanisms and therapeutic responses in clear cell renal cell carcinoma and identifying CDT1 as a potential biomarker.,2026,Front Endocrinol (Lausanne),10.3389/fendo.2026.1883553,non_randomized,yes,yes,cant_tell,yes,cant_tell,no,yes,"The training set is TCGA-KIRC after dropping incomplete records, a public convenience cohort.",Lactylation-related transcriptomic features are appropriate inputs for a survival model in ccRCC.,"External clinical annotation was incomplete, and the authors could not compare baseline covariates across TCGA, E-MTAB-1980, and GSE29609.","One hundred one algorithm combinations were screened, and unmeasured confounders are cited as a reason the GSE29609 risk split failed.","The single-cell, WGCNA, and multi-algorithm survival pipeline is described and applied to the named cohorts.",low,MMAT non-randomized (Hong 2018),yes,high,low,unclear,high,high,low concern,"External C-indexes are reported, but a large algorithm search on TCGA did not reproduce risk separation in GSE29609.",partial,yes,yes,partial,partial,REV-ALCIDES-AI,2026-09-23,"Risk groups did not separate in GSE29609, and the authors report that clinical covariates could not be aligned across cohorts.",canal-c-04
REC-AIBIOGU-001014,Yang2026,Multimodal deep learning for prediction of postoperative recurrence in clear cell renal cell carcinoma: a clinical-radiologic-pathologic approach.,2026,Front Oncol,10.3389/fonc.2026.1831252,non_randomized,yes,yes,yes,yes,yes,yes,cant_tell,"Two hundred seventy consecutive patients from three hospitals were enrolled, with 215 used for development and 55 held out as an independent test cohort whose size matches the third hospital.","Clinical, CT, and histopathology features are appropriate predictors of recurrence within five years after nephrectomy.","Missing multimodal data were handled by complete-case exclusion, and recurrence counts are reported.",Fusion models combine predicted probabilities from clinical and imaging modalities rather than imaging alone.,CT acquisition parameters and segmentation procedures are not described in the cropped text.,moderate,MMAT non-randomized (Hong 2018),yes,unclear,unclear,low,high,high,low concern,"Twenty-five classifiers were built, and an independent-test AUROC of 0.967 is unusually high for five-year recurrence.",yes,yes,yes,partial,adequate,REV-ALCIDES-AI,2026-09-23,"An independent-test AUROC of 0.967 is unusually high, and the cropped text does not fully document the imaging protocol.",canal-c-04
REC-AIBIOGU-001015,Muellner2026,Multiphase CT-Based Tumor and Peritumoral Radiomics for Characterization of Clear Cell Renal Cell Carcinoma.,2026,J Imaging Inform Med,10.1007/s10278-025-01797-9,non_randomized,yes,yes,cant_tell,yes,yes,no,cant_tell,Two hundred fifty patients from affiliate hospitals of one university were analyzed retrospectively without an external cohort.,"Four-phase CT radiomics from tumor and peritumoral rims are appropriate predictors of pathologic stage, grade, and aggressiveness.","Cases missing any CT phase or outcome data were excluded, and class imbalance is described.","Elastic-net and random-forest models use radiomic features only, without clinicopathologic covariates.","The authors state that scanner heterogeneity was not addressed, so consistent feature measurement across scanners is uncertain.",low,MMAT non-randomized (Hong 2018),yes,high,low,low,high,high,low concern,"Ten-fold cross-validation of 1,874 features per region produced an aggressiveness AUC of 0.915 without external testing.",yes,yes,partial,no,partial,REV-ALCIDES-AI,2026-09-23,"There is no external test set, and the aggressiveness AUC of 0.915 comes from internal cross-validation only.",canal-c-04
REC-AIBIOGU-001020,Zhou2026,Predicting Response to Neoadjuvant Hormonal Therapy and Prognostic Outcomes in High-Risk Prostate Cancer Using MRI-Based Radiomics,2026,,10.21203/rs.3.rs-8655062/v1,non_randomized,yes,yes,cant_tell,yes,yes,cant_tell,yes,"One hundred forty men were treated at a single center and split internally, so representativeness is uncertain.",Pre-treatment mpMRI radiomics are appropriate predictors of pathologic response after neoadjuvant hormonal therapy and prostatectomy.,The cropped text reports a complete clinicopathologic cohort with a 98/42 stratified internal split and response counts.,"Clinical and MRI differences are tabulated, but the cropped results end before the multivariable model specification.","Eligibility, mpMRI timing before hormonal therapy, and reproducibility filtering of features are described.",low,MMAT non-randomized (Hong 2018),yes,high,unclear,low,high,high,low concern,"The design is a single-center internal split of an MRI radiomics response model, and discrimination metrics are absent from the cropped text.",yes,partial,partial,partial,partial,REV-ALCIDES-AI,2026-09-23,Research Square preprint of the same Huadong Hospital series as REC-AIBIOGU-001023; model metrics are not in this crop.,canal-c-04
REC-AIBIOGU-001023,Zhou2026,Predicting response to neoadjuvant hormonal therapy and prognostic outcomes in high-risk prostate cancer using MRI-based radiomics.,2026,BMC Cancer,10.1186/s12885-026-16015-0,non_randomized,yes,yes,cant_tell,cant_tell,yes,no,yes,All 140 patients were treated at one hospital and divided into an internal training and validation split.,"Cribriform histology from the prostatectomy specimen is used beside imaging to predict complete response defined on that same specimen, so measurement independence is unclear.",Training (n=98) and internal validation (n=42) cohorts with complete clinicopathologic data are described.,Including post-prostatectomy cribriform histology does not constitute proper preoperative confounder control for response prediction.,"mpMRI before neoadjuvant therapy, feature selection, and classifier training are described for the single-center protocol.",low,MMAT non-randomized (Hong 2018),yes,high,high,unclear,high,high,low concern,"Internal validation AUC reached 0.979 after multiple classifiers, with no external cohort and a pathologic feature taken from the outcome specimen.",yes,yes,partial,partial,partial,REV-ALCIDES-AI,2026-09-23,"Internal-validation AUC of 0.979 is implausibly high, cribriform histology may leak from the prostatectomy specimen, and this is the published twin of REC-AIBIOGU-001020.",canal-c-04
REC-AIBIOGU-001026,Yuan2026,Radiomics-based interpretable machine learning model from multiphasic CT imaging for predicting pathological grade in upper tract urothelial carcinoma: a multicenter study.,2026,Front Oncol,10.3389/fonc.2026.1844559,non_randomized,yes,yes,yes,yes,yes,no,yes,"Three hundred thirty-eight patients from three hospitals met stated criteria, with centers 2 and 3 (n=102) held out as the test set.",Multiphasic CT urography radiomics are appropriate predictors of WHO pathologic grade after nephroureterectomy.,"Incomplete clinical, pathologic, or imaging data were excluded, and training and test counts are reported.","Six imaging-only algorithms were compared, without a clinicopathologic covariate adjustment in the grade model.","CT urography timing, PyRadiomics extraction, ICC filtering, and LASSO selection are described and applied.",moderate,MMAT non-randomized (Hong 2018),yes,unclear,low,low,high,high,low concern,"LightGBM training AUC was 0.945 versus 0.829 in the external centers after screening six algorithms on 3,864 features.",yes,yes,yes,partial,adequate,REV-ALCIDES-AI,2026-09-23,,canal-c-04
REC-AIBIOGU-001027,Feng2026,Radiomics-based tumor heterogeneity augments clinicopathological models for predicting recurrence in high-risk clear cell renal cell carcinoma after nephrectomy.,2026,Abdom Radiol (NY),10.1007/s00261-025-05108-2,non_randomized,yes,yes,yes,yes,yes,yes,yes,"One hundred ninety-four high-risk ccRCC patients from three hospitals met S-TRAC-adapted criteria, with an external test set of 47.",Corticomedullary-phase CT radiomics are appropriate predictors of recurrence-free survival confirmed by imaging or pathology.,"Incomplete clinicopathologic or follow-up data were excluded, and recurrence occurred in 62 patients.",The radiomic random-survival-forest score was compared and combined with the Leibovich clinicopathologic score.,"Preoperative CT timing, segmentation, and PyRadiomics extraction on the corticomedullary phase are described and applied.",high,MMAT non-randomized (Hong 2018),yes,unclear,low,low,high,high,low concern,"Time-dependent AUCs were estimated in an external set of only 47 patients after radiomic survival-forest feature selection, with a clear drop from training.",yes,yes,yes,no,adequate,REV-ALCIDES-AI,2026-09-23,"The external test set has 47 patients, so the time-dependent AUC confidence intervals are wide.",canal-c-04
REC-AIBIOGU-001030,Deza2026,Urinary volatilomics using liquid-liquid extraction and gas chromatography-mass spectrometry (GC-MS) combined with machine learning algorithms as a tool for diagnosis and surveillance of urothelial bladder cancer.,2026,BJC Rep,10.1038/s44276-026-00244-8,non_randomized,yes,yes,cant_tell,yes,yes,no,yes,"One hundred clinic attendees were split into 50 cancer cases and 50 controls that mix never-cancer and remission samples, not a consecutive diagnostic series.",Urine GC-MS volatilomic features are appropriate candidate predictors of cystoscopy-evaluated bladder cancer.,"All 100 collected urine samples were analyzed, and comorbidity counts in both groups are described.",Comorbidities were more common in controls and were not adjusted for in the metabolite classifiers.,"Solvent extraction, GC-MS, and the machine-learning workflow are described and applied to the biobanked aliquots.",low,MMAT non-randomized (Hong 2018),yes,high,low,low,high,high,low concern,Five algorithms with recursive feature elimination were evaluated by repeated five-fold cross-validation in 100 samples and no external set.,partial,yes,partial,partial,partial,REV-ALCIDES-AI,2026-09-23,"Controls combine people who never had bladder cancer with patients in remission, and comorbidities were unbalanced.",canal-c-04
REC-AIBIOGU-001032,Azuaje2019,Connecting Histopathology Imaging and Proteomics in Kidney Cancer through Machine Learning.,2019,J Clin Med,10.3390/jcm8101535,non_randomized,yes,yes,cant_tell,yes,yes,no,yes,"CPTAC ccRCC is a convenience public cohort, not a population sample.",Proteomics and histology are matched to the tumor-versus-normal question.,"194 samples with 9964 proteins are described, including 110 tumors and 84 normal kidneys.","Performance is 10-fold cross-validation on the same CPTAC set, with no external cohort.",Random-forest and CNN procedures are described.,low,MMAT non-randomized (Hong 2018),yes,high,low,low,high,high,low concern,Public CPTAC cohort and internal cross-validation only; the endpoint is tumor versus normal.,yes,yes,partial,no,partial,REV-ALCIDES-AI,2026-09-23,"Diagnostic performance is for tumor versus normal tissue, which is a narrow reading of biomarker discovery.",canal-c-maybe
REC-AIBIOGU-001033,Pasini2023,A Critical Analysis of the Robustness of Radiomics to Variations in Segmentation Methods in 18F-PSMA-1007 PET Images of Prostate Cancer.,2023,Diagnostics (Basel),10.3390/diagnostics13243640,non_randomized,yes,yes,cant_tell,yes,no,no,yes,"Single-center consecutive PET cohort, not a population sample.",PSMA-PET radiomics are appropriate to the risk-separation question.,"Only 78 patients (43 low risk, 35 high risk).",No external cohort; the study is primarily a segmentation-robustness analysis.,"Segmentation methods, feature extraction, and classifiers are described.",low,MMAT non-randomized (Hong 2018),yes,high,low,unclear,high,high,low concern,Small single-center sample and no external validation. Risk labels need the full risk definition.,partial,yes,partial,no,partial,REV-ALCIDES-AI,2026-09-23,The paper's main aim is segmentation robustness. The risk-classifier AUC is a secondary result.,canal-c-maybe
REC-AIBIOGU-001034,Tao2026,A disease-centric vision-language foundation model for precision oncology in kidney cancer.,2026,Nat Commun,10.1038/s41467-026-74175-w,non_randomized,yes,yes,cant_tell,yes,yes,yes,yes,"Large multi-center CT collection, still not a population-based sample.","CT tasks cover anatomy, diagnosis, and survival.",Pretraining used 6867 patients and evaluation used 1942 patients across centers.,External multi-center and TCIA cohorts are held out from fine-tuning.,Two-stage pretraining and downstream tasks are described.,moderate,MMAT non-randomized (Hong 2018),yes,high,low,low,unclear,high,low concern,"External centers are a strength. Participants remain a convenience imaging cohort, and the foundation-model analysis is complex.",yes,yes,yes,partial,adequate,REV-ALCIDES-AI,2026-09-23,The deliverable is a foundation model rather than a named biomarker signature.,canal-c-maybe
