record_id,title,year,journal,authors,doi,pubmed_id,primary_url,full_text_decision,full_text_exclusion_reason_code,full_text_status,full_text_repo_path
REC-AIBIOGU-000001,Identification of interleukin-11 as a comorbid risk factor for prostate cancer and Alzheimer's disease using integrated bioinformatics and machine learning.,2026,Front Immunol,"Wang, Mengxue; Qian, Yanrong; Huang, Enyao; Chu, Chunyan; Gao, Tian; Chen, Shengrong; Zhao, Na; Luo, Caichen; Liu, Yifan; Zheng, Xiejunhao; Hu, Haowen; Han, Bowen; Chen, Ming; Mao, Weipu; Li, Wenchao",10.3389/fimmu.2026.1911726,42694488,https://doi.org/10.3389/fimmu.2026.1911726,Included,,retrieved,reviews/AIBIO_GU/screening/full_text/REC-AIBIOGU-000001.pdf
REC-AIBIOGU-000002,Machine learning-based identification of hub genes and prognostic biomarkers in prostate cancer.,2026,Front Genet,"Chen, Guquan; Zhang, Jiefeng; Zhao, Linfu; Zhu, Jianyou",10.3389/fgene.2026.1877595,42643961,https://doi.org/10.3389/fgene.2026.1877595,Included,,retrieved,reviews/AIBIO_GU/screening/full_text/REC-AIBIOGU-000002.pdf
REC-AIBIOGU-000003,Integrative Bioinformatics and Machine Learning Analysis Identifies Novel Molecular Biomarkers in Prostate Adenocarcinoma.,2026,Int J Mol Sci,"Kurt, Hasan Anıl; Kılıçarslan, Sabire; Çiçekliyurt, Meliha Merve; Kılıçarslan, Serhat",10.3390/ijms27156635,42589294,https://doi.org/10.3390/ijms27156635,Included,,retrieved,reviews/AIBIO_GU/screening/full_text/REC-AIBIOGU-000003.pdf
REC-AIBIOGU-000004,A Platform-Independent Binary Gene-Pair Signature Derived from CRPC-Enriched Single-Cell Transcriptomics for Predicting Recurrence-Free Survival in Prostate Cancer.,2026,Cancer Manag Res,"He, Yu; Li, Boyang; Tan, Zhaojie; Jiang, Kuanyao; Ju, Wenyue; Yu, Weidong; Zhang, Meng; Liang, Chaozhao",10.2147/cmar.s623563,42553741,https://doi.org/10.2147/cmar.s623563,Included,,retrieved,reviews/AIBIO_GU/screening/full_text/REC-AIBIOGU-000004.pdf
REC-AIBIOGU-000007,A Hypoxia and Immune Escape-Related Gene Signature for the Diagnosis of Prostate Cancer: An Integrated Bioinformatics Study.,2026,Int J Med Sci,"Gan, Hexia; Jiang, Jiana; Yang, Jiebin; Shen, Feng; Lu, Weihong; Lai, Peng; Chen, Lingyu; Xu, Zhibing; Zhang, Jianping; Guo, Jianming; Chao, Fan",10.7150/ijms.133397,42328119,https://doi.org/10.7150/ijms.133397,Included,,retrieved,reviews/AIBIO_GU/screening/full_text/REC-AIBIOGU-000007.pdf
REC-AIBIOGU-000008,A Metabolic-Related Gene Signature for Predicting Biochemical Recurrence After Radical Prostatectomy: An Integrative Analysis and Targeted Therapeutic Validation.,2026,Int J Mol Sci,"Wang, Wankun; Hong, Xiujuan; Wang, Xiaoqi; Jiao, Ganpei; Cai, Hongjie; Zhao, Junxiang; Wu, Zhibing; Chen, Jun",10.3390/ijms27114797,42278330,https://doi.org/10.3390/ijms27114797,Included,,retrieved,reviews/AIBIO_GU/screening/full_text/REC-AIBIOGU-000008.pdf
REC-AIBIOGU-000009,Deep learning based on multiparametric MRI for differentiating benign from malignant PI-RADS 3 prostate lesions: a dual-center study.,2026,Sci Rep,"Zhang, He; Zheng, Yongfei; Ao, WeiQun; Ding, Jingfeng; Liu, Binghui; Huang, He; Zhang, GuoHua; Huang, Danjiang",10.1038/s41598-026-56643-x,42249012,https://doi.org/10.1038/s41598-026-56643-x,Included,,retrieved,reviews/AIBIO_GU/screening/full_text/REC-AIBIOGU-000009.pdf
REC-AIBIOGU-000010,Non-invasive prediction of lymph node involvement in prostate cancer via machine learning on whole-prostate MRI.,2026,Front Oncol,"Luo, Yun; Liu, Bohao; Qin, Peng; Lin, Zhengxu; Lin, Tianxin; Wang, Yujie",10.3389/fonc.2026.1823708,42200010,https://doi.org/10.3389/fonc.2026.1823708,Included,,retrieved,reviews/AIBIO_GU/screening/full_text/REC-AIBIOGU-000010.pdf
REC-AIBIOGU-000013,Preoperative dual-ROI mpMRI radiomics integrating intratumoral and periprostatic adipose tissue features with clinical factors for predicting positive surgical margins after radical prostatectomy.,2026,Cancer Imaging,"Hong, De-Shi; Wu, Xiao-Hui; Ruan, Chao-Xia; Pan, Dong-Shan; Huang, Xu-Feng; Yang, En-Ming; Wang, Jun-Long; Wang, Fei; Li, Kang; Lin, Jie-Bin; Yang, Le-Le; Chen, Shao-Hao; Wang, Shi-Xian",10.1186/s40644-026-01034-8,42129924,https://doi.org/10.1186/s40644-026-01034-8,Included,,retrieved,reviews/AIBIO_GU/screening/full_text/REC-AIBIOGU-000013.pdf
REC-AIBIOGU-000014,"Serum Untargeted Metabolomics Integrated with SHAP-Based Machine Learning for Multiclass Stratification of Prostate Cancer, Prostatitis, and Benign Prostatic Hyperplasia.",2026,Metabolites,"Wang, Zijie; Xin, Jialu; He, Qiuyan; Xu, Shutong; Wu, Jinghan; Yang, Fang; Dong, Liang",10.3390/metabo16040237,42042882,https://doi.org/10.3390/metabo16040237,Included,,retrieved,reviews/AIBIO_GU/screening/full_text/REC-AIBIOGU-000014.pdf
REC-AIBIOGU-000015,Network toxicology & molecular docking: endocrine-disrupting chemicals induce prostate cancer - a system study.,2026,Int J Clin Exp Pathol,"Zhou, Yuan; Zhou, Gui-Ming; Zhang, Yu-Jie; Deng, Chao-Hua; Li, Zhi-Shen; Hu, Xiao-Dong",10.62347/pgnw5316,42005273,https://doi.org/10.62347/pgnw5316,Included,,retrieved,reviews/AIBIO_GU/screening/full_text/REC-AIBIOGU-000015.pdf
REC-AIBIOGU-000016,A novel prognostic signature based on mitochondrial permeability transition-driven necrosis genes for biochemical recurrence prediction in prostate cancer.,2026,Front Oncol,"Luo, Xing; Huang, Zeyu; Deng, Ming; Liu, Jinggui; Sun, Bishao; Zhu, Jingzheng; Chen, Yu; Su, Shuai; Zhao, Jiang; Zheng, Ji",10.3389/fonc.2026.1775602,42003973,https://doi.org/10.3389/fonc.2026.1775602,Included,,retrieved,reviews/AIBIO_GU/screening/full_text/REC-AIBIOGU-000016.pdf
REC-AIBIOGU-000017,Development and validation of an MRI radiomics-based model for predicting progression risk in prostate cancer after endocrine therapy.,2026,Transl Androl Urol,"Ding, Ke; Chen, Qiong; Huang, Lifeng; Huang, Ruisui; Liu, Manrong; Gong, Mofeng; Huang, Haibo",10.21037/tau-2025-1-912,41971132,https://doi.org/10.21037/tau-2025-1-912,Included,,retrieved,reviews/AIBIO_GU/screening/full_text/REC-AIBIOGU-000017.pdf
REC-AIBIOGU-000025,"Bioinformatics and machine learning integration reveals a novel 4-gene (GFUS, ARHGAP8, NBL1, and ACTB) biomarker model for prostate cancer.",2026,Discov Oncol,"Kilicarslan, Sabire; Cicekliyurt, Meliha Merve; Kiliçarslan, Serhat; Hassan, Dina S M; Samee, Nagwan Abdel",10.1007/s12672-025-04369-z,41721923,https://doi.org/10.1007/s12672-025-04369-z,Included,,retrieved,reviews/AIBIO_GU/screening/full_text/REC-AIBIOGU-000025.pdf
REC-AIBIOGU-000027,Multi-omics analyses related to unfolded protein response in prostate cancer implicate pro-tumor role of IFRD1.,2026,Front Immunol,"Xue, Yifeng; Huang, Enyao; Luo, Caichen; Qian, Yanrong; Wu, Tiange; Chu, Chunyan; Shi, Fan; Chen, Shengrong; Zhang, Dakun; Chen, Weijun; Huang, Weihua; Wang, Ping; Chen, Huixing; Cheng, Yifei; Fan, Yunxia",10.3389/fimmu.2026.1744197,41694360,https://doi.org/10.3389/fimmu.2026.1744197,Included,,retrieved,reviews/AIBIO_GU/screening/full_text/REC-AIBIOGU-000027.pdf
REC-AIBIOGU-000028,Palmitoylation-related gene expression and its prognostic value in prostate cancer: insights into immune infiltration and therapeutic potential.,2026,Transl Androl Urol,"Wang, Mingchao; Ding, Yiming; Gao, Lei",10.21037/tau-2025-477,41658456,https://doi.org/10.21037/tau-2025-477,Included,,retrieved,reviews/AIBIO_GU/screening/full_text/REC-AIBIOGU-000028.pdf
REC-AIBIOGU-000029,Genetic relationships between the gut microbiota and prostate cancer: Mendelian randomization combined with bioinformatics analysis.,2026,Aging Male,"Li, Wenjie; Li, Chen; Li, Xing; Gao, Zhan",10.1080/13685538.2026.2615561,41532675,https://doi.org/10.1080/13685538.2026.2615561,Included,,retrieved,reviews/AIBIO_GU/screening/full_text/REC-AIBIOGU-000029.pdf
REC-AIBIOGU-000031,Integrative single-cell and spatial transcriptomics with explainable AI reveal lethal prognostic axis in prostate cancer.,2026,NPJ Digit Med,"Ge, Qintao; Wang, Zhenda; Wang, Yangyun; Chu, Tonghui; Wang, Zhongyuan; Zhu, Wenkai; Zhang, Youzhao; Chen, Yonghao; Ye, Dingwei; Xu, Wenhao; Wang, Zhong; Abudurexiti, Mierxiati",10.1038/s41746-025-02297-4,41495164,https://doi.org/10.1038/s41746-025-02297-4,Included,,retrieved,reviews/AIBIO_GU/screening/full_text/REC-AIBIOGU-000031.pdf
REC-AIBIOGU-000032,Development and Validation of a Multimodal Artificial Intelligence-derived Digital Pathology-based Biomarker Predicting Metastasis Among Patients with Biochemical Recurrence After Radical Prostatectomy in NRG/RTOG Trials.,2025,Eur Urol,"Morgan, Todd M; Ren, Yi; Tang, Siyi; Zwerink, Wouter; Chen, Emmalyn; Mitani, Akinori; Huang, Huei-Chung; Simko, Jeffry P; DeVries, Sandy; Pollack, Alan; Wilke, Derek; Martin, André-Guy; Balogh, Alexander G; Michalski, Jeff M; Greenberg, Michael J; Efstathiou, Jason A; Bahary, Jean-Paul; Ross, Ashley E; Esteva, Andre; Royce, Trevor J; Nguyen, Paul L; Hoffman, Karen E; Sandler, Howard M; Tran, Phuoc T; Pugh, Stephanie L; Feng, Felix Y; Spratt, Daniel E",10.1016/j.eururo.2025.12.007,41436315,https://doi.org/10.1016/j.eururo.2025.12.007,Included,,retrieved,reviews/AIBIO_GU/screening/full_text/REC-AIBIOGU-000032.pdf
REC-AIBIOGU-000034,Senescence-related gene signature predicts prostate cancer progression and identifies PCNA as a therapeutic target via multi-omics machine learning integration.,2025,Br J Cancer,"Lin, Renxuan; Un, Hiocheng; Kang, Youmei; Lei, Jiahao; Chen, Lingwu; Liu, Ren; Wang, Zongren",10.1038/s41416-025-03309-6,41407876,https://doi.org/10.1038/s41416-025-03309-6,Included,,retrieved,reviews/AIBIO_GU/screening/full_text/REC-AIBIOGU-000034.pdf
REC-AIBIOGU-000036,A New Radiotranscriptomic Approach to Analyze Combined Sets of T3b Stage-Specific Genes and Radiomic Features in Prostate Cancer.,2025,Cancer Rep (Hoboken),"Yang, Qian; Tang, Peng; Mo, Jiao; Li, Qiuyang; Huang, Jiahui; Han, Xiaoyu; Xu, Hao; Liu, Xi; Tang, Jie",10.1002/cnr2.70391,41386760,https://doi.org/10.1002/cnr2.70391,Included,,retrieved,reviews/AIBIO_GU/screening/full_text/REC-AIBIOGU-000036.pdf
REC-AIBIOGU-000037,Identification of Potential Biomarkers in Prostate Cancer Microarray Gene Expression Leveraging Explainable Machine Learning Classifiers.,2025,Cancers (Basel),"Marouf, Ahmed Al; Rokne, Jon George; Alhajj, Reda",10.3390/cancers17233853,41375053,https://doi.org/10.3390/cancers17233853,Included,,retrieved,reviews/AIBIO_GU/screening/full_text/REC-AIBIOGU-000037.pdf
REC-AIBIOGU-000038,Identification of programmed cell death associated key genes in benign prostatic hyperplasia and prostate cancer development by integrated bioinformatics analysis and machine learning.,2025,Transl Androl Urol,"Chen, Jie; Chen, Bo; Ning, Yin; Ran, Biao; Liu, Liangren; Cao, Dehong",10.21037/tau-2025-527,41368257,https://doi.org/10.21037/tau-2025-527,Included,,retrieved,reviews/AIBIO_GU/screening/full_text/REC-AIBIOGU-000038.pdf
REC-AIBIOGU-000039,Methylation-based signature to distinguish indolent and aggressive prostate cancer.,2025,Biol Open,"Liao, Muheng; Webster, Jace; Ly, Amy; Rozycki, Emily; Maher, Christopher A",10.1242/bio.062281,41363115,https://doi.org/10.1242/bio.062281,Included,,retrieved,reviews/AIBIO_GU/screening/full_text/REC-AIBIOGU-000039.pdf
REC-AIBIOGU-000041,Integrated Analysis of Single-Cell RNA Sequencing and Machine Learning Reveals a T Cell-Specific PANoptosis Signature Predicting Prognosis and Immunotherapy in Prostate Cancer.,2025,Hum Mutat,"Wang, Hua; Li, Wenjin; Deng, Weiming; Wu, Jianjie; Li, Ke; Huang, Xi",10.1155/humu/8889021,41281377,https://doi.org/10.1155/humu/8889021,Included,,retrieved,reviews/AIBIO_GU/screening/full_text/REC-AIBIOGU-000041.pdf
REC-AIBIOGU-000042,Quantification of intratumoral heterogeneity using habitat-based MRI radiomics for predicting high-Gleason scores and castration-resistant PCa: retrospective study.,2025,BMC Cancer,"Zhai, Cheng-Feng; Yang, Xin; Qi, Xuan; Yang, Hong-Kai; He, Yong-Sheng",10.1186/s12885-025-15300-8,41272572,https://doi.org/10.1186/s12885-025-15300-8,Included,,retrieved,reviews/AIBIO_GU/screening/full_text/REC-AIBIOGU-000042.pdf
REC-AIBIOGU-000043,Unveiling prognostic biomarkers and immunotherapeutic insights in prostate cancer through multi-omics and machine learning.,2025,Eur J Med Res,"Tang, Huarui; Zhang, Wenqiang; Tao, Jianping; Zhang, Yifei; Xing, Fawang; Wang, Yanping; Yan, Zechen; Gao, Yukui; Zhang, Zhenxing",10.1186/s40001-025-03363-z,41207909,https://doi.org/10.1186/s40001-025-03363-z,Included,,retrieved,reviews/AIBIO_GU/screening/full_text/REC-AIBIOGU-000043.pdf
REC-AIBIOGU-000044,PA2G4 in CAFs promotes biochemical recurrence of prostate cancer via H3K18la.,2025,Cell Biosci,"Ji, Shiyu; Xi, Zhen; Li, Tiewen; Jia, Gaozhen; Zhang, Yu; Zheng, Chenghao; Wang, Wenhao; Ni, Wanze; Zhang, Yichen; Zhou, Zeng; Wu, Wenbo; Jiang, Qi",10.1186/s13578-025-01485-9,41189032,https://doi.org/10.1186/s13578-025-01485-9,Included,,retrieved,reviews/AIBIO_GU/screening/full_text/REC-AIBIOGU-000044.pdf
REC-AIBIOGU-000047,Identification and validation of the PARP inhibitor-related gene KANK3 for predicting prognosis and immunotherapeutic response in prostate cancer.,2025,J Cancer,"Zhao, Yan; Wang, Qinghua; Qin, Xin; Jiang, Wei; Li, Haopeng; Xu, Mingming; Li, Xilei; Ye, Hanchu; Zhou, Juan; Chen, Xi; Wu, Gang",10.7150/jca.113546,41049009,https://doi.org/10.7150/jca.113546,Included,,retrieved,reviews/AIBIO_GU/screening/full_text/REC-AIBIOGU-000047.pdf
REC-AIBIOGU-000050,Development of a prostate cancer biochemical recurrence risk signature using machine learning and motor protein-related genes.,2025,PLoS One,"Wang, Weixing; Xie, Guohai; Wu, Zhonggao",10.1371/journal.pone.0332747,40956849,https://doi.org/10.1371/journal.pone.0332747,Included,,retrieved,reviews/AIBIO_GU/screening/full_text/REC-AIBIOGU-000050.pdf
REC-AIBIOGU-000051,Development of a prognostic risk model for predicting biochemical recurrence-free survival in patients with prostate cancer based on lysine acetylation.,2025,Transl Androl Urol,"Cao, Bin; Chen, Huijun; Zhang, Luting; Xiao, Fang; Liu, Qiaoting; Tang, Lizhen; You, Tao; Ouyang, Qiufang",10.21037/tau-2025-179,40949454,https://doi.org/10.21037/tau-2025-179,Included,,retrieved,reviews/AIBIO_GU/screening/full_text/REC-AIBIOGU-000051.pdf
REC-AIBIOGU-000053,Biparametric MRI-based radiomics for differentiating clinically significant prostate cancer among prostate-specific antigen level of gray zone.,2025,Front Oncol,"Ji, Yugang; Liu, Wei; Liu, Houdong; Wen, Jing",10.3389/fonc.2025.1615005,40936696,https://doi.org/10.3389/fonc.2025.1615005,Included,,retrieved,reviews/AIBIO_GU/screening/full_text/REC-AIBIOGU-000053.pdf
REC-AIBIOGU-000054,Tumor associated neutrophils promote prostate cancer progression by mediating neutrophil trap secretion through PSMA1- NF-κB-HIF-1α signaling axis.,2025,Front Immunol,"Dai, Qian; Wang, Hua; Li, Fang; Huang, Runchun; Jiang, Chenjun; Yuan, Liuya; Wang, Yayun; Li, Xun",10.3389/fimmu.2025.1467357,40901472,https://doi.org/10.3389/fimmu.2025.1467357,Included,,retrieved,reviews/AIBIO_GU/screening/full_text/REC-AIBIOGU-000054.pdf
REC-AIBIOGU-000055,Habitat analysis based on magnetic resonance imaging for the prediction of prostate cancer: a dual-center study.,2025,Quant Imaging Med Surg,"Gong, Zijian; Liu, Zhixuan; Huang, Kaiyao; Zou, Jie; Wu, Zijing; Peng, Yun; Ying, Hongxing; Gong, Lianggeng; Xiang, Xiaochang; Ye, Yinquan",10.21037/qims-2025-223,40893508,https://doi.org/10.21037/qims-2025-223,Included,,retrieved,reviews/AIBIO_GU/screening/full_text/REC-AIBIOGU-000055.pdf
REC-AIBIOGU-000056,Single-Cell and Bulk RNA Sequencing Highlights Intra-Tumoral Heterogeneity and Malignant Progression Mechanisms in Prostate Cancer.,2025,J Cell Mol Med,"Wu, Junchao; Chen, Ziqi; Wu, Wentian; Qin, Jiaxuan; Zhong, Rongfang; Meng, Jialin; Yin, Yu; Guo, Peng; Fan, Song",10.1111/jcmm.70806,40857024,https://doi.org/10.1111/jcmm.70806,Included,,retrieved,reviews/AIBIO_GU/screening/full_text/REC-AIBIOGU-000056.pdf
REC-AIBIOGU-000057,A Promising Prognostic Signature Consisting of Fatty Acid Metabolism Genes based on Machine Learning Predicts Biochemical Recurrence and Aids ARSI Therapy in Prostate Cancer.,2025,J Cancer,"Wu, Zhenjie; Deng, Yulin; Feng, Yuanfa; Tan, Zeheng; Cai, Shanghua; He, Huichan; Yin, Wenjun; Li, Jinchuang; Tian, Weicheng; Lu, Jianming; Xie, Wenjie; Lin, Jundong; Ye, Jianheng; Han, Zhaodong; Zhong, Weide",10.7150/jca.112597,40861808,https://doi.org/10.7150/jca.112597,Included,,retrieved,reviews/AIBIO_GU/screening/full_text/REC-AIBIOGU-000057.pdf
REC-AIBIOGU-000059,"Integrative analysis of lactylation related genes in prostate cancer: unveiling heterogeneity through single-cell RNA-seq, bulk RNA-seq and machine learning.",2025,Front Pharmacol,"Zhou, Chenghao; Ding, Lifeng; Wang, Huailan; Li, Gonghui; Gao, Lei",10.3389/fphar.2025.1634985,40832598,https://doi.org/10.3389/fphar.2025.1634985,Included,,retrieved,reviews/AIBIO_GU/screening/full_text/REC-AIBIOGU-000059.pdf
REC-AIBIOGU-000062,Comprehensive analysis of cholesterol metabolism-related genes in prostate cancer: integrated analysis of single-cell and bulk RNA sequencing.,2025,Discov Oncol,"Jiang, Zixiong; Luo, Yu; Song, Liangdong; Zhang, Jindong; Wei, Chengcheng; Su, Shuai; Wang, Delin",10.1007/s12672-025-03294-5,40736630,https://doi.org/10.1007/s12672-025-03294-5,Included,,retrieved,reviews/AIBIO_GU/screening/full_text/REC-AIBIOGU-000062.pdf
REC-AIBIOGU-000063,Assessment of prostate cancer aggressiveness through the combined analysis of prostate MRI and 2.5D deep learning models.,2025,Front Oncol,"Wang, Yalei; Xin, Yuqing; Zhang, Baoqi; Pan, Fuqiang; Li, Xu; Zhang, Manman; Yuan, Yushan; Zhang, Lei; Ma, Peiqi; Guan, Bo; Zhang, Yang",10.3389/fonc.2025.1539537,40661774,https://doi.org/10.3389/fonc.2025.1539537,Included,,retrieved,reviews/AIBIO_GU/screening/full_text/REC-AIBIOGU-000063.pdf
REC-AIBIOGU-000065,Intralesional and perilesional radiomics strategy based on different machine learning for the prediction of international society of urological pathology grade group in prostate cancer.,2025,BMC Med Imaging,"Li, Zhiping; Yang, Liqin; Wang, Ximing; Xu, Huijing; Chen, Wen; Kang, Shuchao; Huang, Yasheng; Shu, Chang; Cui, Feng; Zhang, Yongsheng",10.1186/s12880-025-01812-z,40615943,https://doi.org/10.1186/s12880-025-01812-z,Included,,retrieved,reviews/AIBIO_GU/screening/full_text/REC-AIBIOGU-000065.pdf
REC-AIBIOGU-000067,"Combining MRI radiomics, hypoxia gene signature score and clinical variables for prediction of biochemical recurrence-free survival after radiotherapy in prostate cancer.",2025,Radiol Med,"Zhong, Jim; Davey, Angela; Frood, Russell; McWilliam, Alan; Shortall, Jane; Reardon, Mark; Reaves, Kimberley; Swinton, Martin; Hulson, Oliver; West, Catharine; Buckley, David; Brown, Sarah; Choudhury, Ananya; Hoskin, Peter; Henry, Ann; Scarsbrook, Andrew",10.1007/s11547-025-02037-4,40601075,https://doi.org/10.1007/s11547-025-02037-4,Included,,retrieved,reviews/AIBIO_GU/screening/full_text/REC-AIBIOGU-000067.pdf
REC-AIBIOGU-000068,A nomogram based on radiomic features from peri-prostatic adipose tissue for predicting bone metastasis in first-time diagnosed prostate cancer patients.,2025,Adipocyte,"Liu, Bohao; Cai, Qian; Zhao, Xiao; Su, Huabin; Lin, Zhengxu; Wu, Jialin; Li, Xiaoyang; Zhu, Weian; Zou, Chen; Luo, Yun",10.1080/21623945.2025.2517583,40536175,https://doi.org/10.1080/21623945.2025.2517583,Included,,retrieved,reviews/AIBIO_GU/screening/full_text/REC-AIBIOGU-000068.pdf
REC-AIBIOGU-000069,Integrated machine learning based on cuproptosis and RNA methylation regulators to explore the molecular model of prostate cancer and provide novel insights to immunotherapy.,2025,J Cancer,"Wu, Junchao; Wu, Wentian; Qin, Jiaxuan; Chen, Ziqi; Zhong, Rongfang; Zhu, Xunkai; Meng, Jialin; Guo, Peng; Fan, Song",10.7150/jca.112843,40535819,https://doi.org/10.7150/jca.112843,Included,,retrieved,reviews/AIBIO_GU/screening/full_text/REC-AIBIOGU-000069.pdf
REC-AIBIOGU-000070,Precise prediction of bone metastases and metastatic burden using exosomal mirnas and radiomics: a multi-center study.,2025,J Transl Med,"Wang, Chao; Wei, Xu-Pan; Zhou, Chuan; Wang, Jia; Zhang, Yun-Feng; He, Han; Zhang, Wen-Bo; Lv, Hao-Xuan; Wang, Fang; Zhou, Feng-Hai",10.1186/s12967-025-06691-0,40528205,https://doi.org/10.1186/s12967-025-06691-0,Included,,retrieved,reviews/AIBIO_GU/screening/full_text/REC-AIBIOGU-000070.pdf
REC-AIBIOGU-000072,"DWI-based Biologically Interpretable Radiomic Nomogram for Predicting 1-year Biochemical Recurrence after Radical Prostatectomy: A Deep Learning, Multicenter Study.",2025,Curr Med Imaging,"Niu, Xiangke; Li, Yongjie; Wang, Lei; Xu, Guohui",10.2174/0115734056403104250527045320,40511648,https://doi.org/10.2174/0115734056403104250527045320,Included,,retrieved,reviews/AIBIO_GU/screening/full_text/REC-AIBIOGU-000072.pdf
REC-AIBIOGU-000073,Impact of ITH on PRAD patients and feasibility analysis of the positive correlation gene MYLK2 applied to PRAD treatment.,2025,Front Genet,"Ma, Chuanyu; Li, Guandu; Song, Xiaohan; Qi, Xiaochen; Jiang, Tao",10.3389/fgene.2025.1589259,40463716,https://doi.org/10.3389/fgene.2025.1589259,Included,,retrieved,reviews/AIBIO_GU/screening/full_text/REC-AIBIOGU-000073.pdf
REC-AIBIOGU-000074,Integrating multimodal data to predict the progression of hormone-sensitive prostate cancer.,2025,Clin Proteomics,"Lu, Xiangfu; Pan, Chenxi; Yao, Luhan; Wan, Jiayu; Xu, Xiaolong; Wang, Wei; Wang, Xiangying; Liu, Xiaoyun; Jin, Zhonghua; Wang, Hongyu; He, Yi; Yang, Bo",10.1186/s12014-025-09543-7,40442579,https://doi.org/10.1186/s12014-025-09543-7,Included,,retrieved,reviews/AIBIO_GU/screening/full_text/REC-AIBIOGU-000074.pdf
REC-AIBIOGU-000078,A retrospective study on predicting clinically significant prostate cancer via a bi-parametric ultrasound-based deep learning radiomics model.,2025,Front Oncol,"Liu, Xiang; Zhang, Zhong-Xin; Zheng, Bing; Xu, Min; Cao, Xin-Yu; Huang, Hai-Ming",10.3389/fonc.2025.1538854,40265019,https://doi.org/10.3389/fonc.2025.1538854,Included,,retrieved,reviews/AIBIO_GU/screening/full_text/REC-AIBIOGU-000078.pdf
REC-AIBIOGU-000079,AI-Driven Prediction of Cardio-Oncology Biomarkers Through Protein Corona Analysis.,2025,Chem Eng J,"Guha, Avirup; Sadeghi, Seyed Amirhossein; Kunhiraman, Harikrishnan Hyma; Fang, Fei; Wang, Qianyi; Rafieioskouei, Arshia; Grumelot, Shaun; Gharibi, Hassan; Saei, Amir Ata; Sayadi, Maryam; Weintraub, Neal L; Horibata, Sachi; Yang, Phillip Chung-Ming; Bonakdarpour, Borzoo; Ghassemi, Mohammad; Sun, Liangliang; Mahmoudi, Morteza",10.1016/j.cej.2025.161134,40190726,https://doi.org/10.1016/j.cej.2025.161134,Included,,retrieved,reviews/AIBIO_GU/screening/full_text/REC-AIBIOGU-000079.pdf
REC-AIBIOGU-000081,Establishing a Prognostic Model Correlates to Inflammatory Response Pathways for Prostate Cancer via Multiomic Analysis of Lactylation-Related Genes.,2025,Int J Genomics,"Du, Qinglong; Meng, CuiYu; Zhang, Wenchao; Huang, Li; Xue, Chunlei",10.1155/ijog/6681711,40161494,https://doi.org/10.1155/ijog/6681711,Included,,retrieved,reviews/AIBIO_GU/screening/full_text/REC-AIBIOGU-000081.pdf
REC-AIBIOGU-000082,Prediction of Prostate Cancer Grades Using Radiomic Features.,2025,Acta Med Okayama,"Yamamoto, Yasuhiro; Haraguchi, Takafumi; Matsuda, Kaori; Okazaki, Yoshio; Kimoto, Shin; Tanji, Nozomu; Matsumoto, Atsushi; Kobayashi, Yasuyuki; Mimura, Hidefumi; Hiraki, Takao",10.18926/amo/68355,40012156,https://doi.org/10.18926/amo/68355,Included,,retrieved,reviews/AIBIO_GU/screening/full_text/REC-AIBIOGU-000082.pdf
REC-AIBIOGU-000083,Machine learning-based identification of co-expressed genes in prostate cancer and CRPC and construction of prognostic models.,2025,Sci Rep,"Fan, Changhui; Huang, Zhiheng; Xu, Han; Zhang, Tianhe; Wei, Haiyang; Gao, Junfeng; Xu, Changbao; Fan, Changhui",10.1038/s41598-025-90444-y,39956870,https://doi.org/10.1038/s41598-025-90444-y,Included,,retrieved,reviews/AIBIO_GU/screening/full_text/REC-AIBIOGU-000083.pdf
REC-AIBIOGU-000084,Construction of regulatory T cells specific genes predictive models of prostate cancer patients based on machine learning: a computational analysis and in vitro experiments.,2025,Discov Oncol,"Zhou, Zhengrong; Liang, Chaozhao",10.1007/s12672-025-01862-3,39948230,https://doi.org/10.1007/s12672-025-01862-3,Included,,retrieved,reviews/AIBIO_GU/screening/full_text/REC-AIBIOGU-000084.pdf
REC-AIBIOGU-000086,Autophagy Associated Genes (ARGs) -Based Predictive Model AIDPS for Prostate Cancer.,2025,J Cell Mol Med,"Zhao, Zhiyi; Yang, Yongjin; Sun, Zhou; Fan, LianMing; Liu, Lingyun",10.1111/jcmm.70213,39789383,https://doi.org/10.1111/jcmm.70213,Included,,retrieved,reviews/AIBIO_GU/screening/full_text/REC-AIBIOGU-000086.pdf
REC-AIBIOGU-000087,Biparametric MRI-based radiomics for noninvastive discrimination of benign prostatic hyperplasia nodules (BPH) and prostate cancer nodules: a bio-centric retrospective cohort study.,2025,Sci Rep,"Lu, Yangbai; Yuan, Runqiang; Su, Yun; Liang, Zhiying; Huang, Hongxing; Leng, Qu; Yang, Ang; Xiao, Xuehong; Lai, Zhaoqi; Zhang, Yongxin",10.1038/s41598-024-84908-w,39753878,https://doi.org/10.1038/s41598-024-84908-w,Included,,retrieved,reviews/AIBIO_GU/screening/full_text/REC-AIBIOGU-000087.pdf
REC-AIBIOGU-000090,Development and Validation of an MRI-Based Radiomics Nomogram to Predict the Prognosis of De Novo Oligometastatic Prostate Cancer Patients.,2024,Cancer Med,"Liu, Wen-Qi; Xue, Yu-Ting; Huang, Xu-Yun; Lin, Bin; Li, Xiao-Dong; Ke, Zhi-Bin; Chen, Dong-Ning; Chen, Jia-Yin; Wei, Yong; Zheng, Qing-Shui; Xue, Xue-Yi; Xu, Ning",10.1002/cam4.70481,39704412,https://doi.org/10.1002/cam4.70481,Included,,retrieved,reviews/AIBIO_GU/screening/full_text/REC-AIBIOGU-000090.pdf
REC-AIBIOGU-000091,Periprostatic fat magnetic resonance imaging based radiomics nomogram for predicting biochemical recurrence-free survival in patients with non-metastatic prostate cancer after radical prostatectomy.,2024,BMC Cancer,"Wu, Xiao-Hui; Ke, Zhi-Bin; Chen, Ze-Jia; Liu, Wen-Qi; Xue, Yu-Ting; Chen, Shao-Hao; Chen, Dong-Ning; Zheng, Qing-Shui; Xue, Xue-Yi; Wei, Yong; Xu, Ning",10.1186/s12885-024-13207-4,39604917,https://doi.org/10.1186/s12885-024-13207-4,Included,,retrieved,reviews/AIBIO_GU/screening/full_text/REC-AIBIOGU-000091.pdf
REC-AIBIOGU-000092,Unmasking Neuroendocrine Prostate Cancer with a Machine Learning-Driven Seven-Gene Stemness Signature That Predicts Progression.,2024,Int J Mol Sci,"Sabater, Agustina; Sanchis, Pablo; Seniuk, Rocio; Pascual, Gaston; Anselmino, Nicolas; Alonso, Daniel F; Cayol, Federico; Vazquez, Elba; Marti, Marcelo; Cotignola, Javier; Toro, Ayelen; Labanca, Estefania; Bizzotto, Juan; Gueron, Geraldine",10.3390/ijms252111356,39518911,https://doi.org/10.3390/ijms252111356,Included,,retrieved,reviews/AIBIO_GU/screening/full_text/REC-AIBIOGU-000092.pdf
REC-AIBIOGU-000094,The role of NOP58 in prostate cancer progression through SUMOylation regulation and drug response.,2024,Front Pharmacol,"Guo, Wei; Zong, Shi; Liu, Tao; Chao, Yi; Wang, Kaichen",10.3389/fphar.2024.1476025,39494345,https://doi.org/10.3389/fphar.2024.1476025,Included,,retrieved,reviews/AIBIO_GU/screening/full_text/REC-AIBIOGU-000094.pdf
REC-AIBIOGU-000095,Disulfidptosis-related subtype and prognostic signature in prostate cancer.,2024,Biol Direct,"Kang, Zhen; Wan, Zheng-Hua; Gao, Rui-Cheng; Chen, Dong-Ning; Zheng, Qing-Shui; Xue, Xue-Yi; Xu, Ning; Wei, Yong",10.1186/s13062-024-00544-4,39444006,https://doi.org/10.1186/s13062-024-00544-4,Included,,retrieved,reviews/AIBIO_GU/screening/full_text/REC-AIBIOGU-000095.pdf
REC-AIBIOGU-000099,MulticentricGa-PSMA PET radiomics for treatment response assessment ofLu-PSMA-617 radioligand therapy in patients with metastatic castration-resistant prostate cancer.,2023,Front Nucl Med,"Gutsche, Robin; Gülmüs, Gizem; Mottaghy, Felix M; Gärtner, Florian; Essler, Markus; von Mallek, Dirk; Ahmadzadehfar, Hojjat; Lohmann, Philipp; Heinzel, Alexander",10.3389/fnume.2023.1234853,39355016,https://doi.org/10.3389/fnume.2023.1234853,Included,,retrieved,reviews/AIBIO_GU/screening/full_text/REC-AIBIOGU-000099.pdf
REC-AIBIOGU-000100,Machine learning-based cell death marker for predicting prognosis and identifying tumor immune microenvironment in prostate cancer.,2024,Heliyon,"Gao, Feng; Huang, Yasheng; Yang, Mei; He, Liping; Yu, Qiqi; Cai, Yueshu; Shen, Jie; Lu, Bingjun",10.1016/j.heliyon.2024.e37554,39309810,https://doi.org/10.1016/j.heliyon.2024.e37554,Included,,retrieved,reviews/AIBIO_GU/screening/full_text/REC-AIBIOGU-000100.pdf
REC-AIBIOGU-000103,Epigenetic profiling of prostate cancer reveals potential prognostic signatures.,2024,J Cancer Res Clin Oncol,"Bernatz, Simon; Reddin, Ian G; Fenton, Tim R; Vogl, Thomas J; Wild, Peter J; Köllermann, Jens; Mandel, Philipp; Wenzel, Mike; Hoeh, Benedikt; Mahmoudi, Scherwin; Koch, Vitali; Grünewald, Leon D; Hammerstingl, Renate; Döring, Claudia; Harter, Patrick N; Weber, Katharina J",10.1007/s00432-024-05921-0,39180680,https://doi.org/10.1007/s00432-024-05921-0,Included,,retrieved,reviews/AIBIO_GU/screening/full_text/REC-AIBIOGU-000103.pdf
REC-AIBIOGU-000107,Magnetic resonance imaging-based radiomics nomogram for the evaluation of therapeutic responses to neoadjuvant chemohormonal therapy in high-risk non-metastatic prostate cancer.,2024,Cancer Med,"Wu, Xiao-Hui; Ruan, Zhong-Tian; Ke, Zhi-Bin; Lin, Fei; Chen, Jia-Yin; Xue, Yu-Ting; Lin, Bin; Chen, Shao-Hao; Chen, Dong-Ning; Zheng, Qing-Shui; Xue, Xue-Yi; Wei, Yong; Xu, Ning",10.1002/cam4.70001,39031016,https://doi.org/10.1002/cam4.70001,Included,,retrieved,reviews/AIBIO_GU/screening/full_text/REC-AIBIOGU-000107.pdf
REC-AIBIOGU-000109,An 18-gene signature of recurrence-associated endothelial cells predicts tumor progression and castration resistance in prostate cancer.,2024,Br J Cancer,"Lin, Bing-Biao; Huang, Qingqing; Yan, Binyuan; Liu, Mingcheng; Zhang, Zhiqian; Lei, Hanqi; Huang, Ronghua; Dong, Jin-Tang; Pang, Jun",10.1038/s41416-024-02761-0,38997406,https://doi.org/10.1038/s41416-024-02761-0,Included,,retrieved,reviews/AIBIO_GU/screening/full_text/REC-AIBIOGU-000109.pdf
REC-AIBIOGU-000110,Prostate cancer risk assessment and avoidance of prostate biopsies using fully automatic deep learning in prostate MRI: comparison to PI-RADS and integration with clinical data in nomograms.,2024,Eur Radiol,"Schrader, Adrian; Netzer, Nils; Hielscher, Thomas; Görtz, Magdalena; Zhang, Kevin Sun; Schütz, Viktoria; Stenzinger, Albrecht; Hohenfellner, Markus; Schlemmer, Heinz-Peter; Bonekamp, David",10.1007/s00330-024-10818-0,38955845,https://doi.org/10.1007/s00330-024-10818-0,Included,,retrieved,reviews/AIBIO_GU/screening/full_text/REC-AIBIOGU-000110.pdf
REC-AIBIOGU-000111,Integrated machine learning algorithms reveal a bone metastasis-related signature of circulating tumor cells in prostate cancer.,2024,Sci Data,"Ren, Congzhe; Chen, Xiangyu; Hao, Xuexue; Wu, Changgui; Xie, Lijun; Liu, Xiaoqiang",10.1038/s41597-024-03551-2,38937469,https://doi.org/10.1038/s41597-024-03551-2,Included,,retrieved,reviews/AIBIO_GU/screening/full_text/REC-AIBIOGU-000111.pdf
REC-AIBIOGU-000112,"Identification of metastasis-related genes for predicting prostate cancer diagnosis, metastasis and immunotherapy drug candidates using machine learning approaches.",2024,Biol Direct,"Wang, YaXuan; Ji, Bo; Zhang, Lu; Wang, Jinfeng; He, JiaXin; Ding, BeiChen; Ren, MingHua",10.1186/s13062-024-00494-x,38918844,https://doi.org/10.1186/s13062-024-00494-x,Included,,retrieved,reviews/AIBIO_GU/screening/full_text/REC-AIBIOGU-000112.pdf
REC-AIBIOGU-000114,Mining bone metastasis related key genes of prostate cancer from the STING pathway based on machine learning.,2024,Front Med (Lausanne),"Li, Guiqiang; Zhao, Runhan; Xie, Zhou; Qu, Xiao; Duan, Yingtao; Zhu, Yafei; Liang, Hao; Tang, Dagang; Li, Zefang; He, Weiyang",10.3389/fmed.2024.1372495,38835789,https://doi.org/10.3389/fmed.2024.1372495,Included,,retrieved,reviews/AIBIO_GU/screening/full_text/REC-AIBIOGU-000114.pdf
REC-AIBIOGU-000117,An integrated radiology-pathology machine learning classifier for outcome prediction following radical prostatectomy: Preliminary findings.,2024,Heliyon,"Hiremath, Amogh; Corredor, Germán; Li, Lin; Leo, Patrick; Magi-Galluzzi, Cristina; Elliott, Robin; Purysko, Andrei; Shiradkar, Rakesh; Madabhushi, Anant",10.1016/j.heliyon.2024.e29602,38665576,https://doi.org/10.1016/j.heliyon.2024.e29602,Included,,retrieved,reviews/AIBIO_GU/screening/full_text/REC-AIBIOGU-000117.pdf
REC-AIBIOGU-000118,Constructing lactylation-related genes prognostic model to effectively predict the disease-free survival and treatment responsiveness in prostate cancer based on machine learning.,2024,Front Genet,"Pan, Jinyou; Zhang, Jianpeng; Lin, Jingwei; Cai, Yinxin; Zhao, Zhigang",10.3389/fgene.2024.1343140,38566813,https://doi.org/10.3389/fgene.2024.1343140,Included,,retrieved,reviews/AIBIO_GU/screening/full_text/REC-AIBIOGU-000118.pdf
REC-AIBIOGU-000119,Multimodal data integration for predicting progression risk in castration-resistant prostate cancer using deep learning: a multicenter retrospective study.,2024,Front Oncol,"Zhou, Chuan; Zhang, Yun-Feng; Guo, Sheng; Huang, Yu-Qian; Qiao, Xiao-Ni; Wang, Rong; Zhao, Lian-Ping; Chang, De-Hui; Zhao, Li-Ming; Da, Ming-Xu; Zhou, Feng-Hai",10.3389/fonc.2024.1287995,38549937,https://doi.org/10.3389/fonc.2024.1287995,Included,,retrieved,reviews/AIBIO_GU/screening/full_text/REC-AIBIOGU-000119.pdf
REC-AIBIOGU-000120,A radiomics model based on transrectal ultrasound for predicting prostate cancer.,2024,Med Ultrason,"Huang, Yanhua; Qian, Hongwei; Zheng, Yuanyuan; Song, Huiming; Liu, Xiatian",10.11152/mu-4329,38537183,https://doi.org/10.11152/mu-4329,Included,,retrieved,reviews/AIBIO_GU/screening/full_text/REC-AIBIOGU-000120.pdf
REC-AIBIOGU-000123,Identification macrophage signatures in prostate cancer by single-cell sequencing and machine learning.,2024,Cancer Immunol Immunother,"Kang, Zhen; Zhao, Yu-Xuan; Qiu, Ren Shun Qian; Chen, Dong-Ning; Zheng, Qing-Shui; Xue, Xue-Yi; Xu, Ning; Wei, Yong",10.1007/s00262-024-03633-5,38349474,https://doi.org/10.1007/s00262-024-03633-5,Included,,retrieved,reviews/AIBIO_GU/screening/full_text/REC-AIBIOGU-000123.pdf
REC-AIBIOGU-000124,Deep learning algorithm-based multimodal MRI radiomics and pathomics data improve prediction of bone metastases in primary prostate cancer.,2024,J Cancer Res Clin Oncol,"Zhang, Yun-Feng; Zhou, Chuan; Guo, Sheng; Wang, Chao; Yang, Jin; Yang, Zhi-Jun; Wang, Rong; Zhang, Xu; Zhou, Feng-Hai",10.1007/s00432-023-05574-5,38316655,https://doi.org/10.1007/s00432-023-05574-5,Included,,retrieved,reviews/AIBIO_GU/screening/full_text/REC-AIBIOGU-000124.pdf
REC-AIBIOGU-000125,A non-invasive 25-Gene PLNM-Score urine test for detection of prostate cancer pelvic lymph node metastasis.,2024,Prostate Cancer Prostatic Dis,"Guo, Jinan; Gu, Liangyou; Johnson, Heather; Gu, Di; Lu, Zhenquan; Luo, Binfeng; Yuan, Qian; Zhang, Xuhui; Xia, Taolin; Zeng, Qingsong; Wu, Alan H B; Johnson, Allan; Dizeyi, Nishtman; Abrahamsson, Per-Anders; Zhang, Heqiu; Chen, Lingwu; Xiao, Kefeng; Zou, Chang; Persson, Jenny L",10.1038/s41391-023-00758-z,38308042,https://doi.org/10.1038/s41391-023-00758-z,Included,,retrieved,reviews/AIBIO_GU/screening/full_text/REC-AIBIOGU-000125.pdf
REC-AIBIOGU-000126,Integrated analysis of single-cell and bulk transcriptomics develops a robust neuroendocrine cell-intrinsic signature to predict prostate cancer progression.,2024,Theranostics,"Zhang, Tingting; Zhao, Faming; Lin, Yahang; Liu, Mingsheng; Zhou, Hongqing; Cui, Fengzhen; Jin, Yang; Chen, Liang; Sheng, Xia",10.7150/thno.92336,38250042,https://doi.org/10.7150/thno.92336,Included,,retrieved,reviews/AIBIO_GU/screening/full_text/REC-AIBIOGU-000126.pdf
REC-AIBIOGU-000129,"A deep learning model, NAFNet, predicts adverse pathology and recurrence in prostate cancer using MRIs.",2023,NPJ Precis Oncol,"Gu, Wei-Jie; Liu, Zheng; Yang, Yun-Jie; Zhang, Xuan-Zhi; Chen, Liang-Yu; Wan, Fang-Ning; Liu, Xiao-Hang; Chen, Zhang-Zhe; Kong, Yun-Yi; Dai, Bo",10.1038/s41698-023-00481-x,38081998,https://doi.org/10.1038/s41698-023-00481-x,Included,,retrieved,reviews/AIBIO_GU/screening/full_text/REC-AIBIOGU-000129.pdf
REC-AIBIOGU-000130,A transfer learning nomogram for predicting prostate cancer and benign conditions on MRI.,2023,BMC Med Imaging,"Chen, Junhao; Feng, Bao; Hu, Maoqing; Huang, Feidong; Chen, Yehang; Ma, Xilun; Long, Wansheng",10.1186/s12880-023-01163-7,38036991,https://doi.org/10.1186/s12880-023-01163-7,Included,,retrieved,reviews/AIBIO_GU/screening/full_text/REC-AIBIOGU-000130.pdf
REC-AIBIOGU-000131,Development of a predictive model to distinguish prostate cancer from benign prostatic hyperplasia by integrating serum glycoproteomics and clinical variables.,2023,Clin Proteomics,"Gabriele, Caterina; Aracri, Federica; Prestagiacomo, Licia Elvira; Rota, Maria Antonietta; Alba, Stefano; Tradigo, Giuseppe; Guzzi, Pietro Hiram; Cuda, Giovanni; Damiano, Rocco; Veltri, Pierangelo; Gaspari, Marco",10.1186/s12014-023-09439-4,37990292,https://doi.org/10.1186/s12014-023-09439-4,Included,,retrieved,reviews/AIBIO_GU/screening/full_text/REC-AIBIOGU-000131.pdf
REC-AIBIOGU-000132,Integrated machine learning identifies epithelial cell marker genes for improving outcomes and immunotherapy in prostate cancer.,2023,J Transl Med,"Zhu, Weian; Zeng, Hengda; Huang, Jiongduan; Wu, Jianjie; Wang, Yu; Wang, Ziqiao; Wang, Hua; Luo, Yun; Lai, Wenjie",10.1186/s12967-023-04633-2,37925432,https://doi.org/10.1186/s12967-023-04633-2,Included,,retrieved,reviews/AIBIO_GU/screening/full_text/REC-AIBIOGU-000132.pdf
REC-AIBIOGU-000133,"Inflammation-related signature for prognostic prediction, tumor immune, genomic heterogeneity, and drug choices in prostate cancer: Integrated analysis of bulk and single-cell RNA-sequencing.",2023,Heliyon,"Zhu, Weian; Huang, Jiongduan; Wu, Jianjie; Wu, Chenglun; Ye, Fengxi; Li, Xiang; Lai, Wenjie",10.1016/j.heliyon.2023.e21174,37920511,https://doi.org/10.1016/j.heliyon.2023.e21174,Included,,retrieved,reviews/AIBIO_GU/screening/full_text/REC-AIBIOGU-000133.pdf
REC-AIBIOGU-000136,Value of a combined magnetic resonance imaging-based radiomics-clinical model for predicting extracapsular extension in prostate cancer: a preliminary study.,2023,Transl Cancer Res,"Yang, Liqin; Jin, Pengfei; Qian, Jing; Qiao, Xiaomeng; Bao, Jie; Wang, Ximing",10.21037/tcr-22-2750,37588741,https://doi.org/10.21037/tcr-22-2750,Included,,retrieved,reviews/AIBIO_GU/screening/full_text/REC-AIBIOGU-000136.pdf
REC-AIBIOGU-000139,Comparison of Magnetic Resonance Imaging-Based Radiomics Features with Nomogram for Prediction of Prostate Cancer Invasion.,2023,Int J Gen Med,"Liu, Yang",10.2147/ijgm.s419039,37485455,https://doi.org/10.2147/ijgm.s419039,Included,,retrieved,reviews/AIBIO_GU/screening/full_text/REC-AIBIOGU-000139.pdf
REC-AIBIOGU-000140,Multi-view radiomics and deep learning modeling for prostate cancer detection based on multi-parametric MRI.,2023,Front Oncol,"Li, Chunyu; Deng, Ming; Zhong, Xiaoli; Ren, Jinxia; Chen, Xiaohui; Chen, Jun; Xiao, Feng; Xu, Haibo",10.3389/fonc.2023.1198899,37448515,https://doi.org/10.3389/fonc.2023.1198899,Included,,retrieved,reviews/AIBIO_GU/screening/full_text/REC-AIBIOGU-000140.pdf
REC-AIBIOGU-000142,Deep learning-based radiomic nomograms for predicting Ki67 expression in prostate cancer.,2023,BMC Cancer,"Deng, Shuitang; Ding, Jingfeng; Wang, Hui; Mao, Guoqun; Sun, Jing; Hu, Jinwen; Zhu, Xiandi; Cheng, Yougen; Ni, Genghuan; Ao, Weiqun",10.1186/s12885-023-11130-8,37422624,https://doi.org/10.1186/s12885-023-11130-8,Included,,retrieved,reviews/AIBIO_GU/screening/full_text/REC-AIBIOGU-000142.pdf
REC-AIBIOGU-000143,Identifying Patients With Rapid Progression From Hormone-Sensitive to Castration-Resistant Prostate Cancer: A Retrospective Study.,2023,Mol Cell Proteomics,"Pan, Chenxi; He, Yi; Wang, He; Yu, Yang; Li, Lu; Huang, Lingling; Lyu, Mengge; Ge, Weigang; Yang, Bo; Sun, Yaoting; Guo, Tiannan; Liu, Zhiyu",10.1016/j.mcpro.2023.100613,37394064,https://doi.org/10.1016/j.mcpro.2023.100613,Included,,retrieved,reviews/AIBIO_GU/screening/full_text/REC-AIBIOGU-000143.pdf
REC-AIBIOGU-000144,"Crafting a Personalized Prognostic Model for Malignant Prostate Cancer Patients Using Risk Gene Signatures Discovered through TCGA-PRAD Mining, Machine Learning, and Single-Cell RNA-Sequencing.",2023,Diagnostics (Basel),"Lyu, Feng; Gao, Xianshu; Ma, Mingwei; Xie, Mu; Shang, Shiyu; Ren, Xueying; Liu, Mingzhu; Chen, Jiayan",10.3390/diagnostics13121997,37370891,https://doi.org/10.3390/diagnostics13121997,Included,,retrieved,reviews/AIBIO_GU/screening/full_text/REC-AIBIOGU-000144.pdf
REC-AIBIOGU-000146,Predicting Prostate Cancer Molecular Subtype With Deep Learning on Histopathologic Images.,2023,Mod Pathol,"Erak, Eric; Oliveira, Lia DePaula; Mendes, Adrianna A; Dairo, Oluwademilade; Ertunc, Onur; Kulac, Ibrahim; Baena-Del Valle, Javier A; Jones, Tracy; Hicks, Jessica L; Glavaris, Stephanie; Guner, Gunes; Vidal, Igor Damasceno; Markowski, Mark; de la Calle, Claire; Trock, Bruce J; Meena, Avaneesh; Joshi, Uttara; Kondragunta, Chaith; Bonthu, Saikiran; Singhal, Nitin; De Marzo, Angelo M; Lotan, Tamara L",10.1016/j.modpat.2023.100247,37307876,https://doi.org/10.1016/j.modpat.2023.100247,Included,,retrieved,reviews/AIBIO_GU/screening/full_text/REC-AIBIOGU-000146.pdf
REC-AIBIOGU-000151,Predicting Model of Biochemical Recurrence of Prostate Carcinoma (PCa-BCR) Using MR Perfusion-Weighted Imaging-Based Radiomics.,2023,Technol Cancer Res Treat,"An, Peng; Lin, Yong; Hu, Yan; Qin, Ping; Ye, YingJian; Gu, Weiping; Li, Xiumei; Song, Ping; Feng, Guoyan",10.1177/15330338231166766,37016971,https://doi.org/10.1177/15330338231166766,Included,,retrieved,reviews/AIBIO_GU/screening/full_text/REC-AIBIOGU-000151.pdf
REC-AIBIOGU-000152,Development of PSMA-PET-guided CT-based radiomic signature to predict biochemical recurrence after salvage radiotherapy.,2023,Eur J Nucl Med Mol Imaging,"Spohn, Simon K B; Schmidt-Hegemann, Nina-Sophie; Ruf, Juri; Mix, Michael; Benndorf, Matthias; Bamberg, Fabian; Makowski, Marcus R; Kirste, Simon; Rühle, Alexander; Nouvel, Jerome; Sprave, Tanja; Vogel, Marco M E; Galitsnaya, Polina; Gschwend, Jürgen E; Gratzke, Christian; Stief, Christian; Löck, Steffen; Zwanenburg, Alex; Trapp, Christian; Bernhardt, Denise; Nekolla, Stephan G; Li, Minglun; Belka, Claus; Combs, Stephanie E; Eiber, Matthias; Unterrainer, Lena; Unterrainer, Marcus; Bartenstein, Peter; Grosu, Anca-L; Zamboglou, Constantinos; Peeken, Jan C",10.1007/s00259-023-06195-3,36929180,https://doi.org/10.1007/s00259-023-06195-3,Included,,retrieved,reviews/AIBIO_GU/screening/full_text/REC-AIBIOGU-000152.pdf
REC-AIBIOGU-000155,Predicting Tumor Perineural Invasion Status in High-Grade Prostate Cancer Based on a Clinical-Radiomics Model Incorporating T2-Weighted and Diffusion-Weighted Magnetic Resonance Images.,2022,Cancers (Basel),"Zhang, Wei; Zhang, Weiting; Li, Xiang; Cao, Xiaoming; Yang, Guoqiang; Zhang, Hui",10.3390/cancers15010086,36612083,https://doi.org/10.3390/cancers15010086,Included,,retrieved,reviews/AIBIO_GU/screening/full_text/REC-AIBIOGU-000155.pdf
REC-AIBIOGU-000156,Biparametric MRI-based radiomics classifiers for the detection of prostate cancer in patients with PSA serum levels of 4∼10 ng/mL.,2022,Front Oncol,"Lu, Yangbai; Li, Binfei; Huang, Hongxing; Leng, Qu; Wang, Qiang; Zhong, Rui; Huang, Yaqiang; Li, Canyong; Yuan, Runqiang; Zhang, Yongxin",10.3389/fonc.2022.1020317,36582803,https://doi.org/10.3389/fonc.2022.1020317,Included,,retrieved,reviews/AIBIO_GU/screening/full_text/REC-AIBIOGU-000156.pdf
REC-AIBIOGU-000157,"Plasma cell subtypes analyzed using artificial intelligence algorithm for predicting biochemical recurrence, immune escape potential, and immunotherapy response of prostate cancer.",2022,Front Immunol,"Xie, Xiao; Dou, Chun-Xia; Luo, Ming-Rui; Zhang, Ke; Liu, Yang; Zhou, Jia-Wei; Huang, Zhi-Peng; Xue, Kang-Yi; Liang, Hao-Yu; Ouyang, Ao-Rong; Ma, Sheng-Xiao; Yang, Jian-Kun; Zhou, Qi-Zhao; Guo, Wen-Bing; Liu, Cun-Dong; Zhao, Shan-Chao; Chen, Ming-Kun",10.3389/fimmu.2022.946209,36569837,https://doi.org/10.3389/fimmu.2022.946209,Included,,retrieved,reviews/AIBIO_GU/screening/full_text/REC-AIBIOGU-000157.pdf
REC-AIBIOGU-000158,MRI-Based Radiomics Nomogram for Predicting Prostate Cancer with Gray-Zone Prostate-Specific Antigen Levels to Reduce Unnecessary Biopsies.,2022,Diagnostics (Basel),"Zhang, Li; Zhang, Jing; Tang, Min; Lei, Xiao-Yan; Li, Long-Chao",10.3390/diagnostics12123005,36553012,https://doi.org/10.3390/diagnostics12123005,Included,,retrieved,reviews/AIBIO_GU/screening/full_text/REC-AIBIOGU-000158.pdf
REC-AIBIOGU-000159,Evaluation of a radiomics nomogram derived from Fluoride-18 PSMA-1007 PET/CT for risk stratification in newly diagnosed prostate cancer.,2022,Front Oncol,"Wang, Zhuonan; Li, Yunxuan; Zheng, Anqi; Gao, Jungang; Yuan, Wang; Shen, Cong; Bai, Lu; Duan, Xiaoyi",10.3389/fonc.2022.1018833,36457489,https://doi.org/10.3389/fonc.2022.1018833,Included,,retrieved,reviews/AIBIO_GU/screening/full_text/REC-AIBIOGU-000159.pdf
REC-AIBIOGU-000161,Utility of diffusion weighted imaging-based radiomics nomogram to predict pelvic lymph nodes metastasis in prostate cancer.,2022,BMC Med Imaging,"Liu, Xiang; Tian, Jingyi; Wu, Jingyun; Zhang, Yaofeng; Wang, Xiangpeng; Zhang, Xiaodong; Wang, Xiaoying",10.1186/s12880-022-00905-3,36333664,https://doi.org/10.1186/s12880-022-00905-3,Included,,retrieved,reviews/AIBIO_GU/screening/full_text/REC-AIBIOGU-000161.pdf
REC-AIBIOGU-000162,Ultrasound-based radiomics score for pre-biopsy prediction of prostate cancer to reduce unnecessary biopsies.,2022,Prostate,"Ou, Wei; Lei, Jiahao; Li, Minghao; Zhang, Xinyao; Liang, Ruiming; Long, Lingli; Wang, Changxuan; Chen, Lingwu; Chen, Junxing; Zhang, Junlong; Wang, Zongren",10.1002/pros.24442,36207777,https://doi.org/10.1002/pros.24442,Included,,retrieved,reviews/AIBIO_GU/screening/full_text/REC-AIBIOGU-000162.pdf
REC-AIBIOGU-000163,MRI radiomics predicts progression-free survival in prostate cancer.,2022,Front Oncol,"Jia, Yushan; Quan, Shuai; Ren, Jialiang; Wu, Hui; Liu, Aishi; Gao, Yang; Hao, Fene; Yang, Zhenxing; Zhang, Tong; Hu, He",10.3389/fonc.2022.974257,36110963,https://doi.org/10.3389/fonc.2022.974257,Included,,retrieved,reviews/AIBIO_GU/screening/full_text/REC-AIBIOGU-000163.pdf
REC-AIBIOGU-000164,Prediction of pelvic lymph node metastasis in prostate cancer using radiomics based on T-weighted imaging.,2022,Zhong Nan Da Xue Xue Bao Yi Xue Ban,"Liu, Xiang; Zhang, Yaofeng; Sun, Zhaonan; Wang, Xiangpeng; Zhang, Xiaodong; Wang, Xiaoying",10.11817/j.issn.1672-7347.2022.210692,36097770,https://doi.org/10.11817/j.issn.1672-7347.2022.210692,Included,,retrieved,reviews/AIBIO_GU/screening/full_text/REC-AIBIOGU-000164.pdf
REC-AIBIOGU-000165,Epigenome-wide DNA methylation and transcriptome profiling of localized and locally advanced prostate cancer: Uncovering new molecular markers.,2022,Genomics,"Liu, Qian; Reed, Madison; Zhu, Haiying; Cheng, Yan; Almeida, Joana; Fruhbeck, Gema; Ribeiro, Ricardo; Hu, Pingzhao",10.1016/j.ygeno.2022.110474,36057424,https://doi.org/10.1016/j.ygeno.2022.110474,Included,,retrieved,reviews/AIBIO_GU/screening/full_text/REC-AIBIOGU-000165.pdf
REC-AIBIOGU-000166,Prediction of clinically significant prostate cancer with a multimodal MRI-based radiomics nomogram.,2022,Front Oncol,"Jing, Guodong; Xing, Pengyi; Li, Zhihui; Ma, Xiaolu; Lu, Haidi; Shao, Chengwei; Lu, Yong; Lu, Jianping; Shen, Fu",10.3389/fonc.2022.918830,35912175,https://doi.org/10.3389/fonc.2022.918830,Included,,retrieved,reviews/AIBIO_GU/screening/full_text/REC-AIBIOGU-000166.pdf
REC-AIBIOGU-000167,"Computational Recognition of a Regulatory T-cell-specific Signature With Potential Implications in Prognosis, Immunotherapy, and Therapeutic Resistance of Prostate Cancer.",2022,Front Immunol,"Ju, Mingyi; Fan, Jingyi; Zou, Yuanjiang; Yu, Mingjie; Jiang, Longyang; Wei, Qian; Bi, Jia; Hu, Baohui; Guan, Qiutong; Song, Xinyue; Dong, Mingyan; Wang, Lin; Yu, Lifeng; Wang, Yan; Kang, Hui; Xin, Wei; Zhao, Lin",10.3389/fimmu.2022.807840,35812443,https://doi.org/10.3389/fimmu.2022.807840,Included,,retrieved,reviews/AIBIO_GU/screening/full_text/REC-AIBIOGU-000167.pdf
REC-AIBIOGU-000168,A Novel Angiogenesis-Related Gene Signature to Predict Biochemical Recurrence of Patients with Prostate Cancer following Radical Therapy.,2022,J Oncol,"Fan, Bohan; Wang, Yicun; Zheng, Xin; Zhang, Xin; Zhang, Zijian; Hu, Xiaopeng",10.1155/2022/2448428,35799610,https://doi.org/10.1155/2022/2448428,Included,,retrieved,reviews/AIBIO_GU/screening/full_text/REC-AIBIOGU-000168.pdf
REC-AIBIOGU-000170,Contrast-Enhanced Ultrasound-Magnetic Resonance Imaging Radiomics Based Model for Predicting the Biochemical Recurrence of Prostate Cancer: A Feasibility Study.,2022,Comput Math Methods Med,"Wang, Yong; Feng, Guoyan; Wang, Jianru; An, Peng; Duan, Peng; Hu, Yan; Ye, Yingjian; Li, Yang; Qin, Ping; Song, Ping",10.1155/2022/8090529,35529273,https://doi.org/10.1155/2022/8090529,Included,,retrieved,reviews/AIBIO_GU/screening/full_text/REC-AIBIOGU-000170.pdf
REC-AIBIOGU-000172,Comprehensive assessment of cellular senescence in the tumor microenvironment.,2022,Brief Bioinform,"Wang, Xiaoman; Ma, Lifei; Pei, Xiaoya; Wang, Heping; Tang, Xiaoqiang; Pei, Jian-Fei; Ding, Yang-Nan; Qu, Siyao; Wei, Zi-Yu; Wang, Hui-Yu; Wang, Xiaoyue; Wei, Gong-Hong; Liu, De-Pei; Chen, Hou-Zao",10.1093/bib/bbac118,35419596,https://doi.org/10.1093/bib/bbac118,Included,,retrieved,reviews/AIBIO_GU/screening/full_text/REC-AIBIOGU-000172.pdf
REC-AIBIOGU-000173,Identification of a Steroid Hormone-Associated Gene Signature Predicting the Prognosis of Prostate Cancer through an Integrative Bioinformatics Analysis.,2022,Cancers (Basel),"Lai, Yo-Liang; Liu, Chia-Hsin; Wang, Shu-Chi; Huang, Shu-Pin; Cho, Yi-Chun; Bao, Bo-Ying; Su, Chia-Cheng; Yeh, Hsin-Chih; Lee, Cheng-Hsueh; Teng, Pai-Chi; Chuu, Chih-Pin; Chen, Deng-Neng; Li, Chia-Yang; Cheng, Wei-Chung",10.3390/cancers14061565,35326723,https://doi.org/10.3390/cancers14061565,Included,,retrieved,reviews/AIBIO_GU/screening/full_text/REC-AIBIOGU-000173.pdf
REC-AIBIOGU-000174,Utility of Clinical-Radiomic Model to Identify Clinically Significant Prostate Cancer in Biparametric MRI PI-RADS V2.1 Category 3 Lesions.,2022,Front Oncol,"Jin, Pengfei; Yang, Liqin; Qiao, Xiaomeng; Hu, Chunhong; Hu, Chenhan; Wang, Ximing; Bao, Jie",10.3389/fonc.2022.840786,35280813,https://doi.org/10.3389/fonc.2022.840786,Included,,retrieved,reviews/AIBIO_GU/screening/full_text/REC-AIBIOGU-000174.pdf
REC-AIBIOGU-000175,A Novel Artificial Intelligence-Powered Method for Prediction of Early Recurrence of Prostate Cancer After Prostatectomy and Cancer Drivers.,2022,JCO Clin Cancer Inform,"Huang, Wei; Randhawa, Ramandeep; Jain, Parag; Hubbard, Samuel; Eickhoff, Jens; Kummar, Shivaani; Wilding, George; Basu, Hirak; Roy, Rajat",10.1200/cci.21.00131,35192404,https://doi.org/10.1200/cci.21.00131,Included,,retrieved,reviews/AIBIO_GU/screening/full_text/REC-AIBIOGU-000175.pdf
REC-AIBIOGU-000176,Development and Validation of a Radiomics Nomogram for Predicting Clinically Significant Prostate Cancer in PI-RADS 3 Lesions.,2022,Front Oncol,"Li, Tianping; Sun, Linna; Li, Qinghe; Luo, Xunrong; Luo, Mingfang; Xie, Haizhu; Wang, Peiyuan",10.3389/fonc.2021.825429,35155214,https://doi.org/10.3389/fonc.2021.825429,Included,,retrieved,reviews/AIBIO_GU/screening/full_text/REC-AIBIOGU-000176.pdf
REC-AIBIOGU-000178,Deep Learning with Quantitative Features of Magnetic Resonance Images to Predict Biochemical Recurrence of Radical Prostatectomy: A Multi-Center Study.,2021,Cancers (Basel),"Yan, Ye; Shao, Lizhi; Liu, Zhenyu; He, Wei; Yang, Guanyu; Liu, Jiangang; Xia, Haizhui; Zhang, Yuting; Chen, Huiying; Liu, Cheng; Lu, Min; Ma, Lulin; Sun, Kai; Zhou, Xuezhi; Ye, Xiongjun; Wang, Lei; Tian, Jie; Lu, Jian",10.3390/cancers13123098,34205786,https://doi.org/10.3390/cancers13123098,Included,,retrieved,reviews/AIBIO_GU/screening/full_text/REC-AIBIOGU-000178.pdf
REC-AIBIOGU-000180,"An integrated nomogram combining deep learning, Prostate Imaging-Reporting and Data System (PI-RADS) scoring, and clinical variables for identification of clinically significant prostate cancer on biparametric MRI: a retrospective multicentre study.",2021,Lancet Digit Health,"Hiremath, Amogh; Shiradkar, Rakesh; Fu, Pingfu; Mahran, Amr; Rastinehad, Ardeshir R; Tewari, Ashutosh; Tirumani, Sree Harsha; Purysko, Andrei; Ponsky, Lee; Madabhushi, Anant",10.1016/s2589-7500(21)00082-0,34167765,https://doi.org/10.1016/s2589-7500(21)00082-0,Included,,retrieved,reviews/AIBIO_GU/screening/full_text/REC-AIBIOGU-000180.pdf
REC-AIBIOGU-000181,A Genomic-Clinicopathologic Nomogram for the Prediction of Lymph Node Invasion in Prostate Cancer.,2021,J Oncol,"Zheng, Zongtai; Mao, Shiyu; Gu, Zhuoran; Wang, Ruiliang; Guo, Yadong; Zhang, Wentao; Yao, Xudong",10.1155/2021/5554708,34122545,https://doi.org/10.1155/2021/5554708,Included,,retrieved,reviews/AIBIO_GU/screening/full_text/REC-AIBIOGU-000181.pdf
REC-AIBIOGU-000183,Advanced Imaging Analysis in Prostate MRI: Building a Radiomic Signature to Predict Tumor Aggressiveness.,2021,Diagnostics (Basel),"Damascelli, Anna; Gallivanone, Francesca; Cristel, Giulia; Cava, Claudia; Interlenghi, Matteo; Esposito, Antonio; Brembilla, Giorgio; Briganti, Alberto; Montorsi, Francesco; Castiglioni, Isabella; De Cobelli, Francesco",10.3390/diagnostics11040594,33810222,https://doi.org/10.3390/diagnostics11040594,Included,,retrieved,reviews/AIBIO_GU/screening/full_text/REC-AIBIOGU-000183.pdf
REC-AIBIOGU-000184,A Nomogram Based on a Multiparametric Ultrasound Radiomics Model for Discrimination Between Malignant and Benign Prostate Lesions.,2021,Front Oncol,"Liang, Lei; Zhi, Xin; Sun, Ya; Li, Huarong; Wang, Jiajun; Xu, Jingxu; Guo, Jun",10.3389/fonc.2021.610785,33738255,https://doi.org/10.3389/fonc.2021.610785,Included,,retrieved,reviews/AIBIO_GU/screening/full_text/REC-AIBIOGU-000184.pdf
REC-AIBIOGU-000186,Identification of a Transcriptomic Prognostic Signature by Machine Learning Using a Combination of Small Cohorts of Prostate Cancer.,2020,Front Genet,"Vittrant, Benjamin; Leclercq, Mickael; Martin-Magniette, Marie-Laure; Collins, Colin; Bergeron, Alain; Fradet, Yves; Droit, Arnaud",10.3389/fgene.2020.550894,33324443,https://doi.org/10.3389/fgene.2020.550894,Included,,retrieved,reviews/AIBIO_GU/screening/full_text/REC-AIBIOGU-000186.pdf
REC-AIBIOGU-000187,Immune-Related Gene-Based Novel Subtypes to Establish a Model Predicting the Risk of Prostate Cancer.,2020,Front Genet,"Zhang, Enchong; He, Jieqian; Zhang, Hui; Shan, Liping; Wu, Hongliang; Zhang, Mo; Song, Yongsheng",10.3389/fgene.2020.595657,33281882,https://doi.org/10.3389/fgene.2020.595657,Included,,retrieved,reviews/AIBIO_GU/screening/full_text/REC-AIBIOGU-000187.pdf
REC-AIBIOGU-000190,"Development of a Novel, Multi-Parametric, MRI-Based Radiomic Nomogram for Differentiating Between Clinically Significant and Insignificant Prostate Cancer.",2020,Front Oncol,"Zhang, Yongsheng; Chen, Wen; Yue, Xianjie; Shen, Jianliang; Gao, Chen; Pang, Peipei; Cui, Feng; Xu, Maosheng",10.3389/fonc.2020.00888,32695660,https://doi.org/10.3389/fonc.2020.00888,Included,,retrieved,reviews/AIBIO_GU/screening/full_text/REC-AIBIOGU-000190.pdf
REC-AIBIOGU-000191,Radiomics Based on Multiparametric Magnetic Resonance Imaging to Predict Extraprostatic Extension of Prostate Cancer.,2020,Front Oncol,"Xu, Lili; Zhang, Gumuyang; Zhao, Lun; Mao, Li; Li, Xiuli; Yan, Weigang; Xiao, Yu; Lei, Jing; Sun, Hao; Jin, Zhengyu",10.3389/fonc.2020.00940,32612953,https://doi.org/10.3389/fonc.2020.00940,Included,,retrieved,reviews/AIBIO_GU/screening/full_text/REC-AIBIOGU-000191.pdf
REC-AIBIOGU-000197,Multi-omics Biomarker Pipeline Reveals Elevated Levels of Protein-glutamine Gamma-glutamyltransferase 4 in Seminal Plasma of Prostate Cancer Patients.,2019,Mol Cell Proteomics,"Drabovich, Andrei P; Saraon, Punit; Drabovich, Mikalai; Karakosta, Theano D; Dimitromanolakis, Apostolos; Hyndman, M Eric; Jarvi, Keith; Diamandis, Eleftherios P",10.1074/mcp.ra119.001612,31249104,https://doi.org/10.1074/mcp.ra119.001612,Included,,retrieved,reviews/AIBIO_GU/screening/full_text/REC-AIBIOGU-000197.pdf
REC-AIBIOGU-000198,Temporal Stability and Prognostic Biomarker Potential of the Prostate Cancer Urine miRNA Transcriptome.,2020,J Natl Cancer Inst,"Jeon, Jouhyun; Olkhov-Mitsel, Ekaterina; Xie, Honglei; Yao, Cindy Q; Zhao, Fang; Jahangiri, Sahar; Cuizon, Carmelle; Scarcello, Seville; Jeyapala, Renu; Watson, John D; Fraser, Michael; Ray, Jessica; Commisso, Kristina; Loblaw, Andrew; Fleshner, Neil E; Bristow, Robert G; Downes, Michelle; Vesprini, Danny; Liu, Stanley; Bapat, Bharati; Boutros, Paul C",10.1093/jnci/djz112,31161221,https://doi.org/10.1093/jnci/djz112,Included,,retrieved,reviews/AIBIO_GU/screening/full_text/REC-AIBIOGU-000198.pdf
REC-AIBIOGU-000199,Tissue Phenomics for prognostic biomarker discovery in low- and intermediate-risk prostate cancer.,2018,Sci Rep,"Harder, Nathalie; Athelogou, Maria; Hessel, Harald; Brieu, Nicolas; Yigitsoy, Mehmet; Zimmermann, Johannes; Baatz, Martin; Buchner, Alexander; Stief, Christian G; Kirchner, Thomas; Binnig, Gerd; Schmidt, Günter; Huss, Ralf",10.1038/s41598-018-22564-7,29535336,https://doi.org/10.1038/s41598-018-22564-7,Included,,retrieved,reviews/AIBIO_GU/screening/full_text/REC-AIBIOGU-000199.pdf
REC-AIBIOGU-000200,Seminal plasma as a source of prostate cancer peptide biomarker candidates for detection of indolent and advanced disease.,2013,PLoS One,"Neuhaus, Jochen; Schiffer, Eric; von Wilcke, Philine; Bauer, Hartwig W; Leung, Hing; Siwy, Justyna; Ulrici, Wolfram; Paasch, Uwe; Horn, Lars-Christian; Stolzenburg, Jens-Uwe",10.1371/journal.pone.0067514,23826311,https://doi.org/10.1371/journal.pone.0067514,Included,,retrieved,reviews/AIBIO_GU/screening/full_text/REC-AIBIOGU-000200.pdf
REC-AIBIOGU-000201,Cancer genetics-guided discovery of serum biomarker signatures for diagnosis and prognosis of prostate cancer.,2011,Proc Natl Acad Sci U S A,"Cima, Igor; Schiess, Ralph; Wild, Peter; Kaelin, Martin; Schüffler, Peter; Lange, Vinzenz; Picotti, Paola; Ossola, Reto; Templeton, Arnoud; Schubert, Olga; Fuchs, Thomas; Leippold, Thomas; Wyler, Stephen; Zehetner, Jens; Jochum, Wolfram; Buhmann, Joachim; Cerny, Thomas; Moch, Holger; Gillessen, Silke; Aebersold, Ruedi; Krek, Wilhelm",10.1073/pnas.1013699108,21300890,https://doi.org/10.1073/pnas.1013699108,Included,,retrieved,reviews/AIBIO_GU/screening/full_text/REC-AIBIOGU-000201.pdf
REC-AIBIOGU-000203,Pentachlorophenol enhances bladder cancer cell invasion through altered protein stability.,2026,iScience,"Zhou, Ranran; Zhang, Wansong; Xia, Ming; Zhang, Ker; Luo, Wei; Zhu, Tianhang; Yang, Cheng; Liu, Cundong",10.1016/j.isci.2026.117357,42699065,https://doi.org/10.1016/j.isci.2026.117357,Included,,retrieved,reviews/AIBIO_GU/screening/full_text/REC-AIBIOGU-000203.pdf
REC-AIBIOGU-000206,Epigenomics-Guided Multi-Omics Integration Uncovers a Lipid-Metabolic Signature with Translational Utility in Bladder Cancer.,2026,Comput Struct Biotechnol J,"Wang, Yu-De; Lai, Yo-Liang; Liu, Chia-Hsin; Su, Yu-Ting; Shen, Pei-Chun; Chen, Fang-Hsin; Li, Chia-Yang; Wang, Shu-Chi; Ma, Wen-Lung; Huang, Chi-Ping; Cheng, Wei-Chung",10.34133/csbj.0139,42500328,https://doi.org/10.34133/csbj.0139,Included,,retrieved,reviews/AIBIO_GU/screening/full_text/REC-AIBIOGU-000206.pdf
REC-AIBIOGU-000207,Centrosome-related gene SPHK1 drives bladder cancer progression and therapeutic vulnerability.,2026,Transl Oncol,"Dong, Chengyuan; Fang, Zhou; Han, Yiling; Yin, Yuan; Cao, Yongbing; Lu, Qun",10.1016/j.tranon.2026.102926,42485786,https://doi.org/10.1016/j.tranon.2026.102926,Included,,retrieved,reviews/AIBIO_GU/screening/full_text/REC-AIBIOGU-000207.pdf
REC-AIBIOGU-000210,A machine learning-guided epithelial plasticity score refines prognostication and immune-context stratification in muscle-invasive bladder cancer.,2026,Discov Oncol,"Yu, Difei; Zhang, Yu; Tang, Jiarun; Qing, Jing; Hu, Ke; Zhang, Jiamo",10.1007/s12672-026-05555-3,42440183,https://doi.org/10.1007/s12672-026-05555-3,Included,,retrieved,reviews/AIBIO_GU/screening/full_text/REC-AIBIOGU-000210.pdf
REC-AIBIOGU-000212,Non-invasive evaluation of muscle invasion and survival prognosis in bladder cancer using enhanced CT-based deep learning radiomics: a multi-center real-world cohort study.,2026,Mil Med Res,"He, Yun-Bo; Hu, Jiao; Liu, Zhi; Xiao, Zi-Cheng; Liu, Jin-Hui; Liang, Hai-Su; Deng, Wen-Zhi; Li, Zhi-Wei; Zhang, Jun; Long, Jia-Quan; Gao, Ning; Huang, Bin; Guo, Xi; Ou, Zhen-Yu; Chen, Jin-Bo; Liu, Pei-Hua; Chen, Min-Feng; Li, Hui-Huang; Wang, Rui-Zhe; Guan, Xiao; Tong, Shi-Yu; Li, Yang-Le; He, Wei; Zhao, Yan-Hua; Cai, Zhi-Yong; Gan, Yu; Zhao, Cheng; Cui, Yu; Dai, Yuan-Qing; Cai, Yi; Nie, Zhen-Yu; Zhou, Wei-Min; Zhou, Bo-Han; Hu, Ming-Hui; Fan, Ben-Yi; Deng, Ding-Shan; Zu, Xiong-Bing",10.1016/j.mmr.2026.100001,42318044,https://doi.org/10.1016/j.mmr.2026.100001,Included,,retrieved,reviews/AIBIO_GU/screening/full_text/REC-AIBIOGU-000212.pdf
REC-AIBIOGU-000214,Radiogenomic analysis of muscle-invasive bladder cancer using CT-based texture analysis.,2026,Bladder Cancer,"Boyne, Aidan; Anderson, Redmond-Craig; Liu, Derek; Varghese, Bino; Lei, Xiaomeng; Hwang, Darryl; King, Kevin; Dani, Komal; Cen, Steven; Duddalwar, Vinay; Lerner, Seth P",10.1177/23523735261455396,42221944,https://doi.org/10.1177/23523735261455396,Included,,retrieved,reviews/AIBIO_GU/screening/full_text/REC-AIBIOGU-000214.pdf
REC-AIBIOGU-000216,Machine learning-based determination of sex-related bladder cancer biomarkers.,2026,Front Bioinform,"Pizzi, Joseph R; Adhikari, Image; Prakash, Prakyat; Shi, Hangchuan; Miyamoto, Hiroshi; Cui, Feng",10.3389/fbinf.2026.1794098,42137503,https://doi.org/10.3389/fbinf.2026.1794098,Included,,retrieved,reviews/AIBIO_GU/screening/full_text/REC-AIBIOGU-000216.pdf
REC-AIBIOGU-000217,Machine learning-based integration of systemic immune-inflammation and nutritional signatures for predicting disease-free survival in upper tract urothelial carcinoma: a multicenter study.,2026,Front Immunol,"Peng, Xiang; Xiao, Bangxin; Yuan, Zhanpeng; Xv, Yingjie; Xiao, Mingzhao; Shi, Wei",10.3389/fimmu.2026.1759547,42099622,https://doi.org/10.3389/fimmu.2026.1759547,Included,,retrieved,reviews/AIBIO_GU/screening/full_text/REC-AIBIOGU-000217.pdf
REC-AIBIOGU-000218,Ribosome biogenesis programs define a three-gene RBscore with prognostic relevance in bladder cancer.,2026,Front Immunol,"Luo, Guangyue; Wang, Weibo; Tai, Supeng; Yan, Lei; Luo, Hailang; Chang, Yifan; Yang, Lexing; Yan, Junyi; Zhou, Jun; Liang, Chaozhao",10.3389/fimmu.2026.1810132,42079644,https://doi.org/10.3389/fimmu.2026.1810132,Included,,retrieved,reviews/AIBIO_GU/screening/full_text/REC-AIBIOGU-000218.pdf
REC-AIBIOGU-000219,"Multidimensional transcriptomic analysis and in vitro experiments dissect the landscape of 2',2',4',4'-Tetrabromodiphenyl ether in bladder cancer progression.",2026,Chem Biol Interact,"Sun, Minghui; Hu, Dichao; Li, Tongjie; Chen, Zeping; Cong, Bo; Xi, Zhen; Wang, Yongchen; Guo, Rulin; Zhuo, Jian; Wu, Wenbo; Liu, Haitao",10.1016/j.cbi.2026.112079,42034337,https://doi.org/10.1016/j.cbi.2026.112079,Included,,retrieved,reviews/AIBIO_GU/screening/full_text/REC-AIBIOGU-000219.pdf
REC-AIBIOGU-000221,Comprehensive Analysis Based on the Cancer-Immunity Cycle Identifies a Novel Immunosuppressive Subtype of Bladder Cancer.,2026,Int J Genomics,"Deng, Zexun; Li, Yifan; Shen, Yuyong; Zhou, Ming",10.1155/ijog/9720283,41948103,https://doi.org/10.1155/ijog/9720283,Included,,retrieved,reviews/AIBIO_GU/screening/full_text/REC-AIBIOGU-000221.pdf
REC-AIBIOGU-000222,Multi-omics identification of a programmed cell death-related signature and potential target P4HB for bladder cancer based on a 101-combination machine learning and experimental validation.,2026,Clin Exp Med,"Cao, Yang; Li, Can; Hua, Yibo; Wu, Tingting; Shen, Qiuyu; Lin, Zeyu; Huang, Yuhua",10.1007/s10238-026-02146-y,41925913,https://doi.org/10.1007/s10238-026-02146-y,Included,,retrieved,reviews/AIBIO_GU/screening/full_text/REC-AIBIOGU-000222.pdf
REC-AIBIOGU-000223,Identification of a weighted urinary microbial signature for bladder cancer discrimination.,2026,Front Oncol,"Russo, Filippo; Tripodi, Lorella; Caldora, Filomena; Pandolfo, Savio Domenico; Aveta, Achille; Nardelli, Carmela; Imbimbo, Ciro; Perdonà, Sisto; Pastore, Lucio; Castaldo, Giuseppe",10.3389/fonc.2026.1784501,41907632,https://doi.org/10.3389/fonc.2026.1784501,Included,,retrieved,reviews/AIBIO_GU/screening/full_text/REC-AIBIOGU-000223.pdf
REC-AIBIOGU-000224,A machine learning-based epigenetic signature reveals YTHDC1 stabilizes POU5F1 to oppose tumor progression.,2026,J Transl Med,"Fang, Chen; Dai, Jun; Weng, Zhiwei; Zhang, Lianhua; Xing, Yutong; Liu, Diamond; Wu, Hui; Li, Xuanhao; Liu, Qiang; Su, Gangling",10.1186/s12967-026-08010-7,41862905,https://doi.org/10.1186/s12967-026-08010-7,Included,,retrieved,reviews/AIBIO_GU/screening/full_text/REC-AIBIOGU-000224.pdf
REC-AIBIOGU-000225,A systematic characterization of amino acid metabolism-related genes reveals molecular subtypes and a prognostic signature in bladder cancer.,2026,Front Oncol,"He, Junrui; Liu, Xu; Li, Shirui; Xia, Zhongyou; Tan, Xiaojun; Peng, Lijuan; Long, Qiongxian; Wu, Ji",10.3389/fonc.2026.1754912,41836241,https://doi.org/10.3389/fonc.2026.1754912,Included,,retrieved,reviews/AIBIO_GU/screening/full_text/REC-AIBIOGU-000225.pdf
REC-AIBIOGU-000226,Development and validation of a gemcitabine sensitivity-related long noncoding RNA signature for predicting the prognosis and subtypes of bladder cancer.,2026,Transl Androl Urol,"Liu, Jia; Tang, Xingxing; Cui, Yushuang; Yang, Xiao; Yang, Yong; Du, Peng",10.21037/tau-2025-1-970,41809777,https://doi.org/10.21037/tau-2025-1-970,Included,,retrieved,reviews/AIBIO_GU/screening/full_text/REC-AIBIOGU-000226.pdf
REC-AIBIOGU-000228,"Single-cell transcriptomic analysis and machine learning identify ATAD3A as a key gene that stabilizes mitochondrial-endoplasmic reticulum membranes, promoting bladder cancer progression.",2026,J Transl Med,"Zhang, Henghui; Han, Sisi; Su, Zhengming; Zheng, Zaosong; Ru, Dejun; Xu, Bihong; Jiang, Xianhan; Zhao, Fengjin",10.1186/s12967-026-07857-0,41715136,https://doi.org/10.1186/s12967-026-07857-0,Included,,retrieved,reviews/AIBIO_GU/screening/full_text/REC-AIBIOGU-000228.pdf
REC-AIBIOGU-000229,Transcriptome and single-cell RNA sequencing analysis with 101 machine learning combinations and experimental verification reveals the mechanism of action of mannose metabolism in bladder cancer.,2026,Front Immunol,"Li, Anhong; Zhao, Kaile; Wang, Tianjiao; Shi, Guangyue",10.3389/fimmu.2026.1710823,41685329,https://doi.org/10.3389/fimmu.2026.1710823,Included,,retrieved,reviews/AIBIO_GU/screening/full_text/REC-AIBIOGU-000229.pdf
REC-AIBIOGU-000230,Revealing the function and mechanism of piRNA-related genes in bladder cancer through single-cell sequencing and methylation analyses and construction of prognostic features based on consensus clustering.,2026,Curr Urol,"Sun, Xun; Jia, Dongdong; Song, Xiaoyun; Jiang, Ying; Wu, Fei; Ning, Hao; Lyu, Jiaju",10.1097/cu9.0000000000000306,41668898,https://doi.org/10.1097/cu9.0000000000000306,Included,,retrieved,reviews/AIBIO_GU/screening/full_text/REC-AIBIOGU-000230.pdf
REC-AIBIOGU-000232,A Deep Learning-Generated Mixed Tumor-Stroma Ratio for Prognostic Stratification and Multi-omics Profiling in Bladder Cancer.,2026,Research (Wash D C),"He, Yifeng; Xie, Jinbo; Zhong, Suquan; Zhan, Changxin; Dai, Fazhong; Lai, Hongshen; Wang, Mancun; He, Yanyan; Patel, Harsh; Chen, Zhe-Sheng; Zhong, Biling; Qiu, Xiaofu; Guo, Yadong; Zheng, Zongtai",10.34133/research.1053,41602481,https://doi.org/10.34133/research.1053,Included,,retrieved,reviews/AIBIO_GU/screening/full_text/REC-AIBIOGU-000232.pdf
REC-AIBIOGU-000235,Machine Learning Integration Framework Constructs a Lactylation-Associated Gene Signature to Improve Prognosis in Bladder Cancer.,2026,Cancer Med,"Wang, Jingsong; Lu, Qianxue; Jiao, Panpan; Jian, Jun; Zheng, Qingyuan; Chen, Zhiyuan; Liu, Xiuheng; Wan, Shanshan; Wang, Lei",10.1002/cam4.71477,41505248,https://doi.org/10.1002/cam4.71477,Included,,retrieved,reviews/AIBIO_GU/screening/full_text/REC-AIBIOGU-000235.pdf
REC-AIBIOGU-000237,"Integrated multi-omics analysis identifies DARS2, MRTO4, and MRPL37 as novel biomarkers and potential therapeutic targets for bladder cancer.",2025,Discov Oncol,"Xiao, Lei; Wang, Yuan; Xiong, Yujie; Zhuang, Zhijie; Hu, Cong; Xiao, Zhiliang",10.1007/s12672-025-04246-9,41364147,https://doi.org/10.1007/s12672-025-04246-9,Included,,retrieved,reviews/AIBIO_GU/screening/full_text/REC-AIBIOGU-000237.pdf
REC-AIBIOGU-000238,Gene signature for response prediction to immunotherapy and prognostic markers in metastatic urothelial carcinoma.,2025,Front Immunol,"Langfelder, Peter; Lin, En-Tni; Tsai, Yi-Ta; Cha, Tai-Lung; Shieh, Grace S",10.3389/fimmu.2025.1607222,41357226,https://doi.org/10.3389/fimmu.2025.1607222,Included,,retrieved,reviews/AIBIO_GU/screening/full_text/REC-AIBIOGU-000238.pdf
REC-AIBIOGU-000239,Bladder cancer diagnostic and prognostic models from DNA methylation by multi algorithm machine learning.,2025,NPJ Precis Oncol,"Shen, Junwen; Li, Zhaojun; Wang, Rongjiang; Ding, Guoqing; Zhang, Yuanjin",10.1038/s41698-025-01195-y,41298892,https://doi.org/10.1038/s41698-025-01195-y,Included,,retrieved,reviews/AIBIO_GU/screening/full_text/REC-AIBIOGU-000239.pdf
REC-AIBIOGU-000240,Integrative pan-cancer analysis of intratumoral microbial communities for biomarker discovery and diagnostic modeling.,2025,J Transl Med,"Quan, Liuliu; Rong, Huiteng; Yue, Jian; Xu, Jing; Zheng, Yujie; Yuan, Peng",10.1186/s12967-025-07355-9,41291716,https://doi.org/10.1186/s12967-025-07355-9,Included,,retrieved,reviews/AIBIO_GU/screening/full_text/REC-AIBIOGU-000240.pdf
REC-AIBIOGU-000242,Construction and mechanistic exploration of a ferroptosis related gene based prognostic model for cisplatin resistance in bladder cancer.,2025,Comput Methods Biomech Biomed Engin,"Shao, Yifeng; Yu, Qiying; Zhu, Jinfeng; Wang, Xiaolin",10.1080/10255842.2025.2585143,41216727,https://doi.org/10.1080/10255842.2025.2585143,Included,,retrieved,reviews/AIBIO_GU/screening/full_text/REC-AIBIOGU-000242.pdf
REC-AIBIOGU-000243,Constructing a bladder cancer prognostic model related to exosome using machine learning and identifying THBS1 as a potential target.,2025,Cancer Cell Int,"Shen, Huilong; Zheng, Fuchun; Tang, Xiao; Ma, Zifang; Tao, Xueting; Deng, Zhaojin; Yao, Zhijun",10.1186/s12935-025-04027-y,41204322,https://doi.org/10.1186/s12935-025-04027-y,Included,,retrieved,reviews/AIBIO_GU/screening/full_text/REC-AIBIOGU-000243.pdf
REC-AIBIOGU-000244,"Imidacloprid contributes to bladder cancer progression: preliminary evidence based on network toxicology, machine learning and molecular docking.",2025,BMC Pharmacol Toxicol,"Ming, Jie; Jin, Song; Liu, Zhanliang; Yang, Kun; Shi, Mingjun; Niu, Yinong",10.1186/s40360-025-01016-9,41168844,https://doi.org/10.1186/s40360-025-01016-9,Included,,retrieved,reviews/AIBIO_GU/screening/full_text/REC-AIBIOGU-000244.pdf
REC-AIBIOGU-000245,"Comprehensive analysis of coagulation-associated gene signature in bladder cancer diagnosis, prognosis, and immunotherapy.",2025,Sci Rep,"Yin, Guicao; Zheng, Shengqi; Wang, Jialong; Hua, Tianchi; Zhang, Wei; Pan, Xiang; Sha, Wei; Li, Yifan",10.1038/s41598-025-17567-0,41162406,https://doi.org/10.1038/s41598-025-17567-0,Included,,retrieved,reviews/AIBIO_GU/screening/full_text/REC-AIBIOGU-000245.pdf
REC-AIBIOGU-000247,Deep learning for prognostic stratification and biomarker exploration in upper tract urothelial carcinoma: a multicenter retrospective cohort study.,2025,Int J Surg,"Peng, Xiang; Tan, Hao; Xiao, Bangxin; Tan, Yiwen; Yue, Xiaofeng; Cao, Youde; Liang, Bing; Zhao, Wenlong; Liu, Yingjia; He, Quanhao; He, Weiyang; Xiao, Mingzhao",10.1097/js9.0000000000003581,41056040,https://doi.org/10.1097/js9.0000000000003581,Included,,retrieved,reviews/AIBIO_GU/screening/full_text/REC-AIBIOGU-000247.pdf
REC-AIBIOGU-000251,PAQR4: A Critical Senescence-Related Gene Influencing Immune Evasion and Metastasis in Bladder Urothelial Carcinoma.,2025,Hum Mutat,"Sun, Yizhang; Yi, Xincheng; Zhou, Chenchao; Huang, Yuhua",10.1155/humu/2227219,40978552,https://doi.org/10.1155/humu/2227219,Included,,retrieved,reviews/AIBIO_GU/screening/full_text/REC-AIBIOGU-000251.pdf
REC-AIBIOGU-000252,"FAM174B remodels the tumor microenvironment, inhibits the infiltration of macrophage, predicts the molecular subtype and therapeutic response of bladder cancer.",2025,Int J Med Sci,"Chen, Hualin; Ma, Lin; Ji, Zhigang; Dong, Jie",10.7150/ijms.110096,40959568,https://doi.org/10.7150/ijms.110096,Included,,retrieved,reviews/AIBIO_GU/screening/full_text/REC-AIBIOGU-000252.pdf
REC-AIBIOGU-000253,Development of a radiomics and clinical feature-based nomogram for preoperative prediction of pathological grade in bladder cancer.,2025,Front Oncol,"Zhou, Qi; Ma, Lu; Yu, Yanhang; Zhang, Chuanao; Ouyang, Jun; Mao, Caiping; Zhang, Zhiyu",10.3389/fonc.2025.1661979,40936708,https://doi.org/10.3389/fonc.2025.1661979,Included,,retrieved,reviews/AIBIO_GU/screening/full_text/REC-AIBIOGU-000253.pdf
REC-AIBIOGU-000254,Integrating Spatial Multi-Omics and Machine Learning to Unravel the Role of PANoptosis in Bladder Cancer Prognosis and Immunotherapy Response.,2025,Oncol Res,"Peng, Liangju; Cai, Tingting; Xu, Peihang; Chen, Cong; Xiang, Qingzhi; Zhu, Yiping; Ye, Dingwei; Shen, Yijun",10.32604/or.2025.064331,40918470,https://doi.org/10.32604/or.2025.064331,Included,,retrieved,reviews/AIBIO_GU/screening/full_text/REC-AIBIOGU-000254.pdf
REC-AIBIOGU-000262,Identification and single-cell analysis of prognostic genes related to mitochondrial and neutrophil extracellular traps in bladder cancer.,2025,Sci Rep,"Huang, Wenlin; Xu, Yong; Liu, JinGe; Cheng, Tianle; Tang, Cheng",10.1038/s41598-025-10413-3,40615671,https://doi.org/10.1038/s41598-025-10413-3,Included,,retrieved,reviews/AIBIO_GU/screening/full_text/REC-AIBIOGU-000262.pdf
REC-AIBIOGU-000263,Multi-machine learning model based on radiomics features to predict prognosis of muscle-invasive bladder cancer.,2025,BMC Cancer,"Wang, Bin; Gong, Zijian; Su, Peide; Zhen, Guanghao; Zeng, Tao; Ye, Yinquan",10.1186/s12885-025-14279-6,40597924,https://doi.org/10.1186/s12885-025-14279-6,Included,,retrieved,reviews/AIBIO_GU/screening/full_text/REC-AIBIOGU-000263.pdf
REC-AIBIOGU-000264,Machine Learning and Experimental Validation Reveal MYH11 as a Novel Prognostic Biomarker and Therapeutic Target in Bladder Cancer.,2025,J Inflamm Res,"Tan, Zhiyong; Chen, Xiaorong; Fu, Shi; Huang, Yinglong; Li, Haihao; Gong, Chen; Lv, Dihao; Yang, Chadanfeng; Wang, Jiansong; Ding, Mingxia; Wang, Haifeng",10.2147/jir.s519719,40589607,https://doi.org/10.2147/jir.s519719,Included,,retrieved,reviews/AIBIO_GU/screening/full_text/REC-AIBIOGU-000264.pdf
REC-AIBIOGU-000265,Comprehensive analysis of single-cell and bulk RNA sequencing data reveals an EGFR signature for predicting immunotherapy response and prognosis in pan-cancer.,2025,Front Immunol,"Ye, Changchun; Chen, Xiaoya; Chen, Zilu; Liu, Shiyuan; Kong, Ranran; Lin, Wenhao; Zhu, Minxia; Sun, Xuejun; Xu, Zhengshui",10.3389/fimmu.2025.1604394,40574864,https://doi.org/10.3389/fimmu.2025.1604394,Included,,retrieved,reviews/AIBIO_GU/screening/full_text/REC-AIBIOGU-000265.pdf
REC-AIBIOGU-000266,Integrated Multiomics Analysis and Machine Learning Approaches in Bladder Cancer: Unveiling the Impact of Immunogenic Cell Death and Its Key Gene SLC2A3 on Prognosis and Personalized Treatment Strategies.,2025,ACS Omega,"Sun, Mouyuan; Zhang, Quanjie; He, Zhixu; Luo, Yaxian; Tu, Yan; Peng, Lianjie; Mao, Huchao; Zhang, Jingyu; Qiu, Tao; Zhang, Yan",10.1021/acsomega.5c01496,40547707,https://doi.org/10.1021/acsomega.5c01496,Included,,retrieved,reviews/AIBIO_GU/screening/full_text/REC-AIBIOGU-000266.pdf
REC-AIBIOGU-000269,Disulfide bond-related gene signature development for bladder cancer prognosis prediction and immune microenvironment characterization.,2025,Sci Rep,"Huang, Hua; Shao, Haiyan; Wang, Yifan; Ge, Lili",10.1038/s41598-025-03974-w,40442298,https://doi.org/10.1038/s41598-025-03974-w,Included,,retrieved,reviews/AIBIO_GU/screening/full_text/REC-AIBIOGU-000269.pdf
REC-AIBIOGU-000270,Integration of Single-Cell and Bulk Transcriptome to Reveal an Endothelial Transition Signature Predicting Bladder Cancer Prognosis.,2025,Biology (Basel),"Yang, Jinyu; Wu, Wangxi; Tang, Xiaoli",10.3390/biology14050486,40427675,https://doi.org/10.3390/biology14050486,Included,,retrieved,reviews/AIBIO_GU/screening/full_text/REC-AIBIOGU-000270.pdf
REC-AIBIOGU-000271,Identification of a panel of volatile organic compounds in urine for early detection of for bladder cancer.,2025,Sci Rep,"Mao, Mai; Zhang, Yanli; Liu, Haibo; Jiang, Xiumei; Zhao, Yuxiao; Liu, Qi; Niu, Zhongfang; Zhang, Xin",10.1038/s41598-025-01324-4,40389471,https://doi.org/10.1038/s41598-025-01324-4,Included,,retrieved,reviews/AIBIO_GU/screening/full_text/REC-AIBIOGU-000271.pdf
REC-AIBIOGU-000272,Identification and validation of a 9-RBPs-related gene signature associated with prognosis and immune infiltration in bladder cancer based on bioinformatics analysis and machine learning.,2025,Transl Androl Urol,"Chen, Yan; Yan, Zhijie; Li, Lusi; Liang, Yixing; Wei, Xueyan; Zhao, Yinian; Cao, Ying; Zhang, Huaxiu; Tang, Liping",10.21037/tau-2024-688,40376515,https://doi.org/10.21037/tau-2024-688,Included,,retrieved,reviews/AIBIO_GU/screening/full_text/REC-AIBIOGU-000272.pdf
REC-AIBIOGU-000273,"Advancing personalized, predictive, and preventive medicine in bladder cancer: a multi-omics and machine learning approach for novel prognostic modeling, immune profiling, and therapeutic target discovery.",2025,Front Immunol,"Yan, Han; Ji, Xinyu; Li, Bohan",10.3389/fimmu.2025.1572034,40330458,https://doi.org/10.3389/fimmu.2025.1572034,Included,,retrieved,reviews/AIBIO_GU/screening/full_text/REC-AIBIOGU-000273.pdf
REC-AIBIOGU-000275,Machine learning developed immune-related exosome signature for prognosis and immunotherapy benefit in bladder cancer.,2025,Discov Oncol,"Luo, Xiaoting; Luo, Yi",10.1007/s12672-025-02354-0,40249571,https://doi.org/10.1007/s12672-025-02354-0,Included,,retrieved,reviews/AIBIO_GU/screening/full_text/REC-AIBIOGU-000275.pdf
REC-AIBIOGU-000276,A machine learning-based prognostic signature utilizing MSC proteomics for predicting bladder cancer prognosis and treatment response.,2025,Transl Oncol,"Zhang, Xinyu; Li, Pan; Ji, Luhua; Zhang, Yuanfeng; Zhang, Ze; Guo, Yufeng; Zhang, Luyang; Jing, Suoshi; Dong, Zhilong; Tian, Junqiang; Yang, Li; Ding, Hui; Yang, Enguang; Wang, Zhiping",10.1016/j.tranon.2025.102349,40073802,https://doi.org/10.1016/j.tranon.2025.102349,Included,,retrieved,reviews/AIBIO_GU/screening/full_text/REC-AIBIOGU-000276.pdf
REC-AIBIOGU-000277,A CT-based interpretable deep learning signature for predicting PD-L1 expression in bladder cancer: a two-center study.,2025,Cancer Imaging,"Han, Xiaomeng; Guan, Jing; Guo, Li; Jiao, Qiyan; Wang, Kexin; Hou, Feng; Liu, Shunli; Yang, Shifeng; Huang, Chencui; Cong, Wenbin; Wang, Hexiang",10.1186/s40644-025-00849-1,40065444,https://doi.org/10.1186/s40644-025-00849-1,Included,,retrieved,reviews/AIBIO_GU/screening/full_text/REC-AIBIOGU-000277.pdf
REC-AIBIOGU-000278,Integrative multi-omics and machine learning identify a robust signature for discriminating prognosis and therapeutic targets in bladder cancer.,2025,J Cancer,"Tan, Zhiyong; Chen, Xiaorong; Huang, Yinglong; Fu, Shi; Li, Haihao; Gong, Chen; Lv, Dihao; Yang, Chadanfeng; Wang, Jiansong; Ding, Mingxia; Wang, Haifeng",10.7150/jca.105066,39991573,https://doi.org/10.7150/jca.105066,Included,,retrieved,reviews/AIBIO_GU/screening/full_text/REC-AIBIOGU-000278.pdf
REC-AIBIOGU-000280,Spatially-resolved analyses of muscle invasive bladder cancer microenvironment unveil a distinct fibroblast cluster associated with prognosis.,2024,Front Immunol,"Feng, Chao; Wang, Yaobang; Song, Wuyue; Liu, Tao; Mo, Han; Liu, Hui; Wu, Shulin; Qin, Zezu; Wang, Zhenxing; Tao, Yuting; He, Liangyu; Tang, Shaomei; Xie, Yuanliang; Wang, Qiuyan; Li, Tianyu",10.3389/fimmu.2024.1522582,39759522,https://doi.org/10.3389/fimmu.2024.1522582,Included,,retrieved,reviews/AIBIO_GU/screening/full_text/REC-AIBIOGU-000280.pdf
REC-AIBIOGU-000281,Identification and validation of the nicotine metabolism-related signature of bladder cancer by bioinformatics and machine learning.,2024,Front Immunol,"Zhan, Yating; Weng, Min; Guo, Yangyang; Lv, Dingfeng; Zhao, Feng; Yan, Zejun; Jiang, Junhui; Xiao, Yanyi; Yao, Lili",10.3389/fimmu.2024.1465638,39742262,https://doi.org/10.3389/fimmu.2024.1465638,Included,,retrieved,reviews/AIBIO_GU/screening/full_text/REC-AIBIOGU-000281.pdf
REC-AIBIOGU-000283,Development and validation of a radiomics-based nomogram for predicting pathological grade of upper urinary tract urothelial carcinoma.,2024,BMC Cancer,"Zheng, Yanghuang; Shi, Hongjin; Fu, Shi; Wang, Haifeng; Li, Xin; Li, Zhi; Hai, Bing; Zhang, Jinsong",10.1186/s12885-024-13325-z,39696125,https://doi.org/10.1186/s12885-024-13325-z,Included,,retrieved,reviews/AIBIO_GU/screening/full_text/REC-AIBIOGU-000283.pdf
REC-AIBIOGU-000284,Comprehensive analysis of single-cell and bulk RNA sequencing reveals postoperative progression markers for non-muscle invasive bladder cancer and predicts responses to immunotherapy.,2024,Discov Oncol,"Xiao, Zhiliang; Liu, Xin; Wang, Yuan; Jiang, Sicong; Feng, Yan",10.1007/s12672-024-01548-2,39532830,https://doi.org/10.1007/s12672-024-01548-2,Included,,retrieved,reviews/AIBIO_GU/screening/full_text/REC-AIBIOGU-000284.pdf
REC-AIBIOGU-000285,A basement membrane-related signature for prognosis and immunotherapy benefit in bladder cancer based on machine learning.,2024,Discov Oncol,"Zhang, Yunuo; Wu, Jingna; Liang, Xinhong",10.1007/s12672-024-01381-7,39382729,https://doi.org/10.1007/s12672-024-01381-7,Included,,retrieved,reviews/AIBIO_GU/screening/full_text/REC-AIBIOGU-000285.pdf
REC-AIBIOGU-000286,Leveraging programmed cell death signature to predict clinical outcome and immunotherapy benefits in postoperative bladder cancer.,2024,Sci Rep,"Wang, Yifan; Zhang, Qi",10.1038/s41598-024-73571-w,39363008,https://doi.org/10.1038/s41598-024-73571-w,Included,,retrieved,reviews/AIBIO_GU/screening/full_text/REC-AIBIOGU-000286.pdf
REC-AIBIOGU-000287,A platelet-related signature for predicting the prognosis and immunotherapy benefit in bladder cancer based on machine learning combinations.,2024,Transl Androl Urol,"Chen, Cheng; Zhang, Jun; Liu, Xiaoshuang; Zhuang, Qianfeng; Lu, Hao; Hou, Jianquan",10.21037/tau-24-80,39280688,https://doi.org/10.21037/tau-24-80,Included,,retrieved,reviews/AIBIO_GU/screening/full_text/REC-AIBIOGU-000287.pdf
REC-AIBIOGU-000290,Characterization of the stem cell landscape and identification of a stemness-associated prognostic signature in bladder cancer.,2024,Cancer Cell Int,"Lin, Gaoteng; Lin, Jiamei; Wang, Hao; Wang, Liucheng; Zhan, Fangfang; Wu, Liqian; Xue, Liang; Dong, Yang; Wei, Wanqing; Liu, Lin",10.1186/s12935-024-03465-4,39182054,https://doi.org/10.1186/s12935-024-03465-4,Included,,retrieved,reviews/AIBIO_GU/screening/full_text/REC-AIBIOGU-000290.pdf
REC-AIBIOGU-000291,Multi-DECT Image-based Intratumoral and Peritumoral Radiomics for Preoperative Prediction of Muscle Invasion in Bladder Cancer.,2024,Acad Radiol,"Hu, Mengting; Zhang, Jingyi; Cheng, Qiye; Wei, Wei; Liu, Yijun; Li, Jianying; Liu, Lei",10.1016/j.acra.2024.08.010,39168722,https://doi.org/10.1016/j.acra.2024.08.010,Included,,retrieved,reviews/AIBIO_GU/screening/full_text/REC-AIBIOGU-000291.pdf
REC-AIBIOGU-000292,Development of prognostic model incorporating a ferroptosis/cuproptosis-related signature and mutational landscape analysis in muscle-invasive bladder cancer.,2024,BMC Cancer,"Hao, Sida; Yang, Zitong; Wang, Gang; Cai, Guofeng; Qin, Yong",10.1186/s12885-024-12741-5,39107713,https://doi.org/10.1186/s12885-024-12741-5,Included,,retrieved,reviews/AIBIO_GU/screening/full_text/REC-AIBIOGU-000292.pdf
REC-AIBIOGU-000293,Machine learning developed an intratumor heterogeneity signature for predicting clinical outcome and immunotherapy benefit in bladder cancer.,2024,Transl Androl Urol,"Chen, Cheng; Zhang, Jun; Liu, Xiaoshuang; Zhuang, Qianfeng; Lu, Hao; Hou, Jianquan",10.21037/tau-24-5,39100839,https://doi.org/10.21037/tau-24-5,Included,,retrieved,reviews/AIBIO_GU/screening/full_text/REC-AIBIOGU-000293.pdf
REC-AIBIOGU-000294,Exploring prognostic DNA methylation genes in bladder cancer: a comprehensive analysis.,2024,Discov Oncol,"Zhang, Jianzhong; Chen, Junyan; Xu, Manrou; Zhu, Tong",10.1007/s12672-024-01206-7,39095590,https://doi.org/10.1007/s12672-024-01206-7,Included,,retrieved,reviews/AIBIO_GU/screening/full_text/REC-AIBIOGU-000294.pdf
REC-AIBIOGU-000296,Compressed sensing 3D T2WI radiomics model: improving diagnostic performance in muscle invasion of bladder cancer.,2024,BMC Med Imaging,"Li, Shuo; Fan, Zhichang; Guo, Junting; Li, Ding; Chen, Zeke; Zhang, Xiaoyue; Wang, Yongfang; Li, Yan; Yang, Guoqiang; Wang, Xiaochun",10.1186/s12880-024-01318-0,38886638,https://doi.org/10.1186/s12880-024-01318-0,Included,,retrieved,reviews/AIBIO_GU/screening/full_text/REC-AIBIOGU-000296.pdf
REC-AIBIOGU-000297,"Single-cell and bulk RNA-sequence identiﬁed ﬁbroblasts signature and CD8 + T-cell - ﬁbroblast subtype predicting prognosis and immune therapeutic response of bladder cancer, based on machine learning: bioinformatics multi-omics study.",2024,Int J Surg,"Li, Jingxian; Kong, Zheng; Qi, Yuanjiong; Wang, Wei; Su, Qiang; Huang, Wei; Zhang, Zhihong; Li, Shuai; Du, E",10.1097/js9.0000000000001516,38759695,https://doi.org/10.1097/js9.0000000000001516,Included,,retrieved,reviews/AIBIO_GU/screening/full_text/REC-AIBIOGU-000297.pdf
REC-AIBIOGU-000298,"Analysis of Bladder Cancer Staging Prediction Using Deep Residual Neural Network, Radiomics, and RNA-Seq from High-Definition CT Images.",2024,Genet Res (Camb),"Zhou, Yao; Zheng, Xingju; Sun, Zhucheng; Wang, Bo",10.1155/2024/4285171,38715622,https://doi.org/10.1155/2024/4285171,Included,,retrieved,reviews/AIBIO_GU/screening/full_text/REC-AIBIOGU-000298.pdf
REC-AIBIOGU-000299,Predicting preoperative muscle invasion status for bladder cancer using computed tomography-based radiomics nomogram.,2024,BMC Med Imaging,"Zhang, Rui; Jia, Shijun; Zhai, Linhan; Wu, Feng; Zhang, Shuang; Li, Feng",10.1186/s12880-024-01276-7,38678222,https://doi.org/10.1186/s12880-024-01276-7,Included,,retrieved,reviews/AIBIO_GU/screening/full_text/REC-AIBIOGU-000299.pdf
REC-AIBIOGU-000302,A Multi-Gene Signature of Non-Muscle-Invasive Bladder Cancer Identifies Patients Who Respond to Immunotherapies Including Bacillus Calmette-Guérin and Immune Checkpoint Inhibitors.,2024,Int J Mol Sci,"Baek, Seung-Woo; Leem, Sun-Hee",10.3390/ijms25073800,38612609,https://doi.org/10.3390/ijms25073800,Included,,retrieved,reviews/AIBIO_GU/screening/full_text/REC-AIBIOGU-000302.pdf
REC-AIBIOGU-000303,Deciphering the prognostic features of bladder cancer through gemcitabine resistance and immune-related gene analysis and identifying potential small molecular drug PIK-75.,2024,Cancer Cell Int,"Cai, Tingting; Feng, Tao; Li, Guangren; Wang, Jin; Jin, Shengming; Ye, Dingwei; Zhu, Yiping",10.1186/s12935-024-03258-9,38570787,https://doi.org/10.1186/s12935-024-03258-9,Included,,retrieved,reviews/AIBIO_GU/screening/full_text/REC-AIBIOGU-000303.pdf
REC-AIBIOGU-000304,Prediction of histopathologic grades of bladder cancer with radiomics based on MRI: Comparison with traditional MRI.,2024,Urol Oncol,"Li, Longchao; Zhang, Jing; Zhe, Xia; Tang, Min; Zhang, Li; Lei, Xiaoyan; Zhang, Xiaoling",10.1016/j.urolonc.2024.02.008,38556403,https://doi.org/10.1016/j.urolonc.2024.02.008,Included,,retrieved,reviews/AIBIO_GU/screening/full_text/REC-AIBIOGU-000304.pdf
REC-AIBIOGU-000305,Enhancing recurrence risk prediction for bladder cancer using multi-sequence MRI radiomics.,2024,Insights Imaging,"Yang, Guoqiang; Bai, Jingjing; Hao, Min; Zhang, Lu; Fan, Zhichang; Wang, Xiaochun",10.1186/s13244-024-01662-3,38526620,https://doi.org/10.1186/s13244-024-01662-3,Included,,retrieved,reviews/AIBIO_GU/screening/full_text/REC-AIBIOGU-000305.pdf
REC-AIBIOGU-000306,Prediction of Ki-67 expression in bladder cancer based on CT radiomics nomogram.,2024,Front Oncol,"Feng, Shengxing; Zhou, Dongsheng; Li, Yueming; Yuan, Runqiang; Kong, Jie; Jiang, Feng; Chen, Weitian; Zhang, Lijie; Gong, Mancheng",10.3389/fonc.2024.1276526,38482209,https://doi.org/10.3389/fonc.2024.1276526,Included,,retrieved,reviews/AIBIO_GU/screening/full_text/REC-AIBIOGU-000306.pdf
REC-AIBIOGU-000307,Comprehensive analysis of mitochondria-related genes indicates that PPP2R2B is a novel biomarker and promotes the progression of bladder cancer via Wnt signaling pathway.,2024,Biol Direct,"Shen, Du; Kang, Shaosan",10.1186/s13062-024-00461-6,38409085,https://doi.org/10.1186/s13062-024-00461-6,Included,,retrieved,reviews/AIBIO_GU/screening/full_text/REC-AIBIOGU-000307.pdf
REC-AIBIOGU-000308,Feasibility analysis of arterial CT radiomics model to predict the risk of local and metastatic recurrence after radical cystectomy for bladder cancer.,2024,Discov Oncol,"Lv, Huawang; Zhou, Xiaozhou; Liu, Yuan; Liu, Yuting; Chen, Zhiwen",10.1007/s12672-024-00880-x,38369583,https://doi.org/10.1007/s12672-024-00880-x,Included,,retrieved,reviews/AIBIO_GU/screening/full_text/REC-AIBIOGU-000308.pdf
REC-AIBIOGU-000310,A CT-based deep learning model predicts overall survival in patients with muscle invasive bladder cancer after radical cystectomy: a multicenter retrospective cohort study.,2024,Int J Surg,"Wei, Zongjie; Xv, Yingjie; Liu, Huayun; Li, Yang; Yin, Siwen; Xie, Yongpeng; Chen, Yong; Lv, Fajin; Jiang, Qing; Li, Feng; Xiao, Mingzhao",10.1097/js9.0000000000001194,38349205,https://doi.org/10.1097/js9.0000000000001194,Included,,retrieved,reviews/AIBIO_GU/screening/full_text/REC-AIBIOGU-000310.pdf
REC-AIBIOGU-000311,Development and validation of a CT-based deep learning radiomics nomogram to predict muscle invasion in bladder cancer.,2024,Heliyon,"Wei, Zongjie; Liu, Huayun; Xv, Yingjie; Liao, Fangtong; He, Quanhao; Xie, Yongpeng; Lv, Fajin; Jiang, Qing; Xiao, Mingzhao",10.1016/j.heliyon.2024.e24878,38304824,https://doi.org/10.1016/j.heliyon.2024.e24878,Included,,retrieved,reviews/AIBIO_GU/screening/full_text/REC-AIBIOGU-000311.pdf
REC-AIBIOGU-000313,Preoperative CT-based deep learning radiomics model to predict lymph node metastasis and patient prognosis in bladder cancer: a two-center study.,2024,Insights Imaging,"Sun, Rui; Zhang, Meng; Yang, Lei; Yang, Shifeng; Li, Na; Huang, Yonghua; Song, Hongzheng; Wang, Bo; Huang, Chencui; Hou, Feng; Wang, Hexiang",10.1186/s13244-023-01569-5,38270647,https://doi.org/10.1186/s13244-023-01569-5,Included,,retrieved,reviews/AIBIO_GU/screening/full_text/REC-AIBIOGU-000313.pdf
REC-AIBIOGU-000314,Radiomics nomogram for predicting disease-free survival after partial resection or radical cystectomy in patients with bladder cancer.,2024,Br J Radiol,"Cai, Qian; Huang, Yiping; Ling, Jian; Kong, Lingmin; Lin, Yingyu; Chen, Yanling; Cao, Wenxin; Liao, Yuting; Guo, Yan; Guan, Jian; Wang, Huanjun",10.1093/bjr/tqad010,38263836,https://doi.org/10.1093/bjr/tqad010,Included,,retrieved,reviews/AIBIO_GU/screening/full_text/REC-AIBIOGU-000314.pdf
REC-AIBIOGU-000317,Genomic Biomarker Discovery in Disease Progression and Therapy Response in Bladder Cancer Utilizing Machine Learning.,2023,Cancers (Basel),"Liosis, Konstantinos Christos; Marouf, Ahmed Al; Rokne, Jon G; Ghosh, Sunita; Bismar, Tarek A; Alhajj, Reda",10.3390/cancers15194801,37835496,https://doi.org/10.3390/cancers15194801,Included,,retrieved,reviews/AIBIO_GU/screening/full_text/REC-AIBIOGU-000317.pdf
REC-AIBIOGU-000319,Identifying possible hub genes and biological mechanisms shared between bladder cancer and inflammatory bowel disease using machine learning and integrated bioinformatics.,2023,J Cancer Res Clin Oncol,"Liu, Jianyong; Wu, Pengjie; Lai, Shicong; Wang, Jianye; Wang, Jianlong; Zhang, Yaoguang",10.1007/s00432-023-05266-0,37740761,https://doi.org/10.1007/s00432-023-05266-0,Included,,retrieved,reviews/AIBIO_GU/screening/full_text/REC-AIBIOGU-000319.pdf
REC-AIBIOGU-000320,CT-based deep learning radiomics nomogram for the prediction of pathological grade in bladder cancer: a multicenter study.,2023,Cancer Imaging,"Song, Hongzheng; Yang, Shifeng; Yu, Boyang; Li, Na; Huang, Yonghua; Sun, Rui; Wang, Bo; Nie, Pei; Hou, Feng; Huang, Chencui; Zhang, Meng; Wang, Hexiang",10.1186/s40644-023-00609-z,37723572,https://doi.org/10.1186/s40644-023-00609-z,Included,,retrieved,reviews/AIBIO_GU/screening/full_text/REC-AIBIOGU-000320.pdf
REC-AIBIOGU-000321,"Survival Prediction of Patients with Bladder Cancer after Cystectomy Based on Clinical, Radiomics, and Deep-Learning Descriptors.",2023,Cancers (Basel),"Sun, Di; Hadjiiski, Lubomir; Gormley, John; Chan, Heang-Ping; Caoili, Elaine M; Cohan, Richard H; Alva, Ajjai; Gulani, Vikas; Zhou, Chuan",10.3390/cancers15174372,37686647,https://doi.org/10.3390/cancers15174372,Included,,retrieved,reviews/AIBIO_GU/screening/full_text/REC-AIBIOGU-000321.pdf
REC-AIBIOGU-000322,"Development and validation of a disulfidptosis and M2 TAM-related classifier for bladder cancer to explore tumor subtypes, immune landscape and drug treatment.",2023,J Cancer Res Clin Oncol,"Ren, Congzhe; Wang, Qihua; Xu, Zhunan; Pan, Yang; Li, Yuezheng; Liu, Xiaoqiang",10.1007/s00432-023-05352-3,37668798,https://doi.org/10.1007/s00432-023-05352-3,Included,,retrieved,reviews/AIBIO_GU/screening/full_text/REC-AIBIOGU-000322.pdf
REC-AIBIOGU-000324,Value of the application of computed tomography-based radiomics for preoperative prediction of unfavorable pathology in initial bladder cancer.,2023,Cancer Med,"Xiong, Situ; Dong, Wentao; Deng, Zhikang; Jiang, Ming; Li, Sheng; Hu, Bing; Liu, Xiaoqiang; Chen, Luyao; Xu, Songhui; Fan, Bing; Fu, Bin",10.1002/cam4.6225,37434436,https://doi.org/10.1002/cam4.6225,Included,,retrieved,reviews/AIBIO_GU/screening/full_text/REC-AIBIOGU-000324.pdf
REC-AIBIOGU-000326,Identification of necroptosis-related long non-coding RNAs prognostic signature and the crucial lncRNA in bladder cancer.,2023,J Cancer Res Clin Oncol,"Sun, Yi-Fei; Chen, Li; Xia, Qing-Jie; Wang, Ting-Hua",10.1007/s00432-023-04886-w,37269345,https://doi.org/10.1007/s00432-023-04886-w,Included,,retrieved,reviews/AIBIO_GU/screening/full_text/REC-AIBIOGU-000326.pdf
REC-AIBIOGU-000327,Machine learning models combining computed tomography semantic features and selected clinical variables for accurate prediction of the pathological grade of bladder cancer.,2023,Front Oncol,"Deng, Zhikang; Dong, Wentao; Xiong, Situ; Jin, Di; Zhou, Hongzhang; Zhang, Ling; Xie, LiHan; Deng, Yaohong; Xu, Rong; Fan, Bing",10.3389/fonc.2023.1166245,37223680,https://doi.org/10.3389/fonc.2023.1166245,Included,,retrieved,reviews/AIBIO_GU/screening/full_text/REC-AIBIOGU-000327.pdf
REC-AIBIOGU-000328,"Crosstalk of disulfidptosis-related subtypes, establishment of a prognostic signature and immune infiltration characteristics in bladder cancer based on a machine learning survival framework.",2023,Front Endocrinol (Lausanne),"Zhao, Songyun; Wang, Lanyu; Ding, Wei; Ye, Bicheng; Cheng, Chao; Shao, Jianfeng; Liu, Jinhui; Zhou, Hongyi",10.3389/fendo.2023.1180404,37152941,https://doi.org/10.3389/fendo.2023.1180404,Included,,retrieved,reviews/AIBIO_GU/screening/full_text/REC-AIBIOGU-000328.pdf
REC-AIBIOGU-000329,An MRI-based radiomics nomogram in predicting histologic grade of non-muscle-invasive bladder cancer.,2023,Front Oncol,"Li, Longchao; Zhang, Jing; Zhe, Xia; Chang, Hongzhi; Tang, Min; Lei, Xiaoyan; Zhang, Li; Zhang, Xiaoling",10.3389/fonc.2023.1025972,37007156,https://doi.org/10.3389/fonc.2023.1025972,Included,,retrieved,reviews/AIBIO_GU/screening/full_text/REC-AIBIOGU-000329.pdf
REC-AIBIOGU-000330,Development of a Molecular-Subtype-Associated Immune Prognostic Signature That Can Be Recognized by MRI Radiomics Features in Bladder Cancer.,2023,Bioengineering (Basel),"Liu, Shenghua; Chen, Haotian; Zheng, Zongtai; He, Yanyan; Yao, Xudong",10.3390/bioengineering10030318,36978709,https://doi.org/10.3390/bioengineering10030318,Included,,retrieved,reviews/AIBIO_GU/screening/full_text/REC-AIBIOGU-000330.pdf
REC-AIBIOGU-000331,"Multimodal investigation of bladder cancer data based on computed tomography, whole slide imaging, and transcriptomics.",2023,Quant Imaging Med Surg,"Wu, Peng; Wu, Kai; Li, Zhe; Liu, Hanlin; Yang, Kai; Zhou, Rong; Zhou, Ziyu; Xing, Nianzeng; Wu, Song",10.21037/qims-22-679,36819263,https://doi.org/10.21037/qims-22-679,Included,,retrieved,reviews/AIBIO_GU/screening/full_text/REC-AIBIOGU-000331.pdf
REC-AIBIOGU-000332,CT-based deep learning radiomics signature for the preoperative prediction of the muscle-invasive status of bladder cancer.,2022,Front Oncol,"Chen, Weitian; Gong, Mancheng; Zhou, Dongsheng; Zhang, Lijie; Kong, Jie; Jiang, Feng; Feng, Shengxing; Yuan, Runqiang",10.3389/fonc.2022.1019749,36544709,https://doi.org/10.3389/fonc.2022.1019749,Included,,retrieved,reviews/AIBIO_GU/screening/full_text/REC-AIBIOGU-000332.pdf
REC-AIBIOGU-000333,Characterization of Epithelial-Mesenchymal Transition Identifies a Gene Signature for Predicting Clinical Outcomes and Therapeutic Responses in Bladder Cancer.,2022,Dis Markers,"Wang, Yicun; Zhang, Hao; Hu, Xiaopeng",10.1155/2022/9593039,36457546,https://doi.org/10.1155/2022/9593039,Included,,retrieved,reviews/AIBIO_GU/screening/full_text/REC-AIBIOGU-000333.pdf
REC-AIBIOGU-000335,Comparison between renal pelvic and ureteral tumors in muscle-invasive upper tract urothelial carcinoma.,2022,Cancer Sci,"Qiwei, Chen; Jiajun, Shi; Cheng, Liang; Shengbo, Huang; Yue, Kuai; Shujing, Wang; Liu, Wenlong; Xinqing, Zhu; Hongyu, Wang; Deyong, Yang",10.1111/cas.15634,36330561,https://doi.org/10.1111/cas.15634,Included,,retrieved,reviews/AIBIO_GU/screening/full_text/REC-AIBIOGU-000335.pdf
REC-AIBIOGU-000338,Radiomics Nomogram Based on High--Value Diffusion-Weighted Imaging for Distinguishing the Grade of Bladder Cancer.,2022,Life (Basel),"Feng, Cui; Zhou, Ziling; Huang, Qiuhan; Meng, Xiaoyan; Li, Zhen; Wang, Yanchun",10.3390/life12101510,36294945,https://doi.org/10.3390/life12101510,Included,,retrieved,reviews/AIBIO_GU/screening/full_text/REC-AIBIOGU-000338.pdf
REC-AIBIOGU-000339,Artificial intelligence-driven consensus gene signatures for improving bladder cancer clinical outcomes identified by multi-center integration analysis.,2022,Mol Oncol,"Xu, Hui; Liu, Zaoqu; Weng, Siyuan; Dang, Qin; Ge, Xiaoyong; Zhang, Yuyuan; Ren, Yuqing; Xing, Zhe; Chen, Shuang; Zhou, Yifang; Ren, Jianzhuang; Han, Xinwei",10.1002/1878-0261.13313,36083778,https://doi.org/10.1002/1878-0261.13313,Included,,retrieved,reviews/AIBIO_GU/screening/full_text/REC-AIBIOGU-000339.pdf
REC-AIBIOGU-000341,Gender dimorphism in survival of patients with lymph node metastasis of bladder cancer.,2022,Ther Adv Med Oncol,"Guo, Yadong; Zheng, Zongtai; Zhang, Wentao; Mao, Shiyu; Yang, Fuhan; Li, Wei; Yan, Yang; Yao, Xudong",10.1177/17588359221108690,35782750,https://doi.org/10.1177/17588359221108690,Included,,retrieved,reviews/AIBIO_GU/screening/full_text/REC-AIBIOGU-000341.pdf
REC-AIBIOGU-000342,Study on Molecular Information Intelligent Diagnosis and Treatment of Bladder Cancer on Pathological Tissue Image.,2022,Front Med (Lausanne),"Bai, Yanfeng; Wang, Huogen; Wu, Xuesong; Weng, Menghan; Han, Qingmei; Xu, Liming; Zhang, Han; Chang, Chengdong; Jin, Chaohui; Chen, Ming; Luo, Kunfeng; Teng, Xiaodong",10.3389/fmed.2022.838182,35755066,https://doi.org/10.3389/fmed.2022.838182,Included,,retrieved,reviews/AIBIO_GU/screening/full_text/REC-AIBIOGU-000342.pdf
REC-AIBIOGU-000344,A Novel Machine Learning 13-Gene Signature: Improving Risk Analysis and Survival Prediction for Clear Cell Renal Cell Carcinoma Patients.,2022,Cancers (Basel),"Terrematte, Patrick; Andrade, Dhiego Souto; Justino, Josivan; Stransky, Beatriz; de Araújo, Daniel Sabino A; Dória Neto, Adrião D",10.3390/cancers14092111,35565241,https://doi.org/10.3390/cancers14092111,Included,,retrieved,reviews/AIBIO_GU/screening/full_text/REC-AIBIOGU-000344.pdf
REC-AIBIOGU-000345,Prediction of the Immune Phenotypes of Bladder Cancer Patients for Precision Oncology.,2022,IEEE Open J Eng Med Biol,"Cho, Hyuna; Tong, Feng; You, Sungyong; Jung, Sungyoung; Kim, Won Hwa; Kim, Jayoung",10.1109/ojemb.2022.3163533,35519421,https://doi.org/10.1109/ojemb.2022.3163533,Included,,retrieved,reviews/AIBIO_GU/screening/full_text/REC-AIBIOGU-000345.pdf
REC-AIBIOGU-000346,Proteomic-Based Machine Learning Analysis Reveals PYGB as a Novel Immunohistochemical Biomarker to Distinguish Inverted Urothelial Papilloma From Low-Grade Papillary Urothelial Carcinoma With Inverted Growth.,2022,Front Oncol,"Jung, Minsun; Lee, Cheol; Han, Dohyun; Kim, Kwangsoo; Yang, Sunah; Nikas, Ilias P; Moon, Kyung Chul; Kim, Hyeyoon; Song, Min Ji; Kim, Bohyun; Lee, Hyebin; Ryu, Han Suk",10.3389/fonc.2022.841398,35402263,https://doi.org/10.3389/fonc.2022.841398,Included,,retrieved,reviews/AIBIO_GU/screening/full_text/REC-AIBIOGU-000346.pdf
REC-AIBIOGU-000347,"A nomogram combined with radiomics features, albuminuria, and metabolic syndrome to predict the risk of myometrial invasion of bladder cancer.",2021,Transl Cancer Res,"Zhou, Qi; Zhang, Zhiyu; Ang, Xiaojie; Zhang, Haoyang; Ouyang, Jun",10.21037/tcr-21-426,35116625,https://doi.org/10.21037/tcr-21-426,Included,,retrieved,reviews/AIBIO_GU/screening/full_text/REC-AIBIOGU-000347.pdf
REC-AIBIOGU-000349,A Novel CpG Methylation Risk Indicator for Predicting Prognosis in Bladder Cancer.,2021,Front Cell Dev Biol,"Guo, Yufeng; Yin, Jianjian; Dai, Yuanheng; Guan, Yudong; Chen, Pinjin; Chen, Yongqiang; Huang, Chenzheng; Lu, Yong-Jie; Zhang, Lirong; Song, Dongkui",10.3389/fcell.2021.642650,34540821,https://doi.org/10.3389/fcell.2021.642650,Included,,retrieved,reviews/AIBIO_GU/screening/full_text/REC-AIBIOGU-000349.pdf
REC-AIBIOGU-000350,Identification of CNGB1 as a Predictor of Response to Neoadjuvant Chemotherapy in Muscle-Invasive Bladder Cancer.,2021,Cancers (Basel),"Hepburn, Anastasia C; Lazzarini, Nicola; Veeratterapillay, Rajan; Wilson, Laura; Bacardit, Jaume; Heer, Rakesh",10.3390/cancers13153903,34359804,https://doi.org/10.3390/cancers13153903,Included,,retrieved,reviews/AIBIO_GU/screening/full_text/REC-AIBIOGU-000350.pdf
REC-AIBIOGU-000351,Radiomic assessment as a method for predicting tumor mutation burden (TMB) of bladder cancer patients: a feasibility study.,2021,BMC Cancer,"Tang, Xin; Qian, Wen-Lei; Yan, Wei-Feng; Pang, Tong; Gong, You-Ling; Yang, Zhi-Gang",10.1186/s12885-021-08569-y,34271855,https://doi.org/10.1186/s12885-021-08569-y,Included,,retrieved,reviews/AIBIO_GU/screening/full_text/REC-AIBIOGU-000351.pdf
REC-AIBIOGU-000352,A Novel Nomogram Based on Machine Learning-Pathomics Signature and Neutrophil to Lymphocyte Ratio for Survival Prediction of Bladder Cancer Patients.,2021,Front Oncol,"Chen, Siteng; Jiang, Liren; Zhang, Encheng; Hu, Shanshan; Wang, Tao; Gao, Feng; Zhang, Ning; Wang, Xiang; Zheng, Junhua",10.3389/fonc.2021.703033,34222026,https://doi.org/10.3389/fonc.2021.703033,Included,,retrieved,reviews/AIBIO_GU/screening/full_text/REC-AIBIOGU-000352.pdf
REC-AIBIOGU-000354,Combining Multiparametric MRI Radiomics Signature With the Vesical Imaging-Reporting and Data System (VI-RADS) Score to Preoperatively Differentiate Muscle Invasion of Bladder Cancer.,2021,Front Oncol,"Zheng, Zongtai; Xu, Feijia; Gu, Zhuoran; Yan, Yang; Xu, Tianyuan; Liu, Shenghua; Yao, Xudong",10.3389/fonc.2021.619893,34055600,https://doi.org/10.3389/fonc.2021.619893,Included,,retrieved,reviews/AIBIO_GU/screening/full_text/REC-AIBIOGU-000354.pdf
REC-AIBIOGU-000356,Clinical use of machine learning-based pathomics signature for diagnosis and survival prediction of bladder cancer.,2021,Cancer Sci,"Chen, Siteng; Jiang, Liren; Zheng, Xinyi; Shao, Jialiang; Wang, Tao; Zhang, Encheng; Gao, Feng; Wang, Xiang; Zheng, Junhua",10.1111/cas.14927,33931925,https://doi.org/10.1111/cas.14927,Included,,retrieved,reviews/AIBIO_GU/screening/full_text/REC-AIBIOGU-000356.pdf
REC-AIBIOGU-000358,Identification of a ten-long noncoding RNA signature for predicting the survival and immune status of patients with bladder urothelial carcinoma based on the GEO database: a superior machine learning model.,2021,Aging (Albany NY),"Mao, XuDong; Chen, ShiHan; Li, GongHui",10.18632/aging.202553,33621953,https://doi.org/10.18632/aging.202553,Included,,retrieved,reviews/AIBIO_GU/screening/full_text/REC-AIBIOGU-000358.pdf
REC-AIBIOGU-000360,Biomarkers of the Response to Immune Checkpoint Inhibitors in Metastatic Urothelial Carcinoma.,2020,Front Immunol,"Chen, Siteng; Zhang, Ning; Wang, Tao; Zhang, Encheng; Wang, Xiang; Zheng, Junhua",10.3389/fimmu.2020.01900,32983112,https://doi.org/10.3389/fimmu.2020.01900,Included,,retrieved,reviews/AIBIO_GU/screening/full_text/REC-AIBIOGU-000360.pdf
REC-AIBIOGU-000365,Development of a noninvasive tool to preoperatively evaluate the muscular invasiveness of bladder cancer using a radiomics approach.,2019,Cancer,"Zheng, Junjiong; Kong, Jianqiu; Wu, Shaoxu; Li, Yong; Cai, Jinhua; Yu, Hao; Xie, Weibin; Qin, Haide; Wu, Zhuo; Huang, Jian; Lin, Tianxin",10.1002/cncr.32490,31469418,https://doi.org/10.1002/cncr.32490,Included,,retrieved,reviews/AIBIO_GU/screening/full_text/REC-AIBIOGU-000365.pdf
REC-AIBIOGU-000367,A predictive nomogram for individualized recurrence stratification of bladder cancer using multiparametric MRI and clinical risk factors.,2019,J Magn Reson Imaging,"Xu, Xiaopan; Wang, Huanjun; Du, Peng; Zhang, Fan; Li, Shurong; Zhang, Zhongwei; Yuan, Jing; Liang, Zhengrong; Zhang, Xi; Guo, Yan; Liu, Yang; Lu, Hongbing",10.1002/jmri.26749,30980695,https://doi.org/10.1002/jmri.26749,Included,,retrieved,reviews/AIBIO_GU/screening/full_text/REC-AIBIOGU-000367.pdf
REC-AIBIOGU-000368,Development and Validation of an MRI-Based Radiomics Signature for the Preoperative Prediction of Lymph Node Metastasis in Bladder Cancer.,2018,EBioMedicine,"Wu, Shaoxu; Zheng, Junjiong; Li, Yong; Wu, Zhuo; Shi, Siya; Huang, Ming; Yu, Hao; Dong, Wen; Huang, Jian; Lin, Tianxin",10.1016/j.ebiom.2018.07.029,30078735,https://doi.org/10.1016/j.ebiom.2018.07.029,Included,,retrieved,reviews/AIBIO_GU/screening/full_text/REC-AIBIOGU-000368.pdf
REC-AIBIOGU-000370,The application of artificial intelligence to microarray data: identification of a novel gene signature to identify bladder cancer progression.,2009,Eur Urol,"Catto, James W F; Abbod, Maysam F; Wild, Peter J; Linkens, Derek A; Pilarsky, Christian; Rehman, Ishtiaq; Rosario, Derek J; Denzinger, Stefan; Burger, Maximilian; Stoehr, Robert; Knuechel, Ruth; Hartmann, Arndt; Hamdy, Freddie C",10.1016/j.eururo.2009.10.029,19913990,https://doi.org/10.1016/j.eururo.2009.10.029,Included,,retrieved,reviews/AIBIO_GU/screening/full_text/REC-AIBIOGU-000370.pdf
REC-AIBIOGU-000371,Dietary Polyphenol Acteoside-Related Molecular Signatures in Clear Cell Renal Cell Carcinoma: Multi-Omics Profiling and Functional Validation of IMPDH1.,2026,Food Sci Nutr,"Chen, Xu; Zhang, Dong; Ji, Ziyu; Sun, Shuxian; Wang, Jia; Shen, Shuijie; Zhu, Jian",10.1002/fsn3.72340,42694600,https://doi.org/10.1002/fsn3.72340,Included,,retrieved,reviews/AIBIO_GU/screening/full_text/REC-AIBIOGU-000371.pdf
REC-AIBIOGU-000374,Integrative multi-omics identifies PANX2 as a ferroptosis suppressor and potential therapeutic target in clear cell renal cell carcinoma.,2026,Front Immunol,"Li, Xinglin; Xiong, Yiqi; Wang, Jiyin; Qiao, Wenying; Yu, Liqian; Wu, Jitao; Zhang, Yonghong; Jin, Ronghua; Zhang, Dongxu",10.3389/fimmu.2026.1883667,42609449,https://doi.org/10.3389/fimmu.2026.1883667,Included,,retrieved,reviews/AIBIO_GU/screening/full_text/REC-AIBIOGU-000374.pdf
REC-AIBIOGU-000375,NECSO-based classification predicts immunotherapy efficacy and identifies FLAD1 as therapeutic target in kidney renal clear cell carcinoma.,2026,Front Immunol,"Pan, Yitong; Wu, Rui; Zhu, Xueyi; Hu, Xiaodi; Cheng, Jun; Kong, Lingwen",10.3389/fimmu.2026.1914332,42582320,https://doi.org/10.3389/fimmu.2026.1914332,Included,,retrieved,reviews/AIBIO_GU/screening/full_text/REC-AIBIOGU-000375.pdf
REC-AIBIOGU-000378,Development and validation of an integrated machine learning model for recurrence-free survival prediction in clear cell renal cell carcinoma.,2026,Transl Oncol,"Wang, Yun-Lian; Liu, Feng; Gu, Qian-Biao; Liu, Qiang; Yang, Ying; Cheng, Fang",10.1016/j.tranon.2026.102937,42526384,https://doi.org/10.1016/j.tranon.2026.102937,Included,,retrieved,reviews/AIBIO_GU/screening/full_text/REC-AIBIOGU-000378.pdf
REC-AIBIOGU-000379,Integrative Multi-Transcriptomic Uncovers Actionable Signatures and Drug Repurposing Candidates for ccRCC-Hypertension Comorbidity.,2026,Cancers (Basel),"Zhang, Yinnan; Kho, Boon Seng; Wang, Xixi; Lu, Huanhuan; Zhu, Miao; Zhu, Rentao; Wang, Yinyin",10.3390/cancers18142250,42512315,https://doi.org/10.3390/cancers18142250,Included,,retrieved,reviews/AIBIO_GU/screening/full_text/REC-AIBIOGU-000379.pdf
REC-AIBIOGU-000380,Single-Cell and Machine Learning Analyses Identify MYDGF as an Immune-Related Biomarker Associated With the Tumor Microenvironment in Clear Cell Renal Cell Carcinoma.,2026,Hum Mutat,"Xu, Yingkun; Li, Guandu; Ren, Xinxiu; Qi, Xiaochen; Wu, Guangzhen",10.1155/humu/5262666,42502300,https://doi.org/10.1155/humu/5262666,Included,,retrieved,reviews/AIBIO_GU/screening/full_text/REC-AIBIOGU-000380.pdf
REC-AIBIOGU-000381,Integrated multi-omics analysis reveals folate metabolism-related genes as prognostic markers and therapeutic targets in clear cell renal cell carcinoma.,2026,BMC Cancer,"Lin, Jinkang; Li, Sheng; Zhou, Yunxin; Han, Zecao; Chen, Weilin; Zheng, Huanhui; Liu, Shun; Dai, Jiabiao; Cheng, Wei; Fu, Chen; Deng, Wen; Xi, Haibo; Zeng, Jin",10.1186/s12885-026-16397-1,42374231,https://doi.org/10.1186/s12885-026-16397-1,Included,,retrieved,reviews/AIBIO_GU/screening/full_text/REC-AIBIOGU-000381.pdf
REC-AIBIOGU-000382,Radiomics analysis of CT imaging for predicting MIT family translocation renal cell carcinoma: a multicenter retrospective clinical study.,2026,BMC Cancer,"Lin, Shi-Wei; Wu, Xiao-Hui; Liu, Wen-Qi; Chen, Dong-Ning; Lin, Yan; Liu, Zheng-Sheng; Wang, Ji-Yuan; Yin, Hu-Bin; Xue, Xue-Yi; Xu, Ning; Chen, Shao-Hao",10.1186/s12885-026-16334-2,42323535,https://doi.org/10.1186/s12885-026-16334-2,Included,,retrieved,reviews/AIBIO_GU/screening/full_text/REC-AIBIOGU-000382.pdf
REC-AIBIOGU-000383,Integrative bulk and single-cell transcriptome analyses reveals manganese metabolism-related prognostic genes in clear cell renal cell carcinoma with experimental validation.,2026,Sci Rep,"Chen, Yuhao; Zhao, Xiaodong; Zhou, Yulin; Liu, Shouyong; Sheng, Zhengcheng; Xu, Song; Dong, Jie; Liu, Wei; Zhou, Wenquan",10.1038/s41598-026-57384-7,42288599,https://doi.org/10.1038/s41598-026-57384-7,Included,,retrieved,reviews/AIBIO_GU/screening/full_text/REC-AIBIOGU-000383.pdf
REC-AIBIOGU-000385,Integrated bulk and single-cell transcriptomics reveals TREH as a novel protective biomarker and prognostic predictor in clear cell renal cell carcinoma.,2026,Front Oncol,"Ma, Kuo; Wang, Yanan; Xue, Xiangdong; Hu, Junling; Li, Lei",10.3389/fonc.2026.1808369,42200006,https://doi.org/10.3389/fonc.2026.1808369,Included,,retrieved,reviews/AIBIO_GU/screening/full_text/REC-AIBIOGU-000385.pdf
REC-AIBIOGU-000388,Decoding the Sphingolipid Landscape of Clear Cell Renal Cell Carcinoma: A Single-Cell-Guided Prognostic Model Built With 101 Machine Learning.,2026,Hum Mutat,"Huang, Jinbang; Wang, Shunsheng; Zhou, Yaojun; Zhang, Hui; Zhang, Yanyuan; Huang, Shi; Su, Haiwei; Zhu, Hongling; Lin, Yuhan; Deng, Gang",10.1155/humu/3249360,42158467,https://doi.org/10.1155/humu/3249360,Included,,retrieved,reviews/AIBIO_GU/screening/full_text/REC-AIBIOGU-000388.pdf
REC-AIBIOGU-000389,Integrated bioinformatics and experimental validation identify aging-related prognostic genes in clear cell renal cell carcinoma.,2026,Medicine (Baltimore),"Liu, Chen; Shuang, Weibing; Cao, Xiaoming; Gao, Ying",10.1097/md.0000000000048809,42152390,https://doi.org/10.1097/md.0000000000048809,Included,,retrieved,reviews/AIBIO_GU/screening/full_text/REC-AIBIOGU-000389.pdf
REC-AIBIOGU-000390,Integrating Bulk and Single-Cell RNA-Seq Reveals Glycolysis-Associated Macrophages and Its Related Tumor Subgroup Signatures to Predict Prognosis and Therapy in Clear Cell Renal Cell Carcinoma.,2026,Hum Mutat,"Li, Yang; Chen, Yuan; Wang, Ling; Yuan, Shuai; Wu, Ling; Sun, Hu; Wang, Danqiong; Lv, Hongkai",10.1155/humu/3125551,42147811,https://doi.org/10.1155/humu/3125551,Included,,retrieved,reviews/AIBIO_GU/screening/full_text/REC-AIBIOGU-000390.pdf
REC-AIBIOGU-000392,Identification of a prognostic signature based on ammonia metabolism-related genes in clear cell renal cell carcinoma: an integrated analysis of bulk and single-cell transcriptomics.,2026,Front Immunol,"Jiang, Yao; Zhang, Tian; Fan, Jie; Su, Yansheng; Qiao, Shaoyi; Ji, Jintao; Hu, Xiangnan; Zhou, Shuchang; Wei, Yingjuan; Du, Lina; Yang, Bo; Zhang, Wuhe",10.3389/fimmu.2026.1765098,42112332,https://doi.org/10.3389/fimmu.2026.1765098,Included,,retrieved,reviews/AIBIO_GU/screening/full_text/REC-AIBIOGU-000392.pdf
REC-AIBIOGU-000393,Integrating single-cell multi-omics and machine learning to reveal triaptosis heterogeneity in clear cell renal cell carcinoma.,2026,Hum Genomics,"Dai, Haojie; Lu, Renjun; Zhang, Mingcong; Hang, Zhenyu; Jiang, Ke; Qin, Chao; Zhao, You",10.1186/s40246-026-00982-3,42098870,https://doi.org/10.1186/s40246-026-00982-3,Included,,retrieved,reviews/AIBIO_GU/screening/full_text/REC-AIBIOGU-000393.pdf
REC-AIBIOGU-000394,Integrated multi-omics analysis of neutrophil extracellular trap-related genes in renal cell carcinoma using bioinformatics and machine learning.,2026,Discov Oncol,"Li, Chun; Sun, Tao; Yang, Zhen; Yin, Yalei; Zhang, Qing; Liu, Junqiang",10.1007/s12672-026-04965-7,41991658,https://doi.org/10.1007/s12672-026-04965-7,Included,,retrieved,reviews/AIBIO_GU/screening/full_text/REC-AIBIOGU-000394.pdf
REC-AIBIOGU-000397,An interpretable machine learning model based on habitat radiomics combined with deep learning for predicting the WHO/ISUP grade of patients with clear cell renal cell carcinoma.,2026,BMC Med Imaging,"Tao, Xiang; Shan, Shuai; Chen, Xiaohui; Yu, Zejun; Qi, Hongliang",10.1186/s12880-026-02285-4,41864916,https://doi.org/10.1186/s12880-026-02285-4,Included,,retrieved,reviews/AIBIO_GU/screening/full_text/REC-AIBIOGU-000397.pdf
REC-AIBIOGU-000398,A lactylation-related gene signature predicts prognosis and immunotherapy response in clear cell renal cell carcinoma based on machine learning and multi-omics analysis.,2026,Discov Oncol,"Zhang, Mengzhe; Sun, Yipeng; Xiang, Fenfen; Zhong, Zhengrong; Wu, Rong",10.1007/s12672-026-04781-z,41817785,https://doi.org/10.1007/s12672-026-04781-z,Included,,retrieved,reviews/AIBIO_GU/screening/full_text/REC-AIBIOGU-000398.pdf
REC-AIBIOGU-000399,Multiphase CT-based deep learning radiomics nomogram models for preoperative WHO/ISUP grading of clear cell renal cell carcinoma: a two-center validation study.,2026,BMC Med Imaging,"Yang, Chunsen; Zhang, Zhiling; Wu, Buwei; Zhao, Hongcheng; Ma, Tianhao; Luo, Yunhan; Liao, Wenfeng; Yao, Xin",10.1186/s12880-026-02268-5,41803747,https://doi.org/10.1186/s12880-026-02268-5,Included,,retrieved,reviews/AIBIO_GU/screening/full_text/REC-AIBIOGU-000399.pdf
REC-AIBIOGU-000400,Study on the prediction of postoperative metastasis in renal cancer using perirenal fat CT radiomics combined with clinical features.,2026,Front Oncol,"Zhou, Jing; Zhou, Tiantian; Yang, Yuqiong; Zhang, Cong; Ma, Yichuan; Xu, Jiali",10.3389/fonc.2026.1766300,41788995,https://doi.org/10.3389/fonc.2026.1766300,Included,,retrieved,reviews/AIBIO_GU/screening/full_text/REC-AIBIOGU-000400.pdf
REC-AIBIOGU-000402,Machine learning derived proliferating T cell-related signature: a novel biomarker for prognosis and treatment efficacy in clear cell renal cell carcinoma.,2026,Int Immunopharmacol,"Liu, Dingbang; Wang, Ling; Pan, Xiuyi; Zhao, Junjie; Tang, Yanfeng; Liang, Jiayu; Zeng, Hao",10.1016/j.intimp.2026.116361,41740344,https://doi.org/10.1016/j.intimp.2026.116361,Included,,retrieved,reviews/AIBIO_GU/screening/full_text/REC-AIBIOGU-000402.pdf
REC-AIBIOGU-000403,MRI-based habitat radiomics for predicting WHO/ISUP nuclear grade in clear cell renal cell carcinoma.,2026,Front Oncol,"Shi, Naijing; Zhang, Cong; Li, Xinyi; Hao, Mohan; Liu, Chong",10.3389/fonc.2026.1751579,41695327,https://doi.org/10.3389/fonc.2026.1751579,Included,,retrieved,reviews/AIBIO_GU/screening/full_text/REC-AIBIOGU-000403.pdf
REC-AIBIOGU-000405,Integrated multi-omic profiling reveals macrophage-driven prognostic signatures in clear cell renal cell carcinoma through machine learning optimization.,2026,Front Immunol,"Cao, Wei; Zhuang, Wenyuan; Xu, Kai",10.3389/fimmu.2025.1612262,41601657,https://doi.org/10.3389/fimmu.2025.1612262,Included,,retrieved,reviews/AIBIO_GU/screening/full_text/REC-AIBIOGU-000405.pdf
REC-AIBIOGU-000407,Development of a novel prognostic model based on TRPM4-Induced sodium overload-mediated cell death in kidney cancer.,2026,Front Cell Dev Biol,"Wang, Wei; Zhao, Duo; Zhou, Zijun; Chen, Bin; Zhang, Changwen; Du, E; Zhang, Longchao",10.3389/fcell.2025.1755318,41584840,https://doi.org/10.3389/fcell.2025.1755318,Included,,retrieved,reviews/AIBIO_GU/screening/full_text/REC-AIBIOGU-000407.pdf
REC-AIBIOGU-000408,A robust ammonia metabolism gene signature identified by machine learning predicts prognosis and immunotherapy response in clear cell renal cell carcinoma.,2026,Front Oncol,"Gong, Zhilin; Lin, Hansen; Wang, Jue; Hua, Jintao; Wei, Jinhuan; Chen, Wei; Luo, Junhang; Pang, Jun; Chen, Xu",10.3389/fonc.2025.1709096,41584585,https://doi.org/10.3389/fonc.2025.1709096,Included,,retrieved,reviews/AIBIO_GU/screening/full_text/REC-AIBIOGU-000408.pdf
REC-AIBIOGU-000410,LST1: a novel biomarker for efferocytosis in the co-occurrence of type 2 diabetes mellitus and clear cell renal cell carcinoma.,2025,Front Immunol,"Yang, Yuru; Chen, Tingting; Xu, Zhicheng; Cai, Jialing; Wang, Wenli; Pan, Lan; Cheng, Xiaotian; Wang, Andong",10.3389/fimmu.2025.1737749,41488617,https://doi.org/10.3389/fimmu.2025.1737749,Included,,retrieved,reviews/AIBIO_GU/screening/full_text/REC-AIBIOGU-000410.pdf
REC-AIBIOGU-000411,Machine learning-derived cellular senescence index for predicting prognosis and drug sensitivity in patients with renal cell carcinoma.,2025,Front Immunol,"Meng, Le; Zhang, Haoxun; Qiu, Yifan; Zhu, Xiangyu; Ji, Xuran; Wang, Bowen; Zhang, Guoling; Xue, Yue; Wang, Chunyang",10.3389/fimmu.2025.1727099,41476960,https://doi.org/10.3389/fimmu.2025.1727099,Included,,retrieved,reviews/AIBIO_GU/screening/full_text/REC-AIBIOGU-000411.pdf
REC-AIBIOGU-000414,Mitochondrial energy metabolism genes as prognostic biomarkers in clear cell renal cell carcinoma via single-cell and bulk RNA sequencing analyses.,2025,Discov Oncol,"Peng, Yinqi; Zhang, Dahao; Wang, Shuangyu; Huang, Fu; Huang, Haipeng",10.1007/s12672-025-04224-1,41364140,https://doi.org/10.1007/s12672-025-04224-1,Included,,retrieved,reviews/AIBIO_GU/screening/full_text/REC-AIBIOGU-000414.pdf
REC-AIBIOGU-000415,Yang-deficiency constitution drives poor outcomes in clear cell renal cell carcinoma by modulating the tumour immune microenvironment.,2025,Front Immunol,"Kho, Boon Seng; Zhou, Zongyuan; Liu, Rui; Sui, Yihang; Zhang, Yingnan; Yao, Jiaqi; Lu, Huanhuan; Zhou, Guowei; Zhang, Bo; Wang, Yinyin",10.3389/fimmu.2025.1673579,41357186,https://doi.org/10.3389/fimmu.2025.1673579,Included,,retrieved,reviews/AIBIO_GU/screening/full_text/REC-AIBIOGU-000415.pdf
REC-AIBIOGU-000416,"Toxicological Impacts and Mechanistic Insights of Bisphenol a on Clear Cell Renal Cell Carcinoma Progression: A Network Toxicology, Machine Learning and Molecular Docking Study.",2025,Biomedicines,"Chen, Jie; Ran, Biao; Chen, Bo; Bai, Jingxing; Jian, Shibo; Huang, Yin; Yang, Jiahao; Li, Jinze; Chen, Zeyu; Wei, Qiang; Ai, Jianzhong; Liu, Liangren; Cao, Dehong",10.3390/biomedicines13112778,41301871,https://doi.org/10.3390/biomedicines13112778,Included,,retrieved,reviews/AIBIO_GU/screening/full_text/REC-AIBIOGU-000416.pdf
REC-AIBIOGU-000417,A SWI/SNF complex-related genes signature predicts prognosis and immune infiltration in ccRCC with KCNK5 as a novel biomarker.,2025,Sci Rep,"Xu, Kai; Yan, Zhiwei; Liu, Yunxun; Qiu, Qiangmin; Ni, Xinmiao; Tang, Hao; Wang, Lei; Chen, Zhiyuan; Liu, Xiuheng",10.1038/s41598-025-25283-y,41272036,https://doi.org/10.1038/s41598-025-25283-y,Included,,retrieved,reviews/AIBIO_GU/screening/full_text/REC-AIBIOGU-000417.pdf
REC-AIBIOGU-000418,Identification of plasma cell infiltration-related gene signatures as a novel prognostic model for clear cell renal cell carcinoma.,2025,Clin Exp Med,"Sun, Xintong; Yang, Yuchang; Liu, Mingxu; Niu, Chengtao; Cong, Zixiang; He, Wei; Niu, Zhihong",10.1007/s10238-025-01907-5,41217528,https://doi.org/10.1007/s10238-025-01907-5,Included,,retrieved,reviews/AIBIO_GU/screening/full_text/REC-AIBIOGU-000418.pdf
REC-AIBIOGU-000419,The value of dual-energy CT radiomics in evaluating vascular maturity and prognosis in clear cell renal cell carcinoma.,2025,Discov Oncol,"Li, Ruobing; Li, Kun; Li, Zhongyuan; Song, Peiji; Bing, Xue; Sun, Haitao; Ouyang, Aimei",10.1007/s12672-025-03856-7,41212337,https://doi.org/10.1007/s12672-025-03856-7,Included,,retrieved,reviews/AIBIO_GU/screening/full_text/REC-AIBIOGU-000419.pdf
REC-AIBIOGU-000421,Integrating sarcopenia and non-contrast CT radiomics for preoperative prediction of survival in sarcomatoid renal cell carcinoma.,2025,Front Oncol,"Liu, Tongpeng; Zhou, Zhijian; Yao, Yu; Hu, Yang; Sun, Lijiang; Zhang, Guiming",10.3389/fonc.2025.1637032,41199827,https://doi.org/10.3389/fonc.2025.1637032,Included,,retrieved,reviews/AIBIO_GU/screening/full_text/REC-AIBIOGU-000421.pdf
REC-AIBIOGU-000422,Machine learning-driven dissection of the obesity-ccRCC interface: FCGR2A emerges as a central coordinator of tumor-immune crosstalk.,2025,Front Oncol,"He, Zhongyuan; Wang, Zheng; Lai, Shang; Yin, Xunfei; Zheng, Dawang; Liu, Shuai; Liu, Wenjie; Guo, Guiying",10.3389/fonc.2025.1598007,41199823,https://doi.org/10.3389/fonc.2025.1598007,Included,,retrieved,reviews/AIBIO_GU/screening/full_text/REC-AIBIOGU-000422.pdf
REC-AIBIOGU-000423,TCIRG1 as a Novel Prognostic Biomarker Triggering Immune Infiltration in Renal Clear Cell Carcinoma: An Integrative Study of Single-Cell and Bulk Data.,2025,Hum Mutat,"Ye, Wei; Yang, Honghao; Yi, Xincheng; Zhang, Shaoyi; Wang, Siyu; Jia, Zongming; Zang, Jin",10.1155/humu/1839494,41180155,https://doi.org/10.1155/humu/1839494,Included,,retrieved,reviews/AIBIO_GU/screening/full_text/REC-AIBIOGU-000423.pdf
REC-AIBIOGU-000424,Metal ion transporter SLC39A14-mediated ferroptosis and glycosylation modulate the tumor immune microenvironment: pan-cancer multi-omics exploration of therapeutic potential.,2025,Cancer Cell Int,"Chiang, Yi-Chun; Wang, Chih-Yang; Kumar, Sachin; Hsieh, Chung-Bao; Chang, Kai-Fu; Ko, Ching-Chung; Chang, Chih-Hsuan; Lin, Hui-Ru; Wu, Chi-Jen; Yuan, Chien-Han; Xuan, Do Thi Minh; Ngadio, Juan Lorell; Solomon, Dahlak Daniel; Wulandari, Fitria Sari; Lin, Hung-Yun; Yang, Shun-Fa; Lee, Yung-Kuo",10.1186/s12935-025-04003-6,41121066,https://doi.org/10.1186/s12935-025-04003-6,Included,,retrieved,reviews/AIBIO_GU/screening/full_text/REC-AIBIOGU-000424.pdf
REC-AIBIOGU-000426,Survival Prediction for Postoperative Patients With Kidney Cancer Based on Computed Tomography Radiomics: Retrospective Cohort Study.,2025,JMIR Med Inform,"He, Guizhen; Lai, Liwen; Yu, Guoan; Pang, Haowen; Yu, Xiaohui; Zhang, Huaiwen; Zhu, Qingxiu; Lv, Yingzi",10.2196/73162,41117752,https://doi.org/10.2196/73162,Included,,retrieved,reviews/AIBIO_GU/screening/full_text/REC-AIBIOGU-000426.pdf
REC-AIBIOGU-000427,Single-cell transcriptomic insights into ccRCC: a stemness gene signature for prognosis and treatment response prediction.,2025,Discov Oncol,"Chen, Jianhui; Wu, Xinyi; Han, Guo; Xu, Chao",10.1007/s12672-025-03664-z,41085922,https://doi.org/10.1007/s12672-025-03664-z,Included,,retrieved,reviews/AIBIO_GU/screening/full_text/REC-AIBIOGU-000427.pdf
REC-AIBIOGU-000430,Metabolic heterogeneity and survival outcomes in papillary renal cell carcinoma: insights from multi-datasets and machine learning analyses.,2025,Hereditas,"Hu, Jian; Liu, Yi-Heng; Xu, Gui-Lian; Zhang, Ke-Qin",10.1186/s41065-025-00571-9,41013841,https://doi.org/10.1186/s41065-025-00571-9,Included,,retrieved,reviews/AIBIO_GU/screening/full_text/REC-AIBIOGU-000430.pdf
REC-AIBIOGU-000432,Unveiling ammonia-induced cell death: a new frontier in clear cell renal cell carcinoma prognosis.,2025,Front Immunol,"Yu, Peize; Zhong, Qikai; Wang, Xinlei; Liu, Yifang; Liu, Qiang; Zhang, Yuqiang; Lu, Jiawei; Dong, Yang; Han, Cong-Hui",10.3389/fimmu.2025.1636977,40821775,https://doi.org/10.3389/fimmu.2025.1636977,Included,,retrieved,reviews/AIBIO_GU/screening/full_text/REC-AIBIOGU-000432.pdf
REC-AIBIOGU-000433,Alpha-2-Macroglobulin and Signature Genes: Predictive Biomarkers for Prognosis and Immunotherapy in Clear Cell Renal Cell Carcinoma.,2025,J Cancer,"Li, Ming; Luo, Xin; Zhou, Renyu; Liu, Minting; Wang, Guang; Zhang, Xiaotan",10.7150/jca.113242,40740229,https://doi.org/10.7150/jca.113242,Included,,retrieved,reviews/AIBIO_GU/screening/full_text/REC-AIBIOGU-000433.pdf
REC-AIBIOGU-000434,Epithelial-mesenchymal transition classification based on machine learning for predicting prognosis and treatment response in clear cell renal cell carcinoma.,2025,Transl Androl Urol,"Zhu, Guangqiang; Tang, Ruipeng; Tang, Tielong; Wei, Xupan; Tan, Chunlin",10.21037/tau-2025-109,40687644,https://doi.org/10.21037/tau-2025-109,Included,,retrieved,reviews/AIBIO_GU/screening/full_text/REC-AIBIOGU-000434.pdf
REC-AIBIOGU-000436,Interferon Regulatory Factor 4 Recruits Immature B Cells to Signal Tertiary Lymphoid Structure Immaturity and Progression of Clear Cell Renal Cell Carcinoma.,2025,Int J Biol Sci,"Zhou, Siqi; Ye, Shiqi; Chen, Liang; Ge, Qintao; Lu, Jiahe; Anwaier, Aihetaimujiang; Tian, Xi; Wang, Zhongyuan; Zhu, Shuxuan; Chang, Kun; Yang, Jianfeng; Li, Tian; Zhang, Hailiang; Ye, Dingwei; Xiang, Jianfeng; Xu, Wenhao",10.7150/ijbs.113737,40607252,https://doi.org/10.7150/ijbs.113737,Included,,retrieved,reviews/AIBIO_GU/screening/full_text/REC-AIBIOGU-000436.pdf
REC-AIBIOGU-000437,A manganese metabolism-related gene signature stratifies prognosis and immunotherapy efficacy in kidney cancer.,2025,Discov Oncol,"Liu, Yang; Ye, Hao; Zhang, Ruoxuan; Liu, Xiaolong; Liu, Ranlu",10.1007/s12672-025-03050-9,40591061,https://doi.org/10.1007/s12672-025-03050-9,Included,,retrieved,reviews/AIBIO_GU/screening/full_text/REC-AIBIOGU-000437.pdf
REC-AIBIOGU-000438,Using Multiomics and Machine Learning: Insights into Improving the Outcomes of Clear Cell Renal Cell Carcinoma via the SRD5A3-AS1/hsa-let-7e-5p/RRM2 Axis.,2025,ACS Omega,"Sun, Mouyuan; Yang, Zhan; Luo, Yaxian; Qin, Luying; Peng, Lianjie; Pan, Chaoran; Yan, Jiatao; Qiu, Tao; Zhang, Yan",10.1021/acsomega.5c01337,40584302,https://doi.org/10.1021/acsomega.5c01337,Included,,retrieved,reviews/AIBIO_GU/screening/full_text/REC-AIBIOGU-000438.pdf
REC-AIBIOGU-000439,Palmitoylation regulators drive the progression of clear cell renal cell carcinoma through Inhibition of cuproptosis: insights into the role of ZDHHC18.,2025,Cancer Cell Int,"Xu, Wei; Chen, Xiao-Chao; Wang, Yang; Chen, Jian-Chun; Cao, Zhi-Jun; Huang, Ru; Chen, Chao; Hou, Dao-Rong; Jiang, Min-Jun; Xu, Chen",10.1186/s12935-025-03882-z,40551107,https://doi.org/10.1186/s12935-025-03882-z,Included,,retrieved,reviews/AIBIO_GU/screening/full_text/REC-AIBIOGU-000439.pdf
REC-AIBIOGU-000440,Prediction of metastatic risk of renal clear cell carcinoma based on CT radiomics analysis.,2025,Front Oncol,"Wang, Xueyi; Yang, Youchang; Wu, Jiaojiao; Tang, Xiaoqiang; Wang, Yao",10.3389/fonc.2025.1576956,40548117,https://doi.org/10.3389/fonc.2025.1576956,Included,,retrieved,reviews/AIBIO_GU/screening/full_text/REC-AIBIOGU-000440.pdf
REC-AIBIOGU-000441,Identifying a prognostic signature for clear cell renal cell carcinoma: the convergence of single-cell and bulk sequencing with machine learning.,2025,Front Cell Dev Biol,"Hong, Yude; Hu, Xiao; Chen, Libo; Li, Mingyong; Zhang, Mingxiao; Deng, Weiming",10.3389/fcell.2025.1560095,40535574,https://doi.org/10.3389/fcell.2025.1560095,Included,,retrieved,reviews/AIBIO_GU/screening/full_text/REC-AIBIOGU-000441.pdf
REC-AIBIOGU-000443,A CT-based intratumoral and peritumoral radiomics nomogram for postoperative recurrence risk stratification in localized clear cell renal cell carcinoma.,2025,BMC Med Imaging,"Li, Xiaoxia; Guo, Yi; Huang, Shunfa; Wang, Funan; Dai, Chenchen; Zhou, Jianjun; Lin, Dengqiang",10.1186/s12880-025-01715-z,40380110,https://doi.org/10.1186/s12880-025-01715-z,Included,,retrieved,reviews/AIBIO_GU/screening/full_text/REC-AIBIOGU-000443.pdf
REC-AIBIOGU-000447,"A novel stemness-related lncRNA signature predicts prognosis, immune infiltration and drug sensitivity of clear cell renal cell carcinoma.",2025,J Transl Med,"Liu, Jia; Yao, Lin; Yang, Yong; Ma, Jinchao; You, Ruijian; Yu, Ziyi; Du, Peng",10.1186/s12967-025-06251-6,40016772,https://doi.org/10.1186/s12967-025-06251-6,Included,,retrieved,reviews/AIBIO_GU/screening/full_text/REC-AIBIOGU-000447.pdf
REC-AIBIOGU-000448,Contrast-Enhanced CT-Based Radiomics Nomogram for Prediction of Pathologic T3a Upstaging in Clinical T1 RCC.,2025,Diagnostics (Basel),"Yin, Di; Wang, Keruo; Xu, Hongyi; Guo, Yunfei; Qian, Baoxin; Duan, Dengyi; Li, Yiming; Zhang, Wenyi; Li, Zhengyang; Zhao, Yang",10.3390/diagnostics15040443,40002594,https://doi.org/10.3390/diagnostics15040443,Included,,retrieved,reviews/AIBIO_GU/screening/full_text/REC-AIBIOGU-000448.pdf
REC-AIBIOGU-000449,Machine learning-derived prognostic signature integrating programmed cell death and mitochondrial function in renal clear cell carcinoma: identification of PIF1 as a novel target.,2025,Cancer Immunol Immunother,"Cheng, Guangyang; Zhou, Zhaokai; Li, Shiqi; Peng, Fu; Yang, Shuai; Ren, Chuanchuan",10.1007/s00262-025-03967-8,39998680,https://doi.org/10.1007/s00262-025-03967-8,Included,,retrieved,reviews/AIBIO_GU/screening/full_text/REC-AIBIOGU-000449.pdf
REC-AIBIOGU-000451,Artificial intelligence links CT images to pathologic features and survival outcomes of renal masses.,2025,Nat Commun,"Xiong, Ying; Yao, Linpeng; Lin, Jinglai; Yao, Jiaxi; Bai, Qi; Huang, Yuan; Zhang, Xue; Huang, Risheng; Wang, Run; Wang, Kang; Qi, Yu; Zhu, Pingyi; Wang, Haoran; Liu, Li; Zhou, Jianjun; Guo, Jianming; Chen, Feng; Dai, Chenchen; Wang, Shuo",10.1038/s41467-025-56784-z,39915478,https://doi.org/10.1038/s41467-025-56784-z,Included,,retrieved,reviews/AIBIO_GU/screening/full_text/REC-AIBIOGU-000451.pdf
REC-AIBIOGU-000452,A risk signature constructed by Tregs-related genes predict the clinical outcomes and immune therapeutic response in kidney cancer.,2025,Discov Oncol,"Li, Gang; Cui, Jingmin; Li, Tao; Li, Wenhan; Chen, Peilin",10.1007/s12672-025-01787-x,39833617,https://doi.org/10.1007/s12672-025-01787-x,Included,,retrieved,reviews/AIBIO_GU/screening/full_text/REC-AIBIOGU-000452.pdf
REC-AIBIOGU-000453,Integrated RNA sequencing analysis and machine learning identifies a metabolism-related prognostic signature in clear cell renal cell carcinoma.,2025,Sci Rep,"Liu, Yunxun; Yan, Zhiwei; Liu, Cheng; Yang, Rui; Zheng, Qingyuan; Jian, Jun; Wang, Minghui; Wang, Lei; Weng, Xiaodong; Chen, Zhiyuan; Liu, Xiuheng",10.1038/s41598-025-85618-7,39799252,https://doi.org/10.1038/s41598-025-85618-7,Included,,retrieved,reviews/AIBIO_GU/screening/full_text/REC-AIBIOGU-000453.pdf
REC-AIBIOGU-000454,Survival analysis of clear cell renal cell carcinoma based on radiomics and deep learning features from CT images.,2024,Medicine (Baltimore),"Lu, Zhennan; Wu, Sijia; Ni, Dan; Zhou, Meng; Wang, Tao; Zhou, Xiaobo; Huang, Liyu; Yan, Yu",10.1097/md.0000000000040723,39705434,https://doi.org/10.1097/md.0000000000040723,Included,,retrieved,reviews/AIBIO_GU/screening/full_text/REC-AIBIOGU-000454.pdf
REC-AIBIOGU-000458,Machine learning-based multiparametric MRI radiomics nomogram for predicting WHO/ISUP nuclear grading of clear cell renal cell carcinoma.,2024,Front Oncol,"Yang, Yunze; Zhang, Ziwei; Zhang, Hua; Liu, Mengtong; Zhang, Jianjun",10.3389/fonc.2024.1467775,39575426,https://doi.org/10.3389/fonc.2024.1467775,Included,,retrieved,reviews/AIBIO_GU/screening/full_text/REC-AIBIOGU-000458.pdf
REC-AIBIOGU-000459,Developing hypoxia and lactate metabolism-related molecular subtypes and prognostic signature for clear cell renal cell carcinoma through integrating machine learning.,2024,Discov Oncol,"Liu, Jinhui; Yang, Tianliu; Liu, Jiayuan; Hao, Xianghui; Guo, Yuhang; Luo, Sheng; Zhou, Benzheng",10.1007/s12672-024-01543-7,39538070,https://doi.org/10.1007/s12672-024-01543-7,Included,,retrieved,reviews/AIBIO_GU/screening/full_text/REC-AIBIOGU-000459.pdf
REC-AIBIOGU-000460,Machine learning-derived natural killer cell signature predicts prognosis and therapeutic response in clear cell renal cell carcinoma.,2024,Transl Oncol,"Luo, Jinchen; Lin, Mingjie; Chen, Minyu; Chen, Jinwei; Zhou, Xinwei; Liu, Kezhi; Liang, Yanping; Chen, Jiajie; Liang, Hui; Wang, Zhu; Deng, Qiong; Wang, Jieyan; Jin, Meiyu; Luo, Junhang; Chen, Wei; Cen, Junjie",10.1016/j.tranon.2024.102180,39536695,https://doi.org/10.1016/j.tranon.2024.102180,Included,,retrieved,reviews/AIBIO_GU/screening/full_text/REC-AIBIOGU-000460.pdf
REC-AIBIOGU-000462,Multiparameter computed tomography (CT) radiomics signature fusion-based model for the preoperative prediction of clear cell renal cell carcinoma nuclear grade: a multicenter development and external validation study.,2024,Quant Imaging Med Surg,"Xv, Yingjie; Wei, Zongjie; Lv, Fajin; Jiang, Qing; Guo, Haoming; Zheng, Yineng; Zhang, Xuan; Xiao, Mingzhao",10.21037/qims-24-35,39429571,https://doi.org/10.21037/qims-24-35,Included,,retrieved,reviews/AIBIO_GU/screening/full_text/REC-AIBIOGU-000462.pdf
REC-AIBIOGU-000463,Triple and quadruple optimization for feature selection in cancer biomarker discovery.,2024,J Biomed Inform,"Cattelani, L; Fortino, V",10.1016/j.jbi.2024.104736,39395708,https://doi.org/10.1016/j.jbi.2024.104736,Included,,retrieved,reviews/AIBIO_GU/screening/full_text/REC-AIBIOGU-000463.pdf
REC-AIBIOGU-000467,Prediction of clear cell renal cell carcinoma prognosis based on an immunogenomic landscape analysis.,2024,Heliyon,"Wang, Chengwei; Zhang, Xi; Zhu, Shiqing; Hu, Bintao; Deng, Zhiyao; Feng, Huan; Liu, Bo; Luan, Yang; Liu, Zhuo; Wang, Shaogang; Liu, Jihong; Wang, Tao; Wu, Yue",10.1016/j.heliyon.2024.e36156,39247280,https://doi.org/10.1016/j.heliyon.2024.e36156,Included,,retrieved,reviews/AIBIO_GU/screening/full_text/REC-AIBIOGU-000467.pdf
REC-AIBIOGU-000468,Integration of proteomics and transcriptomics to construct a prognostic signature of renal clear cell carcinoma.,2024,Int J Med Sci,"Cheng, Guangyang; Zhou, Zhaokai; Li, Shiqi; Ye, Zhuo; Wang, Yan; Wen, Jianguo; Ren, Chuanchuan",10.7150/ijms.99992,39239554,https://doi.org/10.7150/ijms.99992,Included,,retrieved,reviews/AIBIO_GU/screening/full_text/REC-AIBIOGU-000468.pdf
REC-AIBIOGU-000469,Identification of HDAC10 as a candidate oncogene in clear cell renal carcinoma that facilitates tumor proliferation and metastasis.,2024,Diagn Pathol,"Yang, Luojia; Wei, Qin; Chen, Xinran; Yang, Yang; Huang, Qingbo; Wang, Baojun; Ma, Xin",10.1186/s13000-024-01493-2,39237939,https://doi.org/10.1186/s13000-024-01493-2,Included,,retrieved,reviews/AIBIO_GU/screening/full_text/REC-AIBIOGU-000469.pdf
REC-AIBIOGU-000471,Radiomics nomogram based on CT radiomics features and clinical factors for prediction of Ki-67 expression and prognosis in clear cell renal cell carcinoma: a two-center study.,2024,Cancer Imaging,"Li, Ben; Zhu, Jie; Wang, Yanmei; Xu, Yuchao; Gao, Zhaisong; Shi, Hailei; Nie, Pei; Zhang, Ju; Zhuang, Yuan; Wang, Zhenguang; Yang, Guangjie",10.1186/s40644-024-00744-1,39107799,https://doi.org/10.1186/s40644-024-00744-1,Included,,retrieved,reviews/AIBIO_GU/screening/full_text/REC-AIBIOGU-000471.pdf
REC-AIBIOGU-000473,Radiomics predict the WHO/ISUP nuclear grade and survival in clear cell renal cell carcinoma.,2024,Insights Imaging,"Li, Xiaoxia; Lin, Jinglai; Qi, Hongliang; Dai, Chenchen; Guo, Yi; Lin, Dengqiang; Zhou, Jianjun",10.1186/s13244-024-01739-z,38992169,https://doi.org/10.1186/s13244-024-01739-z,Included,,retrieved,reviews/AIBIO_GU/screening/full_text/REC-AIBIOGU-000473.pdf
REC-AIBIOGU-000474,Deciphering glutamine metabolism patterns for malignancy and tumor microenvironment in clear cell renal cell carcinoma.,2024,Clin Exp Med,"Wu, Gengrun; Li, Teng; Chen, Yuanbiao; Ye, Shiqi; Zhou, Siqi; Tian, Xi; Anwaier, Aihetaimujiang; Zhu, Shuxuan; Xu, Wenhao; Hao, Xiaohang; Ye, Dingwei; Zhang, Hailiang",10.1007/s10238-024-01390-4,38970690,https://doi.org/10.1007/s10238-024-01390-4,Included,,retrieved,reviews/AIBIO_GU/screening/full_text/REC-AIBIOGU-000474.pdf
REC-AIBIOGU-000475,"Anoikis resistance regulates immune infiltration and drug sensitivity in clear-cell renal cell carcinoma: insights from multi omics, single cell analysis andexperiment.",2024,Front Immunol,"Wen, Xiangyang; Hou, Jian; Qi, Tiantian; Cheng, Xiaobao; Liao, Guoqiang; Fang, Shaohong; Xiao, Song; Qiu, Longlong; Wei, Wanqing",10.3389/fimmu.2024.1427475,38953023,https://doi.org/10.3389/fimmu.2024.1427475,Included,,retrieved,reviews/AIBIO_GU/screening/full_text/REC-AIBIOGU-000475.pdf
REC-AIBIOGU-000476,Comprehensive investigation of malignant epithelial cell-related genes in clear cell renal cell carcinoma: development of a prognostic signature and exploration of tumor microenvironment interactions.,2024,J Transl Med,"Liu, Songyang; Li, Ge; Yin, Xiaomao; Zhou, Yihan; Luo, Dongmei; Yang, Zhenggang; Zhang, Jin; Wang, Jianfeng",10.1186/s12967-024-05426-x,38951896,https://doi.org/10.1186/s12967-024-05426-x,Included,,retrieved,reviews/AIBIO_GU/screening/full_text/REC-AIBIOGU-000476.pdf
REC-AIBIOGU-000477,Discovery and Validation of Survival-Specific Genes in Papillary Renal Cell Carcinoma Using a Customized Next-Generation Sequencing Gene Panel.,2024,Cancers (Basel),"Hwang, Jia; Bang, Seokhwan; Choi, Moon Hyung; Hong, Sung-Hoo; Kim, Sae Woong; Lee, Hye Eun; Yang, Ji Hoon; Park, Un Sang; Choi, Yeong Jin",10.3390/cancers16112006,38893126,https://doi.org/10.3390/cancers16112006,Included,,retrieved,reviews/AIBIO_GU/screening/full_text/REC-AIBIOGU-000477.pdf
REC-AIBIOGU-000478,Machine Learning Gene Signature to Metastatic ccRCC Based on ceRNA Network.,2024,Int J Mol Sci,"Farias, Epitácio; Terrematte, Patrick; Stransky, Beatriz",10.3390/ijms25084214,38673800,https://doi.org/10.3390/ijms25084214,Included,,retrieved,reviews/AIBIO_GU/screening/full_text/REC-AIBIOGU-000478.pdf
REC-AIBIOGU-000480,Machine learning-based integration develops a stress response stated T cell (Tstr)-related score for predicting outcomes in clear cell renal cell carcinoma.,2024,Int Immunopharmacol,"Yang, Shuai; Han, Zhaodong; Tan, Zeheng; Wu, Zhenjie; Ye, Jianheng; Cai, Shanghua; Feng, Yuanfa; He, Huichan; Wen, Biyan; Zhu, Xuejin; Ye, Yongkang; Huang, Huiting; Wang, Sheng; Zhong, Weide; Deng, Yulin",10.1016/j.intimp.2024.112017,38599101,https://doi.org/10.1016/j.intimp.2024.112017,Included,,retrieved,reviews/AIBIO_GU/screening/full_text/REC-AIBIOGU-000480.pdf
REC-AIBIOGU-000482,Domain generalization enables general cancer cell annotation in single-cell and spatial transcriptomics.,2024,Nat Commun,"Zhong, Zhixing; Hou, Junchen; Yao, Zhixian; Dong, Lei; Liu, Feng; Yue, Junqiu; Wu, Tiantian; Zheng, Junhua; Ouyang, Gaoliang; Yang, Chaoyong; Song, Jia",10.1038/s41467-024-46413-6,38431724,https://doi.org/10.1038/s41467-024-46413-6,Included,,retrieved,reviews/AIBIO_GU/screening/full_text/REC-AIBIOGU-000482.pdf
REC-AIBIOGU-000483,The Value of Dual-Energy Computed Tomography-Based Radiomics in the Evaluation of Interstitial Fibers of Clear Cell Renal Carcinoma.,2024,Technol Cancer Res Treat,"Bing, Xue; Wang, Ning; Li, Yuhan; Sun, Haitao; Yao, Jian; Li, Ruobing; Li, Zhongyuan; Ouyang, Aimei",10.1177/15330338241235554,38404055,https://doi.org/10.1177/15330338241235554,Included,,retrieved,reviews/AIBIO_GU/screening/full_text/REC-AIBIOGU-000483.pdf
REC-AIBIOGU-000484,"Identifying molecular subtypes and tumor microenvironment infiltration signatures in kidney renal clear cell carcinoma based on stemness-associated disulfidptosis genes by integrating machine learning, single-cell analyses and experimental validation.",2024,Heliyon,"Liu, Hongquan; Liang, Xiaoqing; Tang, Gonglin; Wang, Xiaofeng; Wang, Zhen; Tong, Leijie; Mao, Qiancheng; Ma, Jian; Wu, Jitao",10.1016/j.heliyon.2024.e26094,38390172,https://doi.org/10.1016/j.heliyon.2024.e26094,Included,,retrieved,reviews/AIBIO_GU/screening/full_text/REC-AIBIOGU-000484.pdf
REC-AIBIOGU-000485,Identification of molecular subtypes and diagnostic model in clear cell renal cell carcinoma based on collagen-related genes may predict the response of immunotherapy.,2024,Front Pharmacol,"Hong, Yulong; Lv, Zhengtong; Xing, Zhuo; Xu, Haozhe; Chand, Harripersaud; Wang, Jianxi; Li, Yuan",10.3389/fphar.2024.1325447,38375034,https://doi.org/10.3389/fphar.2024.1325447,Included,,retrieved,reviews/AIBIO_GU/screening/full_text/REC-AIBIOGU-000485.pdf
REC-AIBIOGU-000489,The potential value of the Purinergic pathway in the prognostic assessment and clinical application of kidney renal clear cell carcinoma.,2024,Aging (Albany NY),"Xie, Deqian; Wang, Shijin; Jiang, Bowen; Li, Guandu; Wu, Guangzhen",10.18632/aging.205364,38180750,https://doi.org/10.18632/aging.205364,Included,,retrieved,reviews/AIBIO_GU/screening/full_text/REC-AIBIOGU-000489.pdf
REC-AIBIOGU-000490,Novel molecular classification and prognosis of papillary renal cell carcinoma based on a large-scale CRISPR-Cas9 screening and machine learning.,2023,Heliyon,"Liu, Chang; Yuan, Zhan-Yuan; Zhang, Xiao-Xun; Chang, Jia-Jun; Yang, Yang; Sun, Sheng-Jia; Du, Yinan; Zhan, He-Qin",10.1016/j.heliyon.2023.e23184,38163209,https://doi.org/10.1016/j.heliyon.2023.e23184,Included,,retrieved,reviews/AIBIO_GU/screening/full_text/REC-AIBIOGU-000490.pdf
REC-AIBIOGU-000492,Selection of M7G-related lncRNAs in kidney renal clear cell carcinoma and their putative diagnostic and prognostic role.,2023,BMC Urol,"Zhong, Shuangze; Chen, Shangjin; Lin, Hansheng; Luo, Yuancheng; He, Jingwei",10.1186/s12894-023-01357-9,37968670,https://doi.org/10.1186/s12894-023-01357-9,Included,,retrieved,reviews/AIBIO_GU/screening/full_text/REC-AIBIOGU-000492.pdf
REC-AIBIOGU-000495,Validity of a multiphase CT-based radiomics model in predicting the Leibovich risk groups for localized clear cell renal cell carcinoma: an exploratory study.,2023,Insights Imaging,"Liu, Huayun; Wei, Zongjie; Xv, Yingjie; Tan, Hao; Liao, Fangtong; Lv, Fajin; Jiang, Qing; Chen, Tao; Xiao, Mingzhao",10.1186/s13244-023-01526-2,37816901,https://doi.org/10.1186/s13244-023-01526-2,Included,,retrieved,reviews/AIBIO_GU/screening/full_text/REC-AIBIOGU-000495.pdf
REC-AIBIOGU-000496,Multiphase CT radiomics nomogram for preoperatively predicting the WHO/ISUP nuclear grade of small (< 4 cm) clear cell renal cell carcinoma.,2023,BMC Cancer,"Gao, Yankun; Wang, Xia; Zhao, Xiaoying; Zhu, Chao; Li, Cuiping; Li, Jianying; Wu, Xingwang",10.1186/s12885-023-11454-5,37814228,https://doi.org/10.1186/s12885-023-11454-5,Included,,retrieved,reviews/AIBIO_GU/screening/full_text/REC-AIBIOGU-000496.pdf
REC-AIBIOGU-000497,Protein Arginine Methyltransferases Refine the Classification of Clear Cell Renal Cell Carcinoma with Distinct Prognosis and Tumor Microenvironment Characteristics.,2023,Int J Biol Sci,"Ye, Shiqi; Tian, Xi; Anwaier, Aihetaimujiang; Wei, Shiyin; Liu, Wangrui; Su, Jiaqi; Zhu, Shuxuan; Dai, Bo; Gu, Jun; Qu, Yuanyuan; Xu, Wenhao; Zhang, Hailiang; Ye, Dingwei",10.7150/ijbs.80323,37781030,https://doi.org/10.7150/ijbs.80323,Included,,retrieved,reviews/AIBIO_GU/screening/full_text/REC-AIBIOGU-000497.pdf
REC-AIBIOGU-000498,Small Renal Masses: Developing a Robust Radiomic Signature.,2023,Cancers (Basel),"Maddalo, Michele; Bertolotti, Lorenzo; Mazzilli, Aldo; Flore, Andrea Giovanni Maria; Perotta, Rocco; Pagnini, Francesco; Ziglioli, Francesco; Maestroni, Umberto; Martini, Chiara; Caruso, Damiano; Ghetti, Caterina; De Filippo, Massimo",10.3390/cancers15184565,37760532,https://doi.org/10.3390/cancers15184565,Included,,retrieved,reviews/AIBIO_GU/screening/full_text/REC-AIBIOGU-000498.pdf
REC-AIBIOGU-000499,Prognostic model of kidney renal clear cell carcinoma using aging-related long noncoding RNA signatures identifies THBS1-IT1 as a potential prognostic biomarker for multiple cancers.,2023,Aging (Albany NY),"Tang, Yi-Fan; Wang, Yu-Zhi; Wen, Gui-Biao; Jiang, Jian-Jun",10.18632/aging.204949,37708239,https://doi.org/10.18632/aging.204949,Included,,retrieved,reviews/AIBIO_GU/screening/full_text/REC-AIBIOGU-000499.pdf
REC-AIBIOGU-000500,Deciphering the implications of mitophagy-related signatures in clinical outcomes and microenvironment heterogeneity of clear cell renal cell carcinoma.,2023,J Cancer Res Clin Oncol,"Xiang, Jianfeng; Liu, Wangrui; Liu, Shifan; Wang, Tao; Tang, Haidan; Yang, Jianfeng",10.1007/s00432-023-05349-y,37689589,https://doi.org/10.1007/s00432-023-05349-y,Included,,retrieved,reviews/AIBIO_GU/screening/full_text/REC-AIBIOGU-000500.pdf
REC-AIBIOGU-000502,KLRG1 marks tumor-infiltrating CD4 T cell subsets associated with tumor progression and immunotherapy response.,2023,J Immunother Cancer,"Ager, Casey R; Zhang, Mingxuan; Chaimowitz, Matthew; Bansal, Shruti; Tagore, Somnath; Obradovic, Aleksandar; Jugler, Collin; Rogava, Meri; Melms, Johannes C; McCann, Patrick; Spina, Catherine; Drake, Charles G; Dallos, Matthew C; Izar, Benjamin",10.1136/jitc-2023-006782,37657842,https://doi.org/10.1136/jitc-2023-006782,Included,,retrieved,reviews/AIBIO_GU/screening/full_text/REC-AIBIOGU-000502.pdf
REC-AIBIOGU-000503,Identification of disulfidptosis-related subtypes and development of a prognosis model based on stacking framework in renal clear cell carcinoma.,2023,J Cancer Res Clin Oncol,"Peng, Kun; Wang, Ning; Liu, Qingyuan; Wang, Lingdian; Duan, Xiaoyu; Xie, Guochong; Li, Jixi; Ding, Degang",10.1007/s00432-023-05201-3,37530800,https://doi.org/10.1007/s00432-023-05201-3,Included,,retrieved,reviews/AIBIO_GU/screening/full_text/REC-AIBIOGU-000503.pdf
REC-AIBIOGU-000506,Multi-omics identification of an immunogenic cell death-related signature for clear cell renal cell carcinoma in the context of 3P medicine and based on a 101-combination machine learning computational framework.,2023,EPMA J,"Liu, Jinsong; Shi, Yanjia; Zhang, Yuxin",10.1007/s13167-023-00327-3,37275552,https://doi.org/10.1007/s13167-023-00327-3,Included,,retrieved,reviews/AIBIO_GU/screening/full_text/REC-AIBIOGU-000506.pdf
REC-AIBIOGU-000507,Incremental value of radiomics with machine learning to the existing prognostic models for predicting outcome in renal cell carcinoma.,2023,Front Oncol,"Xing, Jiajun; Liu, Yiyang; Wang, Zhongyuan; Xu, Aiming; Su, Shifeng; Shen, Sipeng; Wang, Zengjun",10.3389/fonc.2023.1036734,37188171,https://doi.org/10.3389/fonc.2023.1036734,Included,,retrieved,reviews/AIBIO_GU/screening/full_text/REC-AIBIOGU-000507.pdf
REC-AIBIOGU-000509,Development and validation of A CT-based radiomics nomogram for prediction of synchronous distant metastasis in clear cell renal cell carcinoma.,2023,Front Oncol,"Yu, Xinxin; Gao, Lin; Zhang, Shuai; Sun, Cong; Zhang, Juntao; Kang, Bing; Wang, Ximing",10.3389/fonc.2022.1016583,36686790,https://doi.org/10.3389/fonc.2022.1016583,Included,,retrieved,reviews/AIBIO_GU/screening/full_text/REC-AIBIOGU-000509.pdf
REC-AIBIOGU-000510,Integration analysis identifies MYBL1 as a novel immunotherapy biomarker affecting the immune microenvironment in clear cell renal cell carcinoma: Evidence based on machine learning and experiments.,2022,Front Immunol,"Wang, Tengda; Jian, Wengang; Xue, Wei; Meng, Yuyang; Xia, Zhinan; Li, Qinchen; Xu, Shenhao; Dong, Yu; Mao, Anli; Zhang, Cheng",10.3389/fimmu.2022.1080403,36591240,https://doi.org/10.3389/fimmu.2022.1080403,Included,,retrieved,reviews/AIBIO_GU/screening/full_text/REC-AIBIOGU-000510.pdf
REC-AIBIOGU-000511,Cell Differentiation Trajectory Predicts Prognosis and Immunotherapeutic Response in Clear Cell Renal Cell Carcinoma.,2022,Genet Res (Camb),"Xu, Jin; Chen, Xi; Chen, Yinyu; Wang, Qiushuang; Jin, Yingliang; Zhao, Huashuo",10.1155/2022/8422339,36530957,https://doi.org/10.1155/2022/8422339,Included,,retrieved,reviews/AIBIO_GU/screening/full_text/REC-AIBIOGU-000511.pdf
REC-AIBIOGU-000512,Differentiation of Clear Cell and Non-clear-cell Renal Cell Carcinoma through CT-based Radiomics Models and Nomogram.,2023,Curr Med Imaging,"Cheng, Delu; Abudikeranmu, Yeerxiati; Tuerdi, Batuer",10.2174/1573405619666221121164235,36411581,https://doi.org/10.2174/1573405619666221121164235,Included,,retrieved,reviews/AIBIO_GU/screening/full_text/REC-AIBIOGU-000512.pdf
REC-AIBIOGU-000513,Computed tomography-based radiomics prediction of CTLA4 expression and prognosis in clear cell renal cell carcinoma.,2022,Cancer Med,"He, Hongchao; Jin, Zhijia; Dai, Jun; Wang, Haofei; Sun, Jianqi; Xu, Danfeng",10.1002/cam4.5449,36397666,https://doi.org/10.1002/cam4.5449,Included,,retrieved,reviews/AIBIO_GU/screening/full_text/REC-AIBIOGU-000513.pdf
REC-AIBIOGU-000514,An exploratory study of CT radiomics using differential network feature selection for WHO/ISUP grading and progression-free survival prediction of clear cell renal cell carcinoma.,2022,Front Oncol,"Yin, Fu; Zhang, Haijie; Qi, Anqi; Zhu, Zexuan; Yang, Liyang; Wen, Ge; Xie, Weixin",10.3389/fonc.2022.979613,36387121,https://doi.org/10.3389/fonc.2022.979613,Included,,retrieved,reviews/AIBIO_GU/screening/full_text/REC-AIBIOGU-000514.pdf
REC-AIBIOGU-000515,Deep learning-based predictions of clear and eosinophilic phenotypes in clear cell renal cell carcinoma.,2022,Hum Pathol,"Ohe, Chisato; Yoshida, Takashi; Amin, Mahul B; Uno, Rena; Atsumi, Naho; Yasukochi, Yoshiki; Ikeda, Junichi; Nakamoto, Takahiro; Noda, Yuri; Kinoshita, Hidefumi; Tsuta, Koji; Higasa, Koichiro",10.1016/j.humpath.2022.11.004,36372298,https://doi.org/10.1016/j.humpath.2022.11.004,Included,,retrieved,reviews/AIBIO_GU/screening/full_text/REC-AIBIOGU-000515.pdf
REC-AIBIOGU-000516,A radiogenomics biomarker based on immunological heterogeneity for non-invasive prognosis of renal clear cell carcinoma.,2022,Front Immunol,"Gao, Jiahao; Ye, Fangdie; Han, Fang; Jiang, Haowen; Zhang, Jiawen",10.3389/fimmu.2022.956679,36177018,https://doi.org/10.3389/fimmu.2022.956679,Included,,retrieved,reviews/AIBIO_GU/screening/full_text/REC-AIBIOGU-000516.pdf
REC-AIBIOGU-000517,Novel amino acid metabolism-related gene signature to predict prognosis in clear cell renal cell carcinoma.,2022,Front Genet,"Cheng, Xiaofeng; Deng, Wen; Zhang, Zhicheng; Zeng, Zhenhao; Liu, Yifu; Zhou, Xiaochen; Zhang, Cheng; Wang, Gongxian",10.3389/fgene.2022.982162,36118874,https://doi.org/10.3389/fgene.2022.982162,Included,,retrieved,reviews/AIBIO_GU/screening/full_text/REC-AIBIOGU-000517.pdf
REC-AIBIOGU-000518,A triple-classification for differentiating renal oncocytoma from renal cell carcinoma subtypes and CK7 expression evaluation: a radiomics analysis.,2022,BMC Urol,"Yu, Ziyang; Ding, Jie; Pang, Huize; Fang, Hongkun; He, Furong; Xu, Chenxi; Li, Xuedan; Ren, Ke",10.1186/s12894-022-01099-0,36096829,https://doi.org/10.1186/s12894-022-01099-0,Included,,retrieved,reviews/AIBIO_GU/screening/full_text/REC-AIBIOGU-000518.pdf
REC-AIBIOGU-000519,A Clinical Radiomics Nomogram Was Developed by Integrating Radiomics Signatures and Clinical Variables to Distinguish High-Grade ccRCC from Type 2 pRCC.,2022,J Oncol,"Gao, Yankun; Zhao, Xiaoying; Wang, Xia; Zhu, Chao; Li, Cuiping; Li, Jianying; Wu, Xingwang",10.1155/2022/6844349,36059810,https://doi.org/10.1155/2022/6844349,Included,,retrieved,reviews/AIBIO_GU/screening/full_text/REC-AIBIOGU-000519.pdf
REC-AIBIOGU-000520,The unique genomic landscape and prognostic mutational signature of Chinese clear cell renal cell carcinoma.,2022,J Natl Cancer Cent,"Xu, Wenhao; Anwaier, Aihetaimujiang; Liu, Wangrui; Tian, Xi; Su, Jiaqi; Shi, Guohai; Qu, Yuanyuan; Zhang, Hailiang; Ye, Dingwei",10.1016/j.jncc.2022.07.001,39036450,https://doi.org/10.1016/j.jncc.2022.07.001,Included,,retrieved,reviews/AIBIO_GU/screening/full_text/REC-AIBIOGU-000520.pdf
REC-AIBIOGU-000521,MRI-Based Radiomics and Urine Creatinine for the Differentiation of Renal Angiomyolipoma With Minimal Fat From Renal Cell Carcinoma: A Preliminary Study.,2022,Front Oncol,"Jian, Lian; Liu, Yan; Xie, Yu; Jiang, Shusuan; Ye, Mingji; Lin, Huashan",10.3389/fonc.2022.876664,35719934,https://doi.org/10.3389/fonc.2022.876664,Included,,retrieved,reviews/AIBIO_GU/screening/full_text/REC-AIBIOGU-000521.pdf
REC-AIBIOGU-000522,Differential Diagnosis of Type 1 and Type 2 Papillary Renal Cell Carcinoma Based on Enhanced CT Radiomics Nomogram.,2022,Front Oncol,"Gao, Yankun; Wang, Xingwei; Wang, Shihui; Miao, Yingying; Zhu, Chao; Li, Cuiping; Huang, Guoquan; Jiang, Yan; Li, Jianying; Zhao, Xiaoying; Wu, Xingwang",10.3389/fonc.2022.854979,35719928,https://doi.org/10.3389/fonc.2022.854979,Included,,retrieved,reviews/AIBIO_GU/screening/full_text/REC-AIBIOGU-000522.pdf
REC-AIBIOGU-000525,Development and Validation of a CT-Based Radiomics Nomogram for Predicting Postoperative Progression-Free Survival in Stage I-III Renal Cell Carcinoma.,2022,Front Oncol,"Zhang, Haijie; Yin, Fu; Chen, Menglin; Yang, Liyang; Qi, Anqi; Cui, Weiwei; Yang, Shanshan; Wen, Ge",10.3389/fonc.2021.742547,35155180,https://doi.org/10.3389/fonc.2021.742547,Included,,retrieved,reviews/AIBIO_GU/screening/full_text/REC-AIBIOGU-000525.pdf
REC-AIBIOGU-000526,Deep Learning-Based Classification of Epithelial-Mesenchymal Transition for Predicting Response to Therapy in Clear Cell Renal Cell Carcinoma.,2022,Front Oncol,"Chen, Qiwei; Kuai, Yue; Wang, Shujing; Zhu, Xinqing; Wang, Hongyu; Liu, Wenlong; Cheng, Liang; Yang, Deyong",10.3389/fonc.2021.782515,35141144,https://doi.org/10.3389/fonc.2021.782515,Included,,retrieved,reviews/AIBIO_GU/screening/full_text/REC-AIBIOGU-000526.pdf
REC-AIBIOGU-000527,Oncocytoma-Related Gene Signature to Differentiate Chromophobe Renal Cancer and Oncocytoma Using Machine Learning.,2022,Cells,"Satter, Khaled Bin; Tran, Paul Minh Huy; Tran, Lynn Kim Hoang; Ramsey, Zach; Pinkerton, Katheine; Bai, Shan; Savage, Natasha M; Kavuri, Sravan; Terris, Martha K; She, Jin-Xiong; Purohit, Sharad",10.3390/cells11020287,35053403,https://doi.org/10.3390/cells11020287,Included,,retrieved,reviews/AIBIO_GU/screening/full_text/REC-AIBIOGU-000527.pdf
REC-AIBIOGU-000528,"Prognostic value, DNA variation and immunologic features of a tertiary lymphoid structure-related chemokine signature in clear cell renal cell carcinoma.",2022,Cancer Immunol Immunother,"Xu, Wenhao; Ma, Chunguang; Liu, Wangrui; Anwaier, Aihetaimujiang; Tian, Xi; Shi, Guohai; Qu, Yuanyuan; Wei, Shiyin; Zhang, Hailiang; Ye, Dingwei",10.1007/s00262-021-03123-y,35043231,https://doi.org/10.1007/s00262-021-03123-y,Included,,retrieved,reviews/AIBIO_GU/screening/full_text/REC-AIBIOGU-000528.pdf
REC-AIBIOGU-000529,A CT-Based Radiomics Nomogram Integrated With Clinic-Radiological Features for Preoperatively Predicting WHO/ISUP Grade of Clear Cell Renal Cell Carcinoma.,2021,Front Oncol,"Xv, Yingjie; Lv, Fajin; Guo, Haoming; Liu, Zhaojun; Luo, Di; Liu, Jing; Gou, Xin; He, Weiyang; Xiao, Mingzhao; Zheng, Yineng",10.3389/fonc.2021.712554,34926241,https://doi.org/10.3389/fonc.2021.712554,Included,,retrieved,reviews/AIBIO_GU/screening/full_text/REC-AIBIOGU-000529.pdf
REC-AIBIOGU-000530,Machine learning-based pathomics signature could act as a novel prognostic marker for patients with clear cell renal cell carcinoma.,2021,Br J Cancer,"Chen, Siteng; Jiang, Liren; Gao, Feng; Zhang, Encheng; Wang, Tao; Zhang, Ning; Wang, Xiang; Zheng, Junhua",10.1038/s41416-021-01640-2,34824449,https://doi.org/10.1038/s41416-021-01640-2,Included,,retrieved,reviews/AIBIO_GU/screening/full_text/REC-AIBIOGU-000530.pdf
REC-AIBIOGU-000532,A CT-based radiomics nomogram for differentiation of renal oncocytoma and chromophobe renal cell carcinoma with a central scar-matched study.,2021,Br J Radiol,"Li, Xiaoli; Ma, Qianli; Nie, Pei; Zheng, Yingmei; Dong, Cheng; Xu, Wenjian",10.1259/bjr.20210534,34735296,https://doi.org/10.1259/bjr.20210534,Included,,retrieved,reviews/AIBIO_GU/screening/full_text/REC-AIBIOGU-000532.pdf
REC-AIBIOGU-000533,A Novel Radiogenomics Biomarker Based on Hypoxic-Gene Subset: Accurate Survival and Prognostic Prediction of Renal Clear Cell Carcinoma.,2021,Front Oncol,"Gao, Jiahao; Ye, Fangdie; Han, Fang; Wang, Xiaoshuang; Jiang, Haowen; Zhang, Jiawen",10.3389/fonc.2021.739815,34692518,https://doi.org/10.3389/fonc.2021.739815,Included,,retrieved,reviews/AIBIO_GU/screening/full_text/REC-AIBIOGU-000533.pdf
REC-AIBIOGU-000535,Experimental and computational modeling for signature and biomarker discovery of renal cell carcinoma progression.,2021,Mol Cancer,"Cooley, Lindsay S; Rudewicz, Justine; Souleyreau, Wilfried; Emanuelli, Andrea; Alvarez-Arenas, Arturo; Clarke, Kim; Falciani, Francesco; Dufies, Maeva; Lambrechts, Diether; Modave, Elodie; Chalopin-Fillot, Domitille; Pineau, Raphael; Ambrosetti, Damien; Bernhard, Jean-Christophe; Ravaud, Alain; Négrier, Sylvie; Ferrero, Jean-Marc; Pagès, Gilles; Benzekry, Sebastien; Nikolski, Macha; Bikfalvi, Andreas",10.1186/s12943-021-01416-5,34670568,https://doi.org/10.1186/s12943-021-01416-5,Included,,retrieved,reviews/AIBIO_GU/screening/full_text/REC-AIBIOGU-000535.pdf
REC-AIBIOGU-000536,[Predicting postoperative recurrence of stage Ⅰ-Ⅲ renal clear cell carcinoma based on preoperative CT radiomics feature nomogram].,2021,Nan Fang Yi Ke Da Xue Xue Bao,"Zhang, H; Yin, F; Chen, M; Qi, A; Yang, L; Cui, W; Yang, S; Wen, G",10.12122/j.issn.1673-4254.2021.09.10,34658350,https://doi.org/10.12122/j.issn.1673-4254.2021.09.10,Included,,retrieved,reviews/AIBIO_GU/screening/full_text/REC-AIBIOGU-000536.pdf
REC-AIBIOGU-000542,Radiomics Analysis of Contrast-Enhanced CT Predicts Survival in Clear Cell Renal Cell Carcinoma.,2021,Front Oncol,"Yan, Lei; Yang, Guangjie; Cui, Jingjing; Miao, Wenjie; Wang, Yangyang; Zhao, Yujun; Wang, Ning; Gong, Aidi; Guo, Na; Nie, Pei; Wang, Zhenguang",10.3389/fonc.2021.671420,34249712,https://doi.org/10.3389/fonc.2021.671420,Included,,retrieved,reviews/AIBIO_GU/screening/full_text/REC-AIBIOGU-000542.pdf
REC-AIBIOGU-000543,Ferroptosis-Related Gene-Based Prognostic Model and Immune Infiltration in Clear Cell Renal Cell Carcinoma.,2021,Front Genet,"Zhao, Guo-Jiang; Wu, Zonglong; Ge, Liyuan; Yang, Feilong; Hong, Kai; Zhang, Shudong; Ma, Lulin",10.3389/fgene.2021.650416,34178024,https://doi.org/10.3389/fgene.2021.650416,Included,,retrieved,reviews/AIBIO_GU/screening/full_text/REC-AIBIOGU-000543.pdf
REC-AIBIOGU-000544,Subgroup-Independent Mapping of Renal Cell Carcinoma-Machine Learning Reveals Prognostic Mitochondrial Gene Signature Beyond Histopathologic Boundaries.,2021,Front Oncol,"Marquardt, André; Solimando, Antonio Giovanni; Kerscher, Alexander; Bittrich, Max; Kalogirou, Charis; Kübler, Hubert; Rosenwald, Andreas; Bargou, Ralf; Kollmannsberger, Philip; Schilling, Bastian; Meierjohann, Svenja; Krebs, Markus",10.3389/fonc.2021.621278,33791209,https://doi.org/10.3389/fonc.2021.621278,Included,,retrieved,reviews/AIBIO_GU/screening/full_text/REC-AIBIOGU-000544.pdf
REC-AIBIOGU-000545,Exploration of an Integrative Prognostic Model of Radiogenomics Features With Underlying Gene Expression Patterns in Clear Cell Renal Cell Carcinoma.,2021,Front Oncol,"Huang, Yeqian; Zeng, Hao; Chen, Linyan; Luo, Yuling; Ma, Xuelei; Zhao, Ye",10.3389/fonc.2021.640881,33763374,https://doi.org/10.3389/fonc.2021.640881,Included,,retrieved,reviews/AIBIO_GU/screening/full_text/REC-AIBIOGU-000545.pdf
REC-AIBIOGU-000546,Artificial intelligence prediction model for overall survival of clear cell renal cell carcinoma based on a 21-gene molecular prognostic score system.,2021,Aging (Albany NY),"Peng, Qiliang; Shen, Yi; Fu, Kai; Dai, Zheng; Jin, Lu; Yang, Dongrong; Zhu, Jin",10.18632/aging.202594,33686949,https://doi.org/10.18632/aging.202594,Included,,retrieved,reviews/AIBIO_GU/screening/full_text/REC-AIBIOGU-000546.pdf
REC-AIBIOGU-000547,A convention-radiomics CT nomogram for differentiating fat-poor angiomyolipoma from clear cell renal cell carcinoma.,2021,Sci Rep,"Ma, Yanqing; Ma, Weijun; Xu, Xiren; Guan, Zheng; Pang, Peipei",10.1038/s41598-021-84244-3,33633296,https://doi.org/10.1038/s41598-021-84244-3,Included,,retrieved,reviews/AIBIO_GU/screening/full_text/REC-AIBIOGU-000547.pdf
REC-AIBIOGU-000548,Development and Clinical Validation of a Seven-Gene Prognostic Signature Based on Multiple Machine Learning Algorithms in Kidney Cancer.,2021,Cell Transplant,"Tian, Mi; Wang, Tao; Wang, Peng",10.1177/0963689720969176,33626918,https://doi.org/10.1177/0963689720969176,Included,,retrieved,reviews/AIBIO_GU/screening/full_text/REC-AIBIOGU-000548.pdf
REC-AIBIOGU-000551,T1 Stage Clear Cell Renal Cell Carcinoma: A CT-Based Radiomics Nomogram to Estimate the Risk of Recurrence and Metastasis.,2020,Front Oncol,"Kang, Bing; Sun, Cong; Gu, Hui; Yang, Shifeng; Yuan, Xianshun; Ji, Congshan; Huang, Zhaoqin; Yu, Xinxin; Duan, Shaofeng; Wang, Ximing",10.3389/fonc.2020.579619,33251142,https://doi.org/10.3389/fonc.2020.579619,Included,,retrieved,reviews/AIBIO_GU/screening/full_text/REC-AIBIOGU-000551.pdf
REC-AIBIOGU-000554,Preoperative CT Radiomics Predicting the SSIGN Risk Groups in Patients With Clear Cell Renal Cell Carcinoma: Development and Multicenter Validation.,2020,Front Oncol,"Jiang, Yi; Li, Wuchao; Huang, Chencui; Tian, Chong; Chen, Qi; Zeng, Xianchun; Cao, Yin; Chen, Yi; Yang, Yintong; Liu, Heng; Bo, Yonghua; Luo, Chenggong; Li, Yiming; Zhang, Tijiang; Wang, Rongping",10.3389/fonc.2020.00909,32850304,https://doi.org/10.3389/fonc.2020.00909,Included,,retrieved,reviews/AIBIO_GU/screening/full_text/REC-AIBIOGU-000554.pdf
REC-AIBIOGU-000555,Novel prognostic prediction model constructed through machine learning on the basis of methylation-driven genes in kidney renal clear cell carcinoma.,2020,Biosci Rep,"Tang, Weihao; Cao, Yiling; Ma, Xiaoke",10.1042/bsr20201604,32633782,https://doi.org/10.1042/bsr20201604,Included,,retrieved,reviews/AIBIO_GU/screening/full_text/REC-AIBIOGU-000555.pdf
REC-AIBIOGU-000557,A Computed Tomography-Based Radiomics Nomogram to Preoperatively Predict Tumor Necrosis in Patients With Clear Cell Renal Cell Carcinoma.,2020,Front Oncol,"Jiang, Yi; Li, Wuchao; Huang, Chencui; Tian, Chong; Chen, Qi; Zeng, Xianchun; Cao, Yin; Chen, Yi; Yang, Yintong; Liu, Heng; Bo, Yonghua; Luo, Chenggong; Li, Yiming; Zhang, Tijiang; Wang, Rongping",10.3389/fonc.2020.00592,32547934,https://doi.org/10.3389/fonc.2020.00592,Included,,retrieved,reviews/AIBIO_GU/screening/full_text/REC-AIBIOGU-000557.pdf
REC-AIBIOGU-000561,Fifteen-gene expression based model predicts the survival of clear cell renal cell carcinoma.,2018,Medicine (Baltimore),"Li, Ping; Ren, He; Zhang, Yan; Zhou, Zhaoli",10.1097/md.0000000000011839,30113474,https://doi.org/10.1097/md.0000000000011839,Included,,retrieved,reviews/AIBIO_GU/screening/full_text/REC-AIBIOGU-000561.pdf
REC-AIBIOGU-000563,Integrative radiomics expression predicts molecular subtypes of primary clear cell renal cell carcinoma.,2018,Clin Radiol,"Yin, Q; Hung, S-C; Rathmell, W K; Shen, L; Wang, L; Lin, W; Fielding, J R; Khandani, A H; Woods, M E; Milowsky, M I; Brooks, S A; Wallen, E M; Shen, D",10.1016/j.crad.2018.04.009,29801658,https://doi.org/10.1016/j.crad.2018.04.009,Included,,retrieved,reviews/AIBIO_GU/screening/full_text/REC-AIBIOGU-000563.pdf
REC-AIBIOGU-000564,A novel machine learning approach reveals latent vascular phenotypes predictive of renal cancer outcome.,2017,Sci Rep,"Ing, Nathan; Huang, Fangjin; Conley, Andrew; You, Sungyong; Ma, Zhaoxuan; Klimov, Sergey; Ohe, Chisato; Yuan, Xiaopu; Amin, Mahul B; Figlin, Robert; Gertych, Arkadiusz; Knudsen, Beatrice S",10.1038/s41598-017-13196-4,29038551,https://doi.org/10.1038/s41598-017-13196-4,Included,,retrieved,reviews/AIBIO_GU/screening/full_text/REC-AIBIOGU-000564.pdf
REC-AIBIOGU-000580,"Effective analysis of testicular seminoma toxicity and mechanisms of acetyl tributyl citrate using network toxicology, bulk RNA sequencing data, single-cell RNA sequencing data, and clinical data.",2026,Front Immunol,"Yi, Haisheng; Gong, Yibo; Yang, Wenjie; Jia, Yinzhao; Chen, Jintao; Zhang, Chao; Lin, Xueming; Tian, Hua; Wu, Bo; Cao, Xiaoming; Liang, Gang; Yuan, Xiaobin",10.3389/fimmu.2026.1752528,42516376,https://doi.org/10.3389/fimmu.2026.1752528,Included,,retrieved,reviews/AIBIO_GU/screening/full_text/REC-AIBIOGU-000580.pdf
REC-AIBIOGU-000591,Machine Learning Model Integrating Computed Tomography Image-Derived Radiomics and Circulating miRNAs to Predict Residual Teratoma in Metastatic Nonseminoma Testicular Cancer.,2025,JCO Clin Cancer Inform,"Ozgun, Guliz; Abdalvand, Neda; Ozcan, Gizem; Nip, Ka Mun; Khazamipour, Nastaran; Rahmim, Arman; Bell, Robert; MauriceDror, Corinne; Soleimani, Maryam; Chi, Kim; Eigl, Bernhard J; Nichols, Craig; Kollmannsberger, Christian; Yuan, Ren; Nappi, Lucia",10.1200/cci-25-00105,40854169,https://doi.org/10.1200/cci-25-00105,Included,,retrieved,reviews/AIBIO_GU/screening/full_text/REC-AIBIOGU-000591.pdf
REC-AIBIOGU-000602,A predictive system comprising serum microRNAs and radiomics for residual retroperitoneal masses in metastatic nonseminomatous germ cell tumors.,2024,Cell Rep Med,"Li, Xiangdong; Ding, Renjie; Liu, Zhenhua; Teixeira, Wilhem M S; Ye, Jingwei; Tian, Li; Li, Haojiang; Guo, Shengjie; Yao, Kai; Ma, Zikun; Liu, Zhuowei",10.1016/j.xcrm.2024.101843,39672156,https://doi.org/10.1016/j.xcrm.2024.101843,Included,,retrieved,reviews/AIBIO_GU/screening/full_text/REC-AIBIOGU-000602.pdf
REC-AIBIOGU-000609,Radiomics and Clinicopathological Characteristics for Predicting Lymph Node Metastasis in Testicular Cancer.,2023,Cancers (Basel),"Lisson, Catharina Silvia; Manoj, Sabitha; Wolf, Daniel; Lisson, Christoph Gerhard; Schmidt, Stefan A; Beer, Meinrad; Thaiss, Wolfgang; Bolenz, Christian; Zengerling, Friedemann; Goetz, Michael",10.3390/cancers15235630,38067334,https://doi.org/10.3390/cancers15235630,Included,,retrieved,reviews/AIBIO_GU/screening/full_text/REC-AIBIOGU-000609.pdf
REC-AIBIOGU-000633,Machine learning–derived exosome-related biomarkers for prostate cancer diagnosis and AKR1B1-centered functional characterization,2026,,Fu J; Chen J; Liu C; Ren W; Wu C,10.21203/rs.3.rs-9681475/v1,,https://doi.org/10.21203/rs.3.rs-9681475/v1,Included,,retrieved,reviews/AIBIO_GU/screening/full_text/REC-AIBIOGU-000633.pdf
REC-AIBIOGU-000641,Identification of prognostic signature of cancer-associated fibroblasts associated with castration resistance prostate cancer based on Weighted Gene Co-expression Network Analysis,2023,,Zhang W; Che B; Liu M; Li W; Huang T; Yu Y; Xu S; He J; Zha C; Peng Z; Huang K; Tang K,10.21203/rs.3.rs-2777724/v1,,https://doi.org/10.21203/rs.3.rs-2777724/v1,Included,,retrieved,reviews/AIBIO_GU/screening/full_text/REC-AIBIOGU-000641.pdf
REC-AIBIOGU-000646,Prognostic Value and Possible Mechanism of m6A Methyltransferase METTL3 in Prostate Cancer,2022,,Li H; Fei X; Shen Y; Wu Z,10.21203/rs.3.rs-1204194/v1,,https://doi.org/10.21203/rs.3.rs-1204194/v1,Included,,retrieved,reviews/AIBIO_GU/screening/full_text/REC-AIBIOGU-000646.pdf
REC-AIBIOGU-000651,Predicting bladder cancer molecular subtypes linked to bacillus Calmette-Guerin response from histology images using deep learning,2026,,Khoraminia F; Olislagers M; de Jong FC; Akram F; Nakauma Gonzalez A; Lichtenberg D; Stubbs A; Costello JC; Rijstenberg L; van Leenders GJLH; Vrieling A; Aben KKH; Kiemeney LALM; Hoedemaeker RF; Bangma CH; Vermeulen S; Litjens G; Khalili N; Zuiverloon TC,10.64898/2026.05.05.26352375,,https://doi.org/10.64898/2026.05.05.26352375,Included,,retrieved,reviews/AIBIO_GU/screening/full_text/REC-AIBIOGU-000651.pdf
REC-AIBIOGU-000652,Identification and experimental validation of biomarkers associated with amino acid metabolism and ferroptosis in bladder cancer,2026,,Shu L; Xiao F; Jiang X; Zhang T; Chen H; Zhang Z; Zhu Y,10.21203/rs.3.rs-9388494/v1,,https://doi.org/10.21203/rs.3.rs-9388494/v1,Included,,retrieved,reviews/AIBIO_GU/screening/full_text/REC-AIBIOGU-000652.pdf
REC-AIBIOGU-000653,Deep Learning Bridges Histology and Transcriptomics to Predict Molecular Subtypes and Outcomes in Muscle-Invasive Bladder Cancer,2025,,Blondel A; Krucker C; Harter V; Da Silva M; Groeneveld CS; de Reynies A; Karimi M; Benhamou S; Bernard-Pierrot I; Pfister C; Culine S; Allory Y; Walter T; Fontugne J,10.1101/2025.10.23.684013,,https://doi.org/10.1101/2025.10.23.684013,Included,,retrieved,reviews/AIBIO_GU/screening/full_text/REC-AIBIOGU-000653.pdf
REC-AIBIOGU-000654,Muscle-invasive bladder cancer subtyping and prognosis: a multi-omics study based on a ferroptosis and cuproptosis-related signature,2024,,Hao S; Yang Z; Wang G; Cai G; Qin Y,10.21203/rs.3.rs-4294120/v1,,https://doi.org/10.21203/rs.3.rs-4294120/v1,Included,,retrieved,reviews/AIBIO_GU/screening/full_text/REC-AIBIOGU-000654.pdf
REC-AIBIOGU-000655,Predicting preoperative muscle invasion status for bladder cancer using computed tomography-based radiomics nomogram,2023,,Zhang R; Jia S; Zhai L; Wu F; Zhang S; Li F,10.21203/rs.3.rs-3594547/v1,,https://doi.org/10.21203/rs.3.rs-3594547/v1,Included,,retrieved,reviews/AIBIO_GU/screening/full_text/REC-AIBIOGU-000655.pdf
REC-AIBIOGU-000656,Feasibility Analysis of Arterial CT Radiomics Model to Predict the Risk of Local and Metastatic Recurrence after Radical Cystectomy for Bladder Cancer,2023,,LV H; Zhou X; Liu Y; Liu Y; Chen Z,10.21203/rs.3.rs-3182123/v1,,https://doi.org/10.21203/rs.3.rs-3182123/v1,Included,,retrieved,reviews/AIBIO_GU/screening/full_text/REC-AIBIOGU-000656.pdf
REC-AIBIOGU-000657,Prediction of histopathologic grades of bladder cancer with radiomics based on MRI: comparison with traditional MRI,2023,,Li L; Zhang J; Zhe X; Tang M; Zhang L; Lei X; Zhang X,10.21203/rs.3.rs-3188308/v1,,https://doi.org/10.21203/rs.3.rs-3188308/v1,Included,,retrieved,reviews/AIBIO_GU/screening/full_text/REC-AIBIOGU-000657.pdf
REC-AIBIOGU-000658,"A Novel Nomogram Combined With Radiomics Features, Age and Albuminuria to Predict the Pathological Grade of Bladder Cancer Running Title: Application Study on the Prediction Model of Bladder Cancer Pathological Grade Based on Parameters of Thin-layer Enhanced CT. Author Information",2021,,Zhou Q; Ma L; Zhang H; Ang X; Hu C; Mao C; Zhang Z; Ouyang J,10.21203/rs.3.rs-891133/v1,,https://doi.org/10.21203/rs.3.rs-891133/v1,Included,,retrieved,reviews/AIBIO_GU/screening/full_text/REC-AIBIOGU-000658.pdf
REC-AIBIOGU-000659,Prediction of bladder cancer grade based on biparametric MRI radiomics: comparison with traditional MRI,2023,,Li L; Zhang J; Zhe X; Tang M; Zhang L; Lei X; Zhang X,10.21203/rs.3.rs-2875307/v1,,https://doi.org/10.21203/rs.3.rs-2875307/v1,Included,,retrieved,reviews/AIBIO_GU/screening/full_text/REC-AIBIOGU-000659.pdf
REC-AIBIOGU-000661,"Integrated analysis of multimodal bladder cancer data based on CT, Whole Slide Image and Transcriptome",2021,,Wu P; Wu K; Li Z; Liu H; Yang K; Zhou R; Zhou Z; Xing N; Wu S,10.21203/rs.3.rs-628673/v1,,https://doi.org/10.21203/rs.3.rs-628673/v1,Included,,retrieved,reviews/AIBIO_GU/screening/full_text/REC-AIBIOGU-000661.pdf
REC-AIBIOGU-000662,Multiphase CT-based Deep learning radiomics nomogram Models for preoperative WHO/ISUP grading of clear cell renal cell carcinoma: a two-center validation study,2025,,Yang C; Zhang Z; Wu B; Zhao H; Ma T; Luo Y; Liao W; Yao X,10.21203/rs.3.rs-7316367/v1,,https://doi.org/10.21203/rs.3.rs-7316367/v1,Included,,retrieved,reviews/AIBIO_GU/screening/full_text/REC-AIBIOGU-000662.pdf
REC-AIBIOGU-000663,Development of a Prognostic Index for Clear Cell Renal Cell Carcinoma Using Machine Learning and Multi-omics Analysis to Enhance Clinical Outcomes and Drug Sensitivity,2026,,Tang F; Liao s; Hou x; Zhang b,10.21203/rs.3.rs-10277358/v1,,https://doi.org/10.21203/rs.3.rs-10277358/v1,Included,,retrieved,reviews/AIBIO_GU/screening/full_text/REC-AIBIOGU-000663.pdf
REC-AIBIOGU-000664,Single-Cell Multi-Omics Dissection of Malignant Evolutionary Mechanisms and Construction of a Prognostic Model for Clear Cell Renal Cell Carcinoma,2026,,Liu R; Shi Y; Xiao Y; Ren B; Li L; Qi B; Li T; Zhang Y; Gao J,10.64898/2026.06.04.730125,,https://doi.org/10.64898/2026.06.04.730125,Included,,retrieved,reviews/AIBIO_GU/screening/full_text/REC-AIBIOGU-000664.pdf
REC-AIBIOGU-000665,Prognostic Value and Immune Relevance of Ultrafiltration Failure–Related Genes in Clear Cell Renal Cell Carcinoma,2025,,Liu Y; Tao Y; Wang J; Liu W; Jiang S; Jiang R; Shen L; Ren X; Yang J,10.21203/rs.3.rs-7839463/v1,,https://doi.org/10.21203/rs.3.rs-7839463/v1,Included,,retrieved,reviews/AIBIO_GU/screening/full_text/REC-AIBIOGU-000665.pdf
REC-AIBIOGU-000666,A MRI-based radiomics nomogram for differentiation of fat-poor renal angiomyolipoma from nodular clear cell renal cell carcinoma,2024,,Chai S; Yang Y; Ma C; Ma Z,10.21203/rs.3.rs-4121605/v1,,https://doi.org/10.21203/rs.3.rs-4121605/v1,Included,,retrieved,reviews/AIBIO_GU/screening/full_text/REC-AIBIOGU-000666.pdf
REC-AIBIOGU-000667,Multiregional radiomics nomogram for postoperative recurrence risk stratification in localized clear cell renal cell carcinoma,2024,,Li X; Guo Y; Wang F; Huang S; Zhou J; Dai C; Lin D,10.21203/rs.3.rs-3995515/v1,,https://doi.org/10.21203/rs.3.rs-3995515/v1,Included,,retrieved,reviews/AIBIO_GU/screening/full_text/REC-AIBIOGU-000667.pdf
REC-AIBIOGU-000668,Multiphase CT radiomics nomogram for preoperatively predicting the WHO/ISUP nuclear grade of small (&lt; 4 cm) clear cell renal cell carcinoma,2023,,Gao Y; Wang X; Zhao X; Zhu C; Li C; Li J; Wu X,10.21203/rs.3.rs-2612246/v1,,https://doi.org/10.21203/rs.3.rs-2612246/v1,Included,,retrieved,reviews/AIBIO_GU/screening/full_text/REC-AIBIOGU-000668.pdf
REC-AIBIOGU-000669,Comprehensive analysis of RNA sequencing and integrated machine learning reveals a metabolism related prognostic signature for improving outcomes in ccRCC,2024,,Liu X; Liu Y; Yan Z; Yang R; Wang M; Wang L; Weng X; Chen Z,10.21203/rs.3.rs-4362266/v1,,https://doi.org/10.21203/rs.3.rs-4362266/v1,Included,,retrieved,reviews/AIBIO_GU/screening/full_text/REC-AIBIOGU-000669.pdf
REC-AIBIOGU-000670,Machine Learning-Driven Prognostic Analysis of Cuproptosis and Disulfidptosis-related lncRNAs in Clear Cell Renal Cell Carcinoma: A Step Towards Precision Oncology,2023,,Chen R; Wu J; Che Y; Jiao Y; Sun H; Zhao Y; Chen P; Meng L; Zhao T,10.21203/rs.3.rs-3582005/v1,,https://doi.org/10.21203/rs.3.rs-3582005/v1,Included,,retrieved,reviews/AIBIO_GU/screening/full_text/REC-AIBIOGU-000670.pdf
REC-AIBIOGU-000671,A risk signature constructed by Tregs-related genes predict the clinical outcomes and immune therapeutic response in kidney cancer,2024,,Li G; Cui J; Li T; Li W; Chen P,10.21203/rs.3.rs-4697181/v1,,https://doi.org/10.21203/rs.3.rs-4697181/v1,Included,,retrieved,reviews/AIBIO_GU/screening/full_text/REC-AIBIOGU-000671.pdf
REC-AIBIOGU-000672,Prediction of clear cell renal cell carcinoma prognosis based on an immunogenomic landscape analysis,2023,,Wang C; Zhang X; Zhu S; Hu B; Deng Z; Feng H; Liu B; Luan Y; Liu Z; Wang S; Liu J; Wang T; Wu Y,10.21203/rs.3.rs-2722925/v1,,https://doi.org/10.21203/rs.3.rs-2722925/v1,Included,,retrieved,reviews/AIBIO_GU/screening/full_text/REC-AIBIOGU-000672.pdf
REC-AIBIOGU-000673,Machine Learning Gene Signature to Metastatic ccRCC based on ceRNA Network,2023,,Farias E; Terrematte P; Stransky B,10.1101/2023.07.31.551358,,https://doi.org/10.1101/2023.07.31.551358,Included,,retrieved,reviews/AIBIO_GU/screening/full_text/REC-AIBIOGU-000673.pdf
REC-AIBIOGU-000674,Machine Learning for Prognosis of Clear Cell Renal Cell Carcinoma Based on Pyroptosis Regulators,2022,,Yang C; Yu T; Li Q; Lin Q,10.21203/rs.3.rs-1600390/v1,,https://doi.org/10.21203/rs.3.rs-1600390/v1,Included,,retrieved,reviews/AIBIO_GU/screening/full_text/REC-AIBIOGU-000674.pdf
REC-AIBIOGU-000677,PLA2G2A⁺ CAFs as a Key Driver of Lymph Node Metastasis in Penile Cancer and Its Underlying Mechanisms,2026,,chen h; weijia c; fan L; minghong f; jianglai w; zijian t; yu b; hong s,10.21203/rs.3.rs-8936508/v1,,https://doi.org/10.21203/rs.3.rs-8936508/v1,Included,,retrieved,reviews/AIBIO_GU/screening/full_text/REC-AIBIOGU-000677.pdf
REC-AIBIOGU-000681,Machine Learning Classifiers for Predictive Biomarkers Combining Clinical and Radiomic Data in Testicular Cancer,2023,,Lisson CS; Manoj S; Wolf D; Lisson CG; Schmidt SA; Beer M; Thaiss W; Bolenz C; Zengerling F; Goetz M,10.20944/preprints202310.1175.v1,,https://doi.org/10.20944/preprints202310.1175.v1,Included,,retrieved,reviews/AIBIO_GU/screening/full_text/REC-AIBIOGU-000681.pdf
REC-AIBIOGU-000683,Radiomics Analyses to Predict Histopathology in Patients with Metastatic Testicular Germ Cell Tumors before Post-Chemotherapy Retroperitoneal Lymph Node Dissection.,2023,J Imaging,Scavuzzo A; Pasini G; Crescio E; Jimenez-Rios MA; Figueroa-Rodriguez P; Comelli A; Russo G; Vazquez IC; Araiza SM; Ortiz DG; Perez Montiel D; Lopez Saavedra A; Stefano A,10.3390/jimaging9100213,37888320,https://doi.org/10.3390/jimaging9100213,Included,,retrieved,reviews/AIBIO_GU/screening/full_text/REC-AIBIOGU-000683.pdf
REC-AIBIOGU-000684,CT Radiomics and Clinical Feature Model to Predict Lymph Node Metastases in Early-Stage Testicular Cancer,2023,,Lisson CS; Manoj S; Wolf D; Schrader J; Schmidt SA; Beer M; Goetz M; Zengerling F; Lisson CG,10.20944/preprints202302.0025.v1,,https://doi.org/10.20944/preprints202302.0025.v1,Included,,retrieved,reviews/AIBIO_GU/screening/full_text/REC-AIBIOGU-000684.pdf
REC-AIBIOGU-000688,Deep Learning for Subtypes Identification of Pure Seminoma of the Testis.,2024,Clin Pathol,Medvedev KE; Acosta PH; Jia L; Grishin NV,10.1177/2632010x241232302,38380227,https://doi.org/10.1177/2632010x241232302,Included,,retrieved,reviews/AIBIO_GU/screening/full_text/REC-AIBIOGU-000688.pdf
REC-AIBIOGU-000692,Machine learning-based CT texture analysis in the differentiation of testicular masses.,2023,Front Oncol,Hu C; Qiao X; Xu Z; Zhang Z; Zhang X,10.3389/fonc.2023.1284040,38293700,https://doi.org/10.3389/fonc.2023.1284040,Included,,retrieved,reviews/AIBIO_GU/screening/full_text/REC-AIBIOGU-000692.pdf
REC-AIBIOGU-000695,T2-Weighted Image-Based Radiomics Signature for Discriminating Between Seminomas and Nonseminoma.,2019,Front Oncol,Zhang P; Feng Z; Cai W; You H; Fan C; Lv W; Min X; Wang L,10.3389/fonc.2019.01330,31850216,https://doi.org/10.3389/fonc.2019.01330,Included,,retrieved,reviews/AIBIO_GU/screening/full_text/REC-AIBIOGU-000695.pdf
REC-AIBIOGU-000696,Applying Radiomics to Predict Pathology of Postchemotherapy Retroperitoneal Nodal Masses in Germ Cell Tumors.,2018,JCO Clin Cancer Inform,Lewin J; Dufort P; Halankar J; O'Malley M; Jewett MAS; Hamilton RJ; Gupta A; Lorenzo A; Traubici J; Nayan M; Leão R; Warde P; Chung P; Anson Cartwright L; Sweet J; Hansen AR; Metser U; Bedard PL,10.1200/cci.18.00004,30652572,https://doi.org/10.1200/cci.18.00004,Included,,retrieved,reviews/AIBIO_GU/screening/full_text/REC-AIBIOGU-000696.pdf
REC-AIBIOGU-000702,H&E-stained whole slide image deep learning predicts SPOP mutation state in prostate cancer,2018,bioRxiv,Schaumberg,10.1101/064279,,,Included,,retrieved,reviews/AIBIO_GU/screening/full_text/REC-AIBIOGU-000702.pdf
REC-AIBIOGU-000706,Automated tumour budding quantification by machine learning augments TNM staging in muscle-invasive bladder cancer prognosis.,2019,Sci Rep,"Brieu N, Gavriel CG, Nearchou IP, Harrison DJ, Schmidt G, Caie PD.",10.1038/s41598-019-41595-2,30914794,,Included,,retrieved,reviews/AIBIO_GU/screening/full_text/REC-AIBIOGU-000706.pdf
REC-AIBIOGU-000711,Pan-Renal Cell Carcinoma classification and survival prediction from histopathology images using deep learning.,2019,Sci Rep,"Tabibu S, Vinod PK, Jawahar CV.",10.1038/s41598-019-46718-3,31324828,,Included,,retrieved,reviews/AIBIO_GU/screening/full_text/REC-AIBIOGU-000711.pdf
REC-AIBIOGU-000713,Radiomics and machine learning of multisequence multiparametric prostate MRI: Towards improved non-invasive prostate cancer characterization.,2019,PLoS One,"Toivonen J, Montoya Perez I, Movahedi P, Merisaari H, Pesola M, Taimen P, Bostrom PJ, Pohjankukka J, Kiviniemi A, Pahikkala T, Aronen HJ, Jambor I.",10.1371/journal.pone.0217702,31283771,,Included,,retrieved,reviews/AIBIO_GU/screening/full_text/REC-AIBIOGU-000713.pdf
REC-AIBIOGU-000714,Random forest-based modelling to detect biomarkers for prostate cancer progression.,2019,Clin Epigenetics,"Toth R, Schiffmann H, Hube-Magg C, Buscheck F, Hoflmayer D, Weidemann S, Lebok P, Fraune C, Minner S, Schlomm T, Sauter G, Plass C, Assenov Y, Simon R, Meiners J, Gerhauser C.",10.1186/s13148-019-0736-8,31640781,,Included,,retrieved,reviews/AIBIO_GU/screening/full_text/REC-AIBIOGU-000714.pdf
REC-AIBIOGU-000716,A CT-based radiomics model to detect prostate cancer lymph node metastases in PSMA radioguided surgery patients.,2020,Eur J Nucl Med Mol Imaging,"Peeken JC, Shouman MA, Kroenke M, Rauscher I, Maurer T, Gschwend JE, Eiber M, Combs SE.",10.1007/s00259-020-04864-1,32468251,,Included,,retrieved,reviews/AIBIO_GU/screening/full_text/REC-AIBIOGU-000716.pdf
REC-AIBIOGU-000717,Differentiation of low and high grade renal cell carcinoma on routine MRI with an externally validated automatic machine learning algorithm.,2020,Sci Rep,"Purkayastha S, Zhao Y, Wu J, Hu R, McGirr A, Singh S, Chang K, Huang RY, Zhang PJ, Silva A, Soulen MC, Stavropoulos SW, Zhang Z, Bai HX.",10.1038/s41598-020-76132-z,33177576,,Included,,retrieved,reviews/AIBIO_GU/screening/full_text/REC-AIBIOGU-000717.pdf
REC-AIBIOGU-000718,Integrative multi-omics analysis of muscle-invasive bladder cancer identifies prognostic biomarkers for frontline chemotherapy and immunotherapy.,2020,Commun Biol,"Mo Q, Li R, Adeegbe DO, Peng G, Chan KS.",10.1038/s42003-020-01491-2,33335285,,Included,,retrieved,reviews/AIBIO_GU/screening/full_text/REC-AIBIOGU-000718.pdf
REC-AIBIOGU-000719,Machine learning-based analysis of [<sup>18</sup>F]DCFPyL PET radiomics for risk stratification in primary prostate cancer.,2020,Eur J Nucl Med Mol Imaging,"Cysouw MCF, Jansen BHE, van de Brug T, Oprea-Lager DE, Pfaehler E, de Vries BM, van Moorselaar RJA, Hoekstra OS, Vis AN, Boellaard R.",10.1007/s00259-020-04971-z,32737518,,Included,,retrieved,reviews/AIBIO_GU/screening/full_text/REC-AIBIOGU-000719.pdf
REC-AIBIOGU-000726,Value of radiomics in differential diagnosis of chromophobe renal cell carcinoma and renal oncocytoma.,2020,Abdom Radiol (NY),"Li Y, Huang X, Xia Y, Long L.",10.1007/s00261-019-02269-9,31664486,,Included,,retrieved,reviews/AIBIO_GU/screening/full_text/REC-AIBIOGU-000726.pdf
REC-AIBIOGU-000730,Computed Tomography Radiomics for Predicting Pathological Grade of Renal Cell Carcinoma.,2021,Front Oncol,"Yi X, Xiao Q, Zeng F, Yin H, Li Z, Qian C, Wang C, Lei G, Xu Q, Li C, Li M, Gong G, Zee C, Guan X, Liu L, Chen BT.",10.3389/fonc.2020.570396,33585193,,Included,,retrieved,reviews/AIBIO_GU/screening/full_text/REC-AIBIOGU-000730.pdf
REC-AIBIOGU-000731,Computed Tomography-Based Radiomics Model for Predicting the WHO/ISUP Grade of Clear Cell Renal Cell Carcinoma Preoperatively: A Multicenter Study.,2021,Front Oncol,"Wang R, Hu Z, Shen X, Wang Q, Zhang L, Wang M, Feng Z, Chen F.",10.3389/fonc.2021.543854,33718124,,Included,,retrieved,reviews/AIBIO_GU/screening/full_text/REC-AIBIOGU-000731.pdf
REC-AIBIOGU-000735,MRI-Based Grading of Clear Cell Renal Cell Carcinoma Using a Machine Learning Classifier.,2021,Front Oncol,"Chen XY, Zhang Y, Chen YX, Huang ZQ, Xia XY, Yan YX, Xu MP, Chen W, Wang XL, Chen QL.",10.3389/fonc.2021.708655,34660276,,Included,,retrieved,reviews/AIBIO_GU/screening/full_text/REC-AIBIOGU-000735.pdf
REC-AIBIOGU-000736,"MRI-based radiomics models to assess prostate cancer, extracapsular extension and positive surgical margins.",2021,Cancer Imaging,"He D, Wang X, Fu C, Wei X, Bao J, Ji X, Bai H, Xia W, Gao X, Huang Y, Hou J.",10.1186/s40644-021-00414-6,34225808,,Included,,retrieved,reviews/AIBIO_GU/screening/full_text/REC-AIBIOGU-000736.pdf
REC-AIBIOGU-000737,MRI-derived radiomics model for baseline prediction of prostate cancer progression on active surveillance.,2021,Sci Rep,"Sushentsev N, Rundo L, Blyuss O, Gnanapragasam VJ, Sala E, Barrett T.",10.1038/s41598-021-92341-6,34155265,,Included,,retrieved,reviews/AIBIO_GU/screening/full_text/REC-AIBIOGU-000737.pdf
REC-AIBIOGU-000739,Machine learning-based CT radiomics approach for predicting WHO/ISUP nuclear grade of clear cell renal cell carcinoma: an exploratory and comparative study.,2021,Insights Imaging,"Xv Y, Lv F, Guo H, Zhou X, Tan H, Xiao M, Zheng Y.",10.1186/s13244-021-01107-1,34800179,,Included,,retrieved,reviews/AIBIO_GU/screening/full_text/REC-AIBIOGU-000739.pdf
REC-AIBIOGU-000740,Magnetic resonance imaging-based radiomics signature for preoperative prediction of Ki67 expression in bladder cancer.,2021,Cancer Imaging,"Zheng Z, Gu Z, Xu F, Maskey N, He Y, Yan Y, Xu T, Liu S, Yao X.",10.1186/s40644-021-00433-3,34863282,,Included,,retrieved,reviews/AIBIO_GU/screening/full_text/REC-AIBIOGU-000740.pdf
REC-AIBIOGU-000746,Robust Prognostic Subtyping of Muscle-Invasive Bladder Cancer Revealed by Deep Learning-Based Multi-Omics Data Integration.,2021,Front Oncol,"Zhang X, Wang J, Lu J, Su L, Wang C, Huang Y, Zhang X, Zhu X.",10.3389/fonc.2021.689626,34422643,,Included,,retrieved,reviews/AIBIO_GU/screening/full_text/REC-AIBIOGU-000746.pdf
REC-AIBIOGU-000748,A CT-based radiomics model for predicting renal capsule invasion in renal cell carcinoma.,2022,BMC Med Imaging,"Yang L, Gao L, Arefan D, Tan Y, Dan H, Zhang J.",10.1186/s12880-022-00741-5,35094674,,Included,,retrieved,reviews/AIBIO_GU/screening/full_text/REC-AIBIOGU-000748.pdf
REC-AIBIOGU-000749,An Ultrasonic-Based Radiomics Nomogram for Distinguishing Between Benign and Malignant Solid Renal Masses.,2022,Front Oncol,"Li C, Qiao G, Li J, Qi L, Wei X, Zhang T, Li X, Deng S, Wei X, Ma W.",10.3389/fonc.2022.847805,35311142,,Included,,retrieved,reviews/AIBIO_GU/screening/full_text/REC-AIBIOGU-000749.pdf
REC-AIBIOGU-000750,Application Value of Radiomic Nomogram in the Differential Diagnosis of Prostate Cancer and Hyperplasia.,2022,Front Oncol,"Gui S, Lan M, Wang C, Nie S, Fan B.",10.3389/fonc.2022.859625,35494065,,Included,,retrieved,reviews/AIBIO_GU/screening/full_text/REC-AIBIOGU-000750.pdf
REC-AIBIOGU-000759,Evaluation of the Efficiency of MRI-Based Radiomics Classifiers in the Diagnosis of Prostate Lesions.,2022,Front Oncol,"Li L, Gu L, Kang B, Yang J, Wu Y, Liu H, Lai S, Wu X, Jiang J.",10.3389/fonc.2022.934108,35865467,,Included,,retrieved,reviews/AIBIO_GU/screening/full_text/REC-AIBIOGU-000759.pdf
REC-AIBIOGU-000760,Feasibility Study on Predicting Recurrence Risk of Bladder Cancer Based on Radiomics Features of Multiphase CT Images.,2022,Front Oncol,"Qian J, Yang L, Hu S, Gu S, Ye J, Li Z, Du H, Shen H.",10.3389/fonc.2022.899897,35719972,,Included,,retrieved,reviews/AIBIO_GU/screening/full_text/REC-AIBIOGU-000760.pdf
REC-AIBIOGU-000764,Multiparametric MRI and Machine Learning Based Radiomic Models for Preoperative Prediction of Multiple Biological Characteristics in Prostate Cancer.,2022,Front Oncol,"Fan X, Xie N, Chen J, Li T, Cao R, Yu H, He M, Wang Z, Wang Y, Liu H, Wang H, Yin X.",10.3389/fonc.2022.839621,35198452,,Included,,retrieved,reviews/AIBIO_GU/screening/full_text/REC-AIBIOGU-000764.pdf
REC-AIBIOGU-000768,Predictive radiomics signature for treatment response to nivolumab in patients with advanced renal cell carcinoma.,2022,Can Urol Assoc J,"Malone ER, Sim HW, Stundzia A, Pierre S, Metser U, O'Malley M, Sacher AG, Sridhar SS, Hansen AR.",10.5489/cuaj.7467,34582343,,Included,,retrieved,reviews/AIBIO_GU/screening/full_text/REC-AIBIOGU-000768.pdf
REC-AIBIOGU-000769,Prostate cancer therapy personalization via multi-modal deep learning on randomized phase III clinical trials.,2022,NPJ Digit Med,"Esteva A, Feng J, van der Wal D, Huang SC, Simko JP, DeVries S, Chen E, Schaeffer EM, Morgan TM, Sun Y, Ghorbani A, Naik N, Nathawani D, Socher R, Michalski JM, Roach M 3rd, Pisansky TM, Monson JM, Naz F, Wallace J, Ferguson MJ, Bahary JP, Zou J, Lungren M, Yeung S, Ross AE; NRG Prostate Cancer AI Consortium, Sandler HM, Tran PT, Spratt DE, Pugh S, Feng FY, Mohamad O, Kucharczyk M, Souhami L, Ballas L, Peters CA, Liu S, Balogh AG, Randolph-Jackson PD, Schwartz DL, Girvigian MR, Saito NG, Raben A, Rabinovitch RA, Katato K.",10.1038/s41746-022-00613-w,35676445,,Included,,retrieved,reviews/AIBIO_GU/screening/full_text/REC-AIBIOGU-000769.pdf
REC-AIBIOGU-000778,A multi-model based on radiogenomics and deep learning techniques associated with histological grade and survival in clear cell renal cell carcinoma.,2023,Insights Imaging,"Wang S, Zhu C, Jin Y, Yu H, Wu L, Zhang A, Wang B, Zhai J.",10.1186/s13244-023-01557-9,38010567,,Included,,retrieved,reviews/AIBIO_GU/screening/full_text/REC-AIBIOGU-000778.pdf
REC-AIBIOGU-000780,Comparison and analysis of multiple machine learning models for discriminating benign and malignant testicular lesions based on magnetic resonance imaging radiomics.,2023,Front Med (Lausanne),"Feng Y, Feng Z, Wang L, Lv W, Liu Z, Min X, Li J, Zhang J.",10.3389/fmed.2023.1279622,38188340,,Included,,retrieved,reviews/AIBIO_GU/screening/full_text/REC-AIBIOGU-000780.pdf
REC-AIBIOGU-000784,Deep learning and radiomic feature-based blending ensemble classifier for malignancy risk prediction in cystic renal lesions.,2023,Insights Imaging,"He QH, Feng JJ, Lv FJ, Jiang Q, Xiao MZ.",10.1186/s13244-022-01349-7,36629980,,Included,,retrieved,reviews/AIBIO_GU/screening/full_text/REC-AIBIOGU-000784.pdf
REC-AIBIOGU-000790,Interpretability of radiomics models is improved when using feature group selection strategies for predicting molecular and clinical targets in clear-cell renal cell carcinoma: insights from the TRACERx Renal study.,2023,Cancer Imaging,"Orton MR, Hann E, Doran SJ, Shepherd STC, Ap Dafydd D, Spencer CE, Lopez JI, Albarran-Artahona V, Comito F, Warren H, Shur J, Messiou C, Larkin J, Turajlic S; TRACERx Renal Consortium, Koh DM.",10.1186/s40644-023-00594-3,37580840,,Included,,retrieved,reviews/AIBIO_GU/screening/full_text/REC-AIBIOGU-000790.pdf
REC-AIBIOGU-000793,Magnetic resonance imaging radiomics-based prediction of clinically significant prostate cancer in equivocal PI-RADS 3 lesions in the transitional zone.,2023,Front Oncol,"Zhao YY, Xiong ML, Liu YF, Duan LJ, Chen JL, Xing Z, Lin YS, Chen TH.",10.3389/fonc.2023.1247682,38074651,,Included,,retrieved,reviews/AIBIO_GU/screening/full_text/REC-AIBIOGU-000793.pdf
REC-AIBIOGU-000801,Predicting prostate cancer in men with PSA levels of 4-10 ng/mL: MRI-based radiomics can help junior radiologists improve the diagnostic performance.,2023,Sci Rep,"Zhong JG, Shi L, Liu J, Cao F, Ma YQ, Zhang Y.",10.1038/s41598-023-31869-1,36964192,,Included,,retrieved,reviews/AIBIO_GU/screening/full_text/REC-AIBIOGU-000801.pdf
REC-AIBIOGU-000804,Prediction of prostate tumour hypoxia using pre-treatment MRI-derived radiomics: preliminary findings.,2023,Radiol Med,"Zhong J, Frood R, McWilliam A, Davey A, Shortall J, Swinton M, Hulson O, West CM, Buckley D, Brown S, Choudhury A, Hoskin P, Henry A, Scarsbrook A.",10.1007/s11547-023-01644-3,37198374,,Included,,retrieved,reviews/AIBIO_GU/screening/full_text/REC-AIBIOGU-000804.pdf
REC-AIBIOGU-000811,The value of a dual-energy CT Iodine map radiomics model for the prediction of collagen fiber content in the ccRCC tumor microenvironment.,2023,BMC Med Imaging,"Li Z, Wang N, Bing X, Li Y, Yao J, Li R, Ouyang A.",10.1186/s12880-023-01127-x,37968599,,Included,,retrieved,reviews/AIBIO_GU/screening/full_text/REC-AIBIOGU-000811.pdf
REC-AIBIOGU-000813,Value of handcrafted and deep radiomic features towards training robust machine learning classifiers for prediction of prostate cancer disease aggressiveness.,2023,Sci Rep,"Rodrigues A, Rodrigues N, Santinha J, Lisitskaya MV, Uysal A, Matos C, Domingues I, Papanikolaou N.",10.1038/s41598-023-33339-0,37069257,,Included,,retrieved,reviews/AIBIO_GU/screening/full_text/REC-AIBIOGU-000813.pdf
REC-AIBIOGU-000819,A nomogram based on peripheral lymphocyte for predicting 8-year survival in patients with prostate cancer: a single-center study using LASSO-cox regression.,2024,BMC Cancer,"Chen J, Yu F, He G, Hao W, Hu W.",10.1186/s12885-024-11929-z,38395827,,Included,,retrieved,reviews/AIBIO_GU/screening/full_text/REC-AIBIOGU-000819.pdf
REC-AIBIOGU-000820,A radiomics-based interpretable machine learning model to predict the HER2 status in bladder cancer: a multicenter study.,2024,Insights Imaging,"Wei Z, Bai X, Xv Y, Chen SH, Yin S, Li Y, Lv F, Xiao M, Xie Y.",10.1186/s13244-024-01840-3,39466475,,Included,,retrieved,reviews/AIBIO_GU/screening/full_text/REC-AIBIOGU-000820.pdf
REC-AIBIOGU-000822,An Integrated Machine Learning Framework Identifies Prognostic Gene Pair Biomarkers Associated with Programmed Cell Death Modalities in Clear Cell Renal Cell Carcinoma.,2024,Front Biosci (Landmark Ed),"Chen B, Zhou M, Guo L, Huang H, Sun X, Peng Z, Wu D, Chen W.",10.31083/j.fbl2903121,38538287,,Included,,retrieved,reviews/AIBIO_GU/screening/full_text/REC-AIBIOGU-000822.pdf
REC-AIBIOGU-000823,Assessing muscle invasion in bladder cancer via virtual biopsy: a study on quantitative parameters and classical radiomics features from dual-energy CT imaging.,2024,BMC Med Imaging,"Hu M, Wei W, Zhang J, Wang S, Tong X, Fan Y, Cheng Q, Liu Y, Li J, Liu L.",10.1186/s12880-024-01427-w,39285354,,Included,,retrieved,reviews/AIBIO_GU/screening/full_text/REC-AIBIOGU-000823.pdf
REC-AIBIOGU-000825,Clinical application of machine learning models in patients with prostate cancer before prostatectomy.,2024,Cancer Imaging,"Guerra A, Orton MR, Wang H, Konidari M, Maes K, Papanikolaou NK, Koh DM.",10.1186/s40644-024-00666-y,38331808,,Included,,retrieved,reviews/AIBIO_GU/screening/full_text/REC-AIBIOGU-000825.pdf
REC-AIBIOGU-000826,Comparison in prostate cancer diagnosis with PSA 4-10 ng/mL: radiomics-based model VS. PI-RADS v2.1.,2024,BMC Urol,"Li C, Jin Z, Wei C, Dai G, Tu J, Shen J.",10.1186/s12894-024-01625-2,39443896,,Included,,retrieved,reviews/AIBIO_GU/screening/full_text/REC-AIBIOGU-000826.pdf
REC-AIBIOGU-000827,Contrast-enhanced computed tomography-based radiomics nomogram for predicting HER2 status in urothelial bladder carcinoma.,2024,Front Oncol,"Peng J, Tang Z, Li T, Pan X, Feng L, Long L.",10.3389/fonc.2024.1427122,39206159,,Included,,retrieved,reviews/AIBIO_GU/screening/full_text/REC-AIBIOGU-000827.pdf
REC-AIBIOGU-000840,Interpretable machine learning model for predicting clinically significant prostate cancer: integrating intratumoral and peritumoral radiomics with clinical and metabolic features.,2024,BMC Med Imaging,"Zhao W, Hou M, Wang J, Song D, Niu Y.",10.1186/s12880-024-01548-2,39736623,,Included,,retrieved,reviews/AIBIO_GU/screening/full_text/REC-AIBIOGU-000840.pdf
REC-AIBIOGU-000847,Machine learning based on radiomics features combing B-mode transrectal ultrasound and contrast-enhanced ultrasound to improve peripheral zone prostate cancer detection.,2024,Abdom Radiol (NY),"Sun Y, Fang J, Shi Y, Li H, Wang J, Xu J, Zhang B, Liang L.",10.1007/s00261-023-04050-5,37796326,,Included,,retrieved,reviews/AIBIO_GU/screening/full_text/REC-AIBIOGU-000847.pdf
REC-AIBIOGU-000849,Machine learning pipeline to analyze clinical and proteomics data: experiences on a prostate cancer case.,2024,BMC Med Inform Decis Mak,"Vizza P, Aracri F, Guzzi PH, Gaspari M, Veltri P, Tradigo G.",10.1186/s12911-024-02491-6,38584282,,Included,,retrieved,reviews/AIBIO_GU/screening/full_text/REC-AIBIOGU-000849.pdf
REC-AIBIOGU-000853,Multi-sequence MRI-based radiomics model to preoperatively predict the WHO/ISUP grade of clear Cell Renal Cell Carcinoma: a two-center study.,2024,BMC Cancer,"Chen R, Su Q, Li Y, Shen P, Zhang J, Tan Y.",10.1186/s12885-024-12930-2,39333970,,Included,,retrieved,reviews/AIBIO_GU/screening/full_text/REC-AIBIOGU-000853.pdf
REC-AIBIOGU-000856,"Optimizing radiomics for prostate cancer diagnosis: feature selection strategies, machine learning classifiers, and MRI sequences.",2024,Insights Imaging,"Mylona E, Zaridis DI, Kalantzopoulos CΝ, Tachos NS, Regge D, Papanikolaou N, Tsiknakis M, Marias K; ProCAncer-I Consortium, Fotiadis DI, Mylona E, Zaridis D, Kalantzopoulos C, Tachos NS, Regge D, Papanikolaou N, Tsiknakis M, Marias K, Fotiadis D, Sfakianakis S, Kalokyri V, Trivizakis E, Kalliatakis G, Dimitriadis A, de Almeida JG, Verde AC, Rodrigues AC, Rodrigues N, Chambel M, Huisman H, de Rooij M, Saha A, Twilt JJ, Futterer J, Marti-Bonmati L, Cerda-Alberich L, Ribas G, Navarro S, Marfil M, Neri E, Aringhieri G, Tumminello L, Mendola V, Nan , Akata D, Ozmen M, Karaosmanoglu AD, Atak F, Karcaaltincaba M, Vilanova JC, Usinskiene J, Briediene R, Untanas A, Slidevska K, Vasilis K, Georgios G, Koh DM, Emsley R, Vit S, Ribeiro A, Doran S, Jacobs T, Garcia-Marti G, Giannini V, Mazzetti S, Cappello G, Maimone G, Napolitano V, Colantonio S, Pascali MA, Pachetti E, Del Corso G, Germanese D, Berti A, Carloni G, Kalpathy-Cramer J, Bridge C, Correia J, Hernandez W, Giavri Z, Pollalis C, Agraniotis D, Pastor AJ, Mora JM, Saillant C, Henne T, Marquez R.",10.1186/s13244-024-01783-9,39495422,,Included,,retrieved,reviews/AIBIO_GU/screening/full_text/REC-AIBIOGU-000856.pdf
REC-AIBIOGU-000858,Predicting first-line VEGFR-TKI resistance and survival in metastatic clear cell renal cell carcinoma using a clinical-radiomic nomogram.,2024,Cancer Imaging,"Wang Y, Zhang X, Wang S, Shi H, Zhao X, Chen Y.",10.1186/s40644-024-00792-7,39529158,,Included,,retrieved,reviews/AIBIO_GU/screening/full_text/REC-AIBIOGU-000858.pdf
REC-AIBIOGU-000859,Prediction of clear cell renal cell carcinoma ≤ 4cm: visual assessment of ultrasound characteristics versus ultrasonographic radiomics analysis.,2024,Front Oncol,"Yang F, Zhang D, Zhao LH, Mao YR, Mu J, Wang HL, Pang L, Yang SQ, Wei X, Liu CW.",10.3389/fonc.2024.1298710,39114306,,Included,,retrieved,reviews/AIBIO_GU/screening/full_text/REC-AIBIOGU-000859.pdf
REC-AIBIOGU-000860,Prediction of prostate cancer aggressiveness using magnetic resonance imaging radiomics: a dual-center study.,2024,Discov Oncol,"Pan N, Shi L, He D, Zhao J, Xiong L, Ma L, Li J, Ai K, Zhao L, Huang G.",10.1007/s12672-024-00980-8,38625419,,Included,,retrieved,reviews/AIBIO_GU/screening/full_text/REC-AIBIOGU-000860.pdf
REC-AIBIOGU-000868,Radiomics predicts the prognosis of patients with clear cell renal cell carcinoma by reflecting the tumor heterogeneity and microenvironment.,2024,Cancer Imaging,"Wu J, Li J, Huang B, Dong S, Wu L, Shen X, Zheng Z.",10.1186/s40644-024-00768-7,39285496,,Included,,retrieved,reviews/AIBIO_GU/screening/full_text/REC-AIBIOGU-000868.pdf
REC-AIBIOGU-000872,The value of radiomics based on 2-[18 F]FDG PET/CT in predicting WHO/ISUP grade of clear cell renal cell carcinoma.,2024,EJNMMI Res,"Han Y, Wang G, Zhang J, Pan Y, Cui J, Li C, Wang Y, Xu X, Xu B.",10.1186/s13550-024-01182-7,39570474,,Included,,retrieved,reviews/AIBIO_GU/screening/full_text/REC-AIBIOGU-000872.pdf
REC-AIBIOGU-000874,Ultrasound-based deep learning radiomics nomogram for risk stratification of testicular masses: a two-center study.,2024,J Cancer Res Clin Oncol,"Fang F, Sun Y, Huang H, Huang Y, Luo X, Yao W, Wei L, Xie G, Wu Y, Lu Z, Zhao J, Li C.",10.1007/s00432-023-05549-6,38240867,,Included,,retrieved,reviews/AIBIO_GU/screening/full_text/REC-AIBIOGU-000874.pdf
REC-AIBIOGU-000877,Using apparent diffusion coefficient maps and radiomics to predict pathological grade in upper urinary tract urothelial carcinoma.,2024,BMC Med Imaging,"Nai R, Wang K, Ma S, Xi Z, Zhang Y, Zhang X, Wang X.",10.1186/s12880-024-01540-w,39736546,,Included,,retrieved,reviews/AIBIO_GU/screening/full_text/REC-AIBIOGU-000877.pdf
REC-AIBIOGU-000881,A Robust [<sup>18</sup>F]-PSMA-1007 Radiomics Ensemble Model for Prostate Cancer Risk Stratification.,2025,J Imaging Inform Med,"Pasini G, Stefano A, Mantarro C, Richiusa S, Comelli A, Russo GI, Sabini MG, Cosentino S, Ippolito M, Russo G.",10.1007/s10278-024-01281-w,39349786,,Included,,retrieved,reviews/AIBIO_GU/screening/full_text/REC-AIBIOGU-000881.pdf
REC-AIBIOGU-000882,A multi-modal deep learning framework for predicting PSA progression-free survival in metastatic prostate cancer using PSMA PET/CT imaging,2025,,"Ghaderi H, Shen C, Issa W, Pomper MG, Oz OK, Zhang T, Wang J, Yang DX.",10.1101/2025.07.12.25331141,,,Included,,retrieved,reviews/AIBIO_GU/screening/full_text/REC-AIBIOGU-000882.pdf
REC-AIBIOGU-000886,A novel MRI-based habitat analysis and deep learning for predicting perineural invasion in prostate cancer: a two-center study.,2025,BMC Cancer,"Deng S, Huang D, Han X, Zhang H, Wang H, Mao G, Ao W.",10.1186/s12885-025-14759-9,40849663,,Included,,retrieved,reviews/AIBIO_GU/screening/full_text/REC-AIBIOGU-000886.pdf
REC-AIBIOGU-000887,A predictive model for WHO/ISUP pathologic grading of renal clear cell carcinoma based on CT radiomics: a multicenter study.,2025,BMC Nephrol,"Wu C, Xi Y, Hu J, Li G, Wang X, Jiao X, Ding Z, Sun W.",10.1186/s12882-025-04268-z,40597030,,Included,,retrieved,reviews/AIBIO_GU/screening/full_text/REC-AIBIOGU-000887.pdf
REC-AIBIOGU-000890,An MRI radiomics model for predicting a prostate-specific antigen response following abiraterone treatment in patients with metastatic castration-resistant prostate cancer.,2025,Front Oncol,"Wu Y, Liu X, Chen S, Fang F, Shi F, Xia Y, Yang Z, Lin D.",10.3389/fonc.2025.1491848,39931089,,Included,,retrieved,reviews/AIBIO_GU/screening/full_text/REC-AIBIOGU-000890.pdf
REC-AIBIOGU-000891,An interpretable CT-based deep learning model for predicting overall survival in patients with bladder cancer: a multicenter study.,2025,NPJ Precis Oncol,"Zhang M, Zhao Y, Hao D, Song Y, Lin X, Hou F, Huang Y, Yang S, Niu H, Lu C, Wang H.",10.1038/s41698-025-01083-5,40819151,,Included,,retrieved,reviews/AIBIO_GU/screening/full_text/REC-AIBIOGU-000891.pdf
REC-AIBIOGU-000892,An interpretable contrast-enhanced CT radiomics-based pipeline incorporating automatic segmentation for predicting ISUP grade group in ccRCC.,2025,BMC Med Imaging,"Ren Y, Yang F, Kang S, Zhang Y, Tao Y, Chao H, Xu M, Zheng W, Cui F.",10.1186/s12880-025-01984-8,41174567,,Included,,retrieved,reviews/AIBIO_GU/screening/full_text/REC-AIBIOGU-000892.pdf
REC-AIBIOGU-000893,An interpretable machine learning model based on CT imaging for predicting lymphovascular invasion and survival in bladder urothelial carcinoma: a multicenter study.,2025,BMC Med Imaging,"Xiao B, Zeng Q, Peng X, He Q, Xv Y, Wei Z, Xv Q, Lv F, Jiang Q, Wei S, Xiao M.",10.1186/s12880-025-02060-x,41462442,,Included,,retrieved,reviews/AIBIO_GU/screening/full_text/REC-AIBIOGU-000893.pdf
REC-AIBIOGU-000894,An unsupervised learning model that integrates clinical and MRI radiomics features outperforms existing models in predicting the 5-year progression-free survival of prostate cancer patients after prostatectomy: a multicenter study,2025,,"Hu G, Liu X, Chen Z, Zhou B, Gan H, Chen R, Zhou L, Gu Y, Liu X.",10.21203/rs.3.rs-5864691/v1,,,Included,,retrieved,reviews/AIBIO_GU/screening/full_text/REC-AIBIOGU-000894.pdf
REC-AIBIOGU-000900,Biparametric MRI-based radiomics for prediction of clinically significant prostate cancer of PI-RADS category 3 lesions.,2025,BMC Cancer,"Lu F, Zhao Y, Wang Z, Feng N.",10.1186/s12885-025-14022-1,40188349,,Included,,retrieved,reviews/AIBIO_GU/screening/full_text/REC-AIBIOGU-000900.pdf
REC-AIBIOGU-000902,CT Urography-Based Radiomics to Predict ISUP Grading of Clear Cell Renal Cell Carcinoma.,2025,J Cancer,"Jiao P, Wang B, Ni X, Lu Y, Yang R, Liu Y, Wang J, Mei H, Liu X, Weng X, Zheng Q, Chen Z.",10.7150/jca.105173,39895776,,Included,,retrieved,reviews/AIBIO_GU/screening/full_text/REC-AIBIOGU-000902.pdf
REC-AIBIOGU-000904,Clinical-radiomics hybrid modeling outperforms conventional models: machine learning enhances stratification of adverse prognostic features in prostate cancer.,2025,Front Oncol,"Jiang M, Miao Z, Xu R, Guo M, Li X, Li G, Luo P, Hu S.",10.3389/fonc.2025.1625158,40842580,,Included,,retrieved,reviews/AIBIO_GU/screening/full_text/REC-AIBIOGU-000904.pdf
REC-AIBIOGU-000910,Computed tomography-based radiomics predicts prognostic and treatment-related levels of immune infiltration in the immune microenvironment of clear cell renal cell carcinoma.,2025,BMC Med Imaging,"Song S, Ge W, Qi X, Che X, Wang Q, Wu G.",10.1186/s12880-025-01749-3,40596969,,Included,,retrieved,reviews/AIBIO_GU/screening/full_text/REC-AIBIOGU-000910.pdf
REC-AIBIOGU-000914,Development and validation of a radiomics deep learning signature from MRI-guided transrectal ultrasound combined with ultrasound imaging parameters for prostate cancer prediction,2025,,"Bao S, Liu Q, Sun R, Sun Y, Yang L, Liang D, Ren X, Li W, Liu H, Hong H.",10.21203/rs.3.rs-7653994/v1,,,Included,,retrieved,reviews/AIBIO_GU/screening/full_text/REC-AIBIOGU-000914.pdf
REC-AIBIOGU-000916,Development of a deep learning system for predicting biochemical recurrence in prostate cancer.,2025,BMC Cancer,"Cao L, He R, Zhang A, Li L, Cao W, Liu N, Zhang P.",10.1186/s12885-025-13628-9,39930342,,Included,,retrieved,reviews/AIBIO_GU/screening/full_text/REC-AIBIOGU-000916.pdf
REC-AIBIOGU-000918,Efficacy of PSMA PET/CT radiomics analysis for risk stratification in newly diagnosed prostate cancer: a multicenter study.,2025,BMC Med Imaging,"Jafari E, Zarei A, Dadgar H, Keshavarz A, Abdollahi H, Samimi R, Manafi-Farid R, Divband G, Nikkholgh B, Fallahi B, Amini H, Ahmadzadehfar H, Rahmim A, Zohrabi F, Assadi M.",10.1186/s12880-025-01914-8,41013451,,Included,,retrieved,reviews/AIBIO_GU/screening/full_text/REC-AIBIOGU-000918.pdf
REC-AIBIOGU-000920,Enhancing prediction accuracy for muscle invasion in bladder cancer using a dual-energy CT-based interpretable model incorporating habitat radiomics and deep learning.,2025,BMC Cancer,"Du C, Wei W, Hu M, He J, Shen J, Liu Y, Li J, Liu L.",10.1186/s12885-025-15107-7,41327160,,Included,,retrieved,reviews/AIBIO_GU/screening/full_text/REC-AIBIOGU-000920.pdf
REC-AIBIOGU-000921,Evaluating the prognostic value of radiomics and clinical features in metastatic prostate cancer using [&lt;sup&gt;68&lt;/sup&gt;Ga]Ga-PSMA-11 PET/CT.,2025,Phys Eng Sci Med,"Molin K, Barry N, Gill S, Hassan GM, Francis RJ, Ong JSL, Ebert MA, Kendrick J.",10.1007/s13246-024-01516-8,39786674,,Included,,retrieved,reviews/AIBIO_GU/screening/full_text/REC-AIBIOGU-000921.pdf
REC-AIBIOGU-000922,Evaluation of a PSA and transrectal prostate ultrasound video-based machine learning model as a tool for prostate cancer diagnosis.,2025,Front Oncol,"Du Y, Zhao A, Zhang M, Wang Z, Hu L, Qi X.",10.3389/fonc.2025.1590396,40989701,,Included,,retrieved,reviews/AIBIO_GU/screening/full_text/REC-AIBIOGU-000922.pdf
REC-AIBIOGU-000923,Fully automated segmentation and classification of renal tumors on CT scans via machine learning.,2025,BMC Cancer,"Han JH, Kim BW, Kim TM, Ko JY, Choi SJ, Kang M, Kim SY, Cho JY, Ku JH, Kwak C, Kim YG, Jeong CW.",10.1186/s12885-025-13582-6,39881216,,Included,,retrieved,reviews/AIBIO_GU/screening/full_text/REC-AIBIOGU-000923.pdf
REC-AIBIOGU-000931,Integration of multi-scale radiomics and deep learning for Ki-67 prediction in clear cell renal carcinoma.,2025,NPJ Precis Oncol,"Li J, Lv D, Guo Z, Zhou H, Yao X, Rong Y, Bian X, Pang L, Zhao T, Qiao Y, Shuang W.",10.1038/s41698-025-01214-y,41353523,,Included,,retrieved,reviews/AIBIO_GU/screening/full_text/REC-AIBIOGU-000931.pdf
REC-AIBIOGU-000935,"Interpretable multiparametric MRI radiomics-based machine learning model for preoperative differentiation between benign and malignant prostate masses: a diagnostic, multicenter study.",2025,Front Oncol,"Zhou W, Liu Z, Zhang J, Su S, Luo Y, Jiang L, Han K, Huang G, Wang J, Lan J, Wang D.",10.3389/fonc.2025.1541618,40391155,,Included,,retrieved,reviews/AIBIO_GU/screening/full_text/REC-AIBIOGU-000935.pdf
REC-AIBIOGU-000938,Intratumoral and peritumoral radiomics using multi-phase contrast-enhanced CT for diagnosis of renal oncocytoma and chromophobe renal cell carcinoma: a multicenter retrospective study.,2025,Front Oncol,"Ye Y, Weng B, Guo Y, Huang L, Xie S, Zhong G, Feng W, Lin W, Song Z, Wang H, Liu T.",10.3389/fonc.2025.1501084,39975590,,Included,,retrieved,reviews/AIBIO_GU/screening/full_text/REC-AIBIOGU-000938.pdf
REC-AIBIOGU-000942,Machine learning models for discriminating clinically significant from clinically insignificant prostate cancer using bi-parametric magnetic resonance imaging,2025,Diagn Interv Radiol,"Ayyıldız H, İnce O, Korkut E, Dağoğlu Kartal MG, Tunacı A, Ertürk ŞM.",10.4274/dir.2024.242856,39354727,,Included,,retrieved,reviews/AIBIO_GU/screening/full_text/REC-AIBIOGU-000942.pdf
REC-AIBIOGU-000943,Machine learning-based radiomics for bladder cancer staging: evaluating the role of imaging timing in differentiating T2 from T3 disease.,2025,Front Oncol,"Lisson CG, Gallee L, Müller K, Manoj S, Stöckl H, Zengerling F, Bolenz C, Beer M, Götz M, Lisson CS.",10.3389/fonc.2025.1591742,41079089,,Included,,retrieved,reviews/AIBIO_GU/screening/full_text/REC-AIBIOGU-000943.pdf
REC-AIBIOGU-000944,Machine learning-based radiomics from multiparametric MRI for predicting aggressive pathology in clear cell renal cell carcinoma.,2025,BMC Med Imaging,"Zhan J, Sun L, Cui E, Yang Z, Zhang T, Yu Y, Xu P, Chen J, Zhen X, Yang R.",10.1186/s12880-025-02046-9,41462135,,Included,,retrieved,reviews/AIBIO_GU/screening/full_text/REC-AIBIOGU-000944.pdf
REC-AIBIOGU-000945,Multi-channel multiphase CT-based deep learning and radiomics fusion model for noninvasive pathological grading of clear cell renal cell carcinoma.,2025,Front Oncol,"Sun C, Chen Q, Gao M, He S, Zhang Z, Zhang W, Xiao X.",10.3389/fonc.2025.1710329,41626167,,Included,,retrieved,reviews/AIBIO_GU/screening/full_text/REC-AIBIOGU-000945.pdf
REC-AIBIOGU-000947,Multicenter study demonstrates unsupervised learning derived from magnetic resonance images identify prognosis in prostate cancer patients after prostatectomy,2025,,"Hu G, Liu X, Chen Z, Zhou B, Liu W, Gan H, Chen R, Zhou L, Gu Y, Liu X.",10.21203/rs.3.rs-6337641/v1,,,Included,,retrieved,reviews/AIBIO_GU/screening/full_text/REC-AIBIOGU-000947.pdf
REC-AIBIOGU-000949,Multimodal deep learning framework integrating multiphase CT and histopathological whole slide imaging for predicting recurrence in ccRCC.,2025,Sci Rep,"Ma C, Feng B, Lei Y, Yu Z, Liu Y, Cui J, Li RG, Huang X, Wu B, Luo Z, Cui E.",10.1038/s41598-025-25109-x,41271870,,Included,,retrieved,reviews/AIBIO_GU/screening/full_text/REC-AIBIOGU-000949.pdf
REC-AIBIOGU-000950,Multimodal fusion radiomic-immunologic scoring model: accurate identification of prostate cancer progression.,2025,BMC Med Imaging,"Zhang Z, Liu H, Gu X, Qiu Y, Ma J, Ai G, He X.",10.1186/s12880-025-01869-w,40796801,,Included,,retrieved,reviews/AIBIO_GU/screening/full_text/REC-AIBIOGU-000950.pdf
REC-AIBIOGU-000960,Radiogenomic correlation of hypoxia-related biomarkers in clear cell renal cell carcinoma.,2025,J Cancer Res Clin Oncol,"Shao Y, Cen HS, Dhananjay A, Pawan SJ, Lei X, Gill IS, D'souza A, Duddalwar VA.",10.1007/s00432-025-06240-8,40500522,,Included,,retrieved,reviews/AIBIO_GU/screening/full_text/REC-AIBIOGU-000960.pdf
REC-AIBIOGU-000965,Reproducibility of MRI-derived radiomic features in prostate cancer detection: a methodological approach.,2025,Pol J Radiol,"Zarei J, Soleimani A, Tahmasbi M, Sarkarian M, Rezaeijo SM.",10.5114/pjr/201467,40416516,,Included,,retrieved,reviews/AIBIO_GU/screening/full_text/REC-AIBIOGU-000965.pdf
REC-AIBIOGU-000967,Subregion-based radiomics analysis for predicting the histological grade of clear cell renal cell carcinoma.,2025,Front Oncol,"Lv X, Dai XM, Zhou DQ, Yu N, Hong YQ, Liu Q.",10.3389/fonc.2025.1554830,40496617,,Included,,retrieved,reviews/AIBIO_GU/screening/full_text/REC-AIBIOGU-000967.pdf
REC-AIBIOGU-000970,The interpretable CT-based vision transformer model for preoperative prediction of clear cell renal cell carcinoma SSIGN score and outcome.,2025,Insights Imaging,"Zhi K, Wang Y, Yan L, Hou F, Wu J, Zhang S, Zhu H, Zhao L, Wang N, Zhao X, Li X, Wang Y, Chen C, Wang N, Xu Y, Yang G, Nie P.",10.1186/s13244-025-01972-0,40346303,,Included,,retrieved,reviews/AIBIO_GU/screening/full_text/REC-AIBIOGU-000970.pdf
REC-AIBIOGU-000971,The predictive value of radiomics and deep learning for synchronous distant metastasis in clear cell renal cell carcinoma.,2025,Discov Oncol,"He WB, Zhou C, Yang ZJ, Zhang YF, Zhang WB, He H, Wang J, Zhou FH.",10.1007/s12672-025-01806-x,39862356,,Included,,retrieved,reviews/AIBIO_GU/screening/full_text/REC-AIBIOGU-000971.pdf
REC-AIBIOGU-000972,The role of endothelial cell-related gene COL1A1 in prostate cancer diagnosis and immunotherapy: insights from machine learning and single-cell analysis.,2025,Biol Direct,"Cong G, Shao J, Xiao F, Zhu H, Kang P.",10.1186/s13062-024-00591-x,39780278,,Included,,retrieved,reviews/AIBIO_GU/screening/full_text/REC-AIBIOGU-000972.pdf
REC-AIBIOGU-000974,Unsupervised learning-based quantitative analysis of CT intratumoral subregions predicts risk stratification of bladder cancer patients.,2025,BMC Med,"Wang Y, Wang H, Li N, Wu S, Shi R, Sun K, Wang X.",10.1186/s12916-025-04163-2,40457401,,Included,,retrieved,reviews/AIBIO_GU/screening/full_text/REC-AIBIOGU-000974.pdf
REC-AIBIOGU-000980,A perioperative multi-modal fusion and deep learning-based prognostic system for upper tract urothelial carcinoma: a multi-institutional study.,2026,Insights Imaging,"Peng X, Li Y, Shi W, Xiao B, Xiao X, Yue X, Xv Q, Jiang Q, He W, Xv Y, Xiao M.",10.1186/s13244-026-02337-x,42342957,,Included,,retrieved,reviews/AIBIO_GU/screening/full_text/REC-AIBIOGU-000980.pdf
REC-AIBIOGU-000987,CT-based radiogenomic prediction of ICAM1 and RAET1E as biomarkers of NK cytotoxicity in clear cell renal cell carcinoma.,2026,Front Immunol,"Ma X, Yang J, Qian X, Dou X, Ji S, Dai Y, Yang Y, Wang Y, Zhu J.",10.3389/fimmu.2026.1773251,42317355,,Included,,retrieved,reviews/AIBIO_GU/screening/full_text/REC-AIBIOGU-000987.pdf
REC-AIBIOGU-000989,"Combined radiomics, PI-RADS, and clinical model improve significant prostate cancer prediction and guide biopsy decision.",2026,Insights Imaging,"Antolin A, Mast R, Roson N, Arce J, Almodovar R, Cortada R, Alberti A, Miro B, Mendez O, Maceda A, Serrano E, Prieto-de-la-Lastra C, Jimenez-Pastor A, Nogué-Infante A, Escobar M, Trilla E, Morote J.",10.1186/s13244-026-02295-4,42034832,,Included,,retrieved,reviews/AIBIO_GU/screening/full_text/REC-AIBIOGU-000989.pdf
REC-AIBIOGU-000990,Deep learning models built from PSMA PET of the primary tumor can predict synchronous and metachronous prostate cancer metastases.,2026,PLoS One,"Juarez Casillas JE, Nezafat M, Benitez CM, Rzechowski K, Kane N, Sjöstrand K, Anand A, Sonni I, Berenji GR, Duriseti S, Rettig MB, Nickols NG.",10.1371/journal.pone.0349825,42247403,,Included,,retrieved,reviews/AIBIO_GU/screening/full_text/REC-AIBIOGU-000990.pdf
REC-AIBIOGU-000991,Developing an interpretable clinical-radiomics machine learning model using whole transition zone MRI analysis for improving diagnosis of transition zone prostate cancer.,2026,Front Oncol,"Yang J, Jiang N, Zhang Y, Yang L, Xia L, Ren Y, Xu H, Li Z, Wang J, Cui F.",10.3389/fonc.2026.1716482,41756314,,Included,,retrieved,reviews/AIBIO_GU/screening/full_text/REC-AIBIOGU-000991.pdf
REC-AIBIOGU-001001,Integrating single-cell analysis and machine learning algorithms to explore lactylation-related molecular mechanisms and therapeutic responses in clear cell renal cell carcinoma and identifying CDT1 as a potential biomarker.,2026,Front Endocrinol (Lausanne),"Zhang Y, Zhou H, Zhang B, Sun X, Mei W, Zhou L.",10.3389/fendo.2026.1883553,42625671,,Included,,retrieved,reviews/AIBIO_GU/screening/full_text/REC-AIBIOGU-001001.pdf
REC-AIBIOGU-001014,Multimodal deep learning for prediction of postoperative recurrence in clear cell renal cell carcinoma: a clinical-radiologic-pathologic approach.,2026,Front Oncol,"Yang Y, Wu J, Shi F, Ren Q, Gao P, Meng X.",10.3389/fonc.2026.1831252,42625638,,Included,,retrieved,reviews/AIBIO_GU/screening/full_text/REC-AIBIOGU-001014.pdf
REC-AIBIOGU-001015,Multiphase CT-Based Tumor and Peritumoral Radiomics for Characterization of Clear Cell Renal Cell Carcinoma.,2026,J Imaging Inform Med,"Muellner M, Pawan SJ, Lei X, Aron M, Desai M, Gurram N, Garg M, Cen SY, Duddalwar V.",10.1007/s10278-025-01797-9,41491739,,Included,,retrieved,reviews/AIBIO_GU/screening/full_text/REC-AIBIOGU-001015.pdf
REC-AIBIOGU-001020,Predicting Response to Neoadjuvant Hormonal Therapy and Prognostic Outcomes in High-Risk Prostate Cancer Using MRI-Based Radiomics,2026,,"Zhou H, Qian Z, Chen Z, Fan J, Mao Y, Xu L, He Y, Zhang J, Wu JH, Sheng L.",10.21203/rs.3.rs-8655062/v1,,,Included,,retrieved,reviews/AIBIO_GU/screening/full_text/REC-AIBIOGU-001020.pdf
REC-AIBIOGU-001023,Predicting response to neoadjuvant hormonal therapy and prognostic outcomes in high-risk prostate cancer using MRI-based radiomics.,2026,BMC Cancer,"Zhou H, Qian ZY, Chen ZH, Fan JJ, Mao YX, Xu LY, He YJ, Zhang JX, Wu JH, Sheng L.",10.1186/s12885-026-16015-0,42050490,,Included,,retrieved,reviews/AIBIO_GU/screening/full_text/REC-AIBIOGU-001023.pdf
REC-AIBIOGU-001026,Radiomics-based interpretable machine learning model from multiphasic CT imaging for predicting pathological grade in upper tract urothelial carcinoma: a multicenter study.,2026,Front Oncol,"Yuan Z, Mei Y, Peng X, Wei Z, Xv Y, Xiao B, Xiao M.",10.3389/fonc.2026.1844559,42415871,,Included,,retrieved,reviews/AIBIO_GU/screening/full_text/REC-AIBIOGU-001026.pdf
REC-AIBIOGU-001027,Radiomics-based tumor heterogeneity augments clinicopathological models for predicting recurrence in high-risk clear cell renal cell carcinoma after nephrectomy.,2026,Abdom Radiol (NY),"Feng Z, Yang P, Wu Y, Li Z, Hu Z, Lan W.",10.1007/s00261-025-05108-2,40646324,,Included,,retrieved,reviews/AIBIO_GU/screening/full_text/REC-AIBIOGU-001027.pdf
REC-AIBIOGU-001030,Urinary volatilomics using liquid-liquid extraction and gas chromatography-mass spectrometry (GC-MS) combined with machine learning algorithms as a tool for diagnosis and surveillance of urothelial bladder cancer.,2026,BJC Rep,"Deza I, de Lacy Costello B, Drabińska-Fois N, White P, Ratcliffe N, Lazarowicz H, Probert C.",10.1038/s44276-026-00244-8,42567887,,Included,,retrieved,reviews/AIBIO_GU/screening/full_text/REC-AIBIOGU-001030.pdf
REC-AIBIOGU-001032,Connecting Histopathology Imaging and Proteomics in Kidney Cancer through Machine Learning.,2019,J Clin Med,"Azuaje F, Kim SY, Perez Hernandez D, Dittmar G.",10.3390/jcm8101535,31557788,,Included,,retrieved,reviews/AIBIO_GU/searches/canal_c/maybe_txt/MED31557788.xml
REC-AIBIOGU-001033,A Critical Analysis of the Robustness of Radiomics to Variations in Segmentation Methods in 18F-PSMA-1007 PET Images of Prostate Cancer.,2023,Diagnostics (Basel),"Pasini G, Russo G, Mantarro C, Bini F, Richiusa S, Morgante L, Comelli A, Russo G.",10.3390/diagnostics13243640,38132224,,Included,,retrieved,reviews/AIBIO_GU/searches/canal_c/maybe_txt/MED38132224.xml
REC-AIBIOGU-001034,A disease-centric vision-language foundation model for precision oncology in kidney cancer.,2026,Nat Commun,"Tao Y, Zhao Z, Wang Z, Luo X, Chen F, Wang K, Wu C, Zhang X, Zhang S, Yao J, Jin.",10.1038/s41467-026-74175-w,42259830,,Included,,retrieved,reviews/AIBIO_GU/screening/full_text/REC-AIBIOGU-001034.pdf
