record_id,study_label,title,year,journal,doi,tumor_site,tumor_site_detail,study_design,data_source,data_source_detail,n_analytic,n_unit,data_modality,data_modality_detail,ai_task,algorithm,input_features,biomarker_result,clinical_purpose,performance_metric,performance_value,validation_level,validation_detail,code_availability,data_availability,reporting_guideline,funding,conflicts_of_interest,key_finding,limitations_as_stated,other_key_outcomes,extractor_id,extracted_at,extraction_status,extraction_note,needs_review,pilot_batch
REC-AIBIOGU-000001,Wang2026,Identification of interleukin-11 as a comorbid risk factor for prostate cancer and Alzheimer's disease using integrated bioinformatics and machine learning.,2026,Front Immunol,10.3389/fimmu.2026.1911726,prostate,,translational/bioinformatic (multi-cohort transcriptomics + ML gene prioritization + in vitro/in vivo functional validation + ADNI cross-sectional cohort),multiple_public,"AD: GSE48350, GSE5281, GSE28146 (GEO); PCa training: TCGA-PRAD (n=499 tumor+52 normal); PCa external validation: DKFZ2018 (n=321), MSKCC (n=140), GSE116918 (n=257), GSE21034 (n=131), GSE107299 (n=106); single-cell: GSE141445 (13 PCa tissues); ADNI cohort (n=215) for serum IL11-CSF biomarker cross-sectional analysis",499,patients,transcriptomics,"bulk RNA-seq (TCGA-PRAD) + microarray (GEO AD datasets, DKFZ2018, MSKCC, GSE cohorts); scRNA-seq (GSE141445) for cell-of-origin localization",prognostic_prediction,"Random Forest (classification, AD vs control) + LASSO Cox regression (survival, TCGA-PRAD); WGCNA for module/gene discovery upstream","10-gene AD-PCa comorbidity signature (NDRG4, ISG15, IL11, ENO2, DYNC1I1, DNASE1, ATP6V1G2, ATCAY, ANLN, AGAP9) derived from intersection of DEGs and WGCNA modules shared between AD and PCa",10-gene AD-PCa comorbidity risk score signature anchored by IL11,prognostic,AUC,"Time-dependent AUC for PCa progression-free interval (TCGA-PRAD training): 1-yr 0.78, 3-yr 0.73, 5-yr 0.70; log-rank P<0.001. External validation: DKFZ2018 log-rank P=0.001 (AUC>0.8 for 3-/5-yr); MSKCC log-rank P=0.023.",external_cohort,"Risk score formula and cutoff (derived in TCGA-PRAD) applied unchanged to two independent external PCa cohorts, DKFZ2018 (n=321) and MSKCC (n=140); no indication of re-fitting, consistent with genuine external validation.",NR,yes,none_stated,NR,NR,"IL11 was the top-ranked gene in a 10-gene AD-PCa comorbidity risk score that stratifies PCa progression-free survival (AUC 0.78/0.73/0.70 at 1/3/5-yr, TCGA-PRAD; validated in DKFZ2018 and MSKCC); functionally, IL11 promoted PCa growth/invasion (in vitro/in vivo) and induced AD-like cognitive dysfunction and hippocampal amyloid-beta deposition in mice, with corroborating serum-CSF associations in a 215-participant ADNI cross-sectional cohort.",NR (not captured in extracted Abstract/Intro/Methods/partial Results excerpt; Discussion/Limitations section not reached in pilot .txt),"Primary manuscript emphasis is mechanistic/translational (IL11 as bidirectional PCa-AD comorbidity driver, validated via murine orthotopic/subcutaneous xenografts, Morris water maze cognitive testing, and immunofluorescence); the ML risk-score model functions mainly as a gene-prioritization/discovery tool rather than as a standalone clinical prediction target. Single-cell analysis localized IL11 to CAFs (Fibro_IL11+) with distinct EMT/immunosuppressive pathway activation.",REV-ALCIDES-AI,2026-09-23,needs_review,"Scope borderline per inherited appraisal_note (AD comorbidity focus vs GU biomarker scope): study is primarily a dual-disease mechanistic/functional paper; the prognostic ML signature is a secondary discovery output rather than the central clinical-prediction contribution. Funding/COI/limitations not present in the read excerpt (pp.1-12); would need full PDF read past Results to confirm, not done here since these are not minimum-for-complete fields.",yes,pilot
REC-AIBIOGU-000002,Chen2026,Machine learning-based identification of hub genes and prognostic biomarkers in prostate cancer.,2026,Front Genet,10.3389/fgene.2026.1877595,prostate,,"Retrospective TCGA-PRAD bioinformatics with WGCNA, ML BCR prognostic model, and in vitro cell-line qRT-PCR/ELISA validation",TCGA,TCGA-PRAD RNA-seq (501 primary tumor + 52 normal); 70/30 stratified train/holdout split for model evaluation,501,patients,transcriptomics,Bulk RNA-seq log2(CPM+1),prognostic_prediction,LASSO Cox (10-fold CV) and random forest consensus; SVM and XGBoost compared,"WGCNA/PPI hub genes EZH2, CDK1, AURKA (three-gene risk score)","Three-gene BCR risk score (EZH2, CDK1, AURKA)",prognostic,AUC,"Time-dependent AUC 0.821, 0.842, 0.836 at 1/3/5 yr (TCGA-PRAD); HR 3.21 for BCR-free survival (log-rank P<0.0001)",internal_holdout,Single TCGA-PRAD cohort with 70/30 holdout; authors state no independent external validation cohort.,NR,NR,none_stated,NR,NR,A three-gene risk score stratified BCR-free survival with strong time-dependent discrimination and linked hub-high tumors to immunosuppressive infiltration patterns.,Model validated only within TCGA-PRAD; immune infiltration from bulk deconvolution; in vitro validation in cell lines only.,Prognostic nomogram with DCA; qRT-PCR/ELISA confirmation of hub gene overexpression in PCa cell lines.,REV-ALCIDES-AI,2026-09-23,needs_review,Appraisal flags single-cohort TCGA-PRAD design without independent external validation despite thorough internal nomogram/DCA analyses.,yes,batch-01
REC-AIBIOGU-000003,Kurt2026,Integrative Bioinformatics and Machine Learning Analysis Identifies Novel Molecular Biomarkers in Prostate Adenocarcinoma.,2026,Int J Mol Sci,10.3390/ijms27156635,prostate,,Integrative TCGA bioinformatics and hybrid ML gene-prioritization with GEO external validation,multiple_public,"TCGA-PRAD discovery (494 tumor Z-score matrix; nodal N0 vs N1 comparison n=420); external validation GSE14206 (50 samples: 15 normal, 35 PRAD)",420,patients,transcriptomics,TCGA RNA-seq V2 RSEM Z-scores; GSE14206 microarray (GPL570),classification_subtyping,Hybrid GBM+RF ensemble after graph-convolutional feature selection on DEGs,"DEGs from N0 vs N1 nodal comparison (524 DEGs) with ML-prioritized genes including XAF1, APP, PLK1, STAT1",Multi-gene diagnostic/prioritization signature (GBM+RF-selected genes),diagnostic,AUC,TCGA AUC 0.9526 (accuracy 97.49%); GSE14206 external AUC 0.9156 (accuracy 91.53%),external_cohort,Signature evaluated in independent GSE14206 after platform harmonization; authors note limited external sample size.,NR,NR,none_stated,NR,NR,"Hybrid GBM+RF achieved high discrimination on TCGA and retained strong performance on GSE14206, prioritizing cell-cycle and interferon-pathway genes.",No protein or functional validation; GSE14206 validation cohort is small.,"PPI hub emphasis on STAT1 and PLK1; pathway enrichment (GO, KEGG, Reactome).",REV-ALCIDES-AI,2026-09-23,complete,,no,batch-01
REC-AIBIOGU-000004,He2026,A Platform-Independent Binary Gene-Pair Signature Derived from CRPC-Enriched Single-Cell Transcriptomics for Predicting Recurrence-Free Survival in Prostate Cancer.,2026,Cancer Manag Res,10.2147/cmar.s623563,prostate,,scRNA-seq CRPC atlas plus bulk multi-cohort ML RFS signature with Ridge regression selection,public_plus_own,"Training TCGA-PRAD (n=493); external bulk GSE21034, GSE70770, GSE94767, DKFZ, plus AHMU own cohort (n=70); scRNA PRJNA699369 for gene-pool discovery",493,patients,multiomics,scRNA-seq (CRPC-enriched epithelial genes) plus bulk RNA for 36 binary gene-pair Ridge model,prognostic_prediction,Ridge regression selected among 12 algorithms and 104 combinations (10-fold CV for regularized models),36 binary gene-pair features from CRPC/MaligC5-enriched pool,36-gene-pair binary RFS signature,prognostic,C-index,TCGA-PRAD C-index 0.759; mean C-index 0.725 across five external cohorts; TCGA time-dependent AUC 0.787/0.788/0.781 at 1/3/5 yr,external_multicenter,Feature selection restricted to TCGA; five independent external cohorts used only for final evaluation without refitting.,NR,NR,none_stated,Supported by Anhui Province clinical translational and higher-education research grants.,NR,Rank-based gene-pair signature stratified RFS across six cohorts and linked high-risk tumors to immune-inflamed and TP53-altered phenotypes.,scRNA gene pool from one CRPC dataset; immunotherapy associations are hypothesis-generating.,Optional nomogram with T stage and Gleason; virtual knockout highlighted CKS2.,REV-ALCIDES-AI,2026-09-23,complete,Co-primary C-index (model selection) and time-dependent AUC reported; C-index used as performance_metric.,no,batch-01
REC-AIBIOGU-000007,Gan2026,A Hypoxia and Immune Escape-Related Gene Signature for the Diagnosis of Prostate Cancer: An Integrated Bioinformatics Study.,2026,Int J Med Sci,10.7150/ijms.133397,prostate,,Multi-public cohort diagnostic ML signature for hypoxia/immune-escape genes,multiple_public,Model training/test on merged GTEx+TCGA-PRAD (499 tumor + 152 controls); validation GSE88808 and GSE21034,499,patients,transcriptomics,"Bulk RNA-seq/microarray after harmonization (RF, SVM-RFE, LASSO feature selection)",diagnostic_prediction,"Random Forest, SVM-RFE, and LASSO with six-gene diagnostic signature","Six HIERGs: RBMS3, ALDH2, SLC7A11, FGFR2, GDF15, NCAM1",Six-gene hypoxia/immune-escape diagnostic RiskScore signature,diagnostic,AUC,AUC >0.9 reported across test and GEO validation cohorts (abstract),external_cohort,Independent GEO cohorts GSE88808 and GSE21034 used as validation; authors discuss validation limitations in discussion.,NR,NR,none_stated,NR,NR,Six-gene signature showed high diagnostic accuracy with calibration and DCA support across merged TCGA/GTEx and GEO validations.,Authors acknowledge need for further external validation and cautious interpretation of exploratory immune/pathway associations.,Immune infiltration and drug/regulator network analyses tied to RiskScore.,REV-ALCIDES-AI,2026-09-23,needs_review,Appraisal_note states authors explicitly acknowledge lack of external validation as a limitation despite GEO validation cohorts in methods.,yes,batch-01
REC-AIBIOGU-000008,Wang2026,A Metabolic-Related Gene Signature for Predicting Biochemical Recurrence After Radical Prostatectomy: An Integrative Analysis and Targeted Therapeutic Validation.,2026,Int J Mol Sci,10.3390/ijms27114797,prostate,,GEO training/validation BCR prognostic XGBoost-Cox model with WGCNA and own IHC/docking validation,GEO,"Training GSE220095 (n=176); external validation GSE70769 (n=94); own FFPE IHC n=32 (orthogonal, not in ML training)",176,patients,transcriptomics,Bulk microarray expression; four metabolic hub genes in XGBoost-Cox,prognostic_prediction,XGBoost-Cox with grid search and 10-fold CV; SHAP interpretation,"GDPD1, PLA2G7, PTGDS, SRD5A2 metabolic hub genes",Four-gene metabolic BCR risk model,prognostic,AUC,5-year AUC 0.858 training (GSE220095); 0.745 external validation (GSE70769),external_cohort,ComBat harmonization between GEO cohorts; GSE70769 held out for external evaluation; notable AUC drop versus training.,NR,NR,none_stated,NR,NR,Metabolic four-gene XGBoost-Cox model stratified post-RP BCR risk and linked hub genes to M2 macrophage-associated TIME patterns.,NR,In silico EGCG multi-target docking and in vitro binding/suppression assays; IHC on 32 specimens.,REV-ALCIDES-AI,2026-09-23,needs_review,Appraisal flags notable training-to-validation AUC drop (0.858 to 0.745) warranting cautious interpretation.,yes,batch-01
REC-AIBIOGU-000009,Zhang2026,Deep learning based on multiparametric MRI for differentiating benign from malignant PI-RADS 3 prostate lesions: a dual-center study.,2026,Sci Rep,10.1038/s41598-026-56643-x,prostate,,Dual-center retrospective mpMRI deep learning radiomics for PI-RADS 3 lesion classification,own_cohort,"382 PI-RADS 3 patients (Center 1 train n=210, internal val n=90; Center 2 external val n=82)",382,patients,radiology_imaging,mpMRI T2WI/DWI/ADC with ResNet101 deep features plus mRMR-LASSO radiomics,diagnostic_prediction,ResNet101 deep features + LASSO radiomics; combined clinical-DLRS logistic model,Deep learning radiomics signature (DLRS) plus clinical variables in combined model,Combined clinical-DLRS nomogram for malignancy in PI-RADS 3 lesions,diagnostic,AUC,"Combined model AUC 0.951 (train), 0.964 (internal val), 0.925 (Center 2 external)",external_cohort,Center 2 (n=82) used as external validation; Center 1 split 7:3 train/internal validation.,NR,NR,none_stated,NR,NR,Combined deep radiomics-clinical model outperformed clinical-only model for distinguishing malignant versus benign PI-RADS 3 lesions across three cohorts.,NR,Standalone DLRS and clinical models compared; DCA supported clinical utility.,REV-ALCIDES-AI,2026-09-23,complete,,no,batch-01
REC-AIBIOGU-000010,Luo2026,Non-invasive prediction of lymph node involvement in prostate cancer via machine learning on whole-prostate MRI.,2026,Front Oncol,10.3389/fonc.2026.1823708,prostate,,Single-center retrospective MRI radiomics/deep learning DRBN model for preoperative LNI prediction,own_cohort,339 PCa patients post-RP with ePLND; random 7:3 stratified train/validation split by LNI status,339,patients,radiology_imaging,Whole-prostate T2 MRI radiomics and deep learning plus Brigadi-based clinical variables,diagnostic_prediction,"LASSO feature selection then ML comparison (LR, SVM, XGBoost, etc.) with 5-fold CV; DRBN logistic integration",Clinical Brigadi variables plus selected radiomic and deep learning features,DRBN integrated LNI prediction model,diagnostic,AUC,ROC-AUC 0.963 training and 0.920 validation; PR-AUC 0.950 and 0.921 respectively,internal_holdout,Random 7:3 internal split only; no independent external center cohort identified in slice.,NR,NR,none_stated,NR,NR,"Integrating clinical, radiomic, and deep learning MRI features yielded strong LNI discrimination with acceptable calibration and DCA in train and validation splits.",NR,Comparison to clinical-only Brigadi-based model.,REV-ALCIDES-AI,2026-09-23,needs_review,Appraisal flags no external cohort—only internal training/validation split of single-center data.,yes,batch-01
REC-AIBIOGU-000013,Hong2026,Preoperative dual-ROI mpMRI radiomics integrating intratumoral and periprostatic adipose tissue features with clinical factors for predicting positive surgical margins after radical prostatectomy.,2026,Cancer Imaging,10.1186/s40644-026-01034-8,prostate,,Two-center retrospective dual-ROI mpMRI radiomics-clinical nomogram for post-RP PSM prediction,own_cohort,"423 non-metastatic PCa patients (409 center 1, 14 center 2); pooled random 7:3 train (296) / validation (127)",423,patients,radiology_imaging,Intratumoral and PPAT radiomics on T2WI and ADC with LASSO-selected signatures,prognostic_prediction,LASSO radiomics signatures plus multivariable logistic regression nomogram,"TPR combined tumor-PPAT radiomics signature with PSA, ISUP grade, clinical T stage",Dual-ROI TPR radiomics-clinical PSM nomogram,prognostic,AUC,Nomogram AUC 0.908 training and 0.885 validation; TPR signature AUC 0.824 train and 0.816 validation,internal_holdout,Two-center data pooled then randomly split 7:3 rather than center-held-out external validation.,NR,NR,none_stated,NR,NR,Integrating intratumoral and PPAT radiomics with clinical factors improved preoperative PSM prediction versus single-ROI models.,NR,Bootstrap stability and subgroup ROC analyses reported.,REV-ALCIDES-AI,2026-09-23,needs_review,"Appraisal flags validation as random split of pooled two-center data, not a true held-out external cohort.",yes,batch-01
REC-AIBIOGU-000014,Wang2026,"Serum Untargeted Metabolomics Integrated with SHAP-Based Machine Learning for Multiclass Stratification of Prostate Cancer, Prostatitis, and Benign Prostatic Hyperplasia.",2026,Metabolites,10.3390/metabo16040237,prostate,,Public MetaboLights serum untargeted LC-MS multiclass ML with nested CV,other_public,"EMBL-EBI MetaboLights MTBLS6039 (80 serum samples: 20 PCa, 20 prostatitis, 20 BPH, 20 healthy controls)",80,samples,other,Untargeted serum metabolomics (LC-MS),classification_subtyping,Multiclass LASSO feature selection with optimized Random Forest; nested cross-validation,LC-MS metabolite features selected by multiclass LASSO,"Multiclass metabolic signature distinguishing PCa, prostatitis, BPH, and controls",diagnostic,accuracy,Out-of-fold accuracy 93.8%; macro-F1 0.937,internal_cv,Nested cross-validation on single public cohort; authors state no independent external validation.,NR,yes,none_stated,NR,NR,Random Forest on LASSO-selected metabolites achieved strong multiclass separation of major prostate disease groups with SHAP-interpretable modules.,Small sample size and lack of external independent validation cohort.,SHAP-based metabolic module interpretation.,REV-ALCIDES-AI,2026-09-23,needs_review,Appraisal flags n=80 and explicit lack of external validation despite strong nested-CV accuracy.,yes,batch-01
REC-AIBIOGU-000015,Zhou2026,Network toxicology & molecular docking: endocrine-disrupting chemicals induce prostate cancer - a system study.,2026,Int J Clin Exp Pathol,10.62347/pgnw5316,prostate,,Network toxicology and MR-integrated GEO transcriptomics with explainable XGBoost-SHAP,multiple_public,"402 integrated GEO transcriptomes (GSE46602/GSE55945 training; GSE60329, GSE69223, GSE246282 validation) plus EDC target docking",402,samples,transcriptomics,Merged microarray/RNA-seq with WGCNA and network toxicology prior,biomarker_discovery_association,Explainable XGBoost with SHAP for five-gene diagnostic signature,"NR3C1, CALM1, MET, STAT3, CES1 core signature",Five-gene EDC-linked PCa diagnostic signature,diagnostic,AUC,AUC >0.90 across multiple independent GEO cohorts (abstract),external_cohort,Three GEO cohorts held out from discovery pair for signature evaluation after batch correction.,NR,NR,none_stated,NR,NR,Integrative pipeline linked EDC targets to a five-gene transcriptomic signature with high cross-cohort discrimination and in silico binding support.,No matched EDC exposure quantification in GEO; docking static; cross-sectional inferential design.,Molecular docking ΔG < -7 kcal/mol for EDC-target pairs; WGCNA/network toxicology layers.,REV-ALCIDES-AI,2026-09-23,needs_review,Paper anchor is EDC network toxicology and docking; ML signature is secondary explainable prioritization layer.,yes,batch-01
REC-AIBIOGU-000016,Luo2026,A novel prognostic signature based on mitochondrial permeability transition-driven necrosis genes for biochemical recurrence prediction in prostate cancer.,2026,Front Oncol,10.3389/fonc.2026.1775602,prostate,,TCGA-PRAD training with GEO GSE70768 external BCR-FS prognostic model,multiple_public,TCGA-PRAD training (396 tumors with BCR follow-up); external validation GSE70768 (n=111 with BCR-FS),396,patients,transcriptomics,Bulk RNA-seq MPT-DN-related gene Cox/ML selection,prognostic_prediction,"WGCNA, Cox regression, and machine learning feature selection (LASSO mentioned in limitations)","TREM2, FNDC1, S100A8 prognostic genes",Three-gene MPT-DN-related BCR-FS risk score,prognostic,AUC,AUC approximately 0.65–0.70 in external validation (per appraisal_note; numeric detail truncated in slice),external_cohort,GSE70768 used as independent external BCR-FS validation cohort after TCGA model development.,NR,yes,none_stated,NR,NR,Three-gene risk model stratified BCR-FS with immune and drug-sensitivity differences between risk groups; protein validation in tissues/cell lines.,Limited BCR events vs multi-step selection; public-data-only; drug sensitivity from cell-line databases.,"Western blot/qPCR validation of TREM2, FNDC1, S100A8.",REV-ALCIDES-AI,2026-09-23,needs_review,Appraisal notes modest discrimination (AUC ~0.65–0.70) despite genuine external cohort.,yes,batch-01
REC-AIBIOGU-000017,Ding2026,Development and validation of an MRI radiomics-based model for predicting progression risk in prostate cancer after endocrine therapy.,2026,Transl Androl Urol,10.21037/tau-2025-1-912,prostate,,Retrospective MRI radiomics-clinical nomogram for post–endocrine-therapy progression,own_cohort,136 endocrine-therapy PCa patients; train n=95 and internal validation n=41 (7:3); external validation n=52,136,patients,radiology_imaging,MRI radiomics features combined with clinicopathologic predictors,prognostic_prediction,Radiomics feature selection with multivariable Cox/logistic nomogram integration,"PSA nadir time, Gleason score, T stage, bone metastasis, and radiomics score",Radiomics-clinical progression nomogram after endocrine therapy,prognostic,C-index,"C-index 0.884 training, 0.839 internal validation, 0.795 external validation",external_cohort,Separate external set (n=52) plus internal 7:3 split for model development.,NR,NR,none_stated,NR,NR,"Combined MRI radiomics and clinical factors predicted post–endocrine-therapy progression/PFS with consistent discrimination across train, internal, and external sets.",NR,Kaplan–Meier stratification by nomogram cutoff 79.44; DCA supported utility.,REV-ALCIDES-AI,2026-09-23,complete,,no,batch-01
REC-AIBIOGU-000025,Kilicarslan2026,"Bioinformatics and machine learning integration reveals a novel 4-gene (GFUS, ARHGAP8, NBL1, and ACTB) biomarker model for prostate cancer.",2026,Discov Oncol,10.1007/s12672-025-04369-z,prostate,,GEO microarray integration with graph-convolutional feature selection and ensemble classifiers for a four-gene prostate cancer diagnostic signature,GEO,"Discovery GSE3325, GSE6919, GSE55945, and GSE26910 (n=179; 19, 127, 21, and 12 samples); external validation GSE46602 (n=50)",179,samples,transcriptomics,Harmonized microarray expression collapsed to HGNC symbols,diagnostic_prediction,"Graph-convolutional feature selection with a hybrid random forest and LightGBM classifier; C5, AdaBoost, SVM, random forest, and LightGBM compared under nested cross-validation","Four-gene panel GFUS, ARHGAP8, NBL1, and ACTB",Four-gene diagnostic signature for prostate cancer versus non-cancer samples,diagnostic,AUC,"Discovery hybrid model AUC 0.9612 (accuracy 95.37%, sensitivity 94.02%, specificity 95.80%); external GSE46602 hybrid AUC 0.90 with accuracy above 91%",external_cohort,"Nested cross-validation on the merged discovery GEO sets, then independent GSE46602 (n=50) covering prostate cancer",yes,yes,none_stated,Princess Nourah bint Abdulrahman University Researchers Supporting Project (PNURSP2026R751),none_declared,"A hybrid random forest-LightGBM model using GFUS, ARHGAP8, NBL1, and ACTB discriminated prostate cancer in the discovery set (AUC 0.9612) and retained AUC 0.90 on GSE46602.","Public datasets lacked PSA, Gleason score, and stage, so multivariate Cox models were not possible; the study is hypothesis-generating and in silico only.","Discovery AUCs for comparators: C5 0.9257, AdaBoost 0.9098, SVM 0.8926, random forest 0.9519, LightGBM 0.9578. Code: https://github.com/serhatklc/prostate_v1",REV-ALCIDES-AI,2026-09-23,complete,Primary performance is the discovery hybrid AUC; external GSE46602 AUC is reported as 0.90.,no,batch-01
REC-AIBIOGU-000027,Xue2026,Multi-omics analyses related to unfolded protein response in prostate cancer implicate pro-tumor role of IFRD1.,2026,Front Immunol,10.3389/fimmu.2026.1744197,prostate,,scRNA-guided bulk UPR signature with integrative ML and multi-cohort validation,multiple_public,"TCGA-PRAD training (496 tumors); scRNA GSE185344/GSE141445; external GSE116918, GSE21034, GSE70769, DKFZ2018 for UPRRS/IFRD1 validation",496,patients,multiomics,scRNA-seq UPR mapping plus bulk RNA seven-gene UPRRS (LASSO/RF-Cox),prognostic_prediction,"Univariate Cox, random forest importance, and LASSO (10-fold CV) integrative selection","Seven UPR-related genes including IFRD1, DDIT3, HSPA5",Seven-gene UPR-related prognostic signature (UPRRS),prognostic,C-index,C-index >0.82 and AUC >0.80 in TCGA training and three external cohorts (abstract),external_multicenter,UPRRS tested in TCGA plus three independent public validation cohorts; IFRD1 validated in additional datasets.,yes,NR,none_stated,NR,NR,UPRRS independently predicted prognosis beyond stage/Gleason and associated with immunosuppressive TME and chemoresistance patterns.,NR,In vitro IFRD1 knockdown reduced proliferation/migration; nomogram for clinical use.,REV-ALCIDES-AI,2026-09-23,complete,"GitHub TCGAplot tool noted in appraisal as visualization support, not full pipeline code.",no,batch-01
REC-AIBIOGU-000028,Wang2026,Palmitoylation-related gene expression and its prognostic value in prostate cancer: insights into immune infiltration and therapeutic potential.,2026,Transl Androl Urol,10.21037/tau-2025-477,prostate,,Multi-public PRG palmitoylation prognostic signature with ten-algorithm integrative ML,multiple_public,"TCGA training with cross-cohort validation in DKFZ, MSKCC, E-MTAB-6128, GSE70768, GSE70769; scRNA from PCaProfiler; own qPCR on 20 tissues",NR,patients,transcriptomics,Bulk RNA plus scRNA-derived PRG features and ssGSEA palmitoylation scores,prognostic_prediction,Integrative combination of 10 ML algorithms; highest mean C-index model selected,Palmitoylation-related gene signature (hub CHRNA2 among others),PRG-related prognostic risk score (PRGRS),prognostic,other,"Highest-average C-index model selected by tenfold cross-validation across TCGA and external cohorts, with Kaplan-Meier separation of recurrence-free survival; no numeric C-index or AUC is printed",external_multicenter,"All algorithm pairs cross-validated with independent DKFZ, ArrayExpress, GEO, and MSKCC cohorts.",NR,NR,none_stated,Zhejiang Provincial Natural Science Foundation (LY22H160009).,none_declared,Palmitoylation score and PRGRS stratified BCR-free survival and immune/drug-response phenotypes with experimental CHRNA2 validation.,NR,oncoPredict IC50 differences by risk group; qPCR in 20 PRAD tissues.,REV-ALCIDES-AI,2026-09-23,needs_review,The full text does not report a numeric performance metric.,yes,batch-01
REC-AIBIOGU-000029,Li2026,Genetic relationships between the gut microbiota and prostate cancer: Mendelian randomization combined with bioinformatics analysis.,2026,Aging Male,10.1080/13685538.2026.2615561,prostate,,Two-sample MR of gut microbiota with GEO ML nomogram for PCa risk,multiple_public,Finnish FINRISK gut microbiota GWAS instruments; PCa GWAS ieu-b-4809; GEO train GSE5377/GSE27616/GSE46602 (83 samples) and validation GSE200879 (138 samples),83,samples,genomics,MR instruments plus GEO expression DEAGs; four ML models for feature genes,biomarker_discovery_association,"Four machine learning models compared; nomogram from PLCL1, VSNL1, ROR2, NRXN3, TEAD1 feature genes",Five DEAG feature genes linked to MR-positive microbiota exposures,Microbiota-associated five-gene PCa risk nomogram,diagnostic,AUC,External-validation AUC = 1 for the combined feature-gene diagnostic model (Figure 7F),external_cohort,GSE200879 held out after training on merged first three GEO sets; MR layer separate from expression ML.,NR,NR,other,NR,NR,MR identified 16 gut taxa causally associated with PCa and a five-gene expression nomogram for risk quantification.,European-focused GWAS; no gender-stratified microbiota; needs experimental verification.,Colocalization yielded 144 shared genes; STROBE-MR checklist referenced.,REV-ALCIDES-AI,2026-09-23,needs_review,The full text states an area under the curve value of 1 for the feature-gene model on external validation. That perfect AUC needs review as possible overfitting. Individual-gene AUCs are not printed.,yes,batch-01
REC-AIBIOGU-000031,Ge2026,Integrative single-cell and spatial transcriptomics with explainable AI reveal lethal prognostic axis in prostate cancer.,2026,NPJ Digit Med,10.1038/s41746-025-02297-4,prostate,,scRNA/spatial atlas plus 101 ML pipelines for C4 epithelial prognostic model with experimental PCSK1N validation,multiple_public,scRNA GSE274229; spatial GSE278936/10x; bulk TCGA-PRAD (n=498) with external GSE21032 (n=140) and GSE70770 (n=203),498,patients,multiomics,"141,986 scRNA cells, spatial deconvolution, bulk RNA Lasso+PLS-Cox C4 risk score",prognostic_prediction,101 ML pipelines benchmarked; Lasso plus PLS-Cox selected with SHAP interpretation,"C4 malignant epithelial program genes (e.g., MT1M, PCSK1N, ACSL3)",C4-based explainable recurrence-free survival risk score,prognostic,C-index,"Nomogram C-index 0.751; merged training time-dependent AUC 0.802, 0.776, and 0.739 at 1, 3, and 5 years (HR 4.53, 95% CI 3.19-6.41)",external_cohort,TCGA-PRAD development with MSKCC/GSE21032 and GSE70770 external evaluation; orthogonal organoid/xenograft PCSK1N experiments.,upon_request,yes,none_stated,Shanghai Pudong grants (PKJ2023-Y28 and related).,none_declared,"C4 lethal epithelial axis risk score predicted RFS independently of age, Gleason, and T stage with experimental PCSK1N functional support.",Modest sample size; spatial technical limits; causality not fully proven.,Spatial immune niche mapping; enzalutamide resistance modulation by PCSK1N.,REV-ALCIDES-AI,2026-09-23,complete,"The algorithm screen used mean C-index, which is not printed as a number. The reported nomogram C-index is 0.751.",no,batch-01
REC-AIBIOGU-000032,Morgan2025,Development and Validation of a Multimodal Artificial Intelligence-derived Digital Pathology-based Biomarker Predicting Metastasis Among Patients with Biochemical Recurrence After Radical Prostatectomy in NRG/RTOG Trials.,2025,Eur Urol,10.1016/j.eururo.2025.12.007,prostate,,Post-RP salvage digital pathology MMAI model validated in NRG/RTOG trial cohorts,other_public,Locked MMAI trained on trial development split; validation in 533 NRG/RTOG 9601+0534 BCR patients receiving SRT±HT,533,patients,digital_pathology,"H&E whole-slide image features plus clinical variables (Grade Group, pT, pre-SRT PSA, age, margin)",prognostic_prediction,Multi-modal AI histopathology model with Cox regression on locked MMAI score,Digital pathology image features and five clinical covariates,Post-RP MMAI distant-metastasis risk score,prognostic,AUC,10-year time-dependent AUC 0.74 for MMAI vs 0.68 clinical nomogram; SHR 2.17 per SD for DM,external_multicenter,Pre-specified validation in combined NRG/RTOG randomized trial cohorts with median 9.3-year follow-up.,NR,upon_request,none_stated,NR,NR,MMAI score independently stratified 10-year distant metastasis after salvage RT±HT and differentiated HT benefit by risk group.,Archived trial cohorts; external prospective validation ongoing.,Binary high/low risk 10-year DM rates 25% vs 8.8%.,REV-ALCIDES-AI,2026-09-23,complete,Trial data available by request from NCTN/NRG rather than fully open repositories.,no,batch-01
REC-AIBIOGU-000034,Lin2025,Senescence-related gene signature predicts prostate cancer progression and identifies PCNA as a therapeutic target via multi-omics machine learning integration.,2025,Br J Cancer,10.1038/s41416-025-03309-6,prostate,,117-method ML senescence signature with scRNA/bulk trajectory and own 90-patient cohort validation,public_plus_own,"Six public BCR cohorts (TCGA-PRAD, Stockholm, Cambridge, CancerMap, GSE54460, Taylor) plus SYSU-PRAD in-house n=90",NR,patients,multiomics,"Bulk RNA-seq, scRNA-seq, and proteomics/WES in SYSU cohort",prognostic_prediction,117 machine-learning method screen; highest mean C-index model selected (SuperPC among methods listed),Senescence-related gene signature (SRGS) with PCNA highlighted,SRGS senescence-related prognostic signature,prognostic,AUC,"SRGS AUC: TCGA-PRAD 0.709, Stockholm 0.693, Cambridge 0.68, CancerMap 0.714, GSE54460 0.6551, Taylor 0.747; SYSU-PRAD AUC 0.6969, 0.7559, and 0.7869 at 1, 2, and 3 years",external_multicenter,Cross-cohort C-index ranking plus independent SYSU-PRAD cohort of 90 patients.,NR,NR,none_stated,NR,NR,SRGS predicted progression and AR-inhibitor outcomes with PCNA validated as functional driver via AOH1996 inhibition.,NR,Pseudo-time trajectory linking SRGS to disease progression.,REV-ALCIDES-AI,2026-09-23,complete,"Models were ranked by average C-index, but that C-index is not printed. Reported AUCs are used as the performance value.",no,batch-01
REC-AIBIOGU-000036,Yang2025,A New Radiotranscriptomic Approach to Analyze Combined Sets of T3b Stage-Specific Genes and Radiomic Features in Prostate Cancer.,2025,Cancer Rep (Hoboken),10.1002/cnr2.70391,prostate,,Prospective single-center radiotranscriptomic classification of pathological stage T3b versus T2c prostate cancer,own_cohort,"Chinese PLA General Hospital; 48 biopsy-confirmed prostate cancers (35 T2c, 13 T3b) with CEUS and stage-specific mRNA/miRNA",48,patients,other,Contrast-enhanced ultrasound radiomics plus stage-specific mRNA and miRNA,diagnostic_prediction,"Multivariate logistic regression, random forest, naive Bayes, and support vector machine","CEUS radiomic texture features and six stage markers (frizzled 4, RPS7, RPL29, miR-374c, miR-9, miR-6510)",Combined radiotranscriptomic classifier of T3b versus T2c stage,diagnostic,AUC,"Combined set AUC 0.887 (random forest), 0.956 (naive Bayes), and 0.996 (SVM)",internal_split_only,Single-center cohort. Supplementary Table S3 reports AUC after splitting datasets into 10 runs; methods do not name k-fold cross-validation or an external cohort. T3b subgroup n=13.,NR,upon_request,none_stated,National Social Science Fund of China (2024-SKJJ-B-047); National Key Research and Development Program of China (2024YFB3214400); Natural Science Basic Research Program of Shaanxi Province (2023-JC-QN-0912),none_declared,The combined CEUS radiomic and transcriptomic feature set separated T3b from T2c with higher AUC than transcriptomic or clinical features alone.,T3b subgroup n=13 and single-center cross-sectional design may introduce selection bias; multi-ethnic and longitudinal validation are still required.,"Radiomic-only AUC 0.921, 0.957, and 0.998; transcriptomic-only AUC 0.583, 0.716, and 0.898; clinical-only AUC 0.585, 0.675, and 0.953 (random forest, naive Bayes, and SVM).",REV-ALCIDES-AI,2026-09-23,needs_review,"AUCs are printed, but the full text only says supplementary results were split into 10 runs and does not define cross-validation. T3b n=13 and an SVM AUC of 0.996 need review.",yes,batch-01
REC-AIBIOGU-000037,Marouf2025,Identification of Potential Biomarkers in Prostate Cancer Microarray Gene Expression Leveraging Explainable Machine Learning Classifiers.,2025,Cancers (Basel),10.3390/cancers17233853,prostate,,Explainable ML on tissue microarray expression for severity stratification,own_cohort,Novel tissue microarray dataset n=102 (PCa and healthy),102,samples,transcriptomics,Microarray with SMOTE/Tomek and k-fold stratified CV,classification_subtyping,"NB, RF, DT, SVM, LR, Bagging with SHAP explainability","Top genes include DEGS1, HPN, ERG, CFD, TMPRSS2, PDLIM5, XBP1, AJAP1, NPM1, C7",Severity-stratification gene biomarker panel,subtyping,accuracy,Highest accuracy 81.01% with Random Forest,internal_cv,K-fold stratified validation only; no external cohort.,yes,NR,none_stated,NR,NR,XML pipeline prioritized interpretable gene biomarkers for PCa severity with RF achieving ~81% accuracy.,Small single-cohort microarray study.,SHAP-based feature importance for clinical interpretability.,REV-ALCIDES-AI,2026-09-23,needs_review,Appraisal flags n=102 and no external validation despite GitHub code transparency.,yes,batch-01
REC-AIBIOGU-000038,Chen2025,Identification of programmed cell death associated key genes in benign prostatic hyperplasia and prostate cancer development by integrated bioinformatics analysis and machine learning.,2025,Transl Androl Urol,10.21037/tau-2025-527,prostate,,GEO PCD-gene bioinformatics with four ML selectors for BPH vs PCa nomogram,GEO,GSE55597 and GSE119195 with cross-dataset BMP5/CYP1B1 nomogram; TCGA PRAD used for additional validation,NR,samples,transcriptomics,Microarray DEG intersection and LASSO/XGBoost/RF/Boruta reduction,diagnostic_prediction,"LASSO, XGBoost, random forest, and Boruta consensus to two-gene model",BMP5 and CYP1B1 hub genes,Two-gene BPH/PCa risk nomogram,diagnostic,AUC,"AUC 0.988 (GSE55597); AUC 1.0 (GSE119195, authors flag implausible)",internal_split_only,Performance computed by swapping GEO datasets used for development vs testing rather than independent cohorts.,NR,NR,none_stated,NR,NR,BMP5 and CYP1B1 nomogram discriminated BPH versus PCa with high in-sample AUC on both source GEO datasets.,Requires prospective clinical validation.,CYP1B1 associated with PCa prognosis in TNM multivariable analysis.,REV-ALCIDES-AI,2026-09-23,needs_review,Appraisal flags implausible AUC=1.0 in GSE119195 and lack of genuine independent external validation.,yes,batch-01
REC-AIBIOGU-000039,Liao2025,Methylation-based signature to distinguish indolent and aggressive prostate cancer.,2025,Biol Open,10.1242/bio.062281,prostate,,Whole-genome enzymatic methylation sequencing with ML biomarker selection,own_cohort,120 PCBN patients with EM-seq; intermediate-risk subgroup used for validation split,120,patients,epigenomics_methylation,"20,849 DMRs reduced to 14-region methylation signature",prognostic_prediction,Multiple ML approaches compared for optimal methylation biomarkers,14-region DNA methylation signature combined into risk score,14-DMR aggressive-progression methylation risk score,prognostic,other,Clinically meaningful odds ratio for aggressive progression (numeric OR truncated in slice),internal_holdout,Validation on internal intermediate-risk subgroup split rather than separate external cohort.,yes,NR,none_stated,NR,NR,Methylation risk score outperformed traditional clinical indices for aggressive PCa progression prediction.,NR,GitHub-hosted analysis code and figures.,REV-ALCIDES-AI,2026-09-23,needs_review,Appraisal flags no true external cohort—validation was internal intermediate-risk subgroup split.,yes,batch-01
REC-AIBIOGU-000041,Wang2025,Integrated Analysis of Single-Cell RNA Sequencing and Machine Learning Reveals a T Cell-Specific PANoptosis Signature Predicting Prognosis and Immunotherapy in Prostate Cancer.,2025,Hum Mutat,10.1155/humu/8889021,prostate,,retrospective cohort / translational bioinformatic (scRNA-seq + bulk transcriptomics + integrative ML + in vitro functional validation),public_plus_own,"Public: TCGA-PRAD (training, n=461 [231 low-risk+230 high-risk]); external validation GSE70768 (n=111), GSE94767 (n=183), DKFZ cBioPortal (n=81); scRNA-seq GSE185344 (7 paired benign/PCa tissues, 44,619 cells); immunotherapy response cohorts IMvigor210, GSE78220, GSE135222, GSE91061. Own: 11 BPH + 49 PCa tissue specimens (Third Affiliated Hospital of Sun Yat-sen University, 2016-2020) used for IHC/qPCR/functional in vitro validation of UBB, not part of the predictive model training/validation set.",461,patients,transcriptomics,"scRNA-seq (GSE185344, T cell-specific gene discovery) + bulk RNA-seq (TCGA + 3 external cohorts) for signature construction/validation",prognostic_prediction,"Integrative ML framework: 10 survival algorithms (Lasso, Ridge, Elastic Net, Random Survival Forest, CoxBoost, Survival-SVM, plsRcox, Stepwise Cox, SuperPC, GBM) combined into 101 model pairings via 10-fold CV; optimal combination = Lasso + plsRcox","67 T cell-specific PANoptosis-related genes (TSPRGs), from intersection of 677 T cell-specific DEGs (scRNA-seq, benign vs PCa) and 976 PANoptosis-related genes",Consensus 9-gene T cell-specific PANoptosis signature (TSPS),prognostic,C-index,"Optimal model (Lasso+plsRcox) mean C-index 0.682 across TCGA/GSE70768/GSE94767/DKFZ. Time-dependent AUC for biochemical relapse-free survival at 1/3/5-yr: TCGA 0.77/0.78/0.77; GSE70768 0.55/0.62/0.88; GSE94767 0.59/0.63/0.67; DKFZ 0.76/0.81/0.70. Meta-analysis HR=3.28 (95% CI 2.09-5.13), p<0.001.",external_multicenter,"Model trained on TCGA with 10-fold CV; independently validated (same risk formula, no refitting) in three separate external public cohorts (GSE70768, GSE94767, DKFZ) plus 4 independent immunotherapy-response cohorts (IMvigor210, GSE78220, GSE135222, GSE91061) for treatment-response utility.",NR,yes,none_stated,NR,NR,"A consensus 9-gene T cell-specific PANoptosis signature (TSPS), selected via an integrative ML framework (Lasso+plsRcox, mean C-index 0.682), stratifies PCa prognosis across 4 independent cohorts (AUC ~0.55-0.88) and predicts differential immunotherapy response across 4 immunotherapy cohorts; UBB, a signature gene, was validated by IHC as overexpressed in PCa and its knockdown inhibited PCa cell proliferation and invasion in vitro.",NR (not captured in extracted Abstract/Intro/Methods/partial Results excerpt),"scRNA-seq/CellChat analysis characterized T cell-centric cell-cell communication remodeling in PCa vs benign tissue (e.g., TNF-TNFRSF1 macrophage signaling); CTRP/PRISM drug-sensitivity screening identified 18 candidate compounds for high-risk patients.",REV-ALCIDES-AI,2026-09-23,complete,Codebook note: study reports both C-index (used for model selection/comparison across algorithms) and time-dependent AUC (used for per-cohort survival discrimination) as co-primary metrics; performance_metric forced to a single value (C-index chosen as the model-selection criterion) with AUC detail retained in performance_value. n_analytic reflects the TCGA training cohort; three additional external cohorts (n=111/183/81) were used for validation only.,no,pilot
REC-AIBIOGU-000042,Zhai2025,Quantification of intratumoral heterogeneity using habitat-based MRI radiomics for predicting high-Gleason scores and castration-resistant PCa: retrospective study.,2025,BMC Cancer,10.1186/s12885-025-15300-8,prostate,,Single-center MRI habitat radiomics for high-GS and CRPC prediction tasks,own_cohort,Task 1 n=264 (train 184/val 80); Task 2 high-GS follow-up n=142 with 25 CRPC events,264,patients,radiology_imaging,T2WI/DWI/ADC habitat and whole-tumor radiomics with ITH signatures,prognostic_prediction,Multivariable logistic regression combining ITH/radiomics and clinical variables,Intratumoral heterogeneity habitat radiomics signatures,ITH-based models for high-GS (Task 1) and CRPC development (Task 2),risk_stratification,AUC,Task1 combined model AUC 0.900 train/0.832 test; Task2 ITH AUC 0.802 train/0.840 test,internal_holdout,Random 7:3 internal splits; Task 2 limited to 25 CRPC events among 142 followed patients.,NR,NR,none_stated,NR,NR,Habitat MRI radiomics ITH signatures predicted high Gleason disease and short-interval CRPC after ADT in high-GS patients.,Authors state need for external validation; small CRPC event count.,DCA supported clinical utility for Task 1 models.,REV-ALCIDES-AI,2026-09-23,needs_review,Appraisal flags single-center design and high overfitting risk in Task 2 (25 CRPC events).,yes,batch-01
REC-AIBIOGU-000043,Tang2025,Unveiling prognostic biomarkers and immunotherapeutic insights in prostate cancer through multi-omics and machine learning.,2025,Eur J Med Res,10.1186/s40001-025-03363-z,prostate,,"scRNA/bulk integrative ML (14 algorithms, 162 pairs) for immune-prognostic IPRS",multiple_public,Bulk and scRNA public datasets with TCGA-centered training and separate test cohort (n≈248 in slice),248,patients,multiomics,Bulk RNA plus scRNA TME deconvolution for 91 prognostic TME genes,prognostic_prediction,Integrative framework across 14 algorithms and 162 combinations for consensus IPRS,Immune/prognostic-related gene consensus signature (IPRS) including BCAM,IPRS immune-prognostic consensus signature,prognostic,AUC,"Time-dependent 1/3/5-year AUCs 0.798/0.823/0.848, 0.984/0.782/0.710, and 0.722/0.693/0.711 on the TCGA, DKFZ, and GSE116918 panels; Gleason-grade AUC 0.706",external_cohort,Systematic validation in held-out test cohort with multivariate nomogram.,NR,NR,none_stated,NR,NR,IPRS predicted biochemical recurrence and immune/drug-response phenotypes with experimental BCAM validation.,NR,Immunotherapy and drug-selection applicability analyses.,REV-ALCIDES-AI,2026-09-23,complete,"The Lasso-CoxBoost model was chosen after comparing average C-index, which is not printed. Figure panels print the time-dependent AUCs.",no,batch-01
REC-AIBIOGU-000044,Ji2025,PA2G4 in CAFs promotes biochemical recurrence of prostate cancer via H3K18la.,2025,Cell Biosci,10.1186/s13578-025-01485-9,prostate,,scRNA-derived CAF lactate metabolism signature with bulk ML prognostic index,multiple_public,scRNA GSE141445; TCGA n=421 training; GSE70769 (n=92) and GSE46602 (n=36) validation,421,patients,multiomics,scRNA CAF lactate genes plus bulk LMCAFCPI machine learning,prognostic_prediction,Unsupervised clustering and ML-derived LMCAFCPI with nomogram,CAF lactate metabolism-associated transcriptomic signature (CLS) and LMCAFCPI,LMCAFCPI lactate-metabolism prognostic index,prognostic,AUC,"Average AUC for BCR-free survival: TCGA 0.6938, GSE54460 0.709, GSE116918 0.7294, GSE70769 0.6742",external_cohort,GEO cohorts GSE70769 and GSE46602 used for external validation after TCGA training.,NR,NR,none_stated,NR,NR,LMCAFCPI stratified BCR risk and linked to immune infiltration; PA2G4 validated functionally in CAF co-culture models.,NR,CUT&Tag H3K18la mechanism with PA2G4 knockdown in CAFs.,REV-ALCIDES-AI,2026-09-23,complete,"CoxBoost plus survival-SVM was selected by the highest average C-index, which is not printed. Cohort AUCs are the reported performance numbers.",no,batch-01
REC-AIBIOGU-000047,Zhao2025,Identification and validation of the PARP inhibitor-related gene KANK3 for predicting prognosis and immunotherapeutic response in prostate cancer.,2025,J Cancer,10.7150/jca.113546,prostate,,PARP-inhibitor-response gene ML prognostic model for BCRFS,multiple_public,TCGA-PRAD and DKFZ2018 BCRFS cohorts; olaparib-treated cell-line DEGs defined PIRGs,NR,patients,transcriptomics,Bulk RNA with random-forest risk score and nomogram,prognostic_prediction,Random forest (highest C-index among ML frameworks tested),PARP inhibitor-related prognostic genes including KANK3,PIRG-based BCRFS risk score,prognostic,C-index,Highest average C-index 0.726 (random survival forest) across training and external validation cohorts,external_cohort,Random forest selected by C-index with DKFZ external validation referenced in methods.,NR,NR,none_stated,NR,NR,PIRG random-forest score stratified BCRFS and immunotherapy response; KANK3 functionally validated after olaparib exposure.,NR,Consensus clustering of PIRG clusters with immune microenvironment differences.,REV-ALCIDES-AI,2026-09-23,complete,,no,batch-01
REC-AIBIOGU-000050,Wang2025,Development of a prostate cancer biochemical recurrence risk signature using machine learning and motor protein-related genes.,2025,PLoS One,10.1371/journal.pone.0332747,prostate,,Motor-protein gene integrative MIME ML BCR signature across TCGA and external cohorts,multiple_public,TCGA-PRAD train n=321; MSKCC2010 n=140; GSE70769 n=92 validation,321,patients,transcriptomics,ComBat-harmonized FPKM expression of motor-protein-related genes,prognostic_prediction,MIME integrative ML (ML.Dev.Prog.Sig) with univariate Cox preselection,MPRG subset selected by Cox p<0.05 in TCGA,Motor-protein-related BCR risk signature,prognostic,AUC,"1-year AUC 0.696 (TCGA-PRAD), 0.835 (MSKCC2010), and 0.749 (GSE70769); 3-year AUC 0.721, 0.689, and 0.710; 5-year AUC 0.700, 0.664, and 0.649",external_cohort,Locked signature evaluated in MSKCC and GSE70769 without refitting.,NR,yes,none_stated,NR,NR,Integrative MIME framework yielded a cross-cohort BCR signature with consistent log-rank separation across three public cohorts.,NR,Functional enrichment of high- vs low-risk groups.,REV-ALCIDES-AI,2026-09-23,complete,"StepCox[forward] plus Ridge was selected by mean C-index, which is not printed. Time-dependent AUCs are the reported performance numbers.",no,batch-01
REC-AIBIOGU-000051,Cao2025,Development of a prognostic risk model for predicting biochemical recurrence-free survival in patients with prostate cancer based on lysine acetylation.,2025,Transl Androl Urol,10.21037/tau-2025-179,prostate,,Lysine acetylation TCGA prognostic ML linked to AR signaling,TCGA,TCGA-PRAD with own validation cohort sizes 49/51/232 referenced in slice tables,NR,patients,transcriptomics,Acetylation-related gene expression with ML risk model,prognostic_prediction,Machine learning prognostic model after acetylation gene screening (methods detail truncated),Lysine acetylation/AR-pathway related gene signature,Acetylation-related PCa prognostic risk score,prognostic,AUC,"Training-set 1/3/5-year AUC 0.804, 0.781, and 0.738; validation-set 1/3/5-year AUC 0.603, 0.611, and 0.603",external_cohort,Public TCGA discovery with additional cohort validation referenced in slice.,NR,NR,none_stated,NR,NR,Acetylation-modulated AR signaling genes formed an ML prognostic model for PCa outcomes.,NR,Mechanistic focus on lysine acetylation and AR pathway.,REV-ALCIDES-AI,2026-09-23,complete,The full text does not print a C-index. ROC AUCs for the training and validation sets are reported.,no,batch-01
REC-AIBIOGU-000053,Ji2025,Biparametric MRI-based radiomics for differentiating clinically significant prostate cancer among prostate-specific antigen level of gray zone.,2025,Front Oncol,10.3389/fonc.2025.1615005,prostate,,Single-center bpMRI radiomics for csPCa in PSA 4–10 ng/mL,own_cohort,287 patients PSA 4–10; LASSO-selected T2WI/DWI features with logistic Radscore,287,patients,radiology_imaging,"bpMRI T2WI and DWI (b=0,1000,2000) radiomics with PI-RADS integration",diagnostic_prediction,LASSO feature selection with logistic regression Radscore and combined nomogram,15 T2WI and 12 DWI radiomics features plus PI-RADS,Radiomics Radscore and PI-RADS combined nomogram,diagnostic,AUC,Test set radiomics AUC 0.928 vs PI-RADS 0.807; combined nomogram AUC 0.955,internal_holdout,Internal test set versus fusion biopsy reference; authors call for external validation.,NR,NR,none_stated,NR,NR,"bpMRI radiomics outperformed PI-RADS for csPCa detection in grey-zone PSA, with further gain from combined nomogram.",Single-center retrospective; external validation needed.,DeLong comparisons versus PI-RADS and PSAD.,REV-ALCIDES-AI,2026-09-23,needs_review,Appraisal flags single-center design and stated need for further external validation.,yes,batch-01
REC-AIBIOGU-000054,Dai2025,Tumor associated neutrophils promote prostate cancer progression by mediating neutrophil trap secretion through PSMA1- NF-κB-HIF-1α signaling axis.,2025,Front Immunol,10.3389/fimmu.2025.1467357,prostate,,Mechanistic TAN/neutrophil-trap study with secondary LASSO+ML six-gene prognostic model,own_cohort,Clinical/neutrophil cohorts plus integrative LASSO and ML six-gene prognostic model,NR,patients,transcriptomics,Bulk expression for six-gene risk score with nomogram,prognostic_prediction,LASSO regression combined with machine learning prognostic classification,Six-gene prognostic risk score (genes not fully listed in slice excerpt),Six-gene high/low-risk prognostic score,prognostic,NR,NR,internal_split_only,Risk score linked to survival in study cohorts; performance metrics not reported in extracted sections.,NR,NR,none_stated,NR,NR,Six-gene ML risk score stratified prognosis independently while primary findings center on TAN-mediated NETosis via PSMA1–NF-κB–HIF-1α.,Generalizability of ML analyses noted as limitation in discussion excerpt.,Organoid and scRNA validation of neutrophil-trap mechanism.,REV-ALCIDES-AI,2026-09-23,needs_review,Paper anchor is mechanistic immunology; ML prognostic model is secondary with performance not quantified in slice.,yes,batch-01
REC-AIBIOGU-000055,Gong2025,Habitat analysis based on magnetic resonance imaging for the prediction of prostate cancer: a dual-center study.,2025,Quant Imaging Med Surg,10.21037/qims-2025-223,prostate,,Multisequence multiregional MRI habitat analysis for PCa diagnosis,own_cohort,Multi-regional MRI habitat cohort (n≈468 total referenced in slice),468,patients,radiology_imaging,Multisequence MRI habitat radiomics across tumor subregions,diagnostic_prediction,Habitat-based radiomics with ML classification (methods truncated),Multiregional habitat imaging features,Habitat MRI diagnostic signature,diagnostic,AUC,AUC values up to ~0.963 reported across habitat models in results excerpt,internal_holdout,Internal train/test evaluation within retrospective MRI cohort.,NR,NR,none_stated,NR,NR,Multiregional habitat MRI improved PCa versus benign differentiation versus conventional single-region radiomics.,NR,Microenvironment heterogeneity quantification via habitat analysis.,REV-ALCIDES-AI,2026-09-23,complete,,no,batch-01
REC-AIBIOGU-000056,Wu2025,Single-Cell and Bulk RNA Sequencing Highlights Intra-Tumoral Heterogeneity and Malignant Progression Mechanisms in Prostate Cancer.,2025,J Cell Mol Med,10.1111/jcmm.70806,prostate,,"Ten-algorithm machine-learning screen under 10-fold cross-validation for an 11-gene prostate cancer meta-program prognostic signature, with external bulk cohorts and single-cell interpretation",multiple_public,"TCGA-PRAD training n=490; external GSE21032, GSE70768, GSE70769, GSE46602, GSE116918, and DKFZ; scRNA-seq GSE193337 and GSE206962",490,patients,transcriptomics,Bulk RNA-seq for the prognostic model plus scRNA-seq for epithelial programs,prognostic_prediction,101 combinations of 10 algorithms under 10-fold cross-validation; optimal combination chosen by mean C-index,"11-gene prostate cancer meta-program signature, including CENPA and CKS1B",11-gene PCMP recurrence risk score,prognostic,C-index,"Optimal model mean C-index 0.742 and mean AUC 0.778; cohort C-indexes for DKFZ, GSE116918, GSE21032, GSE46602, GSE70768, GSE70769, meta-cohort, and TCGA were 0.829, 0.659, 0.811, 0.757, 0.71, 0.651, 0.637, and 0.700",external_multicenter,"10-fold cross-validation during model selection on TCGA-PRAD (n=490), then C-index and AUC on independent DKFZ and GEO prostate cohorts",upon_request,yes,none_stated,Natural Science Foundation of Anhui Province (2208085MH208) and Key Research and Development Programme of Anhui Province (2022e07020037),none_declared,An 11-gene PCMP signature selected by mean C-index 0.742 stratified recurrence across TCGA and external prostate cohorts and was linked to cell-cycle and epithelial proliferation programs.,Public single-cell and bulk data may carry population bias; signalling pathways of the targets still need in vitro study.,"Same-order cohort AUCs 0.751, 0.768, 0.838, 0.751, 0.790, 0.700, 0.667, and 0.751. CENPA and CKS1B overexpression increased proliferation.",REV-ALCIDES-AI,2026-09-23,complete,n_analytic is the TCGA-PRAD training set. The mean C-index averages that cohort with the external prostate cohorts.,no,batch-01
REC-AIBIOGU-000057,Wu2025,A Promising Prognostic Signature Consisting of Fatty Acid Metabolism Genes based on Machine Learning Predicts Biochemical Recurrence and Aids ARSI Therapy in Prostate Cancer.,2025,J Cancer,10.7150/jca.112597,prostate,,Ten-algorithm integrative ML for fatty-acid metabolism gene prognostic score,multiple_public,TCGA-PRAD training with multiple external public validation cohorts (slice),NR,patients,transcriptomics,FAM-related gene expression bulk RNA-seq/microarray,prognostic_prediction,Combinations of 10 ML algorithms selecting FAMRGs,Fatty acid metabolism-related gene score (FAMRGs),FAMRGs prognostic risk score,prognostic,C-index,"Highest average C-index 0.746 (Lasso and random survival forest); TCGA 1/3/5-year AUC 0.981, 0.990, and 0.963",external_cohort,Highest cross-cohort C-index model selected among algorithm combinations.,NR,NR,none_stated,NR,NR,FAM-related ML signature associated with PCa prognosis and metabolic tumor phenotypes.,NR,Immune and pathway analyses by risk group.,REV-ALCIDES-AI,2026-09-23,complete,,no,batch-01
REC-AIBIOGU-000059,Zhou2025,"Integrative analysis of lactylation related genes in prostate cancer: unveiling heterogeneity through single-cell RNA-seq, bulk RNA-seq and machine learning.",2025,Front Pharmacol,10.3389/fphar.2025.1634985,prostate,,LRG-based unsupervised clustering with TCGA/GSE bulk and scRNA integration,multiple_public,"TCGA-PRAD, GSE116918, GSE54460 with ComBat batch correction",NR,patients,transcriptomics,Bulk and scRNA LRG clustering with TME enrichment,prognostic_prediction,Unsupervised clustering on LRG expression with prognostic validation,Literature-derived LRG cluster assignments,LRG cluster prognostic subtypes,prognostic,NR,NR,external_cohort,Multiple GEO cohorts combined with TCGA after ComBat harmonization.,NR,NR,none_stated,NR,NR,LRG-based clusters associated with prognosis and TME pathway differences across harmonized public cohorts.,NR,Functional enrichment of LRG-high versus LRG-low groups.,REV-ALCIDES-AI,2026-09-23,complete,Predictive performance metrics not reported in extracted sections; clustering prognostic association only.,no,batch-01
REC-AIBIOGU-000062,Jiang2025,Comprehensive analysis of cholesterol metabolism-related genes in prostate cancer: integrated analysis of single-cell and bulk RNA sequencing.,2025,Discov Oncol,10.1007/s12672-025-03294-5,prostate,,Cholesterol metabolism gene ML prognostic signature with multi-cohort validation,multiple_public,TCGA-PRAD and external cohorts including sizes 491/82/92/36 referenced in slice,491,patients,transcriptomics,CMG-related bulk expression prognostic model,prognostic_prediction,Machine learning over CMG sets (integrative algorithm screen in methods),Cholesterol metabolism gene (CMG) signature,CMG-related prognostic risk signature,prognostic,AUC,"Training ROC AUC 0.801, 0.829, and 0.797 at 2, 3, and 5 years; univariate HR 4.186 (95% CI 2.953-5.936)",external_cohort,External validation cohorts beyond TCGA referenced in study design.,NR,NR,none_stated,NR,NR,CMG signature predicted PRAD prognosis with biological and therapeutic implication analyses.,NR,Drug sensitivity and immune infiltration analyses.,REV-ALCIDES-AI,2026-09-23,complete,The full text does not print a C-index. Training-cohort ROC AUCs are the reported performance numbers.,no,batch-01
REC-AIBIOGU-000063,Wang2025,Assessment of prostate cancer aggressiveness through the combined analysis of prostate MRI and 2.5D deep learning models.,2025,Front Oncol,10.3389/fonc.2025.1539537,prostate,,Single-center 2.5D deep learning on prostate MRI for aggressiveness classification,own_cohort,335 patients with MRI; class imbalance 266 vs 69 noted in appraisal,335,patients,radiology_imaging,2.5D CNN on mpMRI for ISUP/aggressiveness prediction,classification_subtyping,2.5D deep learning classifier,Multi-slice MRI input tensor,DL aggressiveness probability score,subtyping,AUC,AUC up to ~0.966 reported for top model in slice results excerpt,internal_holdout,Internal train/validation split only at single center.,NR,NR,none_stated,NR,NR,2.5D DL model classified PCa aggressiveness from MRI with high internal discrimination.,Single-center; class imbalance; external validation absent.,Comparison across ISUP grade groups.,REV-ALCIDES-AI,2026-09-23,needs_review,"Appraisal flags single-center design, class imbalance, and no external validation cohort.",yes,batch-01
REC-AIBIOGU-000065,Li2025,Intralesional and perilesional radiomics strategy based on different machine learning for the prediction of international society of urological pathology grade group in prostate cancer.,2025,BMC Med Imaging,10.1186/s12880-025-01812-z,prostate,,Dual-hospital intra/perilesional radiomics with four ML classifiers for ISUP grade,own_cohort,"340 RP-confirmed PCa patients split into training, internal, and external hospital validation groups",340,patients,radiology_imaging,"T2WI intralesional, perilesional, fusion radiomics with RF nomogram",classification_subtyping,"LR, RF, extra trees, MLP compared; RF selected",Combined intra- and perilesional radiomics feature sets,RF nomogram for ISUP >2 vs ≤2,subtyping,AUC,"Nomogram AUC 0.929 training, 0.734 internal validation, 0.743 external validation",external_cohort,Separate external hospital cohort used despite large train/internal vs external performance gap.,NR,NR,none_stated,NR,NR,Fused intra/perilesional radiomics nomogram exceeded single-ROI models for high-grade PCa discrimination.,NR,Sensitivity/specificity and F1 reported for RF models.,REV-ALCIDES-AI,2026-09-23,needs_review,Appraisal flags large training vs validation AUC gap (0.929 vs 0.734/0.743) suggesting overfitting.,yes,batch-01
REC-AIBIOGU-000067,Zhong2025,"Combining MRI radiomics, hypoxia gene signature score and clinical variables for prediction of biochemical recurrence-free survival after radiotherapy in prostate cancer.",2025,Radiol Med,10.1007/s11547-025-02037-4,prostate,,Bi-institutional MRI radiomics plus hypoxia gene signature for post-RT BCRFS,own_cohort,Pooled radiotherapy cohort n≈143 with hypoxia scores and MRI (two centers),143,patients,multiomics,MRI radiomics combined with hypoxia-associated gene signature and clinical covariates,prognostic_prediction,Cox/radiomics nomogram with optional hypoxia signature term,"MRI radiomic features, clinical variables, hypoxia gene signature",Radiomics-clinical BCRFS model (hypoxia add-on not improving AIC),prognostic,C-index,Modest C-index ~0.63–0.73 across models; hypoxia signature did not improve AIC (p=0.625),internal_cv,Bootstrap/CV on pooled bi-institutional data without independent external cohort.,NR,NR,none_stated,NR,NR,MRI radiomics-clinical model predicted post-RT BCRFS while hypoxia signature did not add fit beyond radiomics/clinical variables.,No independent external validation; modest discrimination.,Honest null result for hypoxia gene augmentation.,REV-ALCIDES-AI,2026-09-23,needs_review,Appraisal notes modest C-index (~0.70) and lack of independent external validation.,yes,batch-01
REC-AIBIOGU-000068,Liu2025,A nomogram based on radiomic features from peri-prostatic adipose tissue for predicting bone metastasis in first-time diagnosed prostate cancer patients.,2025,Adipocyte,10.1080/21623945.2025.2517583,prostate,,PPAT MRI radiomics nomogram for bone metastasis prediction,own_cohort,151 newly diagnosed PCa patients (2010–2022) with PPAT T2 radiomics,151,patients,radiology_imaging,Peri-prostatic adipose tissue radiomics on axial T2WI,diagnostic_prediction,Radiomics feature selection with logistic nomogram,PPAT radiomics and normalized PPAT volume ratio,PPAT radiomics bone-metastasis nomogram,diagnostic,AUC,AUC up to ~0.916 reported in slice with bootstrap validation,internal_cv,Bootstrap internal validation only at single center.,NR,NR,none_stated,NR,NR,PPAT radiomics nomogram predicted bone metastasis at diagnosis with strong internal bootstrap performance.,Single-center; external validation absent.,Calibration and DCA analyses referenced in abstract.,REV-ALCIDES-AI,2026-09-23,needs_review,Appraisal flags single-center cohort with bootstrap-only validation.,yes,batch-01
REC-AIBIOGU-000069,Wu2025,Integrated machine learning based on cuproptosis and RNA methylation regulators to explore the molecular model of prostate cancer and provide novel insights to immunotherapy.,2025,J Cancer,10.7150/jca.112843,prostate,,Cuproptosis–RNA methylation integrative 101-ML Ridge prognostic model,multiple_public,"TCGA-PRAD, GSE70768, GSE70769, DKFZ cohorts in Table 1; nine CARMRs in final Ridge model",491,patients,transcriptomics,Bulk RNA with WGCNA/ssGSEA CARMRs scores,prognostic_prediction,101 ML procedure selecting Ridge regression consensus,Nine cuproptosis-associated RNA methylation regulator genes (CARMRs),CARMRs Ridge prognostic risk score,prognostic,C-index,Highest average C-index 0.687 (Ridge model across cohorts),external_cohort,Risk score applied across TCGA and GEO/DKFZ validation cohorts listed in Table 1.,NR,NR,none_stated,NR,NR,Nine-gene CARMRs Ridge score stratified PCa prognosis with cross-cohort coefficient stability.,Five genes absent on microarray platforms in some cohorts.,Immune infiltration and pathway analyses by risk group.,REV-ALCIDES-AI,2026-09-23,complete,Abstract section corrupted in slice; extraction based on methods/results.,no,batch-01
REC-AIBIOGU-000070,Wang2025,Precise prediction of bone metastases and metastatic burden using exosomal mirnas and radiomics: a multi-center study.,2025,J Transl Med,10.1186/s12967-025-06691-0,prostate,,Blood-based logistic model for PCa bone metastasis prediction,own_cohort,Prospective/retrospective patient blood samples with clinical covariates (cohort n not fully specified in excerpt),NR,patients,other,Clinical/laboratory variables in logistic regression model,diagnostic_prediction,Logistic regression after univariate screening,Clinical and blood biomarker predictors selected by logistic regression,Bone metastasis logistic prediction model,diagnostic,AUC,AUC ~0.904–0.956 range reported across model comparisons in slice excerpt,internal_holdout,Internal cohort evaluation with cross-validation referenced in results section.,NR,NR,none_stated,NR,NR,Logistic clinical/blood model improved bone metastasis prediction versus conventional markers.,NR,Sensitivity/specificity comparisons to existing biomarkers.,REV-ALCIDES-AI,2026-09-23,complete,Exact analytic N not stated in available slice sections.,no,batch-01
REC-AIBIOGU-000072,Niu2025,"DWI-based Biologically Interpretable Radiomic Nomogram for Predicting 1-year Biochemical Recurrence after Radical Prostatectomy: A Deep Learning, Multicenter Study.",2025,Curr Med Imaging,10.2174/0115734056403104250527045320,prostate,,Multicenter DWI deep learning radiomic nomogram for 1-year post-RP BCR,own_cohort,Enrolled 221 at institution I and 203 at institution II (424 men); analytic development n=182 and validation n=167 after exclusions,349,patients,radiology_imaging,DWI radiomics plus deep learning interpretable nomogram,prognostic_prediction,Deep learning radiomics pipeline with nomogram integration,DWI-derived radiomic and deep features,Biologically interpretable DWI radiomic nomogram for 1-year BCR,prognostic,AUC,Clinical-radiomic nomogram AUC 0.892 (95% CI 0.783-0.939) in the development cohort and 0.869 (95% CI 0.779-0.923) in the validation cohort,external_cohort,Independent second-center validation. Analytic n=182 in development and n=167 in validation after exclusions from enrolled 221 and 203.,NR,NR,none_stated,NR,NR,Multicenter DWI-based nomogram predicted 1-year biochemical recurrence after RP with external center validation.,NR,Multicenter retrospective design across three institutions listed in author affiliations.,REV-ALCIDES-AI,2026-09-23,complete,n_analytic is the post-exclusion development plus validation sample that supports the two AUCs.,no,batch-01
REC-AIBIOGU-000073,Ma2025,Impact of ITH on PRAD patients and feasibility analysis of the positive correlation gene MYLK2 applied to PRAD treatment.,2025,Front Genet,10.3389/fgene.2025.1589259,prostate,,TCGA-PRAD intratumoral heterogeneity (ITH) DEPTH score prognostic ML,TCGA,TCGA-PRAD only with ITHscore from DEPTH algorithm and transcriptomic RiskScore,NR,patients,transcriptomics,Bulk RNA with ITH scoring and survival modeling,prognostic_prediction,Machine learning/Cox framework on ITH-associated genes (slice methods truncated),ITHscore and RiskScore from DEPTH/high-ITH gene set,ITH-based prognostic RiskScore,prognostic,other,"Random survival forest outperformed Cox proportional hazards on Brier score, C/D AUC, and C-index, without printed numeric values",none,Retrospective TCGA-PRAD only; authors note need for future external validation.,NR,NR,none_stated,NR,NR,High ITH RiskScore associated with worse survival and distinct molecular phenotypes in TCGA-PRAD.,TCGA-only retrospective data requiring prospective validation.,High vs low ITH group functional comparisons.,REV-ALCIDES-AI,2026-09-23,needs_review,The full text does not report a numeric performance metric. Analysis remains retrospective TCGA-PRAD only.,yes,batch-01
REC-AIBIOGU-000074,Lu2025,Integrating multimodal data to predict the progression of hormone-sensitive prostate cancer.,2025,Clin Proteomics,10.1186/s12014-025-09543-7,prostate,,Multi-omics MRI/H&E/proteomics LASSO-Cox nomogram for rapid CRPC progression,own_cohort,"77 HSPC patients with proteomics, HE, T2WI, ADC radiomics; Boruta feature screening per modality",77,patients,multiomics,"Proteome, digital pathology, and MRI radiomics fused via LASSO-Cox",prognostic_prediction,Boruta screening plus six ML validators; LASSO-Cox multivariate nomogram,30 selected multi-omics features from proteome/HE/T2/ADC modalities,Multi-omics CRPC progression nomogram,prognostic,C-index,Nomogram C-index 0.906,internal_holdout,Single retrospective cohort without independent external validation; high-dimensional features relative to n.,NR,NR,none_stated,NR,NR,Integrated proteomics-imaging-pathology nomogram stratified time to CRPC progression with high internal C-index.,Small sample; black-box ML limitations; no external validation.,Per-modality Boruta feature counts reported in abstract.,REV-ALCIDES-AI,2026-09-23,needs_review,"Appraisal flags n=77, high overfitting risk, and lack of external validation.",yes,batch-01
REC-AIBIOGU-000078,Liu2025,A retrospective study on predicting clinically significant prostate cancer via a bi-parametric ultrasound-based deep learning radiomics model.,2025,Front Oncol,10.3389/fonc.2025.1538854,prostate,,Single-center biparametric ultrasound DLR plus clinical csPCa model,own_cohort,232 participants with B-mode and SWE before biopsy at single institution,232,patients,radiology_imaging,B-mode and shear-wave elastography deep learning radiomics with clinical covariates,diagnostic_prediction,Deep learning radiomics with clinical factor integration,Ultrasound DLR features plus clinical predictors,DLR-clinical csPCa prediction model,diagnostic,AUC,AUC up to ~0.95 training and ~0.77–0.91 validation splits in slice excerpt,internal_holdout,Internal train/validation split at single center only.,NR,NR,none_stated,NR,NR,Biparametric ultrasound DLR with clinical variables predicted csPCa on biopsy with strong internal performance.,Single-center; external validation absent.,Comparison to clinical-only baseline.,REV-ALCIDES-AI,2026-09-23,needs_review,Appraisal flags single-center design without external validation cohort.,yes,batch-01
REC-AIBIOGU-000079,Guha2025,AI-Driven Prediction of Cardio-Oncology Biomarkers Through Protein Corona Analysis.,2025,Chem Eng J,10.1016/j.cej.2025.161134,prostate,,Protein corona plasma proteomics with LASSO feature selection in PCa+ASCVD cohort,own_cohort,Cross-sectional plasma protein corona MS cohort n=35 PCa with ASCVD comorbidity focus,35,patients,proteomics,Nanoparticle protein corona LC-MS with LASSO-selected protein features,feature_selection_only,LASSO regression for protein feature selection (no validated predictive model reported),LASSO-selected protein corona proteins,Candidate protein corona biomarker panel,other,NR,NR,none,No AUC/C-index predictive validation reported in extracted text.,NR,NR,none_stated,NR,NR,Protein corona profiling prioritized LASSO-selected plasma proteins linking PCa and ASCVD comorbidity biology.,Very small cross-sectional cohort; discovery-focused.,Causality/network analyses between corona proteins and clinical traits.,REV-ALCIDES-AI,2026-09-23,needs_review,Appraisal: discovery-focused n=35 PCa+ASCVD study without formal predictive validation; borderline GU scope.,yes,batch-01
REC-AIBIOGU-000081,Du2025,Establishing a Prognostic Model Correlates to Inflammatory Response Pathways for Prostate Cancer via Multiomic Analysis of Lactylation-Related Genes.,2025,Int J Genomics,10.1155/ijog/6681711,prostate,,Lactylation-related multi-omic ML prognostic signature with TCGA/DKFZ validation,multiple_public,TCGA-PRAD training with DKFZ external validation; ensemble ML to 10-gene signature,NR,patients,multiomics,Bulk transcriptomics lactylation regulators with immune/deconvolution and drug profiling,prognostic_prediction,Ensemble machine learning after Cox preselection,10-gene lactylation-related signature (AK5 functionally highlighted),Lactylation score and clinical-molecular nomogram,prognostic,C-index,Lactylation signature C-index 0.738; clinical nomogram C-index >0.7 across cohorts,external_cohort,External DKFZ cohort validation plus TCGA-PRAD development.,NR,NR,none_stated,NR,NR,Ten-gene lactylation score independently predicted BCR with immune and drug-response associations; AK5 validated in PC-3 models.,NR,Immune checkpoint and chemotherapy sensitivity profiling by risk group.,REV-ALCIDES-AI,2026-09-23,complete,,no,batch-01
REC-AIBIOGU-000082,Yamamoto2025,Prediction of Prostate Cancer Grades Using Radiomic Features.,2025,Acta Med Okayama,10.18926/amo/68355,prostate,,retrospective single-center MRI radiomics cohort,own_cohort,"112 PCa patients (Houshasen Daiichi Hospital, 2014-2021) after MRI quality exclusions",112,patients,radiology_imaging,T2WI and ADC radiomics (PyRadiomics) with PSA and PI-RADS v2.1,classification_subtyping,logistic regression (Orange3); LOOCV with Ridge regularization,five radiomic features plus PSA vs PI-RADS score plus PSA,Radiomics model for GS>=8 vs GS<8 PCa,diagnostic,AUC,LOOCV Radiomics 0.799 vs PI-RADS 0.710 (p<0.05); holdout test AUC 0.778,internal_cv,Leave-one-out CV plus 90/22 train-test holdout only; no external cohort.,NR,NR,none_stated,NR,none_declared,Radiomics with PSA outperformed PI-RADS with PSA for high-grade PCa grade prediction on internal validation.,Biopsy-based GS without RP confirmation; PI-RADS without contrast in some cases; mixed prostate zones.,"PSA-only, radiomics-only, and PI-RADS-only LOOCV AUCs were 0.752, 0.778, and 0.590.",REV-ALCIDES-AI,2026-09-23,complete,,no,batch-02
REC-AIBIOGU-000083,Fan2025,Machine learning-based identification of co-expressed genes in prostate cancer and CRPC and construction of prognostic models.,2025,Sci Rep,10.1038/s41598-025-90444-y,prostate,NA,"retrospective translational/bioinformatic (public transcriptomic datasets, Cox/LASSO prognostic modeling)",multiple_public,"GEO GSE35988 (training: 12 normal, 49 PCa, 27 CRPC samples, China); TCGA-PRAD (model building via Cox/LASSO, hub gene expression validation); GEO GSE116918 (external validation cohort); GEO GSE66187 (CRPC/PCa hub gene expression validation, 24 LuCaP-PCa xenografts + 71 CRPC metastatic tumors)",NR,patients,transcriptomics,"mRNA microarray (GEO GSE35988, GSE66187, GSE116918) and RNA-seq TPM (TCGA-PRAD)",prognostic_prediction,"LASSO Cox regression, univariate and multivariate Cox regression","7-gene expression signature (KIF4A, UBE2C, FAM72D, CCDC78, HOXD9, LIX1, SLC5A8) selected via LASSO from 182 common DEGs shared between normal-vs-PCa and PCa-vs-CRPC comparisons","7-gene prognostic risk score (KIF4A, UBE2C, FAM72D, CCDC78, HOXD9, LIX1, SLC5A8)",prognostic,AUC,"Training (TCGA-PRAD): AUC 1y=0.754, 3y=0.776, 5y=0.706; KM high- vs low-risk HR=4.72, P<0.001; nomogram AUC=0.775. External validation (GSE116918): AUC 1y=0.728, 3y=0.526, 5y=0.599; KM HR=1.92 (95% CI 1.11-3.31), P=0.020",external_cohort,"GSE116918 is an independent GEO cohort distinct from the GSE35988 training set and TCGA-PRAD model-building cohort - a genuine external cohort, not an internal split. Predictive performance degrades markedly at longer horizons (AUC drops from 0.776/0.706 in training to 0.526/0.599 at 3y/5y in GSE116918), consistent with the appraisal_note's flag on borderline generalizability.",NR,yes,none_stated,NR,none_declared,"A 7-gene LASSO-Cox prognostic risk model stratified PRAD patients into high/low risk with significant PFI differences (HR=4.72, P<0.001) and good discrimination/calibration in the TCGA-PRAD training set (AUC 0.754-0.776), but substantially weaker discrimination at 3- and 5-year horizons in external GSE116918 validation (AUC 0.526 and 0.599).","Mechanism of gene action on PCa proliferation/invasion/apoptosis unclear and needs further exploration; small sample size; need for multicenter, large-sample, prospective validation.","Individual hub-gene associations with pathological T/N stage, clinical T stage, PSA, age, Gleason score and PFI reported for each of the 7 genes; differential expression corroborated in TCGA-PRAD and GSE66187 (CRPC vs primary PCa); nomogram integrating risk score with clinical variables achieved AUC=0.775 with favorable calibration/DCA.",REV-ALCIDES-AI,2026-09-23,needs_review,"n_analytic for the TCGA-PRAD cohort used to derive and validate the prognostic model is never given as an explicit number in the manuscript (only GSE35988 [n=88] and GSE66187 [n=95] component counts are stated); marked NR. Funding statement not located (competing interests declared, funding section absent). The appraisal_note's concern about AUC decline at 3-5y in GSE116918 is corroborated here quantitatively.",yes,pilot
REC-AIBIOGU-000084,Zhou2025,Construction of regulatory T cells specific genes predictive models of prostate cancer patients based on machine learning: a computational analysis and in vitro experiments.,2025,Discov Oncol,10.1007/s12672-025-01862-3,prostate,,retrospective public transcriptomics plus in vitro validation,multiple_public,GSE116918 training; TCGA-PRAD external validation; SYCP2 validated in C4-2 cells,NR,patients,transcriptomics,Microarray (GSE116918) and TCGA-PRAD RNA-seq; 2407 literature RTSGs screened,prognostic_prediction,LASSO Cox regression after univariate Cox and consensus clustering,"four regulatory T cell-specific genes (CENPK, FBXO45, MXRA7, SYCP2)",Four-gene RTSG risk score,prognostic,other,High vs low risk KM separation significant in GSE116918; replicated in TCGA-PRAD; multivariate Cox independent (P<0.01),external_cohort,Model coefficients from GSE116918 applied to independent TCGA-PRAD cohort.,NR,yes,none_stated,NR,NR,A four-gene RTSG risk score stratified PRAD prognosis and SYCP2 modulated apoptosis and cell cycle in vitro.,Retrospective GEO-based analysis; limited clinical covariates; in vitro work may not reflect in vivo microenvironment.,Immune infiltration and drug sensitivity differed by risk group; consensus clustering of RTSGs identified two prognostic clusters.,REV-ALCIDES-AI,2026-09-23,complete,,no,batch-02
REC-AIBIOGU-000086,Zhao2025,Autophagy Associated Genes (ARGs) -Based Predictive Model AIDPS for Prostate Cancer.,2025,J Cell Mol Med,10.1111/jcmm.70213,prostate,,retrospective translational bioinformatic cohort,multiple_public,"TCGA-PRAD n=496 used to fit models with LOOCV; validation cohorts GSE54460 n=106, MSKCC n=140, GSE116918 n=248, GSE46602 n=36, GSE70768 n=111, and GSE70769 n=92. scRNA-seq GSE193337 (4 tumor and 4 benign samples) was exploratory.",NR,patients,transcriptomics,Bulk RNA-seq and microarray expression of autophagy-related genes,prognostic_prediction,"Ridge, chosen as the best of 101 combinations (RSF, Enet, Lasso, Ridge, stepwise Cox, CoxBoost, plsRcox, SuperPC, GBM, survival SVM) under LOOCV",Autophagy-related genes prognostic in at least six of seven expression datasets,AIDPS Ridge autophagy-related prognostic signature,prognostic,C-index,"0.726 (mean C-index of the Ridge model across six validation cohorts); TCGA-PRAD 1-, 3-, and 5-year AUC 0.822, 0.734, and 0.694",external_cohort,"Models were fit with LOOCV in TCGA-PRAD and scored on six independent public prostate cohorts. The C-index 0.726 is the mean of those cohort-level C-indexes, not a pooled estimate.",NR,NR,none_stated,No specific funding,none_declared,"Among 101 machine-learning prognostic models, the Ridge AIDPS signature had the highest mean validation C-index (0.726) and separated worse disease-free survival in the high-risk group across TCGA-PRAD and six public cohorts.",Expression and clinical data came only from public databases; no prospective multicenter validation and no experiments on autophagy-gene mechanisms. Authors state that clinical applicability of AIDPS remains limited.,"Predicted IC50 differed between risk groups for dactinomycin, dactolisib, luminespib, and paclitaxel. BMP6 and CRIP2 were followed with colocalization and Mendelian randomization (rs2743987, rs7768988).",REV-ALCIDES-AI,2026-09-23,complete,"The headline C-index 0.726 is an average of per-cohort validation C-indexes, so no single analytic N is assigned.",no,batch-02
REC-AIBIOGU-000087,Lu2025,Biparametric MRI-based radiomics for noninvastive discrimination of benign prostatic hyperplasia nodules (BPH) and prostate cancer nodules: a bio-centric retrospective cohort study.,2025,Sci Rep,10.1038/s41598-024-84908-w,prostate,,retrospective multicenter biparametric MRI radiomics cohort,own_cohort,"251 patients at Zhongshan and collaborating hospitals; 119 train, 52 internal validation, 80 external validation",251,patients,radiology_imaging,"Biparametric MRI (T2WI, ADC) radiomics plus clinical variables",diagnostic_prediction,"multiple ML classifiers (Adaboost on T2WI, LDA on ADC); logistic clinical model; fusion nomogram","fPSA/tPSA, PSAD, PZV, PI-RADS, fusion radiomic score",Clinical-radiomic nomogram for BPH vs malignant nodule,diagnostic,AUC,Nomogram AUC 0.925 internal validation; 0.872 external validation (n=80),external_cohort,External validation on 80 patients from collaborating hospitals not used in training.,NR,no,none_stated,NR,NR,Combined clinical-radiomic nomogram outperformed clinical and radiomic-only models for discriminating malignant vs benign nodules.,NR,Clinical model AUC 0.814 internal and 0.791 external; fusion radiomic model AUC 0.908 internal and 0.841 external.,REV-ALCIDES-AI,2026-09-23,complete,,no,batch-02
REC-AIBIOGU-000090,Liu2024,Development and Validation of an MRI-Based Radiomics Nomogram to Predict the Prognosis of De Novo Oligometastatic Prostate Cancer Patients.,2024,Cancer Med,10.1002/cam4.70481,prostate,,retrospective single-center cohort,own_cohort,165 men with de novo oligometastatic prostate cancer at the First Affiliated Hospital of Fujian Medical University (2019-2022); training n=115 and validating n=50 (30%),50,patients,radiology_imaging,MRI T2WI and ADC radiomics,prognostic_prediction,"LASSO-Cox radiomics score with 10-fold cross-validation for feature selection, then a Cox nomogram","Five retained radiomic features (four T2WI, one ADC) plus clinical factors; the nomogram uses Rad-score, ECOG, and neutrophil count","MRI radiomics nomogram (Rad-score, ECOG, and neutrophils) for overall survival",prognostic,AUC,"0.703, 0.799, and 0.833 (validating cohort 1-, 2-, and 3-year OS AUC); training cohort 0.734, 0.851, and 0.773",internal_holdout,"Single 70/30 split of one institutional cohort. Ten-fold cross-validation was used only to tune LASSO feature selection, not to estimate the reported AUCs.",NR,no,none_stated,Eyas Plan Youth Top-notch Talent Project of Fujian Province (SCYJHBJRC-XN2021); Class B Talent Research Project of the First Affiliated Hospital of Fujian Medical University (YJCRC-B-XN2022); Natural Science Foundation of Fujian Province (2023J01579),none_declared,"An MRI radiomics nomogram predicted 1-, 2-, and 3-year overall survival in de novo oligometastatic prostate cancer, with validating-cohort AUCs of 0.703, 0.799, and 0.833.","Small single-center retrospective sample with possible selection bias; radiomics limited to T2WI and ADC, excluding dynamic contrast images; feature extraction may vary between observers.","Rad-score alone had validating-cohort 1-, 2-, and 3-year AUCs of 0.666, 0.754, and 0.982. Adding Rad-score improved the clinical model in both cohorts. Same institution and year as Wu 2024 (REC-AIBIOGU-000107), but that study enrolled high-risk non-metastatic patients receiving neoadjuvant chemohormonal therapy.",REV-ALCIDES-AI,2026-09-23,complete,n_analytic is the validating cohort that supports the primary AUCs.,no,batch-02
REC-AIBIOGU-000091,Wu2024,Periprostatic fat magnetic resonance imaging based radiomics nomogram for predicting biochemical recurrence-free survival in patients with non-metastatic prostate cancer after radical prostatectomy.,2024,BMC Cancer,10.1186/s12885-024-13207-4,prostate,,retrospective single-center mpMRI radiomics with temporal test set,own_cohort,"356 non-metastatic PCa post-RP at Fujian Medical University; 118 train, 53 validation, 185 temporal test",356,patients,radiology_imaging,T2WI and ADC intratumoral and periprostatic fat radiomics,prognostic_prediction,LASSO Cox regression; Cox nomogram integrating radiomics score and clinicopathology,"Periprostatic fat-intratumoral radiomics signature plus pathologic T stage, ISUP grade, surgical margin",Radiomics-clinical nomogram for bRFS,prognostic,AUC,"Periprostatic fat-intratumoral model AUC 0.921/0.875/0.854 (1/3/5-yr bRFS, training); nomogram 0.944 vs clinical 0.839 at 1-yr (validation)",internal_holdout,"Random 7:3 train-validation split plus separate temporal test cohort (2017-2020, n=185).",NR,NR,none_stated,NR,NR,Periprostatic fat plus intratumoral radiomics improved prediction of biochemical recurrence-free survival versus clinical factors alone.,NR,121 of 356 patients (34%) had biochemical recurrence during follow-up.,REV-ALCIDES-AI,2026-09-23,complete,,no,batch-02
REC-AIBIOGU-000092,Sabater2024,Unmasking Neuroendocrine Prostate Cancer with a Machine Learning-Driven Seven-Gene Stemness Signature That Predicts Progression.,2024,Int J Mol Sci,10.3390/ijms252111356,prostate,,integrative public transcriptomics with ML signature and PDX validation,multiple_public,Seven GEO/TCGA expression cohorts plus nine training and four validation survival cohorts; PDX models,497,patients,transcriptomics,Bulk microarray/RNA-seq from public PCa cohorts,prognostic_prediction,Random Forest and Lasso regression on stemness-associated genes,144 literature stemness genes narrowed to seven-gene signature,"Seven-gene stemness signature (KMT5C, DPP4, TYMS, CDC25B, IRF5, MEN1, DNMT3B)",prognostic,other,Signature validated across independent cohorts and PDX; prognostic for PFS/RFS/MFS/OS per abstract (numeric C-index not stated in slice),external_multicenter,Five training and four validation transcriptomic cohorts plus PDX orthogonal validation.,NR,yes,none_stated,NR,NR,A seven-gene stemness signature predicted progression and identified NEPC-related molecular subtypes including large-cell NEPC.,Public repository data may not represent global PCa genetic diversity.,Signature linked to NEPC subtypes not always histologically classified as NEPC.,REV-ALCIDES-AI,2026-09-23,complete,,no,batch-02
REC-AIBIOGU-000094,Guo2024,The role of NOP58 in prostate cancer progression through SUMOylation regulation and drug response.,2024,Front Pharmacol,10.3389/fphar.2024.1476025,prostate,,TCGA bioinformatics plus wet-lab functional validation,TCGA,TCGA-PRAD transcriptomics; ten ML algorithms; IHC and cell assays for NOP58,NR,patients,multiomics,"Bulk RNA-seq, single-cell and functional assays centered on SUMOylation/NOP58",biomarker_discovery_association,"Boruta plus ten ML classifiers (GLM, Elastic Net, GBM, SVM, etc.)",SUMOylation-related prognostic genes; NOP58 as core hub,NOP58 expression and SUMOylation-linked prognostic axis,prognostic,other,"ROC analysis is described as showing high tumor-versus-normal discrimination for NOP58, and Cox models are described for OS, PFI, and DSS, without a printed AUC, C-index, HR, accuracy, or sensitivity",internal_split_only,TCGA-only computational modeling with orthogonal IHC and cell experiments; no independent external ML cohort.,NR,yes,none_stated,NR,NR,NOP58 associated with worse OS/PFI/DSS and promoted proliferation via SUMOylation-related pathways with experimental support.,TCGA may not represent all patients; computational models need larger independent cohort validation.,"Dual-gene SUMO molecular subtypes differed in survival; drug response associations reported. A supplementary immunotherapy analysis stated AUC values exceeding 0.8 in some non-prostate datasets (melanoma, NSCLC, GBM).",REV-ALCIDES-AI,2026-09-23,needs_review,Appraisal flagged borderline prediction scope because ML outputs are intertwined with mechanistic SUMO/NOP58 analyses rather than a standalone externally validated prognostic model. The full text does not report a numeric metric for the prostate NOP58 model.,yes,batch-02
REC-AIBIOGU-000095,Kang2024,Disulfidptosis-related subtype and prognostic signature in prostate cancer.,2024,Biol Direct,10.1186/s13062-024-00544-4,prostate,,TCGA/GEO bioinformatics plus in vitro and scRNA validation,multiple_public,TCGA-PRAD merged with GSE70770 and MSKCC; external GSE46602; scRNA GSE141445,NR,patients,transcriptomics,Bulk RNA-seq/microarray and single-cell reference for DRG clustering,prognostic_prediction,unsupervised clustering plus ML-selected minimal four-gene disulfidptosis risk label; nomogram,24 disulfidptosis-related genes reduced to four-gene risk label with clinical covariates in nomogram,Four-gene disulfidptosis-related risk signature and nomogram,prognostic,other,Four-gene risk label accuracy confirmed in external dataset per abstract; nomogram integrates DRGs and clinicopathology (numeric metrics not in slice),external_cohort,External validation on GSE46602 for risk label; TCGA used for discovery and immune analyses.,NR,yes,none_stated,Major Research Project for Young and Middle-aged Scientists of Fujian Provincial Health Commission and Fujian Science and Technology Innovation Joint fund.,none_declared,Disulfidptosis-related clustering stratified immune contexture and a four-gene risk label predicted prognosis with external dataset confirmation.,Public-database prognostic model needs clinical verification; disulfidptosis biology and immunology lack direct experimental proof.,SLC7A11 functional and BAY-876 sensitivity experiments; cluster B showed higher immune infiltration and ICB sensitivity.,REV-ALCIDES-AI,2026-09-23,complete,,no,batch-02
REC-AIBIOGU-000099,Gutsche2023,MulticentricGa-PSMA PET radiomics for treatment response assessment ofLu-PSMA-617 radioligand therapy in patients with metastatic castration-resistant prostate cancer.,2023,Front Nucl Med,10.3389/fnume.2023.1234853,prostate,,retrospective multicenter PSMA PET radiomics cohort,own_cohort,45 mCRPC patients (Bonn and Aachen) with pre-treatment 68Ga-PSMA PET before 177Lu-PSMA-617,45,patients,radiology_imaging,68Ga-PSMA PET/CT radiomics from bone metastasis VOIs,treatment_response_prediction,random forest for response; Cox regression for overall survival,three-feature radiomic signature plus age vs conventional PET parameters,Combined radiomics-age signature for 177Lu-PSMA treatment response,predictive_response,AUC,5-fold CV AUC 0.82±0.07 (radiomics+age) vs 0.75 (age+PET) and 0.76 (radiomics alone); OS Cox C-index 0.67,internal_cv,Five-fold cross-validation on n=45; authors call for prospective multicenter studies.,NR,NR,none_stated,NR,NR,Pretreatment PSMA PET radiomics with age outperformed conventional PET metrics for predicting 177Lu-PSMA treatment response.,Small sample; retrospective design; prospective multicenter validation needed per authors.,Radiomic signature also used in Cox model for overall survival prediction.,REV-ALCIDES-AI,2026-09-23,complete,,no,batch-02
REC-AIBIOGU-000100,Gao2024,Machine learning-based cell death marker for predicting prognosis and identifying tumor immune microenvironment in prostate cancer.,2024,Heliyon,10.1016/j.heliyon.2024.e37554,prostate,,multi-cohort public transcriptomics ML prognostic study,multiple_public,TCGA-PRAD (n=321) training; GSE116918 (n=247) and MSKCC2010 (n=140) validation,321,patients,transcriptomics,Bulk RNA-seq/microarray of programmed cell death-related genes,prognostic_prediction,101 combinations of ten ML algorithms; selected random survival forest (27 genes) PCDI,27 PCDRGs forming PCDI (PCD-related index),PCDI (programmed cell death-related index),prognostic,C-index,Highest mean C-index across TCGA/GSE116918/MSKCC for RSF-PCDI; time-dependent AUC TCGA 1/3/5-yr BCR 0.965/0.961/0.926; MSKCC 0.837/0.703/0.703,external_cohort,LOOCV model building on TCGA-PRAD with validation on two independent GEO/MSK cohorts.,NR,yes,none_stated,NR,NR,PCDI from random survival forest stratified biochemical recurrence and correlated with immune infiltration and drug sensitivity.,NR,Nomogram for BCR; high PCDI linked to lower immunotherapy benefit.,REV-ALCIDES-AI,2026-09-23,complete,C-index used for model selection; AUC reported for time-dependent BCR discrimination.,no,batch-02
REC-AIBIOGU-000103,Bernatz2024,Epigenetic profiling of prostate cancer reveals potential prognostic signatures.,2024,J Cancer Res Clin Oncol,10.1007/s00432-024-05921-0,prostate,,retrospective small-cohort methylation deconvolution with radiomics surrogate attempt,own_cohort,30 PCa patients with pre-RP mpMRI; BPH and adjacent benign controls for methylation,30,patients,multiomics,DNA methylation LCM deconvolution plus mpMRI radiomics,classification_subtyping,LCM clustering; radiomics models to predict methylation clusters (unsuccessful),mpMRI radiomic features from PCa and adjacent benign lesions,"Latent methylation components (two prognostic clusters), not predicted by radiomics",diagnostic,other,No radiomics model non-invasively predicted epigenetic clusters (negative prediction result),none,No successful predictive radiomics model; epigenetic clusters defined on tissue methylation only.,NR,NR,STARD,NR,NR,Methylation-based clusters associated with malignancy and immune signatures but mpMRI radiomics could not surrogate them.,Small n; subgroup of prior cohort; radiomics sensitivity may be limited for epigenetic clusters.,Cluster one enriched for advanced stage and reduced CD19/CD4 immune methylation signatures.,REV-ALCIDES-AI,2026-09-23,needs_review,Appraisal noted negative/borderline prediction result with poor radiomics performance for epigenetic cluster classification.,yes,batch-02
REC-AIBIOGU-000107,Wu2024,Magnetic resonance imaging-based radiomics nomogram for the evaluation of therapeutic responses to neoadjuvant chemohormonal therapy in high-risk non-metastatic prostate cancer.,2024,Cancer Med,10.1002/cam4.70001,prostate,,retrospective single-center cohort,own_cohort,162 men with high-risk non-metastatic prostate cancer treated with neoadjuvant chemohormonal therapy and radical prostatectomy at the First Affiliated Hospital of Fujian Medical University (2016-2022); training n=113 and validation n=49,49,patients,radiology_imaging,mpMRI T2WI and ADC radiomics from periprostatic fat and the intratumoral region,treatment_response_prediction,"LASSO with 10-fold cross-validation for feature selection, logistic regression signatures, and a multivariable logistic nomogram",Six periprostatic-fat and six intratumoral radiomic features plus initial PSA,"Radiomics-clinical nomogram (PSA, periprostatic-fat signature, and intratumoral signature) for positive pathological response to neoadjuvant chemohormonal therapy",predictive_response,AUC,"0.886 (95% CI 0.763-0.959) validation-cohort nomogram AUC; training-cohort nomogram AUC 0.908 (95% CI 0.839-0.954); validation sensitivity 0.737, specificity 0.867, accuracy 0.816",internal_holdout,Single split of one institutional cohort (113/49). Ten-fold cross-validation selected the LASSO penalty only. No external cohort.,NR,upon_request,none_stated,Eyas Plan Youth Top-notch Talent Project of Fujian Province (SCYJHBJRC-XN2021); Science and Technology Innovation Joint Fund of Fujian Province (2021Y9126 and 2023Y9078),none_declared,"A nomogram combining PSA with periprostatic-fat and intratumoral MRI radiomics signatures predicted pathological response to neoadjuvant chemohormonal therapy, with a validation AUC of 0.886.",Retrospective single-center study with a limited sample of patients receiving neoadjuvant chemohormonal therapy; residual observer bias in ROI segmentation; relatively short follow-up.,"Validation AUCs were 0.833 for the periprostatic-fat signature and 0.751 for the intratumoral signature. Same institution and year as Liu 2024 (REC-AIBIOGU-000090), which studied de novo oligometastatic survival rather than this non-metastatic neoadjuvant cohort.",REV-ALCIDES-AI,2026-09-23,complete,n_analytic is the validation cohort that supports the nomogram AUC of 0.886.,no,batch-02
REC-AIBIOGU-000109,Lin2024,An 18-gene signature of recurrence-associated endothelial cells predicts tumor progression and castration resistance in prostate cancer.,2024,Br J Cancer,10.1038/s41416-024-02761-0,prostate,,integrative bulk and scRNA-seq endothelial heterogeneity study,multiple_public,TCGA-PRAD plus five GEO validation cohorts and four scRNA-seq datasets; SU2C for CRPC,488,patients,transcriptomics,Bulk RNA-seq/microarray and scRNA-seq of endothelial subsets,prognostic_prediction,nested cross-validation comparing eleven ML algorithms for 18-gene RAECsig,18-gene recurrence-associated endothelial cell signature (RAECsig),RAECsig endothelial recurrence signature,prognostic,HR,"Higher RAECsig independently predicted recurrence (HR 1.741, 95% CI 1.150-2.635; log-rank P=0.008 in slice example); outperformed clinicopathologic and commercial signatures in multiple cohorts per abstract",external_multicenter,Nested CV on training cohorts with validation across multiple independent bulk PCa cohorts and CRPC datasets.,NR,yes,none_stated,NR,NR,An 18-gene RAEC signature linked tip/immature endothelial states to recurrence and castration resistance.,NR,"FSCN1, TMEM255B, and GABRD functional assays in endothelial cells.",REV-ALCIDES-AI,2026-09-23,complete,,no,batch-02
REC-AIBIOGU-000110,Schrader2024,Prostate cancer risk assessment and avoidance of prostate biopsies using fully automatic deep learning in prostate MRI: comparison to PI-RADS and integration with clinical data in nomograms.,2024,Eur Radiol,10.1007/s00330-024-10818-0,prostate,,retrospective MRI deep learning biopsy risk calculator comparison,own_cohort,Multicenter MRI cohort for automated PI-RADS vs UNet probability/Likert maps,NR,patients,radiology_imaging,bpMRI with fully automated UNet segmentation and PI-RADS mapping,diagnostic_prediction,UNet deep learning probability and Likert maps vs PI-RADS,Automated lesion probability/Likert scores vs PI-RADS for csPCa detection,UNet-based automated MRI risk scores,diagnostic,AUC,UNet-probability alone AUC 0.89 (95% CI in slice truncated); sensitivity/specificity trade-offs reported vs PI-RADS thresholds,internal_holdout,Retrospective evaluation against reference standard; external cohort details not fully captured in slice.,NR,NR,none_stated,NR,NR,Fully automated UNet MRI analysis achieved high AUC for clinically significant PCa detection compared with PI-RADS-based risk calculators.,NR,Compared multiple sensitivity-specificity operating points for UNet-Likert and PI-RADS.,REV-ALCIDES-AI,2026-09-23,complete,n_analytic NR because total enrolled cohort size not explicit in cropped slice.,no,batch-02
REC-AIBIOGU-000111,Ren2024,Integrated machine learning algorithms reveal a bone metastasis-related signature of circulating tumor cells in prostate cancer.,2024,Sci Data,10.1038/s41597-024-03551-2,prostate,,public CTC transcriptomics with integrative ML bone metastasis model,multiple_public,"GEO CTC datasets GSE32269, GSE6919 and additional cohorts for BMGPI signature",NR,samples,transcriptomics,Circulating tumor cell expression profiles,prognostic_prediction,integrative ML comparing multiple algorithms; highest mean C-index across cohorts,Bone metastasis-related gene panel index (BMGPI) from CTC transcriptomics,BMGPI bone metastasis-related CTC signature,prognostic,AUC,Diagnostic AUC >0.85 for bone metastasis-related genes in GSE32269 and GSE6919 per abstract/results,external_cohort,Multiple public CTC cohorts used for training and validation with C-index ranking across three cohorts.,yes,yes,none_stated,NR,NR,Integrative ML identified a CTC bone metastasis-related signature with strong diagnostic AUC and links to CNV and drug sensitivity.,NR,Immunotherapy and drug sensitivity analyses across BMGPI subgroups.,REV-ALCIDES-AI,2026-09-23,complete,,no,batch-02
REC-AIBIOGU-000112,Wang2024,"Identification of metastasis-related genes for predicting prostate cancer diagnosis, metastasis and immunotherapy drug candidates using machine learning approaches.",2024,Biol Direct,10.1186/s13062-024-00494-x,prostate,,public GEO WGCNA with multi-ML diagnostic and LASSO metastasis models,multiple_public,"TCGA-PRAD diagnostic training; GSE6956, GSE16120, GSE14206, GSE38241 validation; WGCNA on GSE8511",NR,samples,transcriptomics,Microarray gene expression from TCGA and GEO,other,"combinations of Enet, GBM, Lasso, RF, SVM, XGBoost etc.; LASSO Cox for metastasis",21 WGCNA metastasis-related genes; multi-ML diagnostic gene panel; POLD1 focus,Multi-ML diagnostic PCa model and LASSO metastasis model centered on POLD1,diagnostic,other,Optimal multi-ML diagnostic combination had highest mean AUC across four GEO validation sets (numeric AUC not stated in slice),external_cohort,Diagnostic model trained on TCGA-PRAD and validated on four independent GEO datasets; metastasis model validated on separate GEO sets.,NR,yes,none_stated,NR,none_declared,Metastasis-related gene modules yielded a multi-ML diagnostic model and POLD1-associated metastasis/prognosis findings with drug docking support.,NR,Immune infiltration and IC50 associations for metastasis-related clusters.,REV-ALCIDES-AI,2026-09-23,complete,,no,batch-02
REC-AIBIOGU-000114,Li2024,Mining bone metastasis related key genes of prostate cancer from the STING pathway based on machine learning.,2024,Front Med (Lausanne),10.3389/fmed.2024.1372495,prostate,,TCGA STING-pathway bioinformatics with ML bone metastasis nomogram,TCGA,Single TCGA-PRAD dataset for nomogram construction per authors,NR,patients,transcriptomics,Bulk RNA-seq STING-related genes and clinical variables,prognostic_prediction,machine learning nomogram (STING-related signature),STING pathway-related gene signature plus clinical covariates,STING-related bone metastasis risk nomogram,prognostic,AUC,Reported training AUC 0.99 for bone metastasis prediction (slice); calibration and DCA shown,internal_split_only,Authors state only one dataset built the nomogram; generalizability unverified.,NR,NR,none_stated,NR,NR,STING-pathway ML nomogram predicted bone metastasis with very high internal AUC on TCGA.,Single-dataset nomogram; generalizability not verified.,NR,REV-ALCIDES-AI,2026-09-23,needs_review,Appraisal flagged single-dataset nomogram and unverified generalizability; very high AUC warrants caution.,yes,batch-02
REC-AIBIOGU-000117,Hiremath2024,An integrated radiology-pathology machine learning classifier for outcome prediction following radical prostatectomy: Preliminary findings.,2024,Heliyon,10.1016/j.heliyon.2024.e29602,prostate,,preliminary retrospective radio-pathomics after radical prostatectomy,own_cohort,Internal D1 (N=58) and external D2 (N=14) post-RP PCa with MRI radiomics and digitized pathology,58,patients,multiomics,Pre-treatment MRI radiomics plus post-surgical pathomics from digitized slides,prognostic_prediction,"LASSO penalized Cox for radiomics (MR), pathomics (MP), and combined MRaP models","MRI radiomic features, pathology slide features, integrated MRaP",Integrated radio-pathomic model MRaP for BCR and EPE,prognostic,AUC,EPE: MRaP AUC 0.80 vs MR 0.57 and MP 0.76; BCR cross-validated C-index ~0.65 for MR/MP components,external_cohort,Small external D2 cohort (n=14); cross-validation on D1; authors label preliminary study with limited BCR events.,NR,yes,none_stated,NR,NR,Integrated MRI radiomics and pathomics (MRaP) outperformed either modality alone for extra-prostatic extension prediction.,Preliminary study; small event count limits BCR model precision.,Compared MRaP with existing post-treatment risk models for BCR.,REV-ALCIDES-AI,2026-09-23,needs_review,Appraisal flagged explicit preliminary designation and small BCR event count limiting prognostic precision.,yes,batch-02
REC-AIBIOGU-000118,Pan2024,Constructing lactylation-related genes prognostic model to effectively predict the disease-free survival and treatment responsiveness in prostate cancer based on machine learning.,2024,Front Genet,10.3389/fgene.2024.1343140,prostate,,public transcriptomics lactylation-related prognostic ML study,multiple_public,TCGA-PRAD and additional GEO cohorts for lactylation gene signature,491,patients,transcriptomics,Bulk RNA-seq lactylation-related genes,prognostic_prediction,machine learning survival modeling (multiple algorithms) on lactylation gene set,Lactylation-related prognostic gene signature,Lactylation-related risk signature for PCa,prognostic,HR,High-risk vs low-risk survival separation with HR 6.04 reported in slice for key comparison,external_cohort,Training on TCGA with validation in independent public cohort(s) per study design.,NR,NR,none_stated,NR,NR,A lactylation-related gene signature stratified PCa prognosis with strong hazard ratio in validation analyses.,NR,NR,REV-ALCIDES-AI,2026-09-23,complete,,no,batch-02
REC-AIBIOGU-000119,Zhou2024,Multimodal data integration for predicting progression risk in castration-resistant prostate cancer using deep learning: a multicenter retrospective study.,2024,Front Oncol,10.3389/fonc.2024.1287995,prostate,,retrospective advanced PCa mpMRI radiomics and histopathology ML,own_cohort,399 advanced PCa patients with mpMRI and histopathology for CRPC prognosis,399,patients,multiomics,mpMRI radiomics plus digitized histopathology features,prognostic_prediction,machine learning integration of imaging and pathology features,mpMRI radiomic and histopathologic ML features,Combined ML model for CRPC prognosis,prognostic,AUC,ML model AUC 0.755; component models AUC 0.768 and 0.752 per abstract,internal_holdout,Internal train-test evaluation on single-institution advanced PCa cohort.,NR,NR,none_stated,NR,NR,Integrated mpMRI and pathology ML features predicted castration-resistant progression in advanced PCa.,NR,NR,REV-ALCIDES-AI,2026-09-23,complete,,no,batch-02
REC-AIBIOGU-000120,Huang2024,A radiomics model based on transrectal ultrasound for predicting prostate cancer.,2024,Med Ultrason,10.11152/mu-4329,prostate,,retrospective ultrasound radiomics diagnostic cohort,own_cohort,373 patients with ultrasound and clinical data split into training and test sets,373,patients,radiology_imaging,Transrectal ultrasound radiomics,diagnostic_prediction,radiomics with ML classifier (logistic/regression-based model per methods),Ultrasound radiomic features plus clinical variables,Ultrasound radiomics model for PCa diagnosis,diagnostic,other,Diagnostic performance reported in test set (numeric AUC not captured in cropped slice),internal_holdout,Single-center retrospective train-test split.,NR,NR,none_stated,NR,NR,Study evaluated whether ultrasound-based radiomics improves PCa diagnosis versus clinical variables alone.,NR,NR,REV-ALCIDES-AI,2026-09-23,complete,Performance numerics not present in available results excerpt.,no,batch-02
REC-AIBIOGU-000123,Kang2024,Identification macrophage signatures in prostate cancer by single-cell sequencing and machine learning.,2024,Cancer Immunol Immunother,10.1007/s00262-024-03633-5,prostate,,public bulk RNA-seq TAM-focused prognostic ML study,multiple_public,TCGA-PRAD and GEO cohorts for tumor-associated macrophage gene modeling,NR,patients,transcriptomics,Bulk transcriptomics of TAM-related genes in TME,prognostic_prediction,machine learning risk model on TAM-related gene set,TAM-associated prognostic gene signature,TAM-related prognostic risk score,prognostic,other,Prognostic risk stratification significant in discovery cohort (numeric metrics not in slice excerpt),external_cohort,Public multi-cohort validation of TAM-related signature.,NR,NR,none_stated,NR,NR,TAM-related genes formed an ML prognostic signature linked to immune microenvironment in PCa.,NR,NR,REV-ALCIDES-AI,2026-09-23,complete,,no,batch-02
REC-AIBIOGU-000124,Zhang2024,Deep learning algorithm-based multimodal MRI radiomics and pathomics data improve prediction of bone metastases in primary prostate cancer.,2024,J Cancer Res Clin Oncol,10.1007/s00432-023-05574-5,prostate,,retrospective pathomics ML for bone metastasis in advanced PCa,own_cohort,211 advanced PCa patients; training n=169 and holdout test for pathomics model,211,patients,digital_pathology,H&E whole-slide pathomics features from primary tumor,diagnostic_prediction,machine learning pathomics classifier for bone metastasis,Quantitative pathology slide features,Pathomics model for bone metastasis prediction,diagnostic,AUC,Test AUC 0.89 (95% CI 0.799-0.989) and 0.93 (95% CI 0.854-...) for reported models in slice,internal_holdout,Train-test split on single advanced PCa cohort.,NR,NR,none_stated,NR,NR,Pathomics ML predicted bone metastasis in advanced PCa with high test-set AUC.,NR,NR,REV-ALCIDES-AI,2026-09-23,complete,,no,batch-02
REC-AIBIOGU-000125,Guo2024,A non-invasive 25-Gene PLNM-Score urine test for detection of prostate cancer pelvic lymph node metastasis.,2024,Prostate Cancer Prostatic Dis,10.1038/s41391-023-00758-z,prostate,,retrospective ML for pelvic lymph node metastasis prediction,own_cohort,413 PCa patients considered for PLND; model development on institutional cohort subsets,413,patients,other,Clinical and imaging variables for PLNM risk ML model,diagnostic_prediction,machine learning classifier versus EAU nomogram benchmarks,"Clinical, pathologic, and imaging predictors of PLNM",ML model for pelvic lymph node metastasis risk,diagnostic,AUC,AUC 0.93 (95% CI 0.85-1.01) for reported PLNM models in slice,internal_holdout,Internal train-validation on retrospective PLND cohort.,NR,NR,none_stated,NR,NR,ML model improved PLNM prediction compared with standard nomograms in retrospective cohort.,NR,NR,REV-ALCIDES-AI,2026-09-23,complete,,no,batch-02
REC-AIBIOGU-000126,Zhang2024,Integrated analysis of single-cell and bulk transcriptomics develops a robust neuroendocrine cell-intrinsic signature to predict prostate cancer progression.,2024,Theranostics,10.7150/thno.92336,prostate,NA,"translational/bioinformatic integrative analysis (retrospective multicenter/multi-cohort, single-cell + bulk transcriptomics + experimental models)",multiple_public,"11 scRNA-seq cohorts (9 discovery + 2 validation; meta-atlas n=210,879 cells from 66 PCa tumors); 15 bulk transcriptomic cohorts (TCGA-PRAD, ICGC-PRAD, SU2C, WCM, MCTP, WCDT, CPGEA, PCaProfiler, MSKCC, CamCap, UM/SPORE, GSE54460, GSE116918, GSE84042, UW/RA), >3000 samples; 13 experimental models (8 CCLE PCa cell lines, 2 PDX models, 3 GEMMs); 1 spatial transcriptomics cohort (GSE230282)",210879,other,multiomics,"scRNA-seq meta-atlas (210,879 cells/66 tumors), bulk RNA-seq/microarray (>3000 samples across 15 cohorts), spatial transcriptomics (1 cohort), and transcriptomic profiles from cell lines/PDX/GEMM experimental models",risk_stratification,"7 ML algorithms compared (elastic net, LASSO, ridge regression, gradient boosting machine, random survival forest, supervised principal components, support vector machine) plus a ssGSEA/AUCell-based NE_UP_DN signature (final selected model, termed NEPAL)","NE cell-intrinsic gene signature: NE_UP (n=90 up-regulated genes) and NE_DN (n=40 down-regulated genes), derived by overlapping 771 high-quality NEPC feature markers from scRNA-seq meta-atlas + bulk WGCNA modules with pseudobulk DEGs of NE tumor cells","NEPAL (Neuroendocrine Prostate cancer ALgorithm) - NE_UP_DN cell-intrinsic gene signature scored via ssGSEA (bulk) / AUCell (single-cell), packaged as an R software package",risk_stratification,C-index,"Among 18 candidate models/gene sets, top 3 (NE_UP_DN_ssGSEA, Enet[alpha=0.01], NE_UP_ssGSEA) had highest average C-index and AUC>0.90 across 6 validation cohorts, outperforming 11 published NE gene sets; NEPAL also had the highest C-index vs. 20 published ML prognostic models and clinical parameters across 10 multicenter cohorts. Exact point AUC/C-index values not stated numerically in body text (only qualitative/graphical).",external_multicenter,"Signature derived from the scRNA-seq meta-atlas (9 discovery cohorts) plus PCaProfiler bulk training set; independently validated in 6 separate bulk/scRNA-seq/spatial cohorts, in PDX/GEMM/cell-line experimental models, and in 10 further multicenter prognostic cohorts not used for signature derivation. The appraisal_note's 'moderate vs low MMAT' concern reflects the marked heterogeneity across platforms and species combined in these validations.",yes,yes,none_stated,NR,NR,"An integrative scRNA-seq + bulk transcriptomics pipeline produced a thinned NE cell-intrinsic gene signature (NEPAL/NE_UP_DN) that outperformed 11 published NEPC gene sets and 20 published ML prognostic models across 6 validation cohorts plus experimental models, and predicted biochemical recurrence, overall survival, therapy responsiveness, and epigenetic drivers of NEPC across 10 additional multicenter cohorts.",NR in reviewed text excerpt (dedicated limitations paragraph not present in the available text),"NEPAL score correlated with lineage plasticity pathways (EZH2, SOX2, loss of RB1/PTEN/TP53), inferred TF activity (FOXA2/ASCL1/MYCN plus novel TFs XBP1s/PHTF/LHX2/NANOS1), tumor mutation burden/mutation status; predictive robustness maintained across TME composition, patient age, race and tumor stage strata; 11 published NE gene sets also benchmarked but underperformed the final NE_UP_DN signature.",REV-ALCIDES-AI,2026-09-23,needs_review,"Study spans >15 bulk cohorts, 11 scRNA-seq cohorts, 13 experimental models and 1 spatial cohort; a single n_analytic/data_source_detail could not be captured without oversimplifying - reported the scRNA-seq meta-atlas (n=210,879 cells/66 tumors) as the primary analytic N. Exact numeric AUC/C-index values for the top model are not stated in body text. Funding and conflicts_of_interest not captured because the provided pilot .txt excerpt ends before the article's end-matter sections.",yes,pilot
REC-AIBIOGU-000129,Gu2023,"A deep learning model, NAFNet, predicts adverse pathology and recurrence in prostate cancer using MRIs.",2023,NPJ Precis Oncol,10.1038/s41698-023-00481-x,prostate,,multicenter deep learning MRI for adverse pathology and recurrence,own_cohort,367 PCa patients with mpMRI; multiple centers for NAFNet training and validation,367,patients,radiology_imaging,mpMRI deep learning (NAFNet) for adverse pathology and recurrence,prognostic_prediction,NAFNet deep learning CNN on MRI,Multiparametric MRI volumes,NAFNet DL predictions of adverse pathology and recurrence,prognostic,AUC,Adverse pathology AUC 0.915 (95% CI 0.871-0.959); recurrence C-index 0.732 (P<0.001); external validation AUC ~0.703,external_cohort,Multicenter training with external validation subset (147 patients noted in slice scan).,NR,NR,none_stated,NR,NR,NAFNet on MRI predicted adverse pathology and recurrence with high AUC/C-index across cohorts.,NR,NR,REV-ALCIDES-AI,2026-09-23,complete,,no,batch-02
REC-AIBIOGU-000130,Chen2023,A transfer learning nomogram for predicting prostate cancer and benign conditions on MRI.,2023,BMC Med Imaging,10.1186/s12880-023-01163-7,prostate,,retrospective multicenter MRI transfer-learning nomogram,own_cohort,709 patients across centers; 309 in primary analysis subset for TLN,709,patients,radiology_imaging,MRI transfer learning deep features plus clinical variables,diagnostic_prediction,integrated transfer learning nomogram (TLN),Transfer-learned MRI features with clinical covariates,TLN for PCa vs benign classification on MRI,diagnostic,AUC,AUC 0.970 training and 0.9023 (95% CI 0.8596-0.945) validation reported in slice,internal_holdout,Multicenter data with internal validation split for TLN.,NR,NR,none_stated,NR,NR,Transfer learning nomogram on MRI outperformed conventional models for PCa versus benign discrimination.,NR,NR,REV-ALCIDES-AI,2026-09-23,complete,,no,batch-02
REC-AIBIOGU-000131,Gabriele2023,Development of a predictive model to distinguish prostate cancer from benign prostatic hyperplasia by integrating serum glycoproteomics and clinical variables.,2023,Clin Proteomics,10.1186/s12014-023-09439-4,prostate,,retrospective MRI radiomics aggressiveness exploration,own_cohort,Institutional mpMRI cohort for exploratory aggressiveness predictor,NR,patients,radiology_imaging,mpMRI radiomics for non-invasive aggressiveness prediction,prognostic_prediction,radiomics ML aggressiveness model,MRI radiomic texture/shape features,Exploratory radiomics aggressiveness score,prognostic,AUC,AUC 0.79 and 0.69 for reported aggressiveness models in slice,internal_cv,Cross-validation only; authors describe predictor as exploratory/limited.,NR,NR,none_stated,NR,NR,MRI radiomics showed moderate AUC for exploratory PCa aggressiveness prediction versus PSA screening limitations.,Authors describe aggressiveness predictor as exploratory with limited validation.,NR,REV-ALCIDES-AI,2026-09-23,needs_review,Appraisal flagged explicitly exploratory/limited aggressiveness predictor requiring cautious interpretation.,yes,batch-02
REC-AIBIOGU-000132,Zhu2023,Integrated machine learning identifies epithelial cell marker genes for improving outcomes and immunotherapy in prostate cancer.,2023,J Transl Med,10.1186/s12967-023-04633-2,prostate,,single-cell and bulk integrative epithelial heterogeneity ML study,multiple_public,"Public scRNA-seq and bulk cohorts (e.g., n=346 discovery subset) for epithelial cell gene signature",346,patients,multiomics,scRNA-seq plus bulk RNA-seq of epithelial subpopulations,prognostic_prediction,machine learning on epithelial subtype-associated genes,Epithelial heterogeneity gene signature,Epithelial cell state prognostic signature,prognostic,other,Prognostic stratification across bulk cohorts (numeric AUC/C-index not in slice excerpt),external_cohort,Bulk validation of scRNA-derived epithelial signature in independent cohorts.,NR,NR,none_stated,NR,NR,Epithelial cell heterogeneity genes predicted progression and immune modulation in PCa.,NR,NR,REV-ALCIDES-AI,2026-09-23,complete,,no,batch-02
REC-AIBIOGU-000133,Zhu2023,"Inflammation-related signature for prognostic prediction, tumor immune, genomic heterogeneity, and drug choices in prostate cancer: Integrated analysis of bulk and single-cell RNA-sequencing.",2023,Heliyon,10.1016/j.heliyon.2023.e21174,prostate,,public transcriptomics inflammation-related prognostic ML,multiple_public,TCGA and GEO PCa cohorts for inflammation-related gene model,NR,patients,transcriptomics,Bulk RNA-seq inflammation pathway genes,prognostic_prediction,ML risk model on inflammation-related genes,Inflammation-related prognostic gene set,Inflammation-related PCa risk signature,prognostic,other,Risk groups showed significant survival separation (numeric metrics not in slice),external_cohort,Multi-cohort public validation.,NR,NR,none_stated,NR,NR,Inflammation-related ML signature linked prognosis to tumor immune microenvironment in PCa.,NR,NR,REV-ALCIDES-AI,2026-09-23,complete,,no,batch-02
REC-AIBIOGU-000136,Yang2023,Value of a combined magnetic resonance imaging-based radiomics-clinical model for predicting extracapsular extension in prostate cancer: a preliminary study.,2023,Transl Cancer Res,10.21037/tcr-22-2750,prostate,,large retrospective mpMRI radiomics ECE prediction cohort,own_cohort,Multicenter mpMRI cohort (557+ patients referenced) for ECE combined clinical-radiomics model,557,patients,radiology_imaging,T2WI and DWI radiomics with clinical variables,diagnostic_prediction,clinical-radiomics combined ML/logistic model for ECE,MRI radiomic features plus clinical predictors,Combined model for extracapsular extension (ECE),diagnostic,AUC,Combined model AUC 0.894 (95% CI 0.837-...) in slice,internal_holdout,Train-test split on pooled multicenter retrospective cohort.,NR,NR,none_stated,NR,NR,Clinical-radiomics model predicted ECE with high AUC compared with clinical or radiomics alone.,NR,NR,REV-ALCIDES-AI,2026-09-23,complete,,no,batch-02
REC-AIBIOGU-000139,Liu2023,Comparison of Magnetic Resonance Imaging-Based Radiomics Features with Nomogram for Prediction of Prostate Cancer Invasion.,2023,Int J Gen Med,10.2147/ijgm.s419039,prostate,,single-center small MRI radiomics invasion prediction study,own_cohort,86 pathologically confirmed PCa patients (44 invasive vs 42 non-invasive),86,patients,radiology_imaging,MRI radiomics for capsular invasion prediction,diagnostic_prediction,MRI radiomics ML classifier,MRI radiomic features from tumor ROI,Radiomics model for PCa invasion status,diagnostic,other,Cross-validation performance reported without external validation (numeric AUC not in slice),internal_cv,Cross-validation only on single-center n=86; authors flag preliminary CV-only limitation.,NR,NR,none_stated,NR,NR,MRI radiomics model explored prediction of PCa invasion in a small single-center cohort.,Preliminary cross-validation-only evaluation flagged by authors.,NR,REV-ALCIDES-AI,2026-09-23,needs_review,Appraisal flagged preliminary cross-validation-only nature as a limitation for generalizability.,yes,batch-02
REC-AIBIOGU-000140,Li2023,Multi-view radiomics and deep learning modeling for prostate cancer detection based on multi-parametric MRI.,2023,Front Oncol,10.3389/fonc.2023.1198899,prostate,,retrospective multi-view MRI radiomics train-test study,own_cohort,"236 subjects with multi-view radiomics (original, LoG, wavelet) train-test split",236,patients,radiology_imaging,Multi-view mpMRI radiomics feature categories,diagnostic_prediction,multi-view radiomics ML strategy comparing feature category combinations,Combined radiomics feature views from MRI,Multi-view radiomics PCa detection model,diagnostic,other,Best multi-view combination selected by test-set performance (numeric AUC not in slice excerpt),internal_holdout,Single-cohort train-test evaluation.,NR,NR,none_stated,NR,NR,Multi-view radiomics strategy improved PCa detection versus single-feature-category models.,NR,NR,REV-ALCIDES-AI,2026-09-23,complete,,no,batch-02
REC-AIBIOGU-000142,Deng2023,Deep learning-based radiomic nomograms for predicting Ki67 expression in prostate cancer.,2023,BMC Cancer,10.1186/s12885-023-11130-8,prostate,,retrospective two-center mpMRI deep learning Ki67 prediction,own_cohort,229 PCa patients from two centers for DL Ki67 expression prediction,229,patients,radiology_imaging,Multiparametric MRI deep learning model,diagnostic_prediction,deep learning classifier on mpMRI for Ki67 status,mpMRI sequences,DL model for preoperative Ki67 expression prediction,diagnostic,other,Preoperative Ki67 prediction performance reported in test cohort (numeric AUC not in slice),internal_holdout,Two-center retrospective train-test validation.,NR,NR,none_stated,NR,NR,mpMRI deep learning predicted Ki67 expression noninvasively before surgery.,NR,NR,REV-ALCIDES-AI,2026-09-23,complete,,no,batch-02
REC-AIBIOGU-000143,Pan2023,Identifying Patients With Rapid Progression From Hormone-Sensitive to Castration-Resistant Prostate Cancer: A Retrospective Study.,2023,Mol Cell Proteomics,10.1016/j.mcpro.2023.100613,prostate,,retrospective single-center cohort,own_cohort,78 pre-ADT FFPE biopsies from advanced hormone-sensitive prostate cancer at the Second Hospital of Dalian Medical University; discovery set A n=16 (8 long-term and 8 short-term) and set B n=62 split into training n=41 and testing n=21,21,patients,proteomics,FFPE PCT-PulseDIA proteomics; 7355 proteins quantified,prognostic_prediction,Random forest classifier on seven proteins; multivariable Cox nomogram,"Seven ANOVA-selected proteins for the random forest; nomogram uses BGN, MAPK11, and Gleason sum",Seven-protein random forest classifier of rapid progression from hormone-sensitive to castration-resistant prostate cancer,risk_stratification,AUC,"0.873 (random forest, Fig. 3E, reported with the independent testing set); testing-set accuracy 0.762, sensitivity 0.818, specificity 0.700 (16 of 21 correctly classified)",internal_holdout,"Set B was split once into training n=41 and testing n=21. Set A (n=16) was used for differential-protein discovery, not as an external cohort.",NR,yes,none_stated,"National Key R&D Program of China (2021YFA1301601, 2021YFA1301602, 2020YFE0202200); Second Hospital of Dalian Medical University clinical research incubation project (2022LCYJZD02); United Fund of the Second Hospital of Dalian Medical University and Dalian Institute of Chemical Physics (UF-ZD-202014)","T. Guo is a shareholder of Westlake Omics Inc.; L. Huang and W. Ge are employees of Westlake Omics Inc.; T. Guo, Z. Liu, Y. Sun, Y. He, H. Wang, and C. Pan applied for a patent on this project. Remaining authors declare no competing interest.",A seven-protein random forest model separated rapid from slower progression to castration-resistant disease (AUC 0.873 on the reported testing evaluation; accuracy 0.762).,"Small single-center sample; all patients received standard androgen-deprivation therapy, so the models need larger multicenter validation in patients treated with chemotherapy or second-generation hormone therapy.","Nomogram of BGN, MAPK11, and Gleason sum had an overall C-index of 0.67 (95% CI 0.60-0.74) in 78 patients and time-dependent AUCs of 0.72, 0.76, and 0.80 at 12, 18, and 24 months. Proteomics data: iProX IPX0005031000.",REV-ALCIDES-AI,2026-09-23,complete,"The only printed random-forest AUC (0.873) is given immediately after the independent testing-set accuracy, sensitivity, and specificity; no separate training AUC is printed. n_analytic is that testing set (n=21).",no,batch-02
REC-AIBIOGU-000144,Lyu2023,"Crafting a Personalized Prognostic Model for Malignant Prostate Cancer Patients Using Risk Gene Signatures Discovered through TCGA-PRAD Mining, Machine Learning, and Single-Cell RNA-Sequencing.",2023,Diagnostics (Basel),10.3390/diagnostics13121997,prostate,,TCGA LASSO Cox prognostic model with validation,TCGA,TCGA training with validation cohort (142 patients noted) for LASSO risk model,357,patients,transcriptomics,TCGA RNA-seq differential expression and LASSO Cox,prognostic_prediction,LASSO Cox regression risk model,LASSO-selected prognostic gene set,LASSO Cox risk score for PCa,prognostic,C-index,Validation C-index 0.823 (95% CI 0.766-0.881); AUC 0.759 reported in slice,external_cohort,Independent validation cohort separate from TCGA model training set.,NR,NR,none_stated,NR,NR,LASSO Cox gene risk model stratified PCa prognosis with strong validation C-index.,NR,Functional enrichment of selected genes.,REV-ALCIDES-AI,2026-09-23,complete,,no,batch-02
REC-AIBIOGU-000146,Erak2023,Predicting Prostate Cancer Molecular Subtype With Deep Learning on Histopathologic Images.,2023,Mod Pathol,10.1016/j.modpat.2023.100247,prostate,,retrospective dual-center H&E whole-slide deep learning genomics prediction,own_cohort,Two-center WSIs: n=224 and n=205 for DL molecular feature prediction,224,slides,digital_pathology,H&E whole-slide images predicting genomic/molecular features,classification_subtyping,deep learning on WSIs,H&E morphologic patterns on whole slides,DL predictions of molecular features from histology,subtyping,AUC,AUC 0.91 and 0.86 for reported molecular prediction tasks in slice,internal_holdout,Two-center train-test evaluation on WSI cohorts.,NR,NR,none_stated,NR,NR,Deep learning on H&E slides predicted molecular features better than conventional morphologic assessment.,NR,NR,REV-ALCIDES-AI,2026-09-23,complete,,no,batch-02
REC-AIBIOGU-000151,An2023,Predicting Model of Biochemical Recurrence of Prostate Carcinoma (PCa-BCR) Using MR Perfusion-Weighted Imaging-Based Radiomics.,2023,Technol Cancer Res Treat,10.1177/15330338231166766,prostate,,retrospective single-center cohort,own_cohort,206 men with prostate carcinoma treated by radical prostatectomy at Xiangyang No. 1 People's Hospital (February 2015-August 2021); biochemical recurrence n=77 and no recurrence n=129; patients divided 7:3 into training and testing sets,206,patients,radiology_imaging,"MR perfusion-weighted imaging radiomics (T2WI, PWI, ADC) plus contrast-enhanced ultrasound and clinical variables",prognostic_prediction,"LASSO with 10-fold cross-validation for radiomic feature selection, then logistic regression","Clinical variables, contrast-enhanced ultrasound parameters, and MR-PWI Rad-scores","Combined clinical, contrast-enhanced ultrasound, and MR-PWI radiomics model for biochemical recurrence, with a nomogram",prognostic,AUC,0.93 (95% CI 0.83-0.98) combined-model testing-set AUC; training-set combined-model AUC 0.91 (95% CI 0.85-0.95),internal_holdout,The paper calls the 30% testing split external validation. It is one holdout from the same single center. Ten-fold cross-validation was used for LASSO feature selection only. Exact training and testing headcounts are not printed.,yes,yes,other,Graduate Education Research Project Fund of Hubei University of Medicine (YJ2022013); Xiangyang Science and Technology Plan Key Project Fund (2022YL34A),none_declared,"The combined clinical, ultrasound, and MR perfusion radiomics model had the highest AUCs for biochemical recurrence (training 0.91, testing 0.93) compared with the separate clinical, ultrasound, and radiomics models.","Single-center study with a small sample and no formal sample-size calculation; deep learning was not used for feature extraction; pathomics and ultrasonomics were not included; radiomic-feature robustness was not checked at other facilities, limiting generalizability.","Testing-set AUCs were 0.78 for clinical data, 0.73 for contrast-enhanced ultrasound, and 0.75 for MRI radiomics. Training-set AUCs were 0.74, 0.61, and 0.85 for those same models. Reporting followed STROBE. Analysis scripts are linked from the article (Baidu Pan).",REV-ALCIDES-AI,2026-09-23,needs_review,Appraisal note: the labeled external validation is an internal 7:3 split. n_analytic is the full cohort of 206 because the paper does not print the testing-set headcount that supports AUC 0.93.,yes,batch-02
REC-AIBIOGU-000152,Spohn2023,Development of PSMA-PET-guided CT-based radiomic signature to predict biochemical recurrence after salvage radiotherapy.,2023,Eur J Nucl Med Mol Imaging,10.1007/s00259-023-06195-3,prostate,,retrospective CT radiomics for post-sRT biochemical recurrence,own_cohort,99 PCa patients post salvage radiotherapy with planning CT radiomics,99,patients,radiology_imaging,CT-based radiomic features for BCR after sRT,prognostic_prediction,CT radiomics signatures vs clinical/clinical-radiomic models; time-dependent ROC,CT radiomic signature plus clinical variables,CT radiomic BCR signature after salvage RT,prognostic,C-index,Radiomic signature C-index ~0.60-0.65 vs clinical models 0.51-0.61; time-dependent ROC for BCR,internal_cv,No independent external validation; authors note lack of external validation as limitation.,NR,NR,none_stated,NR,NR,CT radiomics outperformed clinical models for biochemical recurrence after salvage radiotherapy in time-dependent analysis.,Lack of independent external validation explicitly noted.,Decision curve analysis showed net clinical benefit.,REV-ALCIDES-AI,2026-09-23,complete,,no,batch-02
REC-AIBIOGU-000155,Zhang2022,Predicting Tumor Perineural Invasion Status in High-Grade Prostate Cancer Based on a Clinical-Radiomics Model Incorporating T2-Weighted and Diffusion-Weighted Magnetic Resonance Images.,2022,Cancers (Basel),10.3390/cancers15010086,prostate,,retrospective mpMRI clinical-radiomics perineural invasion model,own_cohort,High-grade PCa cohort with T2WI and DWI radiomics (128+ patients in analyses),128,patients,radiology_imaging,T2WI and DWI MRI radiomics with clinical variables,diagnostic_prediction,clinical-radiomics logistic/ML model for perineural invasion (PNI),Clinical covariates plus MRI radiomic features,Clinical-radiomics PNI prediction model,diagnostic,AUC,AUC 0.908 and 0.947 for reported training/validation PNI models in slice,internal_holdout,Train-validation split on single high-grade PCa cohort.,NR,NR,none_stated,NR,NR,Combined clinical-radiomics model predicted tumor perineural invasion in high-grade PCa with high AUC.,NR,NR,REV-ALCIDES-AI,2026-09-23,complete,,no,batch-02
REC-AIBIOGU-000156,Lu2022,Biparametric MRI-based radiomics classifiers for the detection of prostate cancer in patients with PSA serum levels of 4∼10 ng/mL.,2022,Front Oncol,10.3389/fonc.2022.1020317,prostate,,retrospective gray-zone PSA MRI radiomics detection cohort,own_cohort,"Patients with PSA 4-10 ng/mL split into training and validation (n=56 train, n=45 validation noted)",101,patients,radiology_imaging,MRI radiomics plus clinical variables in gray-zone PSA cohort,diagnostic_prediction,combined clinical-radiomics logistic model,Clinical variables and MRI radiomic features,Combined model for PCa detection in gray-zone PSA,diagnostic,AUC,Combined model AUC 0.779 (95% CI 0.730-0.828) vs clinical-only 0.592 in validation,internal_holdout,Internal train-validation on gray-zone PSA patients.,NR,NR,none_stated,NR,NR,Integrating radiomics with clinical factors improved PCa detection among gray-zone PSA patients.,NR,NR,REV-ALCIDES-AI,2026-09-23,complete,,no,batch-02
REC-AIBIOGU-000157,Xie2022,"Plasma cell subtypes analyzed using artificial intelligence algorithm for predicting biochemical recurrence, immune escape potential, and immunotherapy response of prostate cancer.",2022,Front Immunol,10.3389/fimmu.2022.946209,prostate,,public bulk RNA-seq plasma cell signature prognostic study,multiple_public,TCGA-PRAD (N=481) and validation cohort (N=449) for plasma cell-related signature,481,patients,transcriptomics,Bulk RNA-seq plasma cell / immune microenvironment genes,prognostic_prediction,ML prognostic model on plasma cell-related genes,Plasma cell-associated gene signature,Plasma cell-related prognostic score,prognostic,other,Prognostic discrimination in TCGA and validation cohort (numeric C-index/AUC not in slice excerpt),external_cohort,Independent validation cohort (N=449) for plasma cell signature.,NR,NR,none_stated,NR,NR,Plasma cell-related signature predicted PCa prognosis and immune therapy relevance.,NR,NR,REV-ALCIDES-AI,2026-09-23,complete,,no,batch-02
REC-AIBIOGU-000158,Zhang2022,MRI-Based Radiomics Nomogram for Predicting Prostate Cancer with Gray-Zone Prostate-Specific Antigen Levels to Reduce Unnecessary Biopsies.,2022,Diagnostics (Basel),10.3390/diagnostics12123005,prostate,,retrospective MRI radiomics nomogram for gray-zone PSA biopsy reduction,own_cohort,274 patients with gray-zone PSA; training n=191 for nomogram,274,patients,radiology_imaging,MRI radiomics nomogram with clinical variables,diagnostic_prediction,MRI radiomics nomogram logistic model,Radiomic signature plus clinical predictors in nomogram,Radiomics nomogram for csPCa in gray-zone PSA,diagnostic,AUC,Nomogram AUC 0.953 and 0.941 for reported train/validation sets in slice,internal_holdout,Train-validation on single-center gray-zone PSA cohort to reduce unnecessary biopsies.,NR,NR,none_stated,NR,NR,MRI radiomics nomogram identified clinically significant PCa among gray-zone PSA patients with high AUC.,NR,NR,REV-ALCIDES-AI,2026-09-23,complete,,no,batch-02
REC-AIBIOGU-000159,Wang2022,Evaluation of a radiomics nomogram derived from Fluoride-18 PSMA-1007 PET/CT for risk stratification in newly diagnosed prostate cancer.,2022,Front Oncol,10.3389/fonc.2022.1018833,prostate,,retrospective 18F-PSMA PET/CT radiomics risk stratification,own_cohort,161 pathologically proven primary PCa patients with 18F-PSMA-1007 PET/CT,161,patients,radiology_imaging,PSMA PET/CT radiomics for malignancy and risk stratification,risk_stratification,PET radiomics ML classifier,PSMA PET radiomic features,PET radiomics malignancy and risk stratification model,risk_stratification,AUC,AUC 0.719 for reported malignancy/risk model in slice,internal_holdout,Single-center retrospective PET radiomics evaluation.,NR,NR,none_stated,NR,NR,18F-PSMA PET radiomics supported tumor malignancy assessment and clinical risk stratification in primary PCa.,NR,NR,REV-ALCIDES-AI,2026-09-23,complete,,no,batch-02
REC-AIBIOGU-000161,Liu2022,Utility of diffusion weighted imaging-based radiomics nomogram to predict pelvic lymph nodes metastasis in prostate cancer.,2022,BMC Med Imaging,10.1186/s12880-022-00905-3,prostate,,retrospective DWI radiomics PLNM prediction with LN-level clustering,own_cohort,67 PCa patients undergoing PLND; DWI radiomics at lymph-node level,67,patients,radiology_imaging,DWI MRI radiomics of pelvic lymph nodes,diagnostic_prediction,two DWI radiomics models plus nomogram (Cox/logistic) for PLNM,DWI radiomic features from lymph nodes and clinical variables,DWI radiomics models 1-2 and nomogram for PLNM,diagnostic,AUC,Model AUCs ~0.89 and 0.83; nomogram C-index 0.91 per slice,internal_cv,LN-level observations nested within patients; non-independence/clustering noted in appraisal.,NR,NR,none_stated,NR,NR,DWI radiomics nomogram predicted preoperative pelvic lymph node metastasis with high AUC/C-index.,Clustering of multiple lymph nodes per patient affects independence assumptions.,NR,REV-ALCIDES-AI,2026-09-23,needs_review,Appraisal flagged non-independence of LN-level observations clustered within patients.,yes,batch-02
REC-AIBIOGU-000162,Ou2022,Ultrasound-based radiomics score for pre-biopsy prediction of prostate cancer to reduce unnecessary biopsies.,2022,Prostate,10.1002/pros.24442,prostate,,retrospective single-center cohort,own_cohort,196 men undergoing initial transrectal ultrasound-guided prostate biopsy at the First Affiliated Hospital of Sun Yat-sen University (December 2015-March 2018); randomly split 7:3 into training n=137 and validation n=59,59,patients,radiology_imaging,Transrectal ultrasound radiomics,diagnostic_prediction,"LASSO with five-fold cross-validation for feature selection, then multivariable logistic regression nomograms","Five ultrasound radiomic features (radiomics score) plus age, total PSA, and prostate volume",Integrated ultrasound radiomics nomogram for pre-biopsy prediction of prostate cancer,diagnostic,AUC,0.835 (95% CI 0.729-0.941) integrated nomogram in the validation cohort; training-cohort integrated nomogram AUC 0.815 (95% CI 0.737-0.893),internal_holdout,One random 7:3 split of a single-center biopsy cohort. Five-fold cross-validation selected the LASSO penalty only. No external cohort.,NR,upon_request,none_stated,National Natural Science Foundation of China (81901849),none_declared,"Adding a transrectal-ultrasound radiomics score to age, total PSA, and prostate volume raised validation-cohort AUC for pre-biopsy prostate cancer detection from 0.752 to 0.835.",Retrospective single-center study with selection bias and a limited sample; reproducibility was checked only in an internal validation cohort and still needs external validation; too few clinically significant cancers to build a separate nomogram for that endpoint.,Validation-cohort AUC was 0.745 for the radiomics score alone and 0.752 (95% CI 0.618-0.886) for the clinical nomogram. At a 20% probability threshold the integrated nomogram was reported to avoid unnecessary biopsies.,REV-ALCIDES-AI,2026-09-23,complete,n_analytic is the validation cohort that supports the integrated-nomogram AUC of 0.835.,no,batch-02
REC-AIBIOGU-000163,Jia2022,MRI radiomics predicts progression-free survival in prostate cancer.,2022,Front Oncol,10.3389/fonc.2022.974257,prostate,,retrospective MRI radiomics progression-free survival prediction,own_cohort,191 PCa patients with MRI radiomics for PFS (373 screened),191,patients,radiology_imaging,MRI radiomics survival modeling for PFS,prognostic_prediction,MRI radiomics Cox/survival ML model,MRI radiomic features predicting PFS,Radiomics PFS prediction model,prognostic,AUC,Time-dependent AUCs 0.926 and 0.917 for reported PFS horizons in slice,internal_holdout,Single-center retrospective cohort with train-test evaluation.,NR,NR,none_stated,NR,NR,MRI radiomics predicted progression-free survival with high time-dependent AUC in PCa patients.,NR,NR,REV-ALCIDES-AI,2026-09-23,complete,,no,batch-02
REC-AIBIOGU-000164,Liu2022,Prediction of pelvic lymph node metastasis in prostate cancer using radiomics based on T-weighted imaging.,2022,Zhong Nan Da Xue Xue Bao Yi Xue Ban,10.11817/j.issn.1672-7347.2022.210692,prostate,,retrospective single-center cohort,own_cohort,"71 men who underwent extended pelvic lymph-node dissection at Peking University First Hospital (January 2017-June 2021). Temporal split: training January 2017-December 2020, n=56 patients (186 nodes); test January-June 2021, n=15 patients (45 nodes)",45,samples,radiology_imaging,T2-weighted MRI radiomics of individual pelvic lymph nodes,diagnostic_prediction,Random forest radiomics model and a multivariable logistic nomogram,Eighteen T2WI radiomic features (Rad-score) plus radiologist-assessed node signal distribution; Model 1 used short diameter and margin,T2WI radiomics nomogram (Model 3: lymph-node signal distribution and Rad-score) for pelvic lymph-node metastasis,diagnostic,AUC,0.96 (Model 3 test set); Model 1 test-set AUC 0.78; Model 2 test-set AUC 0.93 (95% CI 0.82-0.99); nomogram C-index 0.964,internal_holdout,"One temporal split at the same hospital. The AUCs are lymph-node-level in the test set (45 nodes from 15 patients), not patient-level estimates. The cohort underlying the nomogram C-index of 0.964 is not stated separately from the test-set AUCs.",NR,NR,none_stated,Capital's Funds for Health Improvement and Research (2020-2-40710),none_declared,"A T2WI radiomics nomogram predicted pelvic lymph-node metastasis on the temporal test set with AUC 0.96, higher than image features alone (AUC 0.78).",Retrospective study with a small sample that needs larger multicenter prospective validation; the radiomics model used only T2WI and not DWI or DCE.,Model 2 and Model 3 outperformed Model 1 on the test set (P=0.019 and P=0.020); Model 2 versus Model 3 was not significant (P=0.649). Decision-curve analysis favored Model 3.,REV-ALCIDES-AI,2026-09-23,needs_review,Test-set discrimination is reported at lymph-node level (45 nodes nested in 15 patients). n_analytic is those test-set nodes.,yes,batch-02
REC-AIBIOGU-000165,Liu2022,Epigenome-wide DNA methylation and transcriptome profiling of localized and locally advanced prostate cancer: Uncovering new molecular markers.,2022,Genomics,10.1016/j.ygeno.2022.110474,prostate,,Small own-cohort epitranscriptomic discovery with public cBioPortal mutation filtering and external ML classification,public_plus_own,"PP adipose methylome/transcriptome in 10 PCa patients (4 LPC, 6 LAPC); external mutation and expression cohorts from cBioPortal (MSKCC, Broad/Cornell, Fred Hutchinson, Mangiola PP adipose)",10,patients,multiomics,Affymetrix expression and Illumina 450k methylation on periprostatic adipose tissue,classification_subtyping,LASSO integrative screening; XGBoost and CART with SHAP for classification,30-gene epitranscriptomic signature (anti-correlated hypermethylated downregulated genes),30-gene PP-adipose epitranscriptomic signature,diagnostic,AUC,AUC 0.81 metastasis vs primary PCa; AUC 0.88 high- vs low-progression risk on external expression cohorts,external_cohort,Signature derived in n=10 PP adipose cohort; ML evaluated on public tumor expression cohorts focused on metastasis and progression because LPC/LAPC external n was too small.,NR,NR,none_stated,Manitoba Medical Services Foundation Allen Rouse award and CancerCare Manitoba Foundation partial support.,none_declared,Integrative PP-adipose methylation-expression profiling yielded a 30-gene signature with moderate-to-good discrimination for metastasis and progression risk on public PCa expression data.,Discovery cohort is very small; no external cohort with matched methylation and expression; confounding from diet/activity not measured.,Mutation-frequency refinement using >1500 primary vs metastatic samples; LPC vs LAPC differential discovery in PP fat.,REV-ALCIDES-AI,2026-09-23,needs_review,Appraisal flags borderline scope because biomarkers come from periprostatic adipose rather than standard tumor tissue and discovery n=10 is tiny.,yes,batch-03
REC-AIBIOGU-000166,Jing2022,Prediction of clinically significant prostate cancer with a multimodal MRI-based radiomics nomogram.,2022,Front Oncol,10.3389/fonc.2022.918830,prostate,NA,retrospective multicenter cohort study,own_cohort,"Cohort 1: Changhai Hospital, Shanghai, China (n=201, Jan 2016-Dec 2019, training/test); Cohort 2 (external validation set 1): Ruijin Hospital Luwan Branch, Shanghai, China (n=66, Jan 2019-Dec 2021); Cohort 3 (external validation set 2): 989th Hospital of the joint logistic support force of the Chinese People's Liberation Army, Luoyang, China (n=122, Jan 2019-Dec 2021)",389,patients,radiology_imaging,"Biparametric prostate MRI (T2WI and DWI, 3.0T), pre-biopsy; PyRadiomics-extracted first-order, shape, texture and higher-order features (1409 features per VOI)",diagnostic_prediction,Variance threshold + SelectKBest + LASSO feature selection; multivariate logistic regression (radiomics signature + PI-RADS nomogram),"Radiomics texture/shape/first-order/higher-order features (1409/VOI) from whole-prostate (T2WI) + lesion (DWI) segmentation, reduced via LASSO to 10 optimal features, combined with PI-RADS v2.1 score","Multimodal MRI radiomics signature (RS) + PI-RADS nomogram for clinically significant prostate cancer (CS-PCa, Gleason score >=7 / ISUP grade >=2)",diagnostic,AUC,"Nomogram AUC: training set n=141: 0.967; test set n=60: 0.964; external validation set 1 n=66: 0.945; external validation set 2 n=122: 0.942 (vs. PI-RADS alone: 0.835/0.843/0.824/0.796 respectively, all p<0.05 by DeLong test); NRI 0.326-0.372; best single radiomics model in training set: sensitivity=92.8%, specificity=90.9%, accuracy=92.2%",external_multicenter,"Cohort 1 (n=201) randomized 7:3 into internal training (n=141) and test (n=60) sets; Cohorts 2 (n=66) and 3 (n=122) are genuinely independent, different-hospital, different-period external validation sets - true external multicenter validation, not a relabeled internal split.",NR,yes,none_stated,Project of the Action Plan of Major Diseases Prevention and Treatment (2017ZX01001-S12); Special Project of Integrated Traditional Chinese and Western Medicine in General Hospitals of Shanghai (ZHYY-ZXYJHZX-201901); Changhai hospital discipline construction project (2020YXK034),none_declared,"A radiomics nomogram combining a LASSO-selected whole-prostate(T2WI)+lesion(DWI) radiomics signature with PI-RADS achieved very high AUCs (0.942-0.967) for predicting clinically significant prostate cancer, significantly outperforming PI-RADS alone across training, test, and two independent external validation cohorts from different hospitals.",Relatively small retrospective sample size implying selection bias and low generalizability despite external validation; manual segmentation favoring subjective error and unsuitable for large-scale data processing; no deep learning tools developed/validated for CS-PCa prediction.,"10 different radiomics models compared across T2WI/DWI x lesion/whole-prostate segmentation combinations, training-set AUCs ranging 0.800-0.967; PI-RADS alone AUC=0.835, PSA alone AUC=0.776; excellent inter/intra-observer segmentation reproducibility (ICC>=0.9).",REV-ALCIDES-AI,2026-09-23,complete,"appraisal_note flagged 'very high AUC warrants cautious applicability.' validation_level is genuinely external_multicenter (three distinct hospitals); the very high AUCs together with small, manually-segmented, retrospective per-site cohorts (n=60-201) support the appraisal's applicability caution, documented here in validation_detail/limitations rather than by downgrading the validation_level label.",no,pilot
REC-AIBIOGU-000167,Ju2022,"Computational Recognition of a Regulatory T-cell-specific Signature With Potential Implications in Prognosis, Immunotherapy, and Therapeutic Resistance of Prostate Cancer.",2022,Front Immunol,10.3389/fimmu.2022.807840,prostate,,Public multi-GEO immune-cell deconvolution framework with TCGA/ICGC PRAD prognostic signature,multiple_public,42 purified immune-cell GEO microarray datasets; TCGA-PRAD RNA-seq n=454; ICGC PRAD-FR n=25; immunotherapy response GEO cohorts,454,patients,transcriptomics,Bulk RNA-seq TPM (TCGA/ICGC) plus immune-cell reference expression profiles,prognostic_prediction,Machine-learning Treg-specific mRNA discovery pipeline (OCLR stemness referenced); Cox-based signature construction,"Five-gene TILTregSig (SOCS2, EGR1, RRM2, TPP1, C11orf54) from Treg-specific mRNA filtering",TILTregSig five-mRNA Treg prognostic score,prognostic,HR,"1.170 (multivariate Cox for recurrence-free survival, 95% CI 1.079-1.267, p<0.001; TCGA)",external_cohort,"TCGA-PRAD multivariate Cox for recurrence-free survival. ICGC PRAD was also used to monitor prognosis. The time-dependent recurrence-free survival ROC is described as moderate, and the text does not print that AUC.",NR,NR,none_stated,NR,NR,A PBMC-derived five-gene Treg signature was proposed to stratify PRAD prognosis and relate to tumor immunity and immunotherapy response patterns.,NR,Immunotherapy response prediction in five public CIT datasets; GSCALite genetic/methylation analyses; in vitro Treg proliferation assays.,REV-ALCIDES-AI,2026-09-23,needs_review,Primary prognostic number printed for TILTregSig is the TCGA multivariate HR. A separate tumor-immune-score AUC of 0.665 is reported. The full text does not print a numeric time-dependent AUC for recurrence-free survival.,yes,batch-03
REC-AIBIOGU-000168,Fan2022,A Novel Angiogenesis-Related Gene Signature to Predict Biochemical Recurrence of Patients with Prostate Cancer following Radical Therapy.,2022,J Oncol,10.1155/2022/2448428,prostate,,Retrospective multi-cohort transcriptomic prognostic signature after hallmark ssGSEA screening,multiple_public,"Training TCGA-PRAD n=327; external validation GSE116918 n=223, GSE70770 n=221, GSE54460 n=93 (844 total after eligibility filters)",327,patients,transcriptomics,Bulk RNA-seq and microarray expression after log2 normalization,prognostic_prediction,Random survival forest plus univariate/multivariate Cox regression,"Three-gene angiogenesis-related score (NRP1, JAG2, VCAN)",Angiogenesis-related three-gene ARS signature,prognostic,HR,"Pooled meta HR 1.58 (95% CI 1.38–1.81) for BCR; training HR 1.57 (1.21–2.03); validation cohort HRs 1.84, 1.42, 1.44",external_cohort,Signature coefficients fit in TCGA training cohort and tested unchanged in three independent GEO validation cohorts.,NR,upon_request,none_stated,NR,NR,Angiogenesis was the top BCR-associated hallmark and a three-gene angiogenesis score independently stratified recurrence across four datasets.,Retrospective design needs larger prospective confirmation; high-risk biology and drug-response links require experimental validation.,Immune infiltration and angiogenesis-inhibitor sensitivity analyses in high-risk groups.,REV-ALCIDES-AI,2026-09-23,complete,,no,batch-03
REC-AIBIOGU-000170,Wang2022,Contrast-Enhanced Ultrasound-Magnetic Resonance Imaging Radiomics Based Model for Predicting the Biochemical Recurrence of Prostate Cancer: A Feasibility Study.,2022,Comput Math Methods Med,10.1155/2022/8090529,prostate,,Retrospective two-center CEUS-MRI radiomics with random 7:3 split and nomogram,own_cohort,"159 post-RP PCa patients from Xiangyang No.1 People’s Hospital and Jiangsu Hospital of Chinese Medicine (59 BCR, 100 controls)",159,patients,radiology_imaging,"MRI radiomics (3D Slicer ROI), CEUS perfusion metrics, and clinical variables",prognostic_prediction,LASSO radiomics feature selection with multivariable logistic regression combinatorial models,"Combined clinical, CEUS (PI/TTP/AT), and MRI texture features (e.g., SmallAreaHighGrayLevelEmphasis, RunVariance, Contrast)",Clinical-CEUS-MRI combinatorial BCR prediction model with nomogram,prognostic,AUC,Training AUC 0.914 (95% CI 0.854–0.974); test-set AUC 0.920 (95% CI 0.849–0.991) for combinatorial model,internal_holdout,Random 70/30 split of the same pooled two-center cohort; authors label the holdout as external validation but it is not institution-independent.,NR,NR,none_stated,NR,NR,"Integrating clinical, CEUS, and MRI radiomics outperformed single-modality models for post-RP BCR prediction on holdout data.",NR,Decision curve analysis favored the combinatorial model over clinical or imaging-only models.,REV-ALCIDES-AI,2026-09-23,needs_review,Appraisal flags borderline validation because the 30% test split is from the same pooled cohort rather than independent multicenter validation.,yes,batch-03
REC-AIBIOGU-000172,Wang2022,Comprehensive assessment of cellular senescence in the tumor microenvironment.,2022,Brief Bioinform,10.1093/bib/bbac118,prostate,,Pan-cancer senescence resource with PRAD-focused three-gene ML prognostic module and IHC check,multiple_public,TCGA/GTEx pan-cancer bulk data; PRAD validation in ~660 patients across four public cohorts plus 72-patient IHC set,660,patients,multiomics,Bulk transcriptomics/proteomics plus scRNA-seq atlas; PRAD IHC validation on TMA,prognostic_prediction,Three machine-learning algorithms compared to identify PRAD survival hub genes (methods truncated in slice),"Three CS hub genes (SPAG5, TACC3, TROAP) selected for PRAD prognosis",Three-gene CS-based PRAD prognostic predictor,prognostic,AUC,"approximately 0.7 (average 1-, 3-, and 5-year progression AUC in the TCGA training set and four testing PRAD cohorts)",external_cohort,"CS predictor assessed in TCGA and four published PRAD cohorts (PRJCA001124, MSKCC, Setlur et al., and GSE70769), with IHC in 72 in-house PRAD specimens. Authors state an average progression AUC of approximately 0.7.",NR,yes,none_stated,National Key R&D and CAMS/NNSF grants.,NR,"Among pan-cancer senescence analyses, three CS genes were prioritized as feasible PRAD prognostic markers with protein-level IHC support.",GSVA-based CS scoring depends on gene-set composition; senescence mechanisms in PRAD need further experiments.,"Pan-cancer CS landscape, immunotherapy associations, and TCSER web resource for CS scoring.",REV-ALCIDES-AI,2026-09-23,needs_review,"The article is a pan-cancer senescence resource; the extracted axis is the prostate three-gene CS predictor (SPAG5, TACC3, TROAP). The full text gives the progression AUC only as approximately 0.7, not as exact per-cohort values. A separate immunotherapy analysis reported a mean AUC of approximately 0.68.",yes,batch-03
REC-AIBIOGU-000173,Lai2022,Identification of a Steroid Hormone-Associated Gene Signature Predicting the Prognosis of Prostate Cancer through an Integrative Bioinformatics Analysis.,2022,Cancers (Basel),10.3390/cancers14061565,prostate,,TCGA-PRAD integrative bioinformatics with LASSO signature and subtype-association external check,TCGA,TCGA-PRAD RNA-seq via DriverDB (495 patients with PFI analysis); PCTA PCS/PAM50 subtype labels for association validation,495,patients,transcriptomics,Bulk RNA-seq RPKM with steroid-hormone pathway gene filtering,prognostic_prediction,LASSO Cox (glmnet) feature selection with weighted expression signature score,Eight-gene steroid-hormone-associated signature (from 538 pathway genes and DE filtering),Eight-gene steroid-hormone PFI signature,prognostic,HR,"Univariate Cox HRs up to 2.19 for individual signature genes on 5-year PFI (Table 1; e.g., adjusted p<0.05)",internal_split_only,"No independent survival cohort; external PCTA cohorts used only to relate signature scores to molecular subtypes (PCS/PAM50), not to validate PFI prediction.",NR,yes,none_stated,NR,NR,Eight steroid-hormone pathway genes associated with poor 5-year PFI were combined into a LASSO-weighted prognostic signature.,NR,Functional annotation of signature genes across GO/KEGG/Reactome steroid-hormone processes.,REV-ALCIDES-AI,2026-09-23,needs_review,Appraisal notes single-source TCGA design without independent survival-outcome validation cohort.,yes,batch-03
REC-AIBIOGU-000174,Jin2022,Utility of Clinical-Radiomic Model to Identify Clinically Significant Prostate Cancer in Biparametric MRI PI-RADS V2.1 Category 3 Lesions.,2022,Front Oncol,10.3389/fonc.2022.840786,prostate,,Single-center retrospective PI-RADS 3 biparametric MRI radiomics with 7:3 split,own_cohort,"103 patients with PI-RADS 3 lesions on 3.0-T MRI before biopsy (training n=75, testing n=28 per slice tables)",103,patients,radiology_imaging,"T2WI, DWI, and ADC radiomics with mRMR and LASSO feature selection",diagnostic_prediction,mRMR and LASSO radiomics selection with multivariable logistic regression nomogram,Four radiomic features plus age and PSA in integrated clinical-radiomic model,Radscore plus clinical-radiomic nomogram for csPCa among PI-RADS 3 lesions,diagnostic,AUC,Testing-set AUC 0.88 (95% CI 0.75–1.00) for clinical-radiomic model vs radiomics alone AUC 0.71,internal_holdout,Random 70/30 split within the single-center PI-RADS 3 cohort; training AUC 0.90 (95% CI 0.83–0.97).,NR,NR,none_stated,NR,NR,"Integrating age, PSA, and four MRI radiomic features improved csPCa detection among PI-RADS 3 lesions versus radiomics alone on holdout data.",NR,Decision curve analysis suggested clinical benefit of the integrated nomogram.,REV-ALCIDES-AI,2026-09-23,complete,,no,batch-03
REC-AIBIOGU-000175,Huang2022,A Novel Artificial Intelligence-Powered Method for Prediction of Early Recurrence of Prostate Cancer After Prostatectomy and Cancer Drivers.,2022,JCO Clin Cancer Inform,10.1200/cci.21.00131,prostate,,Deep learning WSI morphometric score trained on TCGA-PRAD with university external validation,public_plus_own,"Training TCGA-PRAD WSIs n=243 (92 early BCR, 151 BCR-free ≥3y); external UW-Madison RP WSIs n=173",173,patients,digital_pathology,H&E whole-slide images tiled for multiscale CNN attention-based morphometric scoring,prognostic_prediction,Multiscale CNN feature extractor with attention-based tile weighting (AI-morphometric score),Slide-level AI-morphometric score from ROI heatmaps plus optional pathologic covariates,AI-morphometric score (AI-MS) for 3-year post-RP BCR,prognostic,AUC,External validation AUC 0.78 for 3-year BCR vs GGG AUC 0.62; combined AI-MS plus pathology AUC 0.84; GGG2/3 subgroup AUCs 0.84 and 0.81,external_cohort,Model trained on TCGA-PRAD and evaluated on independent UW-Madison RP archive without retraining.,no,NR,none_stated,NR,NR,CNN-derived morphometric scores from RP WSIs outperformed Gleason grade groups for 3-year BCR and highlighted ROI biomarker differences including TMEM173.,NR,"ROI-level IHC validation for Ki67, PD-L1, CC3, and immune markers in high- vs low-scored regions.",REV-ALCIDES-AI,2026-09-23,needs_review,"Appraisal notes source code was withheld pending patent approval, limiting reproducibility despite strong external validation.",yes,batch-03
REC-AIBIOGU-000176,Li2022,Development and Validation of a Radiomics Nomogram for Predicting Clinically Significant Prostate Cancer in PI-RADS 3 Lesions.,2022,Front Oncol,10.3389/fonc.2021.825429,prostate,,Single-institution PI-RADS 3 radiomics nomogram with internal train/test split,own_cohort,306 PI-RADS 3 patients (institution 1); training n=199 and test n=107 after random split,306,patients,radiology_imaging,T2WI and ADC radiomics with LASSO and logistic regression nomogram,diagnostic_prediction,LASSO radiomics selection with logistic regression; optional SMOTE for class balance in signature variant,Selected MRI radiomic features plus clinical covariates in radiomics nomogram,Radiomics nomogram (Rad-score) for csPCa in PI-RADS 3 lesions,diagnostic,AUC,Test-set nomogram AUC 0.884 (95% CI 0.831–0.937); SMOTE-augmented radiomics signature AUC 0.840 (95% CI 0.776–0.904),internal_holdout,Random split within single institution; no external multicenter validation reported.,NR,NR,none_stated,NR,NR,A radiomics-based nomogram improved csPCa detection among PI-RADS 3 lesions compared with radiomics signature alone on internal test data.,NR,SMOTE improved radiomics signature discrimination versus unbalanced training.,REV-ALCIDES-AI,2026-09-23,complete,,no,batch-03
REC-AIBIOGU-000178,Yan2021,Deep Learning with Quantitative Features of Magnetic Resonance Images to Predict Biochemical Recurrence of Radical Prostatectomy: A Multi-Center Study.,2021,Cancers (Basel),10.3390/cancers13123098,prostate,,Multicenter retrospective MRI deep-learning BCR model with internal and external validation,own_cohort,Primary cohort n=368 plus validation cohorts VC1 n=34 and VC2 n=83 from three centers,368,patients,radiology_imaging,Pre- and post-operative MRI quantitative radiomics/deep features for BCR-free survival,prognostic_prediction,Deep learning with quantitative MRI features combined in DRS-BCR score,Deep MRI quantitative feature score (DRS-BCR) with optional clinical combine model,DRS-BCR deep MRI prognostic score for BCR,prognostic,C-index,"Combined clinical-model C-index 0.802 (95% CI 0.758–0.846) in primary cohort; 3-year BCR AUC 0.84 (PC), 0.85 (VC1), 0.84 (VC2)",external_cohort,Model developed on primary multicenter cohort and evaluated on two additional center cohorts for time-dependent BCR discrimination.,NR,NR,none_stated,NR,NR,Deep MRI-based DRS-BCR score stratified BCR risk with consistent AUC across primary and two validation cohorts.,NR,"Comparison of pre-operative, post-operative, and combined clinical MRI models.",REV-ALCIDES-AI,2026-09-23,complete,Co-reported C-index and time-dependent AUC; C-index used as model-selection metric.,no,batch-03
REC-AIBIOGU-000180,Hiremath2021,"An integrated nomogram combining deep learning, Prostate Imaging-Reporting and Data System (PI-RADS) scoring, and clinical variables for identification of clinically significant prostate cancer on biparametric MRI: a retrospective multicentre study.",2021,Lancet Digit Health,10.1016/s2589-7500(21)00082-0,prostate,,Multicenter biparametric MRI deep-learning integrated nomogram vs PI-RADS and clinical nomograms,own_cohort,"Training 368 patients (PROSTATEx n=204, UH Cleveland n=126, Mount Sinai n=38); independent validation 224 (Cleveland Clinic n=151, LIJ n=73)",224,patients,radiology_imaging,"Biparametric MRI deep learning (DIN), PI-RADS (PIN), and clinical variables integrated in ClaD nomogram",diagnostic_prediction,Deep learning imaging nomogram integrated with clinical variables (ClaD),"ClaD integrated nomogram combining deep imaging, PI-RADS, and clinical predictors",ClaD integrated csPCa detection nomogram,diagnostic,AUC,"Independent validation AUC 0.81 (95% CI 0.76–0.85) for csPCa vs DIN 0.74 and PIN 0.76; RP subset BCR separation HR 5.92 (2.34–15.00, p=0.044)",external_multicenter,Training across three sites and validation on two independent sites with fixed model comparison to DIN and PIN.,yes,NR,none_stated,NR,NR,The ClaD integrated nomogram outperformed deep-imaging-only and PI-RADS-only nomograms for csPCa and showed significant BCR stratification in RP patients.,NR,Comparison against PBCG clinical risk calculator referenced in appraisal.,REV-ALCIDES-AI,2026-09-23,needs_review,Appraisal notes borderline PROBAST applicability due to inter-reader PI-RADS variability and mixed biopsy/RP reference standards.,yes,batch-03
REC-AIBIOGU-000181,Zheng2021,A Genomic-Clinicopathologic Nomogram for the Prediction of Lymph Node Invasion in Prostate Cancer.,2021,J Oncol,10.1155/2021/5554708,prostate,,TCGA genomic-clinicopathologic LNI nomogram with SMOTE-balanced internal validation,TCGA,TCGA-PRAD LNI vs non-LNI expression with SMOTE to balance 1:4.4 class ratio; five matched primary/LNI tissue pairs for hub-gene qPCR,NR,patients,transcriptomics,TCGA RNA-seq DEGs between LNI and non-LNI tumors,diagnostic_prediction,Support vector machine after SMOTE; genomic-clinicopathologic nomogram with Gleason grade,37-gene SVM LNI risk score plus Gleason grade in nomogram,37-gene SVM-based LNI risk score with nomogram,diagnostic,AUC,SMOTE-balanced training AUC 0.947 and validation AUC 0.901 for SVM; nomogram training AUC 0.946 and validation AUC 0.910,internal_split_only,SMOTE-balanced validation split from the same TCGA source rather than independent multicenter LNI cohort.,NR,NR,none_stated,NR,NR,A 37-gene SVM LNI score combined with Gleason grade yielded high internal discrimination for nodal involvement in TCGA.,Authors note lack of external multicenter validation.,Hub-gene expression differences validated in five matched primary/LNI sample pairs.,REV-ALCIDES-AI,2026-09-23,needs_review,Appraisal flags borderline validation because SMOTE validation remains within single TCGA source.,yes,batch-03
REC-AIBIOGU-000183,Damascelli2021,Advanced Imaging Analysis in Prostate MRI: Building a Radiomic Signature to Predict Tumor Aggressiveness.,2021,Diagnostics (Basel),10.3390/diagnostics11040594,prostate,,Exploratory single-center mpMRI radiomics pipeline for post-RP aggressiveness,own_cohort,102 consecutive mpMRI+RP patients screened; n=62 analyzed after exclusions with internal resampling,62,patients,radiology_imaging,"Multiparametric MRI radiomics (T2, DWI, ADC) with reproducibility-focused pipeline",classification_subtyping,Radiomics feature selection with internal resampling (signature accuracy reported),"Multiparametric MRI radiomic signature for GGG, pN, and EPE endpoints",mpMRI radiomic signature for tumor aggressiveness proxies,prognostic,accuracy,"Signature accuracy approximately 0.88 (GGG), 0.89 (pN), and 0.84 (EPE) in internal evaluation",internal_cv,Single-center exploratory design with internal resampling only; no external validation cohort.,NR,NR,none_stated,NR,NR,A reproducible mpMRI radiomics pipeline yielded moderate-to-high accuracy for pathologic aggressiveness markers in a small single-center cohort.,Exploratory single-center design requires external validation.,Inter-reader PI-RADS concordance with prostatectomy pathology.,REV-ALCIDES-AI,2026-09-23,needs_review,Appraisal notes small n=62 and absence of external validation with accuracy rather than AUC reporting.,yes,batch-03
REC-AIBIOGU-000184,Liang2021,A Nomogram Based on a Multiparametric Ultrasound Radiomics Model for Discrimination Between Malignant and Benign Prostate Lesions.,2021,Front Oncol,10.3389/fonc.2021.610785,prostate,,Retrospective multiparametric ultrasound radiomics with five-fold cross-validation,own_cohort,"112 patients with prostate lesions (54 PCa, 58 benign) undergoing mpUS before biopsy",112,patients,radiology_imaging,"B-mode, shear-wave elastography (SWE), and combined mpUS radiomics plus clinical factors",diagnostic_prediction,Radiomics with LASSO/feature selection and logistic models; five-fold CV,Combined clinical factors and mpUS radiomic features,Clinical-radiomics combined PCa detection model,diagnostic,AUC,Combined model AUC 0.90 vs radiomics 0.85 and clinical 0.84; training AUC 0.88 and validation AUC 0.84 reported for selected model,internal_cv,Five-fold cross-validation within single retrospective cohort.,NR,NR,none_stated,NR,NR,Combining clinical variables with mpUS radiomics improved PCa diagnosis versus either modality alone under cross-validation.,NR,Decision curve analysis favored the combined model.,REV-ALCIDES-AI,2026-09-23,complete,,no,batch-03
REC-AIBIOGU-000186,Vittrant2020,Identification of a Transcriptomic Prognostic Signature by Machine Learning Using a Combination of Small Cohorts of Prostate Cancer.,2020,Front Genet,10.3389/fgene.2020.550894,prostate,,Multi-cohort RNA-seq ML benchmark with random-forest BCR signature,multiple_public,TCGA-PRAD n=96 (≥60-month follow-up) plus VPCC n=23 (5 BCR events) for external check; 171 patients reprocessed uniformly,96,patients,transcriptomics,Bulk RNA-seq reprocessed from TCGA and VPCC with uniform pipeline,prognostic_prediction,Random forest selected among 13 benchmarked ML algorithms,"Three-gene BCR signature (JUN, HES4, PPDPF)",JUN-HES4-PPDPF random-forest BCR signature,prognostic,accuracy,Signature accuracy 74.2% (BER 27%) vs clinico-pathologic baseline 69.2% (BER 32%) on evaluated cohort,external_cohort,"Signature developed on TCGA-PRAD and tested on small VPCC cohort (n=23, five BCR events).",NR,NR,none_stated,NR,NR,A three-gene random-forest signature modestly outperformed standard clinico-pathologic variables for BCR prediction.,Need larger single-cohort validation; VPCC arm is very small.,Benchmark comparison of 13 ML algorithms with featureless control.,REV-ALCIDES-AI,2026-09-23,needs_review,"Appraisal highlights very small VPCC validation arm (n=23, five events) affecting precision of performance claims.",yes,batch-03
REC-AIBIOGU-000187,Zhang2020,Immune-Related Gene-Based Novel Subtypes to Establish a Model Predicting the Risk of Prostate Cancer.,2020,Front Genet,10.3389/fgene.2020.595657,prostate,,TCGA immune-gene consensus clustering with risk-group survival model,TCGA,TCGA-PRAD immune-related gene expression; consensus clusters C1–C4 (487 patients in survival analysis),487,patients,transcriptomics,Bulk RNA-seq with immunologically relevant gene subset and consensus clustering,risk_stratification,Consensus clustering plus PCA; log-rank survival classification into high-risk C3 vs low-risk groups,Four immune-based molecular subtypes (C1–C4) collapsed to C3 high-risk vs C1+C2+C4 low-risk,Immune-related consensus subtype risk grouping,risk_stratification,other,DFS log-rank p=0.04 across immune subtypes; C3 high-risk vs C1+C2+C4 low-risk separation on Kaplan-Meier curves,internal_split_only,Single TCGA-PRAD cohort without external replication of subtype survival separation.,NR,NR,none_stated,NR,NR,Immune-based consensus clustering identified a C3 subtype with worse DFS and distinct genomic/immune features including CLU CNA and TMPRSS2-ERG frequency.,NR,Immune infiltration differences and AR/TMPRSS2-ERG associations by subtype.,REV-ALCIDES-AI,2026-09-23,complete,,no,batch-03
REC-AIBIOGU-000190,Zhang2020,"Development of a Novel, Multi-Parametric, MRI-Based Radiomic Nomogram for Differentiating Between Clinically Significant and Insignificant Prostate Cancer.",2020,Front Oncol,10.3389/fonc.2020.00888,prostate,,Multicenter mpMRI radiomics csPCa vs ciPCa with internal and external validation,own_cohort,159 path-confirmed PCa patients: training n=54 and internal validation n=22 (center 1) plus external validation n=83 (center 2),159,patients,radiology_imaging,Multiparametric MRI radiomics with clinical-radiomic nomogram,diagnostic_prediction,Radiomics feature selection with logistic regression nomogram,MRI radiomics signature combined with clinical predictors,Radiomics nomogram discriminating csPCa from ciPCa,diagnostic,AUC,"Radiomics signature AUC 0.95 (training), 0.86 (internal validation), 0.81 (external validation); nomogram AUC 0.95 training and 0.93 internal validation",external_cohort,Independent external center cohort (n=83) plus smaller internal holdout from second center.,NR,NR,none_stated,NR,NR,MRI radiomics with nomogram achieved high csPCa discrimination in training and remained strong on an independent external validation cohort.,NR,Comparison between csPCa and ciPCa classification tasks.,REV-ALCIDES-AI,2026-09-23,complete,,no,batch-03
REC-AIBIOGU-000191,Xu2020,Radiomics Based on Multiparametric Magnetic Resonance Imaging to Predict Extraprostatic Extension of Prostate Cancer.,2020,Front Oncol,10.3389/fonc.2020.00940,prostate,,retrospective single-center cohort,own_cohort,"Peking Union Medical College Hospital; 95 patients with 115 lesions (49 EPE-positive, 66 EPE-negative) imaged at 3.0T mpMRI",33,samples,radiology_imaging,"Radiomic features from T2WI, DWI, ADC, and DCE; eight features retained",diagnostic_prediction,LASSO regression,mpMRI radiomic features for whole-tumor segmentations,mpMRI radiomics model for extraprostatic extension,diagnostic,AUC,"0.865 (95% CI 0.738-0.992; validation, 33 lesions); training AUC 0.919 (95% CI 0.861-0.978; 82 lesions). Validation accuracy 81.8%, sensitivity 71.4%, specificity 89.5%",internal_holdout,"Lesions randomly divided into training (82) and validation (33). Single center, single scanner, no external cohort.",NR,upon_request,none_stated,"National Natural Science Foundation of China (91859119, 81901742); Non-profit Central Research Institute Fund of CAMS (2019XK320028); Natural Science Foundation of Beijing Municipality (7192176); Central University Basic Scientific Research Business Expenses (3332018022); National Public Welfare Basic Scientific Research Project of CAMS (2019PT320008, 2018PT32003)","L. Zhao, L. Mao, and X. Li were employed by Deepwise AI Lab, Deepwise Inc. The remaining authors stated that the research was conducted in the absence of commercial or financial relationships that could be construed as a potential conflict of interest.","An eight-feature mpMRI LASSO radiomics model predicted pathologic extraprostatic extension with validation AUC 0.865, higher than the clinical model (AUC 0.658) and similar to the combined nomogram (AUC 0.857).","Single-center study with a small sample and no external validation; images from one scanner, so scanner heterogeneity was not assessed; subjective morphologic EPE features were not included in the nomogram.",Validation clinical-model AUC 0.658; combined nomogram AUC 0.857 (P=0.644 versus radiomics). Decision-curve analysis was reported on the internal validation group.,REV-ALCIDES-AI,2026-09-23,complete,Analytic N is the 33-lesion internal validation set that supports AUC 0.865. Decision-curve analysis was not coded as clinical utility because there was no external or prospective utility study.,no,batch-03
REC-AIBIOGU-000197,Drabovich2019,Multi-omics Biomarker Pipeline Reveals Elevated Levels of Protein-glutamine Gamma-glutamyltransferase 4 in Seminal Plasma of Prostate Cancer Patients.,2019,Mol Cell Proteomics,10.1074/mcp.ra119.001612,prostate,,multi-center case-control,own_cohort,"Murray Koffler Urologic Wellness Centre (Mount Sinai Hospital), University Health Network, and Calgary Prostate Cancer Centre. SRM verification in 152 prostate cancer and 67 negative-biopsy seminal plasma samples; ELISA in 228 seminal plasma and 80 serum samples. Shotgun data in PRIDE PXD007657.",NR,samples,proteomics,"Seminal plasma shotgun proteomics, SRM, and an in-house TGM4 ELISA",diagnostic_prediction,XGBoost over all 1- to 5-marker combinations with 10x10 stratified cross-validation; headline TGM4 result is an ELISA,"19 seminal plasma candidate proteins plus seminal KLK3, serum PSA, and age; primary reported marker is seminal plasma TGM4",Seminal plasma TGM4 (protein-glutamine gamma-glutamyltransferase 4),diagnostic,AUC,"0.66 (ELISA, seminal plasma, serum PSA >=4 ng/ml and age >=50)",internal_holdout,"TGM4 ELISA is described as an independent verification after discovery and SRM qualification, within the same multi-center recruitment. XGBoost panels used 10x10 stratified cross-validation on the SRM feature set. Not an external institution cohort.",NR,yes,none_stated,"Canadian Institutes of Health Research grant 285693 to E.P. Diamandis, K. Jarvi, and A.P. Drabovich; Prostate Cancer Canada RS2015-01 to A.P. Drabovich",NR,"Seminal plasma TGM4 measured by ELISA distinguished prostate cancer from negative biopsy with AUC 0.66 in men with serum PSA >=4 ng/ml and age >=50, and outperformed age and serum PSA in that comparison; serum TGM4 did not.",Only medium- to high-abundance seminal plasma proteins were evaluated; some negative-biopsy patients may have had missed cancer; Gleason score was used in place of 20-year survival.,XGBoost two-protein panel (TGM4 with PAEP) AUC 0.76 (95% CI 0.74-0.79). SRM TGM4 AUC 0.61. ELISA cutoff >1.74 ug/ml gave 92% specificity at 31% sensitivity. Three-protein panel AUC 0.73 and a four-protein panel plus serum PSA AUC 0.83 for high-grade prostate cancer.,REV-ALCIDES-AI,2026-09-23,needs_review,"Title result is the ELISA AUC 0.66. The subgroup sample size is given only in supplemental Table S19 and is not stated in the main text, so n_analytic is NR. The machine-learning panel is a separate axis.",yes,batch-03
REC-AIBIOGU-000198,Jeon2020,Temporal Stability and Prognostic Biomarker Potential of the Prostate Cancer Urine miRNA Transcriptome.,2020,J Natl Cancer Inst,10.1093/jnci/djz112,prostate,,Longitudinal urine miRNA cohort with random-forest aggressive PCa prediction,own_cohort,"149 PCa patients with urine miRNA profiling; training n=99 (50 high-risk GS>7, 49 low-risk GS6); validation n=40 (11 high-risk, 29 low-risk)",40,patients,transcriptomics,NanoString urine miRNA profiles from urinary cell sediments,risk_stratification,Random forest with intrastable miRNA feature selection,Intrastable urinary miRNAs reflecting tumor miRNA abundance,Urine miRNA random-forest aggressive PCa classifier,risk_stratification,AUC,0.74 (95% CI 0.55-0.92; independent validation cohort),external_cohort,"Training cohort n=99 with 10-times repeated five-fold cross-validation (mean AUC 0.72). Independent validation cohort n=40, AUC 0.74 (95% CI 0.55-0.92).",NR,NR,none_stated,Ontario Institute for Cancer Research and government of Ontario support.,NR,Longitudinal urine miRNA profiling showed within-person stability and supported a random-forest model for aggressive vs low-risk PCa applied to an independent validation set.,Large tightly defined populations needed to validate urine miRNA biomarkers for risk stratification.,Quantification of intra- vs inter-individual miRNA variability (ICC analyses).,REV-ALCIDES-AI,2026-09-23,needs_review,Analytic N is the independent validation cohort that supports AUC 0.74. The confidence interval is wide (0.55-0.92).,yes,batch-03
REC-AIBIOGU-000199,Harder2018,Tissue Phenomics for prognostic biomarker discovery in low- and intermediate-risk prostate cancer.,2018,Sci Rep,10.1038/s41598-018-22564-7,prostate,,retrospective cohort,own_cohort,"Ludwig Maximilian University of Munich radical-prostatectomy archive; Gleason score 6-7b; 90 patients, of whom 40 had PSA biochemical recurrence",90,patients,digital_pathology,"IHC whole-slide images quantifying CD8-positive cells, CD68-positive cells, and CD34-positive microvasculature around cancerous glands",prognostic_prediction,"k-nearest neighbor (k=5), support vector machine, and linear predictor, compared under leave-one-out cross-validation",Tissue phenes describing immune-cell and vessel spatial relations in the tumor microenvironment; models used sets of 8 or 20 phenes,Multi-phene tissue signature of CD8-positive and CD68-positive cells with local microvasculature,prognostic,accuracy,88% (leave-one-out cross-validation; 5-nearest neighbor on 20 phenes and linear predictor on 8 phenes),internal_cv,Leave-one-out cross-validation on the same 90-patient cohort. No external cohort.,NR,upon_request,none_stated,NR,"N. Harder, M. Athelogou, H. Hessel, N. Brieu, M. Yigitsoy, J. Zimmermann, M. Baatz, G. Binnig, G. Schmidt, and R. Huss are or were employees of Definiens AG.","Combining tissue phenes with supervised classifiers predicted prostate-cancer progression with leave-one-out accuracy of 88%, above univariate phene accuracies of up to 83.3% and above Gleason-score prediction.","Authors state that with n=90 the approach is prone to overfitting, which is why leave-one-out cross-validation was used. For some patients only an approximated 36-month disease-free interval was available.",Top univariate phene (CD8-positive to CD34-positive ratio in the tumor microenvironment) leave-one-out accuracy 83.3% (log-rank p<3.05e-7). SVM linear kernel accuracy 87% on the 20-phene set.,REV-ALCIDES-AI,2026-09-23,needs_review,Authors explicitly warn that the n=90 analysis is prone to overfitting. The 88% accuracy was reached by two different models (5-nearest neighbor on 20 phenes and a linear predictor on 8 phenes).,yes,batch-03
REC-AIBIOGU-000200,Neuhaus2013,Seminal plasma as a source of prostate cancer peptide biomarker candidates for detection of indolent and advanced disease.,2013,PLoS One,10.1371/journal.pone.0067514,prostate,,open-label multi-center case-control,own_cohort,"Three centers; 125 patients (70 prostate cancer, 21 benign prostatic hyperplasia, 25 chronic prostatitis, 9 healthy controls). Diagnostic test set: 48 prostate cancer, 12 BPH, 11 chronic prostatitis, and 4 healthy controls.",75,samples,proteomics,Capillary electrophoresis mass spectrometry peptide profiles of seminal plasma,diagnostic_prediction,Support vector machine,Stepwise 21-peptide and 5-peptide seminal plasma signatures,21PP and 5PP seminal plasma peptide signatures for prostate cancer detection,diagnostic,AUC,"75% (95% CI 64%-83%, P=0.0001; independent test set). Sensitivity 83% (95% CI 70%-93%); specificity 67% (95% CI 46%-83%)",internal_holdout,SVM signatures were trained on a discovery cohort (training AUC 100% for 21PP and 99% for 5PP) and applied to an independent test set from the same study. Not an external multi-institutional cohort.,NR,yes,none_stated,German Ministry of Economy and Technology BMWi grants KF0362802MD8 and EP110141. No additional external funding.,"E. Schiffer and J. Siwy are employees of Mosaiques Diagnostics GmbH. Authors state there are no patents, products in development, or marketed products to declare.","A stepwise seminal plasma peptide signature detected prostate cancer in an independent test set with AUC 75%, sensitivity 83%, and specificity 67%, similar to PSA in that comparison.",Restricted sample size was the major limitation. Authors state that prospective validation is still required.,"An 11-peptide panel for advanced versus organ-confined disease had validation sensitivity 80% and specificity 82%, with AUC 83% (95% CI 66%-94%) in a preliminary validation set. Discovery training AUCs near 100% are not the test-set result.",REV-ALCIDES-AI,2026-09-23,complete,Analytic N is the 75-sample independent test set for the diagnostic AUC. Primary axis is prostate-cancer detection; the advanced-disease panel is secondary.,no,batch-03
REC-AIBIOGU-000201,Cima2011,Cancer genetics-guided discovery of serum biomarker signatures for diagnosis and prognosis of prostate cancer.,2011,Proc Natl Acad Sci U S A,10.1073/pnas.1013699108,prostate,,Mouse glycoproteomics discovery with human serum glycoprotein ML for PTEN status,public_plus_own,Pten cKO vs wild-type mouse prostate/serum N-glycoproteomics plus human sera/tissue cohort n=99 (locPCa vs BPH),99,patients,proteomics,Enriched N-linked glycoproteomics with machine-learning regression on human samples,diagnostic_prediction,Machine-learning predictive regression models (methods reference computational modeling pipeline),N-glycosite peptide features prioritized from mouse PTEN-loss discovery screen,Glycoproteomic panel predicting tissue PTEN status,diagnostic,NR,NR,internal_split_only,Human n=99 cohort used to build/test PTEN-status models after mouse discovery; independent external cohort not described in slice.,NR,NR,none_stated,NR,NR,Integrating Pten-deficient mouse glycoproteomics with human serum/tissue profiling yielded ML models linking glycoprotein features to PTEN status.,NR,Hypothesis-generation workflow from genetically engineered mouse models to clinical specimens.,REV-ALCIDES-AI,2026-09-23,needs_review,Slice describes modeling approach but does not report numeric PTEN-prediction performance.,yes,batch-03
REC-AIBIOGU-000203,Zhou2026,Pentachlorophenol enhances bladder cancer cell invasion through altered protein stability,2026,iScience,10.1016/j.isci.2026.117357,bladder_urothelial,,translational/bioinformatic (in vitro functional assays + bioinformatic/machine-learning prognostic modeling + molecular docking/dynamics),multiple_public,"TCGA-BLCA (training, 19 normal + 411 tumor); external validation in 4 independent GEO cohorts: GSE13507, GSE31684, GSE32894, GSE5287; plus in vitro T24/SW780 cell line experiments (not part of ML model)",411,patients,transcriptomics,Bulk RNA-seq (TCGA-BLCA training + 4 GEO validation cohorts); molecular docking/dynamics simulation as orthogonal in silico validation,prognostic_prediction,101 machine learning algorithm combinations for survival modeling; selected model: Random Survival Forest + Stepwise Cox [both] (RSF+StepCox[both]),"58 BLCA-PCP overlapping target genes (from intersection of 262 predicted PCP targets and 1580 BLCA-related genes), reduced via ML to 3-gene signature","PCP-related score (PCPRS), 3-gene signature: EGFR, MAP2K1, NFE2L2",prognostic,C-index,"Best model mean C-index 0.615 across training+validation cohorts; TCGA-BLCA training: 10-fold CV C-index 0.608 (95% CI 0.599-0.617), bootstrap optimism-corrected C-index 0.606 (95% CI 0.597-0.614); external GEO cohorts moderate but consistent (exact per-cohort values not given as plain text numbers); meta-analysis pooled HR (continuous) 2.04 (95% CI 1.66-2.51), pooled HR (binary) 1.82 (95% CI 1.47-2.26)",external_multicenter,"Training in TCGA-BLCA (n=411); two rounds of internal validation within TCGA-BLCA (10-fold CV; 1000x bootstrap); external validation in 4 independent public GEO cohorts. Per appraisal_note, applicability is borderline: the prognostic model/PCPRS is validated on public cohorts with no PCP exposure data, decoupled from the actual PCP-exposure biomarker question anchoring the paper's title/abstract.",yes,yes,none_stated,NR,none_declared,"A three-gene PCPRS signature (EGFR, MAP2K1, NFE2L2), selected from 101 ML algorithm combinations (best mean C-index 0.615), was associated with poor overall survival across TCGA-BLCA and four independent GEO cohorts (pooled HR 1.82-2.04); mechanistically, environmentally relevant PCP concentrations enhanced BLCA cell invasion by altering the protein stability of these three targets.","PCP binding to EGFR/MAP2K1/NFE2L2 predicted computationally, not experimentally validated; molecular machinery underlying stability changes undefined; prognostic analyses conducted in public BLCA cohorts lacking PCP exposure data, so the 3-gene signature should be interpreted as a prognostic association rather than an exposure-specific biomarker; experimental evidence limited to 2 cell lines under acute exposure.","Individual-gene meta-analysis (5 BLCA cohorts): pooled HR 1.83 EGFR, 1.75 MAP2K1, 0.59 NFE2L2. Molecular docking/MD simulations: PCP binding affinities to EGFR/MAP2K1/NFE2L2 approximately -5.30, -6.59, -6.27 kcal/mol. Functional knockdown/overexpression experiments confirm EGFR, MAP2K1, NFE2L2 mediate PCP-induced invasion.",REV-ALCIDES-AI,2026-09-23,needs_review,"Primary AI/ML axis extracted is the PCPRS prognostic gene signature (only element matching the SR's AI-biomarker scope); the paper's own narrative anchor is the mechanistic PCP-invasion finding, which is not itself an AI/ML biomarker discovery. validation_level/validation_detail describe the real design (public-cohort validation decoupled from PCP exposure), consistent with the inherited appraisal_note.",yes,pilot
REC-AIBIOGU-000206,Wang2026,Epigenomics-Guided Multi-Omics Integration Uncovers a Lipid-Metabolic Signature with Translational Utility in Bladder Cancer.,2026,Comput Struct Biotechnol J,10.34133/csbj.0139,bladder_urothelial,,TCGA BLCA random-forest prognostic signature with in vitro validation,TCGA,TCGA-BLCA discovery with random-forest reduced 25-gene signature; functional assays in BLCA cell lines,NR,patients,transcriptomics,Bulk RNA-seq with Boruta feature selection and random-forest survival modeling,prognostic_prediction,Random forest after Boruta feature selection,25-gene BLCA prognostic signature,25-gene random-forest BLCA survival signature,prognostic,HR,Stage 3 high-risk vs low-risk HR 2.83 (P=0.007); stage 4 HR 1.72 (P=0.027); TP53-mutant high-risk HR 2.75 (P<0.00001),internal_split_only,Signature refit on full TCGA discovery cohort without independent external survival cohort in slice.,NR,NR,none_stated,NR,NR,A 25-gene random-forest signature stratified BLCA survival with stage- and mutation-dependent hazard ratios.,NR,Colony formation and migration assays after signature-related functional follow-up.,REV-ALCIDES-AI,2026-09-23,complete,,no,batch-03
REC-AIBIOGU-000207,Dong2026,Centrosome-related gene SPHK1 drives bladder cancer progression and therapeutic vulnerability.,2026,Transl Oncol,10.1016/j.tranon.2026.102926,bladder_urothelial,,CRG-based prognostic signature with multi-omics and SPHK1 functional validation,multiple_public,TCGA-BLCA training for 12-gene CRSS; external GSE13507 validation; scRNA and IHC n=56,NR,patients,multiomics,"Bulk RNA-seq CRSS plus scRNA, drug sensitivity (IC50), and IHC/qPCR functional assays",prognostic_prediction,Prognostic gene filtering from 698 CRGs with machine learning/MR prioritization (12-gene CRSS),Centrosome-related 12-gene CRSS risk score,CRSS centrosome-related prognostic score,prognostic,other,High vs low CRSS groups showed significant OS differences in TCGA and GSE13507; time-dependent ROC figures without numeric AUC in slice,external_cohort,CRSS evaluated in TCGA-BLCA and independent GSE13507 cohort with nomogram calibration in TCGA.,NR,NR,none_stated,NR,NR,CRSS stratified BLCA survival and highlighted SPHK1 as a key CRG with functional proliferation/migration effects.,NR,"Immune infiltration, drug sensitivity, and Mendelian randomization prioritization of CRGs.",REV-ALCIDES-AI,2026-09-23,needs_review,Paper combines prognostic ML signature with extensive mechanistic SPHK1 validation; numeric AUC not present in cropped slice.,yes,batch-03
REC-AIBIOGU-000210,Yu2026,A machine learning-guided epithelial plasticity score refines prognostication and immune-context stratification in muscle-invasive bladder cancer.,2026,Discov Oncol,10.1007/s12672-026-05555-3,bladder_urothelial,,TCGA MIBC epithelial plasticity score with multi-cohort external validation and nomogram,multiple_public,TCGA-MIBC discovery n=368; external validation GSE32894 and GSE13507 plus pooled meta-analysis,368,patients,transcriptomics,"Bulk RNA-seq with WGCNA, consensus clustering, and Ridge-based EPRS",prognostic_prediction,Ten modeling strategies compared; Ridge-based EPRS selected for portable performance,Epithelial plasticity-related risk score (EPRS) from 331-gene candidate pool,Ridge-based EPRS for MIBC overall survival,prognostic,other,"Ridge EPRS significantly stratified OS in TCGA-MIBC, GSE32894, GSE13507, and pooled meta-cohort (log-rank; numeric C-index/AUC not in slice)",external_cohort,Fixed-coefficient EPRS projected to two independent GEO cohorts with head-to-head comparisons to published signatures noted in appraisal.,NR,NR,none_stated,NR,NR,EPRS captured a basal-luminal plasticity axis associated with stromal-immune remodeling and consistently stratified MIBC survival across cohorts.,Bulk RNA admixture may contribute to EPRS signal.,"scRNA epithelial-state mapping, immunotherapy-related analyses, and EPRS nomogram.",REV-ALCIDES-AI,2026-09-23,complete,,no,batch-03
REC-AIBIOGU-000212,He2026,Non-invasive evaluation of muscle invasion and survival prognosis in bladder cancer using enhanced CT-based deep learning radiomics: a multi-center real-world cohort study.,2026,Mil Med Res,10.1016/j.mmr.2026.100001,bladder_urothelial,,Multicenter real-world preoperative ML model with reader study,own_cohort,"1370 patients from six academic centers split into training n=827, internal validation n=209, external validation n=334",1370,patients,other,Preoperative clinical and laboratory predictors (13 hematological/nutritional markers) with ML model,prognostic_prediction,Machine-learning prognostic model with Cox evaluation (RSF referenced in appraisal),Thirteen preoperative systemic inflammatory and nutritional markers,Multicenter ML prognostic signature for UTUC/MIBC outcomes (context per cohort),prognostic,AUC,AUC 0.807 internal validation and 0.783 external multicenter validation for prediction endpoint stated in abstract,external_multicenter,Internal and external multicenter validation plus prospective reader study with de Long testing (per appraisal).,NR,NR,none_stated,NR,NR,A preoperative systemic-marker ML model maintained strong discrimination on internal and external multicenter cohorts.,NR,Human-AI reader comparison study with 12 readers.,REV-ALCIDES-AI,2026-09-23,needs_review,"Appraisal notes performance collapse in North American TCGA subset, raising domain-shift/generalizability concern.",yes,batch-03
REC-AIBIOGU-000214,Boyne2026,Radiogenomic analysis of muscle-invasive bladder cancer using CT-based texture analysis.,2026,Bladder Cancer,10.1177/23523735261455396,bladder_urothelial,,Single-cohort CT radiogenomics pilot linking radiomics to MIBC molecular features,own_cohort,Single MIBC cohort with CT radiomics matched to genomic/transcriptomic profiling (pilot sample),NR,patients,radiology_imaging,CT-derived radiomics features correlated with molecular endpoints,biomarker_discovery_association,Radiomics models for molecular trait prediction (multiple gene/pathway classifiers),"CT radiomic features predicting TMB, subtype, and gene expression proxies","Radiomics proxies of MIBC molecular traits (e.g., TP53, FGFR3, luminal infiltrated subtype)",other,AUC,"AUC 0.77 (TP53), 0.76 (FGFR3), 0.75 (ARID1A); high-TMB AUC 0.61; luminal-infiltrated subtype AUC 0.69",none,Authors describe an unvalidated single-cohort pilot without held-out external test set.,NR,NR,none_stated,NR,NR,CT radiomics captured several MIBC molecular and prognostic features with moderate discrimination in a single cohort.,Pilot single-cohort design with acknowledged overfitting risk.,Radiogenomic associations with cell-cycle and apoptosis gene expression.,REV-ALCIDES-AI,2026-09-23,needs_review,Appraisal and authors flag unvalidated pilot design with overfitting risk.,yes,batch-03
REC-AIBIOGU-000216,Pizzi2026,Machine learning-based determination of sex-related bladder cancer biomarkers.,2026,Front Bioinform,10.3389/fbinf.2026.1794098,bladder_urothelial,,Sex-stratified TCGA BLCA ML gene-panel discovery with external testing,multiple_public,TCGA-BLCA sex-stratified training; external validation sets n=58 and n=70 cited in appraisal,NR,samples,transcriptomics,Bulk RNA-seq with four feature-selection strategies and cross-validation,classification_subtyping,"RFE-SVM, logistic regression, optimized random forest with panel aggregation",Sex-specific ≤50-gene panels plus male-vs-female tumor discrimination panel,Male- and female-specific BLCA vs non-tumor gene panels,diagnostic,AUC,External AUROC 0.932 (male) and 0.914 (female) for tumor vs non-tumor; male-vs-female tumor panel mean composite AUROC 0.734,external_cohort,Panels trained on TCGA and tested on small external RNA-seq sets with bootstrap CIs noted as wide in appraisal.,NR,NR,none_stated,NR,NR,"Sex-specific compact gene panels achieved strong tumor-vs-control discrimination externally, while the male-vs-female tumor panel performed worse.",Male-female tumor panel underperformed sex-specific analyses on external data.,Pathway enrichment differences between male and female panels.,REV-ALCIDES-AI,2026-09-23,needs_review,Appraisal flags weaker male-vs-female tumor panel AUROC (0.734) and small external validation sets.,yes,batch-03
REC-AIBIOGU-000217,Peng2026,Machine learning-based integration of systemic immune-inflammation and nutritional signatures for predicting disease-free survival in upper tract urothelial carcinoma: a multicenter study.,2026,Front Immunol,10.3389/fimmu.2026.1759547,bladder_urothelial,upper tract urothelial carcinoma (UTUC),Four-center UTUC RSF prognostic score with SHAP and nomogram,own_cohort,"606 UTUC patients: training n=263, internal validation n=114, external validations n=113 and n=116",606,patients,other,"Preoperative hematologic inflammatory/nutritional markers (13 screened, seven in ML Score)",prognostic_prediction,LASSO-Cox screening then random survival forest ML Score with SHAP,"ML Score from RDW, PLT, NEUT, NLR, SIRI, SII, AISI plus clinical nomogram factors",RSF-derived ML Score with integrated nomogram for DFS,prognostic,C-index,Integrated nomogram C-index 0.762 in training with robust performance reported across four validation cohorts,external_multicenter,Two independent external center cohorts plus internal validation; DFS log-rank P<0.01 across cohorts.,NR,NR,none_stated,NR,NR,Systemic inflammatory/nutritional ML Score stratified UTUC DFS and improved nomogram-based risk estimation with favorable decision curves.,Authors discuss cutoff-derivation limitation for ML Score.,SHAP nonlinear threshold effects for RDW and PLT.,REV-ALCIDES-AI,2026-09-23,complete,,no,batch-03
REC-AIBIOGU-000218,Luo2026,Ribosome biogenesis programs define a three-gene RBscore with prognostic relevance in bladder cancer.,2026,Front Immunol,10.3389/fimmu.2026.1810132,bladder_urothelial,,TCGA-BLCA RiBi score with ML strategy selection and GSE13507 validation,multiple_public,"TCGA-BLCA training; external GSE13507 validation; three-gene RBscore (PIN4, POP4, PRKDC)",NR,patients,transcriptomics,Bulk RNA-seq/microarray with StepCox-selected RBscore,prognostic_prediction,Ten ML strategies compared; StepCox selected for RBscore,Three-gene ribosome biogenesis score (RBscore),"RBscore (PIN4, POP4, PRKDC)",prognostic,C-index,Training C-index 0.871 vs GSE13507 validation C-index 0.606 (attenuation noted in appraisal),external_cohort,RBscore fixed and evaluated in independent GSE13507 after TCGA discovery.,NR,NR,none_stated,NR,NR,RBscore stratified OS in TCGA-BLCA and remained prognostic in GSE13507 with immune and pharmacogenomic associations.,Mechanistic roles of RBscore genes require further study.,IHC validation and immune contexture analyses.,REV-ALCIDES-AI,2026-09-23,needs_review,Appraisal highlights large discrimination drop from training to external validation (C-index 0.871 to 0.606).,yes,batch-03
REC-AIBIOGU-000219,Sun2026,"Multidimensional transcriptomic analysis and in vitro experiments dissect the landscape of 2',2',4',4'-Tetrabromodiphenyl ether in bladder cancer progression.",2026,Chem Biol Interact,10.1016/j.cbi.2026.112079,bladder_urothelial,,BDE-47 toxicogenomic BLCA risk signature with in vitro exposure assays,multiple_public,TCGA-BLCA for BDERS nomogram; CTD BDE-47 gene sets; in vitro 5637/T24 BDE-47 treatment,NR,patients,transcriptomics,Bulk RNA-seq ML over BDE-47-associated genes plus toxicogenomic network features,prognostic_prediction,101 ML algorithm combinations selecting optimal BDERS by C-index,BDE-47-related expression risk signature (BDERS) with nomogram,BDERS prognostic score from BDE-47-associated genes,prognostic,C-index,0.682 (mean across all cohorts); 0.67 (mean in validation cohorts); StepCox[both] + Ridge,external_cohort,"TCGA-BLCA training n=335; validation GSE13507 n=164, GSE32548 n=130, and GSE32894 n=224. Ridge penalty chosen by ten-fold cross-validation. Time-dependent AUCs are plotted and are not printed as numbers in the text.",NR,NR,none_stated,NR,NR,In vitro BDE-47 enhanced malignant phenotypes and a BDERS ML score linked BDE-47-associated genes to BC prognosis.,NR,PPI/docking of BDE-47 with JUN-centered targets; single-cell BDE-47 gene-set scoring.,REV-ALCIDES-AI,2026-09-23,needs_review,"Primary anchor is BDE-47 toxicogenomics; BDERS is a gene-expression risk score, not a measured patient exposure. Selection metric is the mean C-index (0.682 all cohorts; 0.67 validation cohorts).",yes,batch-03
REC-AIBIOGU-000221,Deng2026,Comprehensive Analysis Based on the Cancer-Immunity Cycle Identifies a Novel Immunosuppressive Subtype of Bladder Cancer.,2026,Int J Genomics,10.1155/ijog/9720283,bladder_urothelial,,retrospective bioinformatic cohort,multiple_public,TCGA-BLCA (n=403) and GSE166716 for cancer-immunity-cycle gene discovery; diagnostic AUCs reported in TCGA-BLCA. IMvigor210 used for a secondary BIRC5 immunotherapy analysis.,403,samples,transcriptomics,Bulk RNA-seq of cancer-immunity-cycle genes,diagnostic_prediction,"LASSO, SVM-RFE, and random forest; hub genes are the intersection",Differentially expressed cancer-immunity-cycle genes from TCGA-BLCA and GSE166716,"Hub genes BIRC5, CXCL12, and HSPA12A",diagnostic,AUC,"0.890 (BIRC5), 0.906 (CXCL12), and 0.867 (HSPA12A) in TCGA-BLCA",none,"Diagnostic AUCs were calculated within TCGA-BLCA, the same cohort used for feature screening. GSE166716 supported gene overlap and WGCNA, not a held-out AUC. No external GU cohort for the reported AUCs.",NR,upon_request,none_stated,Social Development Program of the Yangzhou Municipal Bureau of Science and Technology (YZ2023080),none_declared,"LASSO, SVM-RFE, and random forest intersected on BIRC5, CXCL12, and HSPA12A, with TCGA-BLCA diagnostic AUCs of 0.890, 0.906, and 0.867.",No dedicated limitations paragraph. The discussion states that only about 20% of bladder-cancer patients respond to immunotherapy and that biomarkers for resistance are needed.,Unsupervised clustering of TCGA-BLCA (n=403) defined an exhausted immune class versus the remaining tumors. BIRC5 expression was also examined in IMvigor210 for atezolizumab response.,REV-ALCIDES-AI,2026-09-23,needs_review,"The printed AUCs are in-sample ROC values on TCGA-BLCA after the genes were selected in that dataset, so validation_level is none. Figure confidence intervals are not paired unambiguously with each gene in the text, so only the stated point estimates are recorded.",yes,batch-03
REC-AIBIOGU-000222,Cao2026,Multi-omics identification of a programmed cell death-related signature and potential target P4HB for bladder cancer based on a 101-combination machine learning and experimental validation.,2026,Clin Exp Med,10.1007/s10238-026-02146-y,bladder_urothelial,,PCD-focused WGCNA with 101-combination ML prognostic model and P4HB validation,multiple_public,"TCGA-BLCA plus GEO cohorts GSE13507, GSE37815, GSE166716; scRNA GSE129845 and GSE135337",NR,patients,multiomics,Bulk RNA-seq with ssGSEA/WGCNA and scRNA-seq support,prognostic_prediction,Ten ML algorithms across 101 combinations with NRI/IDI benchmarking,Hub PCD-related gene signature from WGCNA (P4HB functionally highlighted),PCD-related ML prognostic signature,prognostic,C-index,"0.76 (TCGA training, CoxBoost + GBM); 0.63 (GSE13507); 0.62 (GSE37815). TCGA 1-/3-/5-year AUC 0.796, 0.827, and 0.841",external_cohort,Multiple external GEO cohorts used; appraisal notes attenuated external vs training discrimination.,NR,NR,none_stated,NR,NR,Integrated PCD-pathway ML signature stratified BLCA prognosis with P4HB supported by IHC and functional assays.,NR,Single-cell localization and NRI/IDI comparisons to published models.,REV-ALCIDES-AI,2026-09-23,needs_review,"External C-index values (0.63 and 0.62) are lower than the training C-index (0.76), consistent with the appraisal note of weaker external discrimination. Some other combinations had external C-index values below 0.6 and were set aside by the authors.",yes,batch-03
REC-AIBIOGU-000223,Russo2026,Identification of a weighted urinary microbial signature for bladder cancer discrimination.,2026,Front Oncol,10.3389/fonc.2026.1784501,bladder_urothelial,,Hypothesis-generating urinary urobiome RF diagnostic index without held-out cohort,own_cohort,"51 male subjects (27 muscle-invasive BCa, 24 healthy controls) with genus/species WCI",51,patients,other,Urinary microbiome taxonomic profiles with weighted composite index (WCI),diagnostic_prediction,Random forest feature selection with weighted composite index and 5-fold CV,Genus- and species-level WCI from RF-selected microbial features,Weighted composite urobiome index (WCI),diagnostic,AUC,Mean AUC approximately 0.95 in repeated 5-fold CV on full dataset (permutation-tested),internal_cv,No independent external cohort; feature weighting and evaluation on the same 51-subject dataset.,NR,NR,none_stated,NR,NR,WCI separated mBCa from male healthy controls better than individual taxa in cross-validation.,Hypothesis-generating study requiring larger independent validation.,In-silico validation pipeline reporting high sensitivity stability.,REV-ALCIDES-AI,2026-09-23,needs_review,Appraisal notes no independent validation and optimistic CV AUC (~0.90) on n=51.,yes,batch-03
REC-AIBIOGU-000224,Fang2026,A machine learning-based epigenetic signature reveals YTHDC1 stabilizes POU5F1 to oppose tumor progression.,2026,J Transl Med,10.1186/s12967-026-08010-7,bladder_urothelial,,retrospective multi-cohort bioinformatic study,multiple_public,"TCGA-BLCA training; external validation in IMvigor210, E-MTAB-4321, GSE31684, and GSE48075",NR,patients,transcriptomics,"Bulk expression of epigenetic-regulation genes, with single-cell RNA-seq used for immune-interaction context",prognostic_prediction,Cox univariate screen followed by multivariate Cox linear models over combinations of up to seven genes; benchmarked against 101 other machine-learning algorithms,"Six-gene epigenetic panel: YTHDC1, SIRT6, PCGF5, HDAC6, CREBZF, and ATF7IP2",Six-gene epigenetic prognostic signature,prognostic,HR,"2.12 (high- versus low-risk overall survival, p=7.7e-7; median survival 20.5 versus 86.8 months)",external_multicenter,"Signature built in TCGA-BLCA and evaluated in four independent bladder-cancer datasets (IMvigor210, E-MTAB-4321, GSE31684, GSE48075). The text states superior C-index and 1-year AUROC versus other models but does not print those numbers.",NR,upon_request,none_stated,NR,none_declared,A six-gene epigenetic score separated bladder-cancer overall survival with HR 2.12 (median 20.5 versus 86.8 months). YTHDC1 was reported to stabilize POU5F1 mRNA and reduce proliferation and migration in T24 and 5637 cells.,"Retrospective design with incomplete stage, treatment, and response data; risk-score cutoffs differed across platforms; drug-sensitivity links are computational predictions.","Authors report higher C-index and 1-year AUROC than 101 algorithms and 110 published signatures, without printing those values. High-risk scores were linked to advanced stage, PD-1/PD-L1, genomic instability, and an immunosuppressive microenvironment.",REV-ALCIDES-AI,2026-09-23,needs_review,"The full text prints HR 2.12 but does not print a numeric C-index or AUROC, and it does not state the TCGA analytic sample size.",yes,batch-03
REC-AIBIOGU-000225,He2026,A systematic characterization of amino acid metabolism-related genes reveals molecular subtypes and a prognostic signature in bladder cancer.,2026,Front Oncol,10.3389/fonc.2026.1754912,bladder_urothelial,,Amino-acid metabolism subtype discovery with MIME-optimized 16-gene prognostic signature,multiple_public,"TCGA-BLCA, GSE13507, GSE32894; scRNA GSE222315; IMvigor210 immunotherapy cohort",NR,patients,transcriptomics,Bulk RNA-seq with 32 MSigDB amino acid metabolism gene sets and MIME ML optimization,prognostic_prediction,MIME platform multi-algorithm optimization with 10-fold CV,16-gene amino acid metabolism-related prognostic signature (PSPH functionally validated),16-gene metabolic risk signature,prognostic,C-index,"0.763 (training) and 0.685 (validation) for Lasso+RSF. Time-dependent AUC 0.97, 0.97, and 0.96 (TCGA); 0.71, 0.73, and 0.73 (GSE13507); 0.63, 0.69, and 0.69 (GSE32894) at 1, 3, and 5 years",external_cohort,"Lasso+RSF selected among 117 machine-learning methods using 10-fold cross-validation. Performance reported in TCGA, GSE13507, and GSE32894. IMvigor210 was used for a separate immunotherapy analysis.",NR,NR,none_stated,NR,NR,Two metabolic subtypes and a 16-gene signature stratified BLCA survival and linked to immune and drug-sensitivity patterns.,NR,PSPH functional assays; PD-1/PD-L1 response association in IMvigor210.,REV-ALCIDES-AI,2026-09-23,needs_review,Training time-dependent AUCs (0.97) are much higher than the external cohorts (0.71-0.73 and 0.63-0.69). The selection metric recorded here is the C-index (0.763 training; 0.685 validation).,yes,batch-03
REC-AIBIOGU-000226,Liu2026,Development and validation of a gemcitabine sensitivity-related long noncoding RNA signature for predicting the prognosis and subtypes of bladder cancer.,2026,Transl Androl Urol,10.21037/tau-2025-1-970,bladder_urothelial,,Gemcitabine-sensitivity lncRNA WGCNA signature with plsRcox and external validation,multiple_public,TCGA-BLCA training n=405; GSE31684 validation n=93; 37-GSRlncRNA plsRcox signature,405,patients,transcriptomics,Bulk RNA-seq with WGCNA on gemcitabine sensitivity estimates plus scRNA validation,prognostic_prediction,Machine-learning integration selecting plsRcox as optimal among compared approaches,37-gene gemcitabine-sensitivity-related lncRNA risk score,37-GSRlncRNA prognostic signature,prognostic,C-index,"0.699 (average C-index for plsRcox across TCGA-BLCA n=405 and GSE31684 n=93). TCGA nomogram AUC 0.79, 0.77, and 0.78 at 365, 1095, and 1825 days",external_cohort,plsRcox selected by C-index comparison of TCGA-BLCA (n=405) and GSE31684 (n=93).,yes,NR,TRIPOD,NR,NR,A 37-lncRNA gemcitabine-sensitivity signature stratified BLCA survival and was supported by scRNA and functional assays for LINC00930/EMX2OS.,NR,"Immune infiltration, mutation, and pathway comparisons between risk groups.",REV-ALCIDES-AI,2026-09-23,complete,"Model-selection metric is the average C-index of 0.699. Time-dependent AUCs printed on the TCGA nomogram are 0.79, 0.77, and 0.78.",no,batch-03
REC-AIBIOGU-000228,Zhang2026,"Single-cell transcriptomic analysis and machine learning identify ATAD3A as a key gene that stabilizes mitochondrial-endoplasmic reticulum membranes, promoting bladder cancer progression.",2026,J Transl Med,10.1186/s12967-026-07857-0,bladder_urothelial,,MAM biology scRNA study with LASSO-Cox prognostic score and cisplatin-resistance RF model,multiple_public,"TCGA-BLCA, GSE13507, IMvigor210 for MAM score; cisplatin RF on GSE169455/GSE5287/GSE247185",NR,patients,multiomics,"Bulk RNA-seq, scRNA-seq, spatial transcriptomics, and chemo-response datasets",prognostic_prediction,LASSO-Cox MAM signature; random forest cisplatin-response model with SHAP,Four-gene MAM LASSO-Cox score; RF uses cisplatin-treatment expression features,Four-gene MAM prognostic score plus ATAD3A-centered cisplatin-resistance RF model,prognostic,AUC,"RF cisplatin-resistance model external AUC 0.708–0.850 in two validation sets; MAM score KM/ROC across TCGA, GSE13507, IMvigor210",external_cohort,MAM score tested in multiple public cohorts; cisplatin RF validated on independent GEO sets.,NR,NR,none_stated,NR,NR,MAM-related four-gene score stratified BCa prognosis and RF models predicted cisplatin resistance with moderate external AUC.,NR,ATAD3A mechanistic validation in cell and animal models.,REV-ALCIDES-AI,2026-09-23,needs_review,Primary anchor is mechanistic MAM/ATAD3A biology; prognostic ML components are secondary.,yes,batch-03
REC-AIBIOGU-000229,Li2026,Transcriptome and single-cell RNA sequencing analysis with 101 machine learning combinations and experimental verification reveals the mechanism of action of mannose metabolism in bladder cancer.,2026,Front Immunol,10.3389/fimmu.2026.1710823,bladder_urothelial,,Mannose-metabolism gene SVM diagnostic/prognostic modeling in BLCA,multiple_public,TCGA-BLCA training and GSE13507 validation for SVM mannose-metabolism genes,NR,patients,transcriptomics,Bulk RNA-seq with multiple ML algorithms compared,diagnostic_prediction,Support vector machine selected as optimal among compared ML methods,Mannose metabolism-related gene expression panel from SVM,SVM-selected MMRG diagnostic signature,diagnostic,AUC,SVM AUC 0.988 (TCGA-BLCA) and 0.987 (GSE13507),external_cohort,Model selected on TCGA and reported nearly identical AUC on GSE13507.,NR,NR,none_stated,NR,NR,An SVM on mannose-metabolism genes achieved near-perfect discrimination in training and external datasets.,NR,Prognostic associations of mannose metabolism genes also explored.,REV-ALCIDES-AI,2026-09-23,needs_review,Appraisal flags near-perfect AUC (0.988/0.987) as potential overfitting/optimistic omics performance.,yes,batch-03
REC-AIBIOGU-000230,Sun2026,Revealing the function and mechanism of piRNA-related genes in bladder cancer through single-cell sequencing and methylation analyses and construction of prognostic features based on consensus clustering.,2026,Curr Urol,10.1097/cu9.0000000000000306,bladder_urothelial,,piRPG methylation/expression integrative study with consensus-cluster prognostic grouping,multiple_public,TCGA-BLCA piRPG analyses with GSE13507 external testing for diagnostic genes,NR,patients,multiomics,"Expression, methylation, and single-cell piRPG profiling",prognostic_prediction,Consensus clustering with multifactorial logistic regression (intended LASSO 3-gene score underperformed),"Three piRPGs MAPK13, INHBA, LAMB2 in prognostic grouping",Three-gene piRPG prognostic grouping from consensus clustering,prognostic,other,LASSO three-gene risk score did not significantly stratify survival; significant grouping relied on consensus-cluster assignment instead,internal_split_only,Diagnostic gene panel used AUC>0.70 threshold with partial external methylation/expression checks.,NR,NR,none_stated,NR,NR,Six piRPGs were associated with BC and a three-gene cluster-based signature linked to survival and methylation differences.,NR,Single-cell MAPK13 upregulation and INHBA/LAMB2 methylation correlations.,REV-ALCIDES-AI,2026-09-23,needs_review,Appraisal notes intended LASSO prognostic model failed and was replaced by weaker consensus-cluster grouping.,yes,batch-03
REC-AIBIOGU-000232,He2026,A Deep Learning-Generated Mixed Tumor-Stroma Ratio for Prognostic Stratification and Multi-omics Profiling in Bladder Cancer.,2026,Research (Wash D C),10.34133/research.1053,bladder_urothelial,,Multicenter CNN histologic segmentation for MTSR prognosis plus mpMRI radiomics surrogate,multiple_public,TCGA WSI training with multicenter external testing; mpMRI radiomics for MTSR classification,NR,patients,digital_pathology,ResNet50 WSI nine-class segmentation for MTSR; mpMRI random forest radiomics proxy,prognostic_prediction,ResNet50 CNN segmentation; Cox/meta-analysis for MTSR; random forest mpMRI radiomics,Mixed tumor-stroma ratio (MTSR) from WSI; mpMRI radiomics predicting high vs low MTSR,Deep-learning MTSR metric with N-stage nomogram,prognostic,C-index,MTSR prognostic C-index 0.587; CNN segmentation accuracy >90% (kappa >0.95); mpMRI MTSR prediction accuracy 0.701 training and 0.710 validation,external_multicenter,CNN tested across multicenter WSIs with meta-analysis; mpMRI radiomics is ancillary internal train/validation.,NR,NR,none_stated,NR,NR,MTSR from CNN segmentation was prognostically independent across centers and linked to stromal-immune programs; mpMRI radiomics modestly predicted MTSR.,NR,scRNA ITGB8-high subtype and pathway analyses in high-MTSR tumors.,REV-ALCIDES-AI,2026-09-23,complete,,no,batch-03
REC-AIBIOGU-000235,Wang2026,Machine Learning Integration Framework Constructs a Lactylation-Associated Gene Signature to Improve Prognosis in Bladder Cancer.,2026,Cancer Med,10.1002/cam4.71477,bladder_urothelial,,retrospective multi-cohort bioinformatic study,multiple_public,TCGA bladder cancer randomly split into test and validation groups; external GEO cohorts GSE13507 and GSE32894,NR,patients,transcriptomics,Bulk RNA-seq lactylation-associated gene expression,prognostic_prediction,"CoxBoost combined with supervised principal components, chosen as the highest average C-index among 101 combinations fit with leave-one-out cross-validation","Eight lactylation-associated genes: AHNAK, CALM, CALR, G6PD, SATB1, VIM, CACYBP, and XPO5",Eight-gene lactylation-associated prognostic risk score,prognostic,AUC,"0.880, 0.860, and 0.839 at 1, 3, and 5 years (Figure 3C). Risk-score AUC 0.839 versus stage 0.683, age 0.613, sex 0.505, and grade 0.471 (Figure 3D)",external_multicenter,"Leave-one-out cross-validation inside TCGA for model selection, plus external GSE13507 and GSE32894. Figure 3A-B Cox models are labeled as the TCGA cohort; the ROC panels do not restate a cohort name. Numeric external-cohort AUCs are not printed. Per-cohort C-index values are shown in a figure and are not printed in the text.",NR,yes,none_stated,"National Natural Science Foundation of China, grant 82000639",none_declared,"A CoxBoost plus SuperPC lactylation signature had 1-, 3-, and 5-year AUCs of 0.880, 0.860, and 0.839, and a risk-score AUC of 0.839 that exceeded stage, age, sex, and grade.",NR,High-risk versus low-risk overall survival differed in TCGA and both GEO cohorts. Drug-sensitivity IC50 comparisons and immunotherapy-response analyses are secondary.,REV-ALCIDES-AI,2026-09-23,needs_review,"Time-dependent AUCs are printed, but the article does not state the analytic sample size and does not print numeric AUCs for the external GEO cohorts. C-index was the model-selection metric and is not given as a number in the text.",yes,batch-03
REC-AIBIOGU-000237,Xiao2025,"Integrated multi-omics analysis identifies DARS2, MRTO4, and MRPL37 as novel biomarkers and potential therapeutic targets for bladder cancer.",2025,Discov Oncol,10.1007/s12672-025-04246-9,bladder_urothelial,,Multi-database bioinformatics with MR causal inference and web nomogram,multiple_public,"TCGA, GEO, IEU OpenGWAS, eQTLGen, FinnGen, DepMap integrated analyses",NR,patients,multiomics,"Bulk RNA-seq with WGCNA/Mfuzz, scRNA validation, and Mendelian randomization",prognostic_prediction,Univariate Cox and consensus clustering with ROC evaluation; web nomogram tool,"Core genes DARS2, MRTO4, MRPL37 with immune-mediated MR mediation",Three-gene core signature with online prognostic nomogram,prognostic,NR,ROC and consensus clustering support diagnostic/prognostic utility; numeric AUC/C-index not stated in cropped slice,internal_split_only,Public database integrative discovery without independent external survival cohort described.,NR,NR,none_stated,NR,NR,"DARS2, MRTO4, and MRPL37 emerged as core BC genes with stage-associated expression and MR-supported causal links via immune cells.",NR,Immunotherapy response associations and GSEA mechanisms.,REV-ALCIDES-AI,2026-09-23,needs_review,Includes Mendelian randomization beyond typical prognostic ML designs; numeric model performance not in slice.,yes,batch-03
REC-AIBIOGU-000238,Langfelder2025,Gene signature for response prediction to immunotherapy and prognostic markers in metastatic urothelial carcinoma.,2025,Front Immunol,10.3389/fimmu.2025.1607222,bladder_urothelial,,Domain-adapted immunotherapy-response signature with clinical-trial external test,multiple_public,IMvigor210 training; independent PCD4989g atezolizumab trial test set; LogitDA 49-gene signature,NR,patients,transcriptomics,Bulk RNA-seq immunotherapy cohorts with domain adaptation (LogitDA),treatment_response_prediction,LogitDA domain adaptation with 49-gene signature (vs multiple benchmark classifiers),49-gene domain-adapted immunotherapy response signature,LogitDA 49-gene anti-PD-L1 response signature,predictive_response,AUC,AUC 0.75 on independent PCD4989g(mUC) test set; cross-validated AUC ~0.78/0.77 on training datasets,external_cohort,Independent clinical-trial cohort PCD4989g plus additional unseen GEO datasets and ablation isolating domain adaptation.,NR,upon_request,TRIPOD-AI,NR,NR,Domain-adapted 49-gene signature outperformed state-of-the-art immunotherapy predictors on independent trial data (AUC 0.75).,NR,Ablation showing contribution of domain adaptation vs baseline signatures.,REV-ALCIDES-AI,2026-09-23,complete,,no,batch-03
REC-AIBIOGU-000239,Shen2025,Bladder cancer diagnostic and prognostic models from DNA methylation by multi algorithm machine learning.,2025,NPJ Precis Oncol,10.1038/s41698-025-01195-y,bladder_urothelial,,Multi-compartment DNA methylation ML diagnostic and prognostic models,multiple_public,TCGA BLCA methylation n=416 tumors; urine GSE120288 n=12; blood and GEO validation sets,416,samples,epigenomics_methylation,"DNA methylation from tissue, blood, and urine with six ML algorithms",diagnostic_prediction,Six ML algorithms with LASSO methylation diagnostic model (four sites) and ten-site prognostic model,Four-CpG diagnostic signature and ten-CpG prognostic signature,Methylation diagnostic and prognostic signatures including C1QTNF6 pathway link,diagnostic,NR,NR,external_cohort,"Tissue, blood, and urine validation datasets including GSE111933; urine cohort only six cancer vs six normal.",NR,NR,none_stated,NR,NR,Multi-compartment methylation ML models detected UBC and predicted survival with linked TET2–C1QTNF6 epigenetic mechanism.,NR,Immunotherapy/chemotherapy association analyses and TET2/C1QTNF6 lab validation.,REV-ALCIDES-AI,2026-09-23,needs_review,Preprint-style article-in-press formatting and tiny urine validation cohort (n=12) raise applicability concerns.,yes,batch-03
REC-AIBIOGU-000240,Quan2025,Integrative pan-cancer analysis of intratumoral microbial communities for biomarker discovery and diagnostic modeling.,2025,J Transl Med,10.1186/s12967-025-07355-9,other,"Pan-cancer study of intratumoral microbiota across nine cancer types (breast, ovarian, oral, colorectal, lung, gastric, bladder/urothelial [Bca], pancreatic, melanoma) plus normal controls; bladder cancer is only one of nine tumor types and not the study focus. Bca is the largest single subgroup in the pooled discovery cohort (n=610 of 2839 samples) but is NOT represented in the independent external validation cohort (CAMS, n=541: breast/colorectal/lung/normal controls only).","retrospective, multi-cohort pooled biomarker discovery and diagnostic modeling study",public_plus_own,"11 previously published 16S rRNA microbiome studies pooled, 3151 initial samples reduced to 2839 after QC, covering 9 cancer types (incl. bladder, Bca, n=610) and normal controls; independent external validation cohort of 541 samples from Cancer Hospital, Chinese Academy of Medical Sciences (CAMS) (breast/colorectal/lung/normal controls only - bladder not included)",2839,samples,other,16S rRNA (V3-V4 region) amplicon sequencing of intratumoral microbiota; genus-level relative abundance matrix (2379 genera retained) plus PICRUSt2-predicted KEGG functional pathways,diagnostic_prediction,"Random Forest (primary), Support Vector Machine, K-Nearest Neighbours, Quadratic Discriminant Analysis; SHAP for feature importance; LEfSe for differential taxa",Genus-level relative abundance of intratumoral microbiota (2379 genera) from 16S rRNA sequencing,"Microbial genus panel for pan-cancer diagnostic classification (top SHAP-ranked taxa: Pelomonas, Staphylococcus, Cutibacterium, Lactococcus, Shewanella, Streptococcus, Bradyrhizobium, Acinetobacter); tumor-type-specific enriched genera by LEfSe (e.g. Fusobacterium enriched in bladder cancer)",diagnostic,AUC,"Discovery cohort (5-fold stratified CV, n=2839): Random Forest overall accuracy=0.681, AUC=0.937; SVM AUC=0.890; KNN AUC=0.837. Bladder cancer per-class CV: F1=0.93 (AUC approaching 1.00). External validation (CAMS, n=541, no bladder cancer): LC AUC=0.77, CRC AUC=0.73, BC AUC=0.76.",external_cohort,"Discovery model trained/evaluated via stratified 5-fold CV on the pooled 11-study cohort (n=2839, 9 cancer types + normal controls). Independent external validation performed using the CAMS cohort (n=541, different center), but this external cohort included only breast, colorectal, lung cancer, and normal controls - bladder cancer (the only GU-relevant tumor type here) was NOT represented in the external validation set. The GU-relevant (bladder) classification performance (F1=0.93 in discovery) therefore rests only on internal cross-validation, not on external validation.",NR,NR,none_stated,NR,NR,"In a large pan-cancer intratumoral microbiome study (16S rRNA, 9 cancer types + normal controls, n=2839 discovery plus 541 external validation), a Random Forest classifier achieved strong pan-cancer diagnostic discrimination (AUC=0.937 in discovery CV) using microbial genus-level features, and identified tumor-type-specific microbial signatures including Fusobacterium enrichment in bladder cancer; however, bladder cancer was not represented in the external validation cohort, so GU-specific diagnostic performance is unconfirmed externally.",NR (limitations discussion not visible in the extracted text excerpt); general design limitations evident from methods include potential batch/data-source effects across the 11 pooled studies and reliance on 16S rRNA (genus-level resolution only).,"Alpha/beta diversity varied significantly by cancer type; microbial co-occurrence networks most complex in gastric cancer, simplest in melanoma/breast cancer; two alternative cancer-grouping strategies (biological/molecular vs. anatomical/exposure-based) were tested and both improved or matched single-cancer-type classification performance.",REV-ALCIDES-AI,2026-09-23,needs_review,"Pan-cancer study; bladder/urothelial cancer (the only GU-relevant tumor type) is one of nine cancer types and not isolated for GU-specific model performance beyond discovery-set per-class metrics (F1=0.93). Bladder cancer absent from external validation cohort, so no externally validated GU-specific performance exists. Funding, COI, code/data availability, and limitations not visible in the extracted text excerpt.",yes,pilot
REC-AIBIOGU-000242,Shao2025,Construction and mechanistic exploration of a ferroptosis related gene based prognostic model for cisplatin resistance in bladder cancer,2025,Comput Methods Biomech Biomed Engin,10.1080/10255842.2025.2585143,bladder_urothelial,,retrospective cohort / translational bioinformatic (public transcriptomic data + machine learning + network pharmacology + IHC validation),multiple_public,"TCGA-BLCA (44 cisplatin-treated patients for CFRG identification); GSE32894 (training cohort, n=221 with complete grade data); GSE13507 (external validation); GSE149652 (single-cell, via TISCH2); HPA database for IHC",221,patients,transcriptomics,"Bulk RNA-seq/microarray (TCGA-BLCA, GSE32894, GSE13507); scRNA-seq (GSE149652); molecular docking (AutoDock Vina) for drug-target interaction",prognostic_prediction,"Random forest (ntree=600), SVM-RFE, LASSO regression, univariate and multivariate stepwise Cox regression","16 cisplatin-ferroptosis-related genes (intersection of cisplatin response genes and 473 FerrDB ferroptosis genes), reduced via 3 ML algorithms + Cox regression to 3-gene signature","3-gene ferroptosis/cisplatin-resistance prognostic risk score (SLC1A4, TXNIP, PLIN4)",prognostic,AUC,"Training (GSE32894): AUC 0.76/0.85/0.86 at 1/3/5-year OS; HR=13.00 (95% CI 3.06-55.16, p<0.001). External validation (GSE13507): AUC 0.71/0.68/0.68 at 1/3/5-year; HR=1.68 (95% CI 1.04-2.71, p<0.05). Predictive AUC for chemotherapy response (n=44 TCGA cisplatin-treated): SLC1A4 0.689, TXNIP 0.724, PLIN4 0.705.",external_cohort,"Risk model built/trained in GSE32894 (n=221); externally validated in independent GEO dataset GSE13507 - a genuine external cohort, not an internal split.",NR,NR,none_stated,The author(s) reported there is no funding associated with the work featured in this article.,none_declared,"A 3-gene ferroptosis-cisplatin-resistance signature (SLC1A4, TXNIP, PLIN4) stratified patients into risk groups with strong prognostic performance in training (AUC up to 0.86, HR=13.00) and external validation (AUC up to 0.71, HR=1.68); SLC1A4 proposed as candidate prognostic biomarker/therapeutic target.",Initial gene screening used nominal p-value + effect-size filter rather than standard FDR correction because FDR yielded no significant genes in the 44-sample TCGA dataset; generalizability constrained by cohort size and absence of protein-level/functional validation of the 3-gene signature; requires future experimental confirmation.,Nomogram combining risk score + tumor grade with good calibration/DCA net benefit. High-risk group shows immune-excluded/desert phenotype with upregulated checkpoints. Network pharmacology/molecular docking identifies fostamatinib as candidate CFRG-targeting agent (binding energy -9.3 kcal/mol).,REV-ALCIDES-AI,2026-09-23,needs_review,No explicit Data/Code Availability statement found anywhere in the article (methods reference only public database URLs); coded NR rather than inferred. n_analytic set to GSE32894 training subset with complete grade data (n=221); other cohort sizes noted in data_source_detail/other_key_outcomes.,yes,pilot
REC-AIBIOGU-000243,Shen2025,Constructing a bladder cancer prognostic model related to exosome using machine learning and identifying THBS1 as a potential target.,2025,Cancer Cell Int,10.1186/s12935-025-04027-y,bladder_urothelial,,Exosome-gene ML prognostic model with THBS1 experimental validation,multiple_public,TCGA-BLCA plus GEO validation; 81 ML combinations from 132 exosome-related DEGs,NR,patients,transcriptomics,Bulk RNA-seq exosome-related gene panel (MLDPM),prognostic_prediction,Ten ML algorithms across 81 combinations selecting MLDPM,MLDPM exosome-related prognostic gene score (15-gene Cox filter downstream),MLDPM machine-learning-derived exosomal prognostic model,prognostic,C-index,"0.614 (highest average C-index; plsRcox, TCGA-BLCA training and GSE13507 validation). MLDPM time-dependent AUC 0.648 (1-year), 0.690 (3-year), and 0.724 (5-year). Nomogram C-index 0.688 (95% CI 0.645-0.729)",external_cohort,101 algorithm combinations from 10 machine-learning methods; TCGA-BLCA training and GSE13507 validation. plsRcox had the highest average C-index.,NR,NR,none_stated,NR,NR,MLDPM stratified BCa risk with immune-evasion features and highlighted THBS1 as a functional therapeutic target.,Authors note model discrimination modest versus simple clinical variables such as age.,Docking of THBS1/MMP9/CXCL12 with chemotherapeutics and metastasis assays.,REV-ALCIDES-AI,2026-09-23,complete,Selection metric is the average C-index (0.614). The MLDPM time-dependent AUCs and the nomogram C-index are additional printed performance numbers. Risk-score multivariate HR was 2.131 (95% CI 1.564-2.905).,no,batch-03
REC-AIBIOGU-000244,Ming2025,"Imidacloprid contributes to bladder cancer progression: preliminary evidence based on network toxicology, machine learning and molecular docking.",2025,BMC Pharmacol Toxicol,10.1186/s40360-025-01016-9,bladder_urothelial,,Imidacloprid toxicogenomic DEIRG prognostic ML across public cohorts,multiple_public,TCGA training with GSE13507 and GSE31684 validation; CTD imidacloprid-related genes,NR,patients,transcriptomics,Bulk RNA-seq DEIRG risk score from 10 ML algorithms and combinations,prognostic_prediction,Ten ML algorithms with combinations optimizing average C-index,DEIRG-based risk score from imidacloprid-associated differential genes,DEIRG prognostic risk score model,prognostic,C-index,Average C-index 0.766 across evaluated models; time-dependent AUC approximately 0.60–0.72 across cohorts,external_cohort,External validation on GSE13507 and GSE31684 after TCGA discovery.,NR,NR,none_stated,NR,NR,Imidacloprid-related DEIRG score stratified BCa prognosis across three public cohorts despite modest time-dependent AUC.,NR,Network toxicology and docking of imidacloprid with hub targets.,REV-ALCIDES-AI,2026-09-23,needs_review,Primary anchor is pesticide toxicology mechanism; prognostic ML uses exposure-proxy gene set rather than measured imidacloprid exposure.,yes,batch-03
REC-AIBIOGU-000245,Yin2025,"Comprehensive analysis of coagulation-associated gene signature in bladder cancer diagnosis, prognosis, and immunotherapy.",2025,Sci Rep,10.1038/s41598-025-17567-0,bladder_urothelial,,Retrospective TCGA/GEO bioinformatics cohort plus local coagulation and tissue validation,public_plus_own,TCGA 411 BC and 19 normal samples; GSE13507 external validation; 92 preoperative coagulation patients and paired tissue RT-qPCR/IHC (Yangzhou cohort).,411,samples,transcriptomics,Bulk RNA-seq (TCGA/GSE) and local qPCR/IHC,prognostic_prediction,"LASSO, SVM-RFE, and random forest",Coagulation-related gene expression (CRGs/DECRGs),CRG-based diagnostic and prognostic signatures with clinical nomogram,prognostic,C-index,Nomogram C-index 0.812 for prognostic signature (TCGA BC).,external_cohort,Prognostic signature trained on TCGA with 7:3 internal split; diagnostic genes validated in GSE13507; local coagulation and tissue assays supplementary.,NR,NR,none_stated,NR,NR,Machine-learning CRG signatures support BC diagnosis and prognosis (nomogram C-index 0.812) and CRG-based clusters differ in immune infiltration and immunotherapy response.,NR,Consensus clustering of BC by DECRGs; immunotherapy and drug sensitivity analyses via TCIA and pRRophetic.,REV-ALCIDES-AI,2026-09-23,complete,Local coagulation cohort (n=92) and paired tissue work supplement public-database modeling per slice appraisal_note.,no,batch-04
REC-AIBIOGU-000247,Peng2025,Deep learning for prognostic stratification and biomarker exploration in upper tract urothelial carcinoma: a multicenter retrospective cohort study.,2025,Int J Surg,10.1097/js9.0000000000003581,bladder_urothelial,,Multicenter retrospective whole-slide image prognostic cohort,own_cohort,"805 UTUC patients post-RNU from CMUFH, CMUSH, CMUTH, and YCH (2012-2024).",805,patients,digital_pathology,H&E WSIs with UCSegNet tissue segmentation and CONCH patch labeling,prognostic_prediction,"UCSegNet, CONCH, MacroContextNet, and PGCA-Net deep learning",Multiscale WSI tissue probability heatmaps and co-localization features,"PGCA-Net OS risk score and seven quantitative pathological biomarkers (e.g., Coloc_M, Coloc_R)",prognostic,C-index,PGCA-Net C-index 0.672-0.795 across validation cohorts; UCSegNet tile AUC 0.9916-0.9948.,external_multicenter,"CMUFH random 7:3 train/validation (398/171); external validation at three institutions (125, 45, 66 patients).",NR,NR,TRIPOD,NR,NR,"PGCA-Net improved UTUC OS stratification versus MacroContextNet, with multivariable-adjusted high-risk HRs 4.93-9.38 across cohorts.",NR,High tumor-muscle and tumor-renal co-localization scores associated with mortality (HR up to 5.06 and 4.52).,REV-ALCIDES-AI,2026-09-23,complete,TRIPOD/STROCSS-adherent registered multicenter WSI study per slice appraisal_note.,no,batch-04
REC-AIBIOGU-000251,Sun2025,PAQR4: A Critical Senescence-Related Gene Influencing Immune Evasion and Metastasis in Bladder Urothelial Carcinoma.,2025,Hum Mutat,10.1155/humu/2227219,bladder_urothelial,,Dual public-cohort bioinformatics with in vitro PAQR4 validation,multiple_public,TCGA-BLCA (406 BLCA + 19 normal) and GSE13507 for external validation.,406,samples,transcriptomics,Bulk RNA-seq/microarray; qRT-PCR and functional assays in UMUC3/T24,prognostic_prediction,Multiple ML algorithms (best mean AUC combination),Senescence-related gene expression,Senescence-related diagnostic and prognostic models; PAQR4 highlighted,prognostic,AUC,Diagnostic AUC=0.976; prognostic AUC=0.758 (reported in limitations).,external_cohort,Models trained on TCGA-BLCA and validated in GSE13507.,NR,upon_request,none_stated,No funding was received for this manuscript.,none_declared,PAQR4 links poor BLCA prognosis to immunosuppression; PAQR4 knockdown reduced proliferation and metastasis in vitro.,Small normal-tissue counts; prognostic AUC moderate; validation limited to in vitro assays.,Two senescence-related BLCA clusters with distinct immune infiltration and ICB response patterns.,REV-ALCIDES-AI,2026-09-23,complete,,no,batch-04
REC-AIBIOGU-000252,Chen2025,"FAM174B remodels the tumor microenvironment, inhibits the infiltration of macrophage, predicts the molecular subtype and therapeutic response of bladder cancer.",2025,Int J Med Sci,10.7150/ijms.110096,bladder_urothelial,,Pan-cancer public-data analysis with BLCA-focused immunotherapy modeling,multiple_public,TCGA Pan-Cancer; nine GEO BLCA cohorts combined (871 samples); IMvigor210 immunotherapy cohort.,871,samples,transcriptomics,Bulk RNA-seq with immune deconvolution and IHC/qPCR validation subsets,prognostic_prediction,Machine-learning-integrated immune-related signature,Immune-related transcriptomic features (FAM174B-centered TME context),ML immune-related prognostic and immunotherapy-response signature,predictive_response,C-index,Highest average C-index 0.609 for the RSF+SuperPC immune-related signature (28 irDEGs) across validation datasets,external_cohort,Combined GEO meta-cohort (n=871) and IMvigor210 used for immunotherapy-response validation; pan-cancer TCGA exploration separate from BLCA signature axis.,NR,yes,none_stated,CAMS Innovation Fund (2022-I2M-1-008) and National High Level Hospital Clinical Research funding.,none_declared,FAM174B marks a non-inflamed BLCA microenvironment with reduced ICI sensitivity; ML immune signature proposed for prognosis and immunotherapy response.,Heavy reliance on public bioinformatics; mechanistic and additional experimental validation still needed.,"FAM174B associated with luminal subtype, angiogenesis inhibitor response, and macrophage infiltration patterns.",REV-ALCIDES-AI,2026-09-23,complete,Primary machine-learning result is the IRS average C-index 0.609. FAM174B molecular-subtype AUC was at least 0.87 and is a separate single-marker result.,no,batch-04
REC-AIBIOGU-000253,Zhou2025,Development of a radiomics and clinical feature-based nomogram for preoperative prediction of pathological grade in bladder cancer.,2025,Front Oncol,10.3389/fonc.2025.1661979,bladder_urothelial,,Single-center retrospective CT radiomics cohort,own_cohort,372 BLCA patients (2015-2020) at one institution; 7:3 train/validation split.,372,patients,radiology_imaging,Contrast-enhanced CT radiomics (PyRadiomics) plus clinical variables,diagnostic_prediction,LASSO feature selection with logistic regression nomogram,11 LASSO-selected CT texture features plus age and proteinuria,Integrated clinical-radiomics nomogram for preoperative pathological grade,diagnostic,AUC,Logistic radiomics AUC=0.858; integrated clinical-radiomics AUC=0.864.,internal_holdout,Random 7:3 training/validation split only; no external multicenter cohort per slice appraisal_note.,NR,NR,none_stated,NR,NR,CT radiomics plus clinical factors preoperatively predicted BLCA pathological grade with AUC 0.864 in internal validation.,NR,NR,REV-ALCIDES-AI,2026-09-23,complete,Single-center study with train/validation split only (no external validation cohort) per appraisal_note.,no,batch-04
REC-AIBIOGU-000254,Peng2025,Integrating Spatial Multi-Omics and Machine Learning to Unravel the Role of PANoptosis in Bladder Cancer Prognosis and Immunotherapy Response.,2025,Oncol Res,10.32604/or.2025.064331,bladder_urothelial,,Public multi-cohort transcriptomics with spatial transcriptome exploration,multiple_public,"TCGA-BLCA (409), GSE32894, GSE13507, GSE48075 pooled (871 samples); spatial GSE171351 (four BLCA samples).",871,samples,multiomics,Bulk RNA-seq meta-cohort plus spatial transcriptomics (PANoptosis pathways),prognostic_prediction,Ten machine-learning algorithms (PMLS prognostic signature),PANoptosis-related gene expression,PANoptosis-related machine learning prognostic signature (PMLS),prognostic,NR,NR,internal_cv,Ten-algorithm model comparison on pooled public cohorts; spatial analyses on four GSE171351 tumors.,NR,yes,none_stated,National Natural Science Foundation of China (82172741) and Shanghai Municipal Health Bureau (2020CXJQ03).,NR,Two PANoptosis BLCA subtypes differ in survival and immunotherapy responsiveness; PMLS proposed as a prognostic tool with CSPG4 as a key gene.,NR,Spatial co-localization of PANoptosis with T-effector toxicity scores; CSPG4 highlighted for therapeutic targeting.,REV-ALCIDES-AI,2026-09-23,complete,Spatial transcriptome stage (four samples) informs biology; pooled n=871 supports ML prognostic modeling per calibration.,no,batch-04
REC-AIBIOGU-000262,Huang2025,Identification and single-cell analysis of prognostic genes related to mitochondrial and neutrophil extracellular traps in bladder cancer.,2025,Sci Rep,10.1038/s41598-025-10413-3,bladder_urothelial,,Public bulk and scRNA-seq bioinformatics with local RT-qPCR validation,public_plus_own,"TCGA-BLCA (404 tumor), GSE13507, GSE222315 scRNA-seq; own BLCA clinical samples for RT-qPCR.",404,samples,transcriptomics,Bulk RNA-seq WGCNA/Cox modeling plus scRNA-seq fibroblast analysis,prognostic_prediction,"WGCNA, PPI, univariate Cox, and LASSO Cox",Mitochondrial- and NET-related candidate genes,"Six-gene prognostic signature (CCDC80, NIBAN1, CSPG4, PDGFRA, MAP1A, PCOLCE2)",prognostic,AUC,"Nomogram AUC 0.74 (1-year), 0.73 (3-year), and 0.75 (5-year) overall survival",external_cohort,Risk model developed on TCGA-BLCA with GSE13507 and nomogram assessment; orthogonal RT-qPCR on own clinical specimens.,NR,NR,none_stated,NR,NR,Six mitochondrial/NET-linked genes form a prognostic BLCA model with immune infiltration differences between risk groups.,NR,scRNA-seq (GSE222315) implicates fibroblasts; six genes downregulated in local BLCA RT-qPCR validation.,REV-ALCIDES-AI,2026-09-23,complete,Nomogram time-dependent AUC is the printed performance. The prognostic model itself is described only as AUC greater than 0.6.,no,batch-04
REC-AIBIOGU-000263,Wang2025,Multi-machine learning model based on radiomics features to predict prognosis of muscle-invasive bladder cancer.,2025,BMC Cancer,10.1186/s12885-025-14279-6,bladder_urothelial,,retrospective cohort,public_plus_own,"TCGA/TCIA muscle-invasive bladder cancer (91 patients: 64 training, 27 validation) and a single-hospital external test set (54 patients, Second Affiliated Hospital of Nanchang University).",54,patients,radiology_imaging,Contrast-enhanced CT radiomics,prognostic_prediction,"LASSO-Cox with 10-fold cross-validation for features; GBM, CoxBoost, Cox, random survival forest, and survival SVM (5-fold cross-validation where applicable); clinical nomogram using the GBM score",Eight contrast-enhanced CT radiomic features; nomogram adds clinical variables to the GBM radiomics score,GBM contrast-enhanced CT radiomics model and clinical-radiomic nomogram for muscle-invasive bladder cancer overall survival,prognostic,AUC,"External-test nomogram AUC 0.778 (2-year OS) and 0.785 (3-year OS); validation 0.86 and 0.982; training 0.913 and 0.837. GBM radiomics alone, external test: 2-year AUC 0.700 (95% CI 0.520-0.880) and 3-year AUC 0.730 (95% CI 0.569-0.891).",external_cohort,One TCGA/TCIA split (64/27) plus one hospital external test set of 54 MIBC patients. Ten-fold CV was used for LASSO feature selection; 5-fold CV was used where applicable for model fitting.,NR,upon_request,none_stated,Jiangxi Province Graduate Innovation Fund Project (YC2024-S154),none_declared,"A GBM model of enhanced-CT radiomic features predicted overall survival in muscle-invasive bladder cancer, and a nomogram with clinical data improved discrimination (external 2-year AUC 0.778 and 3-year AUC 0.785).","Authors cite scanner and clinical-data heterogeneity, limited sample size, retrospective selection bias, and incomplete adjuvant-treatment records that were left out of the joint model.","Among GBM, CoxBoost, Cox, random survival forest, and survival SVM, GBM had the highest time-dependent concordance; survival SVM was more stable across the training, validation, and external groups.",REV-ALCIDES-AI,2026-09-23,needs_review,n_analytic is the external test set that supports the lead AUCs. Some printed confidence intervals are inconsistent with the point estimate (3-year training nomogram AUC 0.837 with CI 0.83-0.98). TCGA/TCIA images are public; the hospital test set is available from the corresponding author on request.,yes,batch-04
REC-AIBIOGU-000264,Tan2025,Machine Learning and Experimental Validation Reveal MYH11 as a Novel Prognostic Biomarker and Therapeutic Target in Bladder Cancer.,2025,J Inflamm Res,10.2147/jir.s519719,bladder_urothelial,,Multi-omics public cohort with LOOCV ML and local omics specimens,public_plus_own,"TCGA-BLCA (406 with survival), multiple GEO cohorts; 10 tumor and 10 adjacent tissues for metabolomics/proteomics.",406,samples,multiomics,Bulk transcriptomics plus metabolomics/proteomics/PTM on local tissues; scRNA GSE135337,prognostic_prediction,101 ML combinations via LOOCV; final RSF+SuperPC eight-gene risk model,"Eight prognostic genes (CASQ2, DTNA, FLNC, KCNMA1, MYH11, PLN, PRKG1, SGCD)",Eight-gene risk score with clinical nomogram,prognostic,other,RSF+SuperPC was selected as the highest C-index among 101 LOOCV models; ROC performance is described only qualitatively,internal_cv,"LOOCV across four datasets for 101 models; external KM validation in GSE31684, GSE13507, and GSE32548.",NR,NR,none_stated,National Natural Science Foundation of China and Yunnan provincial grants listed in slice.,none_declared,Eight-gene risk model stratifies BCa survival; high-risk patients show lower PD-L1 response and higher TIDE scores; MYH11 functionally validated in vitro.,Model mainly transcriptomic; needs larger clinical validation and deeper MYH11 mechanistic work.,Multi-omics links to FLNC/MYH11 phosphorylation and succinylation; fibroblasts implicated by scRNA-seq.,REV-ALCIDES-AI,2026-09-23,needs_review,Full text does not report a numeric metric. Mechanistic multi-omics and MYH11 experiments remain a parallel axis of the paper.,yes,batch-04
REC-AIBIOGU-000265,Ye2025,Comprehensive analysis of single-cell and bulk RNA sequencing data reveals an EGFR signature for predicting immunotherapy response and prognosis in pan-cancer.,2025,Front Immunol,10.3389/fimmu.2025.1604394,other,Pan-cancer EGFR/ICI signature; BLCA highlighted post hoc as most prognosis-related subtype,Pan-cancer scRNA-seq and bulk RNA-seq immunotherapy response modeling,multiple_public,34 pan-cancer scRNA-seq TCGA cohorts plus 10 bulk RNA-seq cohorts; merged melanoma ICI training set n=772 (80/20 split).,618,samples,transcriptomics,scRNA-seq and bulk RNA-seq for EGFR.Sig and Hub-EGFR.Sig,treatment_response_prediction,Multiple ML algorithms for EGFR.Sig selection,EGFR-related gene signature (EGFR.Sig),EGFR.Sig ICI response signature and Hub-EGFR.Sig core genes,predictive_response,AUC,ICI response prediction AUC=0.77.,internal_holdout,Merged ICI cohort randomly split 80% train (n=618) and 20% validation (n=154); BLCA association reported secondarily.,NR,NR,none_stated,NR,NR,EGFR.Sig predicts ICI response (AUC 0.77); Hub-EGFR.Sig links to prognosis with strongest BLCA association among cancers tested.,NR,Twelve Hub-EGFR.Sig genes include four previously verified immune resistance genes.,REV-ALCIDES-AI,2026-09-23,needs_review,"Borderline GU scope: signature built pan-cancer and BLCA is a post hoc highlight, not the primary target per appraisal_note.",yes,batch-04
REC-AIBIOGU-000266,Sun2025,Integrated Multiomics Analysis and Machine Learning Approaches in Bladder Cancer: Unveiling the Impact of Immunogenic Cell Death and Its Key Gene SLC2A3 on Prognosis and Personalized Treatment Strategies.,2025,ACS Omega,10.1021/acsomega.5c01496,bladder_urothelial,,Public transcriptomics with scRNA-seq and functional SLC2A3 validation,multiple_public,"TCGA-BLCA (409 tumor, 19 normal) plus GEO validation cohorts; scRNA-seq for CAF localization.",409,samples,transcriptomics,Bulk RNA-seq ICD modeling; single-cell CAF analysis,prognostic_prediction,101 combinatorial ML plus 10 individual ML algorithms,32 ICD-related prognostic genes (IRGs),ICD-based prognostic signature with SLC2A3 hub gene,prognostic,AUC,"Prognostic-signature 1-, 3-, and 5-year AUC did not exceed 0.7; nomogram integrating age, stage, and risk score had AUC > 0.7 for overall survival",external_cohort,IRG risk model developed on TCGA-BLCA with GEO external validation; SLC2A3 characterized in scRNA and functional assays.,NR,NR,none_stated,NR,NR,ICD-related signature stratifies BLCA prognosis and TME/therapy differences; SLC2A3 highly expressed in CAFs and proposed as precision therapy target.,NR,Drug sensitivity and immunotherapy response analyses between IRG risk groups.,REV-ALCIDES-AI,2026-09-23,complete,The full text reports AUC bounds for the signature and the nomogram and does not print point estimates or a numeric C-index.,no,batch-04
REC-AIBIOGU-000269,Huang2025,Disulfide bond-related gene signature development for bladder cancer prognosis prediction and immune microenvironment characterization.,2025,Sci Rep,10.1038/s41598-025-03974-w,bladder_urothelial,,Integrative ML on public bulk transcriptomics cohorts,multiple_public,"TCGA-BLCA training with GSE13507, GSE32894, GSE31684 validation.",409,samples,transcriptomics,Disulfide bond-related gene expression,prognostic_prediction,Ten ML algorithms (89 models); optimal integrative procedure,Eight core disulfide bond-related prognostic genes (DRPS),Disulfide bond-related prognostic signature (DRPS),prognostic,C-index,Mean C-index 0.658 across cohorts; TCGA 1-/3-/5-year AUC 0.721/0.710/0.717; nomogram C-index 0.696.,external_cohort,Model selected by highest average C-index across TCGA and three GEO cohorts.,NR,NR,none_stated,NR,NR,DRPS stratifies BLCA survival and immune microenvironment features across four datasets.,NR,Immune infiltration and checkpoint analyses by DRPS risk groups.,REV-ALCIDES-AI,2026-09-23,complete,,no,batch-04
REC-AIBIOGU-000270,Yang2025,Integration of Single-Cell and Bulk Transcriptome to Reveal an Endothelial Transition Signature Predicting Bladder Cancer Prognosis.,2025,Biology (Basel),10.3390/biology14050486,bladder_urothelial,,scRNA-seq endothelial discovery with bulk BLCA prognostic validation,multiple_public,Pan-cancer scRNA EC atlas (nine tumor types) plus four BLCA bulk cohorts for prognostic testing.,409,samples,transcriptomics,scRNA-seq EC transition mapping and bulk RNA-seq risk modeling,prognostic_prediction,Endothelial transition signature with bulk Cox/ML risk modeling,Endothelial transition signature genes from scRNA trajectory,EC transition prognostic signature for BLCA,prognostic,NR,NR,external_cohort,Signature discovered pan-cancer in scRNA then validated in four BLCA bulk cohorts per methods.,NR,yes,none_stated,NR,NR,Post-angiogenic endothelial transition states yield a bulk prognostic signature for bladder cancer validated in multiple BLCA datasets.,NR,Tip versus capillary EC proportion shifts between normal and tumor endothelium.,REV-ALCIDES-AI,2026-09-23,complete,Pan-cancer EC discovery with BLCA-specific prognostic validation per appraisal_note.,no,batch-04
REC-AIBIOGU-000271,Mao2025,Identification of a panel of volatile organic compounds in urine for early detection of for bladder cancer.,2025,Sci Rep,10.1038/s41598-025-01324-4,bladder_urothelial,,Prospective-style urinary VOC cohort with internal train/test split,own_cohort,89 BC patients and 67 healthy controls; GC-IMS urine VOC profiling.,156,samples,other,GC-IMS urinary volatile organic compound profiles,diagnostic_prediction,"Random forest (vs SVM, NN, NB, DT)",Eight RF-selected urinary VOCs,Eight-VOC diagnostic panel,diagnostic,AUC,RF model accuracy 91.5% and AUC 0.958 (slice abstract/results).,internal_holdout,Random train (64 BC/45 HC) and test (25 BC/22 HC) split only; no external cohort.,NR,NR,none_stated,NR,NR,Eight urinary VOCs discriminate BC from healthy controls with high internal test AUC.,NR,Twenty differential VOCs identified versus healthy controls.,REV-ALCIDES-AI,2026-09-23,complete,Single-center internal train/test design without external validation per appraisal_note.,no,batch-04
REC-AIBIOGU-000272,Chen2025,Identification and validation of a 9-RBPs-related gene signature associated with prognosis and immune infiltration in bladder cancer based on bioinformatics analysis and machine learning.,2025,Transl Androl Urol,10.21037/tau-2024-688,bladder_urothelial,,Public bulk transcriptomics RBP-focused prognostic modeling,multiple_public,TCGA-BLCA plus GEO validation cohorts for RBP risk model.,406,samples,transcriptomics,RNA-binding protein expression,prognostic_prediction,Integrative ML (101 combinations) with LASSO Cox final model,RBP-derived prognostic gene set,RBP-related prognostic risk score,prognostic,AUC,Time-dependent AUC at 1/3/5 years 0.661/0.655/0.676 (TCGA risk score).,external_cohort,Training on TCGA with external validation in GEO cohorts; C-index used for algorithm selection.,NR,NR,none_stated,None stated in slice.,NR,RBP-based risk score stratifies BLCA survival and outperforms some clinical variables in multivariable models.,NR,Immune infiltration and checkpoint analyses by risk group.,REV-ALCIDES-AI,2026-09-23,complete,,no,batch-04
REC-AIBIOGU-000273,Yan2025,"Advancing personalized, predictive, and preventive medicine in bladder cancer: a multi-omics and machine learning approach for novel prognostic modeling, immune profiling, and therapeutic target discovery.",2025,Front Immunol,10.3389/fimmu.2025.1572034,bladder_urothelial,,Integrated scRNA-seq and bulk RNA-seq ICD prognostic modeling,multiple_public,TCGA-BLCA bulk plus scRNA-seq datasets for ICD feature discovery.,409,samples,transcriptomics,scRNA-seq ICD features integrated with bulk RNA-seq ICDRS,prognostic_prediction,Integrative ML for ICD-related prognostic signature (ICDRS),ICD-related multi-omics gene features,ICD-related prognostic signature (ICDRS),prognostic,AUC,"ICDRS time-dependent AUC 0.733 (1-year OS), 0.735 (3-year OS), and 0.733 (5-year OS)",external_cohort,ICDRS tested across TCGA and external GEO cohorts with stable C-index reported qualitatively.,NR,NR,none_stated,NR,NR,"ICDRS links ICD features to BLCA prognosis, immune infiltration, and therapy response patterns.",NR,Immune cell infiltration and TME characterization by ICDRS.,REV-ALCIDES-AI,2026-09-23,complete,"Printed discrimination for ICDRS is the time-dependent AUC at 1, 3, and 5 years.",no,batch-04
REC-AIBIOGU-000275,Luo2025,Machine learning developed immune-related exosome signature for prognosis and immunotherapy benefit in bladder cancer.,2025,Discov Oncol,10.1007/s12672-025-02354-0,bladder_urothelial,,Public multi-cohort exosome-immune transcriptomic modeling,multiple_public,"TCGA-BLCA plus GSE13507, GSE31684, GSE32984, GSE48276; melanoma ICI cohorts GSE91061/GSE78220 for immunotherapy proxy.",409,samples,transcriptomics,Immune-related exosome gene expression,prognostic_prediction,RSF + elastic net (alpha=0.2) among 10 ML methods,Immune-related exosome signature (IES) genes,Immune-related exosome signature (IES),prognostic,C-index,Mean C-index 0.75; TCGA 1-/3-/5-year AUC 0.711/0.751/0.806.,external_cohort,IES validated across multiple GEO BLCA cohorts; ICI benefit assessed using melanoma cohorts GSE91061 and GSE78220.,yes,NR,none_stated,NR,NR,IES prognostic score outperforms clinical variables for BLCA survival across TCGA/GEO cohorts.,NR,Immunotherapy response analyses using external melanoma ICI datasets.,REV-ALCIDES-AI,2026-09-23,needs_review,BLCA immunotherapy validation uses cutaneous melanoma ICI cohorts as proxy per appraisal_note.,yes,batch-04
REC-AIBIOGU-000276,Zhang2025,A machine learning-based prognostic signature utilizing MSC proteomics for predicting bladder cancer prognosis and treatment response.,2025,Transl Oncol,10.1016/j.tranon.2025.102349,bladder_urothelial,,MSC secretome-guided public cohort modeling with local MSC validation,public_plus_own,"TCGA-BLCA, GSE32548, GSE32894; local BLCA tumors for flow cytometry/mFIHC and MSC-CM cytokine profiling.",409,samples,transcriptomics,MSC-conditioned medium protein features mapped to bulk RNA signatures,prognostic_prediction,StepCox (both) + plsRcox (best average C-index),MSC secretome differential proteins,MSC secretome-based prognostic risk signature,prognostic,AUC,"TCGA-BLCA risk-score AUC 0.663 (1 year), 0.670 (3 years), and 0.689 (5 years); multivariate HR for the risk score 2.759 (p < 0.001)",external_cohort,Signature built across TCGA-BLCA and two GEO cohorts; MSC presence validated locally by flow cytometry and mFIHC.,NR,NR,none_stated,NR,NR,"MSC secretome signature stratifies BLCA survival and links to immune landscape, immunotherapy, and chemotherapy response patterns.",NR,Unsupervised MSC-CM protein clustering defines two BLCA groups with distinct TME and treatment profiles.,REV-ALCIDES-AI,2026-09-23,complete,"StepCox+plsRcox was chosen for the highest average C-index, but that C-index is not printed. The reported discrimination on TCGA-BLCA is the AUC series above. MSC presence was confirmed in patient specimens.",no,batch-04
REC-AIBIOGU-000277,Han2025,A CT-based interpretable deep learning signature for predicting PD-L1 expression in bladder cancer: a two-center study.,2025,Cancer Imaging,10.1186/s40644-025-00849-1,bladder_urothelial,,Two-center retrospective CT deep learning cohort,own_cohort,"190 BCa patients (127 train, 63 external validation) from two hospitals.",190,patients,radiology_imaging,Preoperative CT with CNN deep learning and radiomics,diagnostic_prediction,Convolutional neural network (CBAM) plus radiomics ML,Preoperative CT tumor regions,Deep learning signature for PD-L1 expression status,diagnostic,AUC,External validation AUC=0.857 (95% CI 0.745-0.932).,external_cohort,Training n=127 and external validation n=63; SHAP interpretability on DL model.,NR,NR,none_stated,NR,NR,CT-based DL signature outperformed radiomics and clinical models for predicting PD-L1 status with interpretable tumor-edge features.,NR,Nomogram combining optimal signature with clinical model.,REV-ALCIDES-AI,2026-09-23,complete,,no,batch-04
REC-AIBIOGU-000278,Tan2025,Integrative multi-omics and machine learning identify a robust signature for discriminating prognosis and therapeutic targets in bladder cancer.,2025,J Cancer,10.7150/jca.105066,bladder_urothelial,,Local acetyl-proteomics plus public bulk/scRNA integration,public_plus_own,Six BLCA and six paraneoplastic tissues (omics); TCGA-BLCA and GSE13507 with scRNA-seq integration.,406,samples,multiomics,"Transcriptomics, proteomics, acetylation, and scRNA-seq",prognostic_prediction,Cox and LASSO Cox regression,15 acetylation-regulated key genes,LASSO-Cox prognostic signature with nomogram,prognostic,AUC,"TCGA-BLCA time-dependent AUC at 1-5 years exceeded 0.60; GSE13507 1-, 2-, 3-, and 5-year ROC values were greater than 0.6",external_cohort,Model developed on TCGA with GSE13507 validation; local six-pair omics for discovery.,NR,NR,none_stated,NR,NR,Acetylation-linked 15-gene signature stratifies BLCA prognosis and immune/mutation/drug sensitivity profiles.,NR,Consensus clustering on key genes; GSEA and immune infiltration by risk group.,REV-ALCIDES-AI,2026-09-23,complete,The full text reports AUC and ROC bounds and does not print a point estimate or a C-index. The local acetyl-proteomics discovery set remains six tumor-paratumor pairs.,no,batch-04
REC-AIBIOGU-000280,Feng2024,Spatially-resolved analyses of muscle invasive bladder cancer microenvironment unveil a distinct fibroblast cluster associated with prognosis.,2024,Front Immunol,10.3389/fimmu.2024.1522582,other,MIBC IMC discovery (40 samples) with pan-cancer TCGA validation across nine tumor types,Imaging mass cytometry spatial discovery with pan-cancer bulk validation,multiple_public,IMC cohort 40 MIBC tissue samples (185 ROIs); S3-fibroblast signature tested across nine TCGA cancer types.,40,samples,other,Imaging mass cytometry spatial proteomics plus bulk transcriptomics,prognostic_prediction,Spatial fibroblast subtype signature (S3-fibroblast) with bulk risk modeling,S3-fibroblast spatial signature genes,S3-fibroblast-associated prognostic signature,prognostic,NR,NR,external_cohort,Signature derived from small IMC MIBC cohort then evaluated in multiple TCGA pan-cancer cohorts rather than BLCA-only validation.,NR,NR,none_stated,NR,NR,Spatial MIBC microenvironment heterogeneity yields an S3-fibroblast signature associated with prognosis in pan-cancer testing.,NR,Spatial immune/stromal architecture characterization in MIBC IMC data.,REV-ALCIDES-AI,2026-09-23,needs_review,"Borderline scope: tiny IMC discovery cohort and prognostic testing spans nine TCGA tumor types, not BLCA-specific validation per appraisal_note.",yes,batch-04
REC-AIBIOGU-000281,Zhan2024,Identification and validation of the nicotine metabolism-related signature of bladder cancer by bioinformatics and machine learning,2024,Front Immunol,10.3389/fimmu.2024.1465638,bladder_urothelial,,retrospective cohort / translational bioinformatic (public transcriptomic data + integrative machine learning + in vitro functional validation),multiple_public,"TCGA-BLCA (n=400, randomly split 1:1 into TCGA-train/TCGA-test); GSE32894 (n=308, validation); GSE13507 and GSE31684 (additional validation); IMvigor210 (n=298, immunotherapy response validation); GSE130001 (single-cell, via TISCH)",400,patients,transcriptomics,"Bulk RNA-seq (TCGA-BLCA, GEO cohorts, IMvigor210); scRNA-seq (GSE130001/TISCH) for cell-type expression validation",prognostic_prediction,"10 ML algorithms in 100 integrative combinations (stepwise Cox, random survival forest, elastic network, SuperPC, plsRcox, CoxBoost, survival-SVM, Lasso, Ridge, GBM); selected model: RSF; consensus clustering; CIBERSORT and other deconvolution algorithms","91 prognostic DEGs (from 331 nicotine metabolism cluster-associated DEGs), reduced via 100 ML combinations to 4-gene signature","Nicotine metabolism-related signature (NRS), 4-gene: AHNAK, MKRN1, SFXN4, ZMYND8",prognostic,C-index,"Highest average C-index 0.763 (RSF, averaged across TCGA-test and GSE32894); ROC AUC in TCGA-train 0.973/0.981/0.982 at 1/3/5-year OS; prognostic value confirmed by significant KM differences in TCGA-all/test, GSE32894, GSE13507, GSE31684.",external_cohort,"Signature developed via 100 ML combinations in TCGA-train (1:1 internal split of TCGA-BLCA n=400), optimal model selected by C-index across TCGA-test and GSE32894. Additionally validated in genuinely independent external cohorts: GSE32894, GSE13507, GSE31684 (prognostic) and IMvigor210 (n=298, immunotherapy response) - separate GEO/clinical-trial datasets.",yes,yes,none_stated,NR,NR,"A 4-gene nicotine metabolism-related signature (AHNAK, MKRN1, SFXN4, ZMYND8), derived from 10 ML algorithms (best RSF, C-index 0.763), showed strong reproducible prognostic performance (1/3/5-year AUC 0.973-0.982) across TCGA and multiple independent GEO cohorts, correlated with tumor immune microenvironment and predicted immunotherapy response (IMvigor210); in vitro, MKRN1 knockdown reduced nicotine-induced proliferation/migration.",Construction and validation based entirely on public database data; clinical samples and prospectively collected information needed to assess real-world effectiveness; lack of in vivo experiments limits mechanistic exploration of MKRN1.,"Three nicotine-metabolism consensus clusters with distinct prognosis/TME profiles. NRS positively correlated with most immune checkpoints; high-NRS patients showed poorer survival AND worse immunotherapy response in IMvigor210 despite higher checkpoint expression. Nomogram combining NRS + clinical variables. MKRN1 knockdown functionally validated (reduced proliferation, colony formation, migration).",REV-ALCIDES-AI,2026-09-23,complete,Validation design is mixed (internal TCGA-train/test split for model selection + genuine external cohorts GSE32894/13507/31684 and IMvigor210); coded as external_cohort with full design described in validation_detail. Funding/COI not present in extracted excerpt; coded NR.,no,pilot
REC-AIBIOGU-000283,Zheng2024,Development and validation of a radiomics-based nomogram for predicting pathological grade of upper urinary tract urothelial carcinoma.,2024,BMC Cancer,10.1186/s12885-024-13325-z,bladder_urothelial,,Single-center retrospective CTU radiomics cohort,own_cohort,167 UTUC patients post-RNU with preoperative CTU; random train/validation split.,167,patients,radiology_imaging,Multiphase CTU radiomics with ML feature selection,diagnostic_prediction,"Random forest, SVM, XGBoost, and logistic regression nomogram",Phase-specific radiomics scores plus clinical predictors,CTU radiomics nomogram for high-grade UTUC,diagnostic,AUC,Validation-set nomogram AUC=0.844; accuracy=0.793.,internal_holdout,Single-center random split only; no external multicenter cohort per appraisal_note.,NR,NR,none_stated,NR,NR,Multiphase CTU radiomics nomogram preoperatively predicts high-grade UTUC with strong internal validation AUC.,NR,Decision curve analysis for clinical net benefit.,REV-ALCIDES-AI,2026-09-23,complete,Single-center train/validation design per appraisal_note.,no,batch-04
REC-AIBIOGU-000284,Xiao2024,Comprehensive analysis of single-cell and bulk RNA sequencing reveals postoperative progression markers for non-muscle invasive bladder cancer and predicts responses to immunotherapy.,2024,Discov Oncol,10.1007/s12672-024-01548-2,bladder_urothelial,,GEO meta-analysis with DepMap ML drug-response modeling,multiple_public,Multiple GEO NMIBC/MIBC datasets plus DepMap for inhibitor response ML.,NR,samples,transcriptomics,Bulk expression with Boruta/RF drug-efficacy models,prognostic_prediction,Boruta feature selection; random forest DepMap drug-response models,"Core NMIBC progression genes AURKB, GINS2, UHRF1",Online NMIBC postoperative progression nomogram (GINS2-centered),prognostic,AUC,"1-/2-/3-year AUC: AURKB 0.78/0.70/0.66, GINS2 0.80/0.69/0.71, UHRF1 0.79/0.66/0.70; three-gene nomogram AUC greater than 0.7 at 1, 2, and 3 years",external_cohort,Prognostic genes derived from multiple GEO cohorts; RF models trained on DepMap for inhibitor efficacy prediction.,NR,NR,none_stated,NR,NR,"Three core genes (AURKB, GINS2, UHRF1) predict NMIBC progression; online nomogram and GINS2 functional validation support GINS2 as therapeutic target.",NR,Immune infiltration associations; RT-qPCR/CCK-8/Transwell validation of GINS2.,REV-ALCIDES-AI,2026-09-23,complete,Gene-level AUCs and the nomogram bound are the printed performance for postoperative NMIBC progression.,no,batch-04
REC-AIBIOGU-000285,Zhang2024,A basement membrane-related signature for prognosis and immunotherapy benefit in bladder cancer based on machine learning.,2024,Discov Oncol,10.1007/s12672-024-01381-7,bladder_urothelial,,Public bulk transcriptomics basement-membrane ML signature,multiple_public,TCGA-BLCA plus GEO cohorts; melanoma ICI datasets GSE78220/GSE91061 for immunotherapy proxy.,409,samples,transcriptomics,Basement membrane-related gene expression,prognostic_prediction,Ten ML methods; optimal MRS algorithm (10 genes),Basement membrane-related signature (MRS) genes,Basement membrane-related signature (MRS),prognostic,C-index,Mean C-index=0.72 for optimal MRS in TCGA.,external_cohort,MRS validated across TCGA and GEO BLCA cohorts; immunotherapy analyses use melanoma ICI cohorts.,NR,NR,none_stated,NR,NR,MRS stratifies BLCA prognosis and immune features; low MRS associated with better immunotherapy response in proxy analyses.,NR,Comparison against 52 published prognostic signatures by C-index.,REV-ALCIDES-AI,2026-09-23,needs_review,Immunotherapy validation relies on cutaneous melanoma ICI cohorts as BLCA proxy per appraisal_note.,yes,batch-04
REC-AIBIOGU-000286,Wang2024,Leveraging programmed cell death signature to predict clinical outcome and immunotherapy benefits in postoperative bladder cancer.,2024,Sci Rep,10.1038/s41598-024-73571-w,bladder_urothelial,,Integrative ML on public BLCA transcriptomics cohorts,multiple_public,"TCGA-BLCA plus GSE13507, GSE31684, GSE32984, GSE48276.",409,samples,transcriptomics,Cuproptosis-related gene expression,prognostic_prediction,StepCox[backward] + Ridge (optimal CDS),13 cuproptosis-related genes (CDS),Cuproptosis-related prognostic signature (CDS score),prognostic,C-index,Highest average C-index 0.71; TCGA 3-/5-/7-year AUC 0.740/0.763/0.820.,external_cohort,CDS selected by mean C-index across TCGA and four GEO validation cohorts.,NR,NR,none_stated,NR,NR,CDS score independently predicts BLCA survival and exceeds many published signatures in TCGA comparisons.,NR,Immune infiltration and checkpoint differences by CDS risk groups.,REV-ALCIDES-AI,2026-09-23,complete,,no,batch-04
REC-AIBIOGU-000287,Chen2024,A platelet-related signature for predicting the prognosis and immunotherapy benefit in bladder cancer based on machine learning combinations.,2024,Transl Androl Urol,10.21037/tau-24-80,bladder_urothelial,,Public bulk transcriptomics pyroptosis ML signature,multiple_public,TCGA-BLCA plus GEO cohorts; melanoma ICI datasets GSE91061/GSE78220 for response proxy.,409,samples,transcriptomics,Pyroptosis-related gene expression,prognostic_prediction,Elastic net (alpha=0.4) among 10 ML methods,Pyroptosis-related signature (PRS) genes,Pyroptosis-related signature (PRS),prognostic,C-index,Highest average C-index 0.73; TCGA 1-/3-/5-year AUC 0.754/0.779/0.806.,external_cohort,PRS validated across TCGA and GEO BLCA cohorts; immunotherapy analyses use melanoma ICI cohorts.,NR,NR,none_stated,NR,NR,PRS stratifies BLCA survival and immune activation; low PRS linked to higher immune activation and ICI benefit in proxy cohorts.,NR,Immune cell infiltration and checkpoint comparisons by PRS.,REV-ALCIDES-AI,2026-09-23,needs_review,Immunotherapy validation uses cutaneous melanoma ICI cohorts as BLCA proxy per appraisal_note.,yes,batch-04
REC-AIBIOGU-000290,Lin2024,Characterization of the stem cell landscape and identification of a stemness-associated prognostic signature in bladder cancer.,2024,Cancer Cell Int,10.1186/s12935-024-03465-4,bladder_urothelial,,scRNA-seq CSC discovery with bulk CSCLPI prognostic modeling,multiple_public,scRNA-seq BLCA atlas plus bulk TCGA/GEO cohorts for CSCLPI validation.,409,samples,transcriptomics,scRNA-seq malignant epithelial clusters and bulk RNA-seq,prognostic_prediction,Random survival forest (CSCLPI),Cancer stem cell-associated genes (CSCLPI),CSC-like prognostic index (CSCLPI) with nomogram,prognostic,C-index,RSF model highest average C-index 0.659; nomogram C-index 0.743 (95% CI 0.665-0.821),external_cohort,CSCLPI developed from CSC scRNA analysis and tested on bulk BLCA survival cohorts.,NR,NR,none_stated,NR,NR,CSCLPI predicts BLCA overall survival and associates with CAF levels and drug response evaluation.,NR,C2 CSC cluster interactions with CAFs and immune cells via multiple signaling pathways.,REV-ALCIDES-AI,2026-09-23,complete,Model selection used the average C-index 0.659; the nomogram C-index 0.743 is the fitted prognostic tool. One-year AUC of CSCLPI was 0.749 in a comparison with other signatures.,no,batch-04
REC-AIBIOGU-000291,Hu2024,Multi-DECT Image-based Intratumoral and Peritumoral Radiomics for Preoperative Prediction of Muscle Invasion in Bladder Cancer.,2024,Acad Radiol,10.1016/j.acra.2024.08.010,bladder_urothelial,,Single-center retrospective DECT radiomics cohort,own_cohort,202 BLCA patients after exclusions; internal train/test split for DECT models.,202,patients,radiology_imaging,Dual-energy CT intratumoral/peritumoral radiomics,diagnostic_prediction,Radiomics ML with logistic nomogram,Combined intratumoral/peritumoral DECT radiomics plus clinical variables,DECT radiomics-clinical nomogram for muscle invasion,diagnostic,AUC,Test cohort nomogram AUC=0.886 (accuracy 0.836).,internal_holdout,Single-institution internal train/test split only per appraisal_note.,NR,NR,none_stated,NR,NR,Combined DECT radiomics nomogram outperformed single-region models for preoperative muscle-invasion prediction.,NR,40 keV and iodine-material-density model comparisons.,REV-ALCIDES-AI,2026-09-23,complete,,no,batch-04
REC-AIBIOGU-000292,Hao2024,Development of prognostic model incorporating a ferroptosis/cuproptosis-related signature and mutational landscape analysis in muscle-invasive bladder cancer.,2024,BMC Cancer,10.1186/s12885-024-12741-5,bladder_urothelial,,TCGA training with GEO and cBioPortal validation plus RT-qPCR,multiple_public,TCGA-BLCA training; GSE13507 and GSE32894 test; cBioPortal mutations.,409,samples,transcriptomics,Ferroptosis/cuproptosis-related gene expression,prognostic_prediction,Multiple ML with Cox feature selection,"Weighted expression of hub genes SCD, DDR2, MT1A",Ferroptosis/cuproptosis-related prognostic signature,prognostic,C-index,Nomogram C-index 0.660 (95% CI 0.639-0.681) in the training cohort and 0.752 (95% CI 0.724-0.781) in the test dataset,external_cohort,Signature trained on TCGA MIBC and validated in GSE13507 and GSE32894 with nomogram calibration.,NR,NR,none_stated,NR,NR,Three-gene ferroptosis/cuproptosis signature stratifies MIBC OS and links to immunosuppression and therapy associations.,NR,SCD knockdown functional assays; CNV and TME analyses by risk group.,REV-ALCIDES-AI,2026-09-23,complete,Printed discrimination is the nomogram C-index. Time-dependent AUC is mentioned in figure legends without a number in the text. High versus low risk score HR 1.655 (95% CI 1.211-2.261) in TCGA.,no,batch-04
REC-AIBIOGU-000293,Chen2024,Machine learning developed an intratumor heterogeneity signature for predicting clinical outcome and immunotherapy benefit in bladder cancer.,2024,Transl Androl Urol,10.21037/tau-24-5,bladder_urothelial,,Public bulk transcriptomics immune-related signature modeling,multiple_public,TCGA-BLCA plus GEO cohorts; melanoma ICI cohorts GSE91061/GSE78220 for response proxy.,409,samples,transcriptomics,Immune-related gene expression,prognostic_prediction,Elastic net (alpha=0.2) among integrated ML,Immune-related signature (IRS) genes,Immune-related signature (IRS),prognostic,C-index,Highest average C-index 0.69; TCGA 1-/3-/5-year AUC 0.744/0.791/0.816.,external_cohort,IRS validated across TCGA and GEO BLCA datasets; ICI analyses use melanoma proxy cohorts.,NR,NR,none_stated,NR,NR,IRS independently predicts BLCA prognosis and separates immune/TME features between risk groups.,NR,Immunotherapy response evaluation using external melanoma ICI datasets.,REV-ALCIDES-AI,2026-09-23,needs_review,Immunotherapy validation uses melanoma ICI cohorts as BLCA proxy per appraisal_note.,yes,batch-04
REC-AIBIOGU-000294,Zhang2024,Exploring prognostic DNA methylation genes in bladder cancer: a comprehensive analysis.,2024,Discov Oncol,10.1007/s12672-024-01206-7,bladder_urothelial,,DNA methylation prognostic modeling across public cohorts,multiple_public,"TCGA-BLCA training with GSE13507, GSE32894, GSE48276, GSE70691 validation.",409,samples,epigenomics_methylation,Promoter methylation of prognostic genes,prognostic_prediction,survival-SVM combinations (C-index>=0.6 filter),Methylation-based prognostic gene signature,Methylation prognostic signature,prognostic,C-index,"StepCox[both]+survivalSVM C-index 0.611 (GSE13507), 0.746 (GSE32894), 0.648 (GSE48276), 0.617 (GSE70691); average C-index 0.655",external_cohort,Algorithm selected by highest average C-index across TCGA and four GEO cohorts (threshold C-index>=0.6).,NR,NR,none_stated,NR,NR,Methylation signature stratifies BLCA survival across multiple independent validation cohorts.,NR,Single- and multi-factor Cox analyses with clinical covariates.,REV-ALCIDES-AI,2026-09-23,complete,These are the printed C-index values used to select StepCox[both]+survivalSVM. Nine-gene ROC AUCs are described only as above 0.6.,no,batch-04
REC-AIBIOGU-000296,Li2024,Compressed sensing 3D T2WI radiomics model: improving diagnostic performance in muscle invasion of bladder cancer.,2024,BMC Med Imaging,10.1186/s12880-024-01318-0,bladder_urothelial,,Prospective single-center MRI radiomics cohort,own_cohort,108 BLCA patients; internal train/validation split for MRI models.,108,patients,radiology_imaging,3D T2-weighted MRI radiomics,diagnostic_prediction,Radiomics ML with clinical-radiomics nomogram,MRI radiomics features plus three clinical indices,Radiomics-clinical nomogram for pathological grade,diagnostic,AUC,Radiomics-clinical nomogram AUC=0.88 (95% CI 0.75-1.00).,internal_holdout,Prospective recruitment with internal train/validation only; no external cohort per appraisal_note.,NR,NR,none_stated,NR,NR,MRI radiomics-clinical nomogram improved preoperative grade prediction versus clinical model alone.,NR,Comparison of 3D-CS-T2-weighted versus standard T2 sequences.,REV-ALCIDES-AI,2026-09-23,complete,Convenience prospective sample with internal split only per appraisal_note.,no,batch-04
REC-AIBIOGU-000297,Li2024,"Single-cell and bulk RNA-sequence identiﬁed ﬁbroblasts signature and CD8 + T-cell - ﬁbroblast subtype predicting prognosis and immune therapeutic response of bladder cancer, based on machine learning: bioinformatics multi-omics study.",2024,Int J Surg,10.1097/js9.0000000000001516,bladder_urothelial,,Large-scale scRNA and bulk CAF integrative modeling,multiple_public,Multiple scRNA-seq and bulk BLCA cohorts across independent datasets.,409,samples,transcriptomics,scRNA-seq CAF mapping and bulk FRG modeling,prognostic_prediction,Ten ML algorithms for 3-gene FRGI,Three-gene fibroblast-related index (FRGI),FRGI and CD8-FRG molecular subtypes,prognostic,AUC,"FRGI nomogram OS AUC: TCGA-BLCA 0.71, 0.70, and 0.72; GSE32894 0.78, 0.82, and 0.84; IMvigor210 0.95, 0.87, and 0.83. The text labels the first and third time point in each series as 1 year and the middle as 3 years.",external_multicenter,FRGI nomogram and fibroblast hot/cold subtypes validated in five independent BLCA cohorts.,NR,NR,none_stated,NR,NR,FRGI and CD8-FRG subtypes predict BLCA prognosis and immunotherapy response across multiple cohorts.,NR,Pathway and epigenetic characterization of FRG subtypes.,REV-ALCIDES-AI,2026-09-23,needs_review,"A C-index is not reported. Each nomogram AUC series prints two values labeled 1 year, so the time point for 0.72, 0.84, and 0.83 is ambiguous in the full text.",yes,batch-04
REC-AIBIOGU-000298,Zhou2024,"Analysis of Bladder Cancer Staging Prediction Using Deep Residual Neural Network, Radiomics, and RNA-Seq from High-Definition CT Images.",2024,Genet Res (Camb),10.1155/2024/4285171,bladder_urothelial,,TCIA imaging with TCGA RNA-seq fusion modeling,multiple_public,82 patients linking TCIA CT imaging to TCGA RNA-seq; internal modeling without external cohort.,82,patients,multiomics,CT radiomics plus RNA-seq gene signatures,prognostic_prediction,Deep residual neural network with radiomics and RNA-seq integration,Radiomics features and RNA-seq gene signature,Combined radiomics-gene nomogram for staging/survival,prognostic,AUC,"Nomogram AUC 0.870 (1-year), 0.873 (3-year), 0.971 (5-year).",internal_split_only,Single combined TCIA-TCGA cohort without independent external validation per appraisal_note.,NR,NR,none_stated,NR,NR,Integrated CT radiomics and RNA-seq signatures improve BLCA staging/survival prediction in the small linked cohort.,NR,Separate radiomics and gene signature components analyzed before nomogram integration.,REV-ALCIDES-AI,2026-09-23,complete,Small single-cohort design (n=82) without external validation per appraisal_note.,no,batch-04
REC-AIBIOGU-000299,Zhang2024,Predicting preoperative muscle invasion status for bladder cancer using computed tomography-based radiomics nomogram.,2024,BMC Med Imaging,10.1186/s12880-024-01276-7,bladder_urothelial,,Single-center retrospective CT radiomics cohort,own_cohort,196 BCa patients (May 2018-Apr 2023) with internal train/test split.,196,patients,radiology_imaging,CT urography radiomics with clinical nomogram,diagnostic_prediction,Radiomics feature selection with logistic nomogram,Radiomics signature plus clinical features,CT radiomics-clinical nomogram for muscle invasion,diagnostic,AUC,Test cohort combined nomogram AUC=0.896 versus radiomics alone 0.811.,internal_holdout,Single-center train/test split only; no external validation per appraisal_note.,NR,NR,none_stated,NR,NR,Combined radiomics-clinical nomogram improved muscle-invasion prediction versus radiomics or clinical models alone.,NR,NR,REV-ALCIDES-AI,2026-09-23,complete,,no,batch-04
REC-AIBIOGU-000302,Baek2024,A Multi-Gene Signature of Non-Muscle-Invasive Bladder Cancer Identifies Patients Who Respond to Immunotherapies Including Bacillus Calmette-Guérin and Immune Checkpoint Inhibitors.,2024,Int J Mol Sci,10.3390/ijms25073800,bladder_urothelial,,NMIBC multi-cohort gene signature for immunotherapy response,multiple_public,UROMOL2016 (n=476) plus six validation cohorts including BRS and IMvigor210.,476,samples,transcriptomics,Bulk RNA-seq NMIBC subtype and immunotherapy response modeling,treatment_response_prediction,Consensus clustering and multi-gene signature classification,NMIBC multi-gene immunotherapy-response signature,NMIBC gene signature for BCG and ICI response,predictive_response,NR,NR,external_cohort,Signature applied to UROMOL2016 and six independent cohorts including BCG-treated BRS and ICI-treated IMvigor210.,NR,yes,none_stated,NR,NR,NMIBC multi-gene signature identifies patients likely to respond to BCG and immune checkpoint inhibitors across dedicated BLCA immunotherapy cohorts.,NR,Biological pathway differences among NMIBC molecular subtypes.,REV-ALCIDES-AI,2026-09-23,complete,On-target BLCA immunotherapy validation cohorts per appraisal_note.,no,batch-04
REC-AIBIOGU-000303,Cai2024,Deciphering the prognostic features of bladder cancer through gemcitabine resistance and immune-related gene analysis and identifying potential small molecular drug PIK-75.,2024,Cancer Cell Int,10.1186/s12935-024-03258-9,bladder_urothelial,,Public chemoresistance signature with experimental RAC3 validation,multiple_public,TCGA/GEO BLCA cohorts for uni-variate Cox signature; organoid and animal RAC3/PIK-75 validation.,409,samples,transcriptomics,Chemoresistance-related gene expression,prognostic_prediction,Univariate Cox-selected chemoresistance signature,Chemoresistance-related gene expression panel (RAC3-centered),Chemoresistance prognostic signature,predictive_response,C-index,"GIRS C-index 0.7021958 (95% CI 0.6606-0.7438); 1-/3-/5-year AUC 0.738, 0.779, and 0.751. GSE13507 GIRS C-index 0.5953 (95% CI 0.5216-0.6690). Nomogram C-index 0.7195 in TCGA-BLCA and 0.9262 in GSE32894.",external_cohort,Signature derived from public BLCA cohorts with orthogonal organoid/animal drug-response validation.,NR,NR,none_stated,NR,NR,Chemoresistance signature predicts BCa prognosis and treatment preferences; RAC3 inhibition sensitizes cells to PIK-75 in organoid/animal models.,NR,"IHC, RT-qPCR/Western blot, organoid and in vivo RAC3 targeting experiments.",REV-ALCIDES-AI,2026-09-23,complete,Primary number is the GIRS C-index. The GSE32894 nomogram C-index 0.9262 is much higher than the signature C-index and is listed separately. Experimental RAC3/PIK-75 validation is unchanged.,no,batch-04
REC-AIBIOGU-000304,Li2024,Prediction of histopathologic grades of bladder cancer with radiomics based on MRI: Comparison with traditional MRI.,2024,Urol Oncol,10.1016/j.urolonc.2024.02.008,bladder_urothelial,,Single-center retrospective MRI radiomics cohort,own_cohort,255 BCa patients with internal train/validation split.,255,patients,radiology_imaging,ADC and T2WI MRI radiomics,diagnostic_prediction,Radiomics ML classifiers for grade prediction,ADC and T2WI radiomics signatures,MRI radiomics models for preoperative grade,diagnostic,AUC,Combined model AUC up to 0.899 in training set (ADC/T2WI models 0.888/0.875).,internal_holdout,Single-center train/validation split only per appraisal_note.,NR,NR,none_stated,NR,NR,MRI radiomics outperformed traditional MRI models for preoperative BCa grade prediction.,NR,NR,REV-ALCIDES-AI,2026-09-23,complete,,no,batch-04
REC-AIBIOGU-000305,Yang2024,Enhancing recurrence risk prediction for bladder cancer using multi-sequence MRI radiomics.,2024,Insights Imaging,10.1186/s13244-024-01662-3,bladder_urothelial,,Single-center retrospective multi-sequence MRI radiomics cohort,own_cohort,"229 BCa patients (160 train, 69 validation) with preoperative MRI.",229,patients,radiology_imaging,Multi-sequence MRI radiomics with clinical nomogram,prognostic_prediction,Radiomics Cox/LASSO with clinical nomogram,MRI radiomics plus clinical variables for RFS,Radiomics-clinical nomogram for recurrence-free survival,prognostic,C-index,C-index 0.853 (training) and 0.832 (validation).,internal_holdout,Single-center internal validation only per appraisal_note.,NR,NR,none_stated,NR,NR,Multi-sequence MRI radiomics nomogram improved RFS prediction versus clinical model alone.,NR,NR,REV-ALCIDES-AI,2026-09-23,complete,,no,batch-04
REC-AIBIOGU-000306,Feng2024,Prediction of Ki-67 expression in bladder cancer based on CT radiomics nomogram.,2024,Front Oncol,10.3389/fonc.2024.1276526,bladder_urothelial,,Single-center retrospective contrast-enhanced CT radiomics cohort,own_cohort,"135 BCa patients (79 high Ki-67, 56 low) with train/validation split.",135,patients,radiology_imaging,Contrast-enhanced CT radiomics for Ki-67 prediction,diagnostic_prediction,LASSO/logistic radiomics nomogram,CT radiomics features for Ki-67 status,CT radiomics nomogram for preoperative Ki-67 expression level,diagnostic,AUC,Radiomics nomogram AUC 0.836 in the training set and 0.887 in the validation set (AIC 103.16),internal_holdout,Small single-center train/validation split only per appraisal_note.,NR,NR,none_stated,NR,NR,CE-CT radiomics nomogram non-invasively predicts Ki-67 expression in BCa.,NR,NR,REV-ALCIDES-AI,2026-09-23,complete,Lead metric is the radiomics nomogram AUC for Ki-67. Clinical-factor and radiomics-signature AUCs were lower (training 0.652 and 0.821; validation 0.625 and 0.877).,no,batch-04
REC-AIBIOGU-000307,Shen2024,Comprehensive analysis of mitochondria-related genes indicates that PPP2R2B is a novel biomarker and promotes the progression of bladder cancer via Wnt signaling pathway.,2024,Biol Direct,10.1186/s13062-024-00461-6,bladder_urothelial,,TCGA-centric mitochondrial gene diagnostic modeling with in-house RT-PCR,public_plus_own,TCGA-BLCA plus in-house RT-PCR validation; no independent public validation cohort described.,411,samples,transcriptomics,Mitochondrial retrograde signaling gene expression,biomarker_discovery_association,Differential expression and ML diagnostic gene prioritization,Mitochondrial retrograde signaling related genes,Mitochondrial retrograde signaling diagnostic gene panel,diagnostic,NR,NR,internal_split_only,Primary analyses on TCGA with local RT-PCR; no separate public external validation cohort in slice.,NR,NR,none_stated,NR,NR,Mitochondrial retrograde signaling genes distinguish BC subgroups and support diagnostic biomarker candidates validated by RT-PCR.,NR,Mechanistic mitochondrial-nuclear crosstalk analyses in BC.,REV-ALCIDES-AI,2026-09-23,complete,Limited to TCGA plus in-house RT-PCR without independent public validation per appraisal_note.,no,batch-04
REC-AIBIOGU-000308,Lv2024,Feasibility analysis of arterial CT radiomics model to predict the risk of local and metastatic recurrence after radical cystectomy for bladder cancer.,2024,Discov Oncol,10.1007/s12672-024-00880-x,bladder_urothelial,,Single-center retrospective arterial CT radiomics cohort,own_cohort,134 BCa patients post-RC (24 recurrences) with train/validation split.,134,patients,radiology_imaging,Arterial phase CT radiomics with clinical nomogram,prognostic_prediction,Radiomics LASSO with logistic/clinical nomogram,Radiomics features plus clinical risk factors for 3-year recurrence,Radiomics-clinical nomogram for post-RC recurrence risk,prognostic,AUC,Validation AUC=0.883 (95% CI 0.777-0.989); training AUC=0.840.,internal_holdout,Single-center internal validation with low recurrence events (24/134) per appraisal_note.,NR,NR,none_stated,NR,NR,Preoperative arterial CT radiomics nomogram predicts 3-year local/metastatic recurrence after RC.,NR,NR,REV-ALCIDES-AI,2026-09-23,complete,Low events-per-variable ratio and no external validation per appraisal_note.,no,batch-04
REC-AIBIOGU-000310,Wei2024,A CT-based deep learning model predicts overall survival in patients with muscle invasive bladder cancer after radical cystectomy: a multicenter retrospective cohort study.,2024,Int J Surg,10.1097/js9.0000000000001194,bladder_urothelial,,Four-center retrospective MIBC CT deep learning survival cohort,own_cohort,405 MIBC RC patients across four centers with internal and external validation sets (317 external per appraisal).,405,patients,radiology_imaging,Preoperative CT deep learning (CBAM) plus handcrafted radiomics,prognostic_prediction,CBAM deep learning model plus radiomics; DLRN nomogram,"DL-score, Rad-score, and clinicopathologic variables",Deep learning radiomics nomogram (DLRN) for post-RC OS,prognostic,C-index,DLRN C-index 0.713 internal validation and 0.685 external validation; DL-score outperformed radiomics/clinical models.,external_multicenter,TRIPOD/STROCSS registered multicenter study with internal and external validation sets.,NR,NR,TRIPOD,NR,NR,Preoperative CT deep learning score independently predicts MIBC post-RC overall survival and improves nomogram discrimination.,NR,Time-dependent ROC for DL-score versus radiomics and clinical models.,REV-ALCIDES-AI,2026-09-23,complete,Four-center TRIPOD-adherent DL+radiomics nomogram per appraisal_note.,no,batch-04
REC-AIBIOGU-000311,Wei2024,Development and validation of a CT-based deep learning radiomics nomogram to predict muscle invasion in bladder cancer,2024,Heliyon,10.1016/j.heliyon.2024.e24878,bladder_urothelial,,"retrospective cohort, multi-center (2 independent centers)",own_cohort,"Center 1 (First Affiliated Hospital of Chongqing Medical University): training (n=226) and internal validation (n=97), Jan 2013-Dec 2021, randomly split 7:3. Center 2 (Second Affiliated Hospital of Chongqing Medical University): independent external validation (n=52), Jan 2018-Jun 2022.",375,patients,radiology_imaging,"Preoperative contrast-enhanced CT, nephrographic phase; handcrafted radiomics features (pyradiomics, 1218 features) + deep learning features (ResNet-50 transfer learning, 1024 features)",diagnostic_prediction,"LASSO regression with 5-fold CV (feature selection); multivariate logistic regression (radiomics/DL/combined models); ResNet-50 CNN (pretrained, transfer learning)",11 handcrafted radiomics features + 22 deep learning features combined into a deep learning radiomics nomogram (DLRN),Deep learning radiomics nomogram (DLRN) combining radiomics signature and DL signature,diagnostic,AUC,"Combined model (DLRN) AUC: training 0.939 (95% CI 0.911-0.968), internal validation 0.884 (95% CI 0.813-0.953), external validation 0.862 (95% CI 0.756-0.968). External validation accuracy/sensitivity/specificity: 0.85/0.89/0.79.",external_multicenter,"Model developed/internally validated in Center 1 (training n=226, internal validation n=97, random 7:3 split), independently externally validated in Center 2 (n=52), a genuinely separate hospital with a different recruitment period. True second-center external validation, counterbalanced by authors' acknowledgment of retrospective, single-region (southwest China) selection bias.",NR,upon_request,none_stated,Chongqing Talent Program [grant number CQYC202003],none_declared,"A CT-based deep learning radiomics nomogram (DLRN), combining handcrafted radiomics and ResNet-50-derived deep learning features, predicted muscle invasion in bladder cancer with AUC 0.884 (internal validation) and 0.862 (independent external validation, second center; total n=375 across 2 centers).","Retrospectively collected from a single hospital with relatively small sample size, subject to selection bias; potential for overfitting; all patients from same administrative district in southwest China despite external validation, requiring cross-regional multi-center prospective data; genetic markers not incorporated; ROI manually segmented, may be subjectively biased.",Combined model vs radiomics-only significantly different (p<0.001); combined vs DL-only not significant (p=0.061). Radiomics signature (OR 1.529) and DL signature (OR 2.232) both independent predictors of muscle invasion.,REV-ALCIDES-AI,2026-09-23,complete,"validation_level coded external_multicenter (genuine second-center cohort), consistent with appraisal_note characterizing this as real external validation counterbalanced by acknowledged retrospective/single-region selection bias.",no,pilot
REC-AIBIOGU-000313,Sun2024,Preoperative CT-based deep learning radiomics model to predict lymph node metastasis and patient prognosis in bladder cancer: a two-center study.,2024,Insights Imaging,10.1186/s13244-023-01569-5,bladder_urothelial,,Two-center retrospective CT lymph-node prediction cohort,own_cohort,"239 BCa patients (185 train, 54 external test) from two centers.",239,patients,radiology_imaging,Three-phase CT radiomics with clinical model and SMOTE,diagnostic_prediction,Radiomics ML with SMOTE for class imbalance,CT radiomics and clinical predictors for nodal metastasis,Combined radiomics-clinical model for lymph node metastasis,diagnostic,AUC,Training AUC=0.764; external test AUC reported up to 0.893 for combined model in slice.,external_cohort,External test set n=54 at second center; SMOTE applied for imbalance per appraisal_note.,NR,NR,none_stated,NR,NR,CT radiomics-clinical model predicts BCa lymph node metastasis with external test performance exceeding clinical-only models.,NR,NR,REV-ALCIDES-AI,2026-09-23,complete,,no,batch-04
REC-AIBIOGU-000314,Cai2024,Radiomics nomogram for predicting disease-free survival after partial resection or radical cystectomy in patients with bladder cancer.,2024,Br J Radiol,10.1093/bjr/tqad010,bladder_urothelial,,Single-center multi-sequence MRI radiomics DFS cohort,own_cohort,80 BCa patients after PR/RC with LAE; 56 train/24 validation.,80,patients,radiology_imaging,Four MRI sequence radiomics with clinicopathologic nomogram,prognostic_prediction,Radiomics Rad-score with Cox/clinical nomogram,MRI radiomics Rad-score plus clinicopathologic factors,MRI radiomics nomogram for disease-free survival,prognostic,C-index,Combined nomogram C-index 0.807 (95% CI 0.713-0.901) versus clinicopathologic 0.654.,internal_holdout,Very small single-center split (n=80) without external validation per appraisal_note.,NR,NR,none_stated,NR,NR,Multi-sequence MRI radiomics nomogram improves DFS prediction after bladder cancer surgery versus clinical factors alone.,NR,NR,REV-ALCIDES-AI,2026-09-23,complete,High feature-to-sample ratio and no external cohort per appraisal_note.,no,batch-04
REC-AIBIOGU-000317,Liosis2023,Genomic Biomarker Discovery in Disease Progression and Therapy Response in Bladder Cancer Utilizing Machine Learning.,2023,Cancers (Basel),10.3390/cancers15194801,bladder_urothelial,,retrospective single-center cohort,own_cohort,University of Calgary bladder cancer RNA-seq cohort (102 samples; 98 predominantly urothelial).,102,samples,transcriptomics,SCAN-normalized RNA-seq gene expression,treatment_response_prediction,"Elastic-net logistic regression (glmnet, alpha 0.5); 10-fold cross-validation to choose lambda; one fixed 70/30 train/test split",55-gene overlap signature from differential expression and repeated elastic-net selection,55-gene elastic-net signature for therapy response,predictive_response,AUC,Therapy-response AUC 0.7174; accuracy 77.42% (95% CI 0.589-0.9041),internal_holdout,"Lambda chosen by 10-fold cross-validation, then one fixed 70/30 split. No external cohort. The test-set headcount is not stated separately from the 102-sample cohort.",NR,upon_request,none_stated,No external funding,none_declared,A 55-gene elastic-net signature predicted therapy response with AUC 0.7174 and accuracy 77.42% on an internal 70/30 split of a University of Calgary bladder cancer cohort.,"Authors state that external validation is still needed, and they describe the disease-progression model as perfectly separating the classes.",Disease-progression signature (57 genes): accuracy 92.11% (95% CI 0.7862-0.9834) and AUC 1.0.,REV-ALCIDES-AI,2026-09-23,needs_review,Primary axis is therapy response. Disease-progression AUC 1.0 is the authors' perfect-separation result and is not the primary metric. The exact test-set N inside the 102-sample split is not stated.,yes,batch-04
REC-AIBIOGU-000319,Liu2023,Identifying possible hub genes and biological mechanisms shared between bladder cancer and inflammatory bowel disease using machine learning and integrated bioinformatics.,2023,J Cancer Res Clin Oncol,10.1007/s00432-023-05266-0,bladder_urothelial,,IBD-BC comorbidity bioinformatics with ML classification,multiple_public,GEO and TCGA datasets for shared IBD and BC differential expression and WGCNA.,409,samples,transcriptomics,Shared IBD-BC DEG and hub-gene networks,classification_subtyping,Three ML classification algorithms on ten hub genes,"Ten hub DEGs (AURKB, CDK1, CCNA2-centered)",Ten-gene IBD-BC overlap prognostic/classification signature,prognostic,accuracy,IBD/BC classification accuracy >0.80 for three ML algorithms (slice results).,internal_split_only,Models trained on overlapping IBD-BC gene space without BLCA-specific external validation described.,NR,NR,none_stated,NR,NR,Shared IBD-BC hub genes form ML classifiers with >80% accuracy and a prognostic signature linking comorbidity mechanisms.,NR,miRNA/TF regulatory networks and drug-gene interaction screening.,REV-ALCIDES-AI,2026-09-23,needs_review,Borderline scope: primary framing is IBD-BC comorbidity pathogenesis rather than BC-specific GU biomarker focus per appraisal_note.,yes,batch-04
REC-AIBIOGU-000320,Song2023,CT-based deep learning radiomics nomogram for the prediction of pathological grade in bladder cancer: a multicenter study.,2023,Cancer Imaging,10.1186/s40644-023-00609-z,bladder_urothelial,,Multicenter retrospective CT deep learning radiomics cohort,own_cohort,"688 BCa patients (469 train, 219 external test) from multiple centers.",688,patients,radiology_imaging,Handcrafted and deep learning CT radiomics with clinical nomogram,diagnostic_prediction,Eleven ML classifiers; deep learning radiomics nomogram (DLRN),DL radiomics features plus clinical variables for grade,CT-based deep learning radiomics nomogram (DLRN) for pathological grade,diagnostic,AUC,DLRN AUC=0.961 (train) and 0.947 (external test); outperformed clinical and optimal radiomics models.,external_multicenter,219-patient external test cohort across multiple centers; eleven ML benchmarks per appraisal_note.,NR,NR,none_stated,NR,NR,Multicenter DLRN accurately preoperatively predicts BCa pathological grade with strong external test AUC.,NR,Comparison of 11 ML classifiers for radiomics feature pipelines.,REV-ALCIDES-AI,2026-09-23,complete,Strong multicenter external validation per appraisal_note.,no,batch-04
REC-AIBIOGU-000321,Sun2023,"Survival Prediction of Patients with Bladder Cancer after Cystectomy Based on Clinical, Radiomics, and Deep-Learning Descriptors.",2023,Cancers (Basel),10.3390/cancers15174372,bladder_urothelial,,"Retrospective single-center cystectomy cohort with CT urography radiomics, CNN descriptors, and clinical nomogram",own_cohort,University of Michigan: 163 post-cystectomy BCa patients with CTU and clinical/histopathology; train/validation/test split 92/7/64,64,patients,radiology_imaging,CT urography radiomics and deep-learning image descriptors plus clinical variables in BPNN,prognostic_prediction,"Back-propagation neural network combining clinical, radiomics, and CNN descriptors","Clinical nomogram indices, 12 MI-selected radiomics features, deep-learning CT descriptors",Combined clinical-radiomics-deep learning (CRD) 5-year survival descriptor set,prognostic,AUC,Test-set 5-year survival AUC 0.87±0.05 for CRD (vs 0.82 clinical alone); test n=64,internal_holdout,Single-site serial train/validation/test split; validation set only n=7 per authors.,NR,NR,none_stated,NR,NR,"Integrating clinical, radiomics, and deep-learning CT features improved 5-year post-cystectomy survival discrimination versus clinical or imaging alone on the held-out test set.",Relatively small single-site cohort and non-contrast CT; multisite validation needed.,Kaplan-Meier stratification significant for clinical and CRD models on test set.,REV-ALCIDES-AI,2026-09-23,needs_review,"Appraisal flags extremely small internal validation split (n=7), limiting rigor of internal validation despite reported test-set AUC.",yes,batch-05
REC-AIBIOGU-000322,Ren2023,"Development and validation of a disulfidptosis and M2 TAM-related classifier for bladder cancer to explore tumor subtypes, immune landscape and drug treatment.",2023,J Cancer Res Clin Oncol,10.1007/s00432-023-05352-3,bladder_urothelial,,TCGA discovery with internal test split and GEO external validation of disulfidptosis-M2 TAM risk score,multiple_public,TCGA-BLCA training/testing for LASSO-Cox risk model; GSE13507 external validation; WGCNA on TCGA for DMRGs,289,patients,transcriptomics,Bulk RNA-seq/microarray; 95 disulfidptosis and M2 TAM-related genes,prognostic_prediction,"WGCNA, consensus clustering, LASSO Cox and multivariate Cox risk score",95 DMRGs reduced by LASSO to prognostic gene set with risk-score formula,Disulfidptosis-M2 TAM-related risk score and two molecular clusters,prognostic,other,"High-risk vs low-risk worse OS in training, internal test, and GSE13507 validation (log-rank; time-dependent ROC planned per Methods; numeric AUC not in slice)",external_cohort,Risk model developed in TCGA with internal test split and validated in GSE13507 without refitting described.,NR,NR,none_stated,NR,NR,A disulfidptosis-M2 TAM-related risk score stratified OS across internal and GSE13507 cohorts and supported nomogram and drug-sensitivity exploration.,Retrospective public cohorts; prospective and experimental validation still needed.,Two DMRG clusters with immune/TMB differences; GDSC drug sensitivity by risk group.,REV-ALCIDES-AI,2026-09-23,complete,,no,batch-05
REC-AIBIOGU-000324,Xiong2023,Value of the application of computed tomography-based radiomics for preoperative prediction of unfavorable pathology in initial bladder cancer.,2023,Cancer Med,10.1002/cam4.6225,bladder_urothelial,,Single-center retrospective cohort,own_cohort,"Initial bladder cancer, Nanchang (2017-2022); 105 patients randomly split 7:3 (training 73: 27 favorable and 46 unfavorable pathology; testing 32: 12 favorable and 20 unfavorable)",32,patients,radiology_imaging,CT radiomics (PyRadiomics on the DARWIN platform); 1781 features filtered to 16 texture features,diagnostic_prediction,"F-test filter and LASSO, then GBDT, KNN, logistic regression, random forest, SVM, and XGBoost with 10-fold cross-validation; logistic regression selected for the radiomics score and for the clinic-radiomics nomogram",16 CT texture features plus tumor size and neutrophil-to-lymphocyte ratio,Clinic-radiomics unfavorable-pathology risk nomogram,diagnostic,AUC,Testing-cohort clinic-radiomics AUC 0.821 (95% CI 0.669-0.972); training AUC 0.895 (95% CI 0.818-0.973). The abstract states testing AUC 0.817 and accuracy 0.750 for the clinic-radiomics model. Radiomics logistic regression testing AUC 0.817; clinical-model testing AUC 0.742.,internal_holdout,Single-center random 7:3 split. Ten-fold cross-validation was used to choose the radiomics classifier inside the training cohort. No external cohort.,NR,upon_request,none_stated,National Natural Science Foundation of China (81960512 and 82172921) and Young Talent Research and Development Program of the First Affiliated Hospital of Nanchang University (YFYPY202026).,none_declared,"A CT clinic-radiomics nomogram discriminated unfavorable pathology in newly diagnosed bladder cancer on an internal test set, with higher AUC than the clinical model.","Retrospective single-center design, small sample, and no genetic features in the model.",Decision-curve analysis favored the clinic-radiomics model. Testing accuracy reported for that model was 0.750.,REV-ALCIDES-AI,2026-09-23,needs_review,"The results section reports clinic-radiomics testing AUC 0.821 (95% CI 0.669-0.972), while the abstract reports testing AUC 0.817 for the same model.",yes,batch-05
REC-AIBIOGU-000326,Sun2023,Identification of necroptosis-related long non-coding RNAs prognostic signature and the crucial lncRNA in bladder cancer.,2023,J Cancer Res Clin Oncol,10.1007/s00432-023-04886-w,bladder_urothelial,,TCGA prognostic signature with ML feature selection and GSE133624 external validation plus MAFG-DT functional assays,multiple_public,TCGA-BLCA (400 patients after exclusions); external RNA-seq GSE133624 for crucial lncRNA validation,400,patients,transcriptomics,Bulk RNA-seq lncRNA matrix; six NPlncRNAs in Cox risk score,prognostic_prediction,"SVM-RFE, LASSO, random forest overlap then multivariate Cox risk score","Six necroptosis-related lncRNAs (PTOV1-AS2, AC083862.2, MAFG-DT, AC074117.1, AL049840.3, AC078778.1)",Six-lncRNA necroptosis-related prognostic risk score,prognostic,other,High-risk vs low-risk worse OS and higher ROC/C-index than clinicopathologic variables per abstract (numeric values not in slice); MAFG-DT HR>1 on multivariate Cox,external_cohort,TCGA model evaluated with integrated GSE133624 and in vitro MAFG-DT silencing assays.,NR,NR,none_stated,NR,NR,A six-lncRNA necroptosis signature independently predicted BCa OS; MAFG-DT drove proliferative phenotypes in vitro.,Slice truncates full limitations; public retrospective design.,Nomogram with clinical variables; GSEA of necroptosis pathways in high-risk group.,REV-ALCIDES-AI,2026-09-23,complete,,no,batch-05
REC-AIBIOGU-000327,Deng2023,Machine learning models combining computed tomography semantic features and selected clinical variables for accurate prediction of the pathological grade of bladder cancer.,2023,Front Oncol,10.3389/fonc.2023.1166245,bladder_urothelial,,Single-center retrospective NE-CT radiomics with ML classifiers and combined nomogram for grade,own_cohort,Nanchang Medical College Hospital 105 BCa patients (2017-2022); 73 train / 32 validation,32,patients,radiology_imaging,Non-enhanced CT radiomics (15 LASSO features) plus age and tumor size,diagnostic_prediction,SVM best among six ML models; logistic nomogram combining Rad-score and clinical factors,"15 LASSO-selected texture features, age, tumor size",Radiomics score plus clinical nomogram for low- vs high-grade BCa,diagnostic,AUC,Combined nomogram validation AUC 0.854; best radiomics-only SVM validation AUC 0.842 (accuracy 0.844),internal_holdout,Random 7:3 single-center holdout only; no external cohort.,NR,NR,none_stated,NR,NR,NE-CT radiomics with clinical factors predicted pathologic grade with strong validation-set discrimination versus clinical variables alone.,Retrospective single-center small sample; multi-center validation needed.,Six ML algorithms compared; decision curve analysis for nomogram.,REV-ALCIDES-AI,2026-09-23,needs_review,"Appraisal notes single-center design, no external validation, and unclear data availability in slice.",yes,batch-05
REC-AIBIOGU-000328,Zhao2023,"Crosstalk of disulfidptosis-related subtypes, establishment of a prognostic signature and immune infiltration characteristics in bladder cancer based on a machine learning survival framework.",2023,Front Endocrinol (Lausanne),10.3389/fendo.2023.1180404,bladder_urothelial,,"Multi-cohort disulfidptosis ML prognostic signature with IHC, scRNA, TIDE and IMvigor210 immunotherapy checks",public_plus_own,"TCGA-BLCA, GSE13507, IMvigor210 merged; own Wuxi TURBT/cystectomy samples for IHC; GSE169379 scRNA",414,patients,transcriptomics,Bulk RNA-seq with CoxBoost+RSF-selected DRPS genes; orthogonal IHC on local tissues,prognostic_prediction,84 ML algorithm combinations with 10-fold CV; CoxBoost plus RSF selected for DRPS,Differentially expressed genes between DRG consensus clusters feeding DRPS,Disulfidptosis-related prognostic signature (DRPS) with risk groups,prognostic,C-index,"CoxBoost plus random survival forest selected by the highest average C-index of 0.66 across TCGA-BLCA, GSE13507, and IMvigor210. Time-dependent AUCs were above 0.6 in IMvigor210, TCGA, and the meta-cohort; GSE13507 AUCs were described as not ideal.",external_cohort,Merged public cohorts plus TIDE/IMvigor210 immunotherapy response evaluation; local IHC orthogonal to expression model.,NR,NR,none_stated,"Wuxi Taihu Lake Talent Plan, Supports for Leading Talents.",NR,DRPS stratified OS and immune/chemotherapy response patterns and was evaluated for immunotherapy utility via TIDE and IMvigor210.,Cox regression limitations; reliance on merged public cohorts and algorithm search.,Nomogram; IC50 comparisons for chemotherapy agents by risk group.,REV-ALCIDES-AI,2026-09-23,complete,Full text reports an average C-index of 0.66 for the selected model.,no,batch-05
REC-AIBIOGU-000329,Li2023,An MRI-based radiomics nomogram in predicting histologic grade of non-muscle-invasive bladder cancer.,2023,Front Oncol,10.3389/fonc.2023.1025972,bladder_urothelial,,Single-center retrospective MRI radiomics nomogram for NMIBC grade,own_cohort,"169 NMIBC patients; training n=118, validation n=51",51,patients,radiology_imaging,T2WI and ADC MRI radiomics (24 features) plus age and tumor number,diagnostic_prediction,"LASSO feature selection with logistic regression clinical, radiomics, and combined nomogram models","Rad-score from 24 radiomics features, age, number of tumors",Radiomics-clinical nomogram for low- vs high-grade NMIBC,diagnostic,AUC,Validation-set AUC 0.931 for combined nomogram vs 0.910 radiomics-only and 0.745 clinical model,internal_holdout,Internal 118/51 split at one center; TRIPOD checklist referenced in methods.,NR,yes,TRIPOD,Shaanxi Provincial People's Hospital Talent Program (2021JY-43) and Shaanxi Social Development Project (2023-YBSF-524).,Authors declare no conflicts stated in data availability section.,MRI radiomics nomogram outperformed clinical factors alone for preoperative NMIBC grade discrimination on the validation cohort.,Single-center retrospective design.,Decision curve analysis favored combined nomogram.,REV-ALCIDES-AI,2026-09-23,complete,,no,batch-05
REC-AIBIOGU-000330,Liu2023,Development of a Molecular-Subtype-Associated Immune Prognostic Signature That Can Be Recognized by MRI Radiomics Features in Bladder Cancer.,2023,Bioengineering (Basel),10.3390/bioengineering10030318,bladder_urothelial,,TCGA/IMvigor210 immune prognostic signature with GEO external validation and in-house MRI radiomics proxy,public_plus_own,"TCGA and IMvigor210 for IPS; GEO GSE32894, GSE31684, GSE13507, GSE48277 validation; Shanghai center n=111 RNA+MRI for radiomics-IPS LASSO",111,patients,multiomics,Transcriptomic IPS from immune genes; MRI radiomics LASSO to predict IPS in local cohort,prognostic_prediction,Immune gene selection for IPS; LASSO on ten MRI radiomics features to predict IPS,IPS gene set from luminal/basal immune differences; ten MRI radiomics features,Molecular-subtype-associated immune prognostic signature (IPS) with MRI radiomics surrogate,prognostic,AUC,MRI radiomics IPS prediction AUC 0.810 validation and 0.839 training (n=111 local); IPS OS validated in four GEO cohorts plus meta-analysis,external_cohort,IPS validated externally on four GEO datasets; radiomics-IPS link validated only internally at one center.,NR,upon_request,none_stated,National Natural Science Foundation (82202255) and Shanghai Youth Science and Technology Talents Sailing Program (20YF1437200).,none_declared,"IPS linked to molecular subtype, checkpoints, and immunotherapy response and was approximated non-invasively by MRI radiomics in 111 local patients.",Radiomics-IPS model not externally validated beyond local 7:3 split.,GSEA of high-risk IPS; CIBERSORT TIIC differences luminal vs basal.,REV-ALCIDES-AI,2026-09-23,complete,,no,batch-05
REC-AIBIOGU-000331,Wu2023,"Multimodal investigation of bladder cancer data based on computed tomography, whole slide imaging, and transcriptomics.",2023,Quant Imaging Med Surg,10.21037/qims-22-679,bladder_urothelial,,Multimodal CT-pathology-RNA integration with CNN molecular subtyping and SEM cross-modal associations,public_plus_own,127 patients CT+WSI association; 98 patients five-fold CV molecular subtype CNN (local hospitals plus TCGA-BLCA subset),98,patients,multiomics,"CT radiomics, pathomics from WSI, RNA-seq molecular subtypes; fused CNN classifier",classification_subtyping,Convolutional neural network on fused radiology-pathology features; structural equation modeling,200 CT and 1029 pathologic radiomics/pathomics features fused for subtype CNN,Multimodal molecular subtype classifier (luminal/basal-like proxy),subtyping,AUC,Fused radiology-pathology subtype model AUC 0.89 (95% CI 0.75-1.0) vs unimodal methods,internal_cv,Five-fold cross-validation on 98-patient subtype cohort; no independent external subtype validation described.,NR,NR,none_stated,National Natural Science Foundation (61931024) and Shenzhen Science and Technology Program grants.,NR,Multimodal CT and WSI features improved molecular subtype classification accuracy versus unimodal models and linked pathology to molecular subtypes.,Retrospective multi-cohort assembly; subtype labels from RNA where available.,Prognosis-related multimodal features identified; cross-modal association blocks between CT and WSI.,REV-ALCIDES-AI,2026-09-23,needs_review,Appraisal flags molecular-subtype prediction as borderline surrogate outcome rather than direct clinical endpoint for PROBAST applicability.,yes,batch-05
REC-AIBIOGU-000332,Chen2022,CT-based deep learning radiomics signature for the preoperative prediction of the muscle-invasive status of bladder cancer.,2022,Front Oncol,10.3389/fonc.2022.1019749,bladder_urothelial,,Retrospective NE-CT deep-learning radiomics signature for preoperative muscle invasion,own_cohort,173 BCa patients; DLRS training n=129 and test n=44,44,patients,radiology_imaging,Non-enhanced CT radiomics with deep learning signature (DLRS),diagnostic_prediction,LASSO with MLP classifier (best among compared models),LASSO-selected deep radiomic signature features from CT,Deep learning radiomics signature (DLRS) for muscle invasion status,diagnostic,AUC,MLP test AUC 0.884 (95% CI 0.783-0.986); train AUC 0.973,internal_holdout,Single-center random train/test split only.,NR,NR,none_stated,NR,NR,DLRS improved preoperative prediction of muscle invasion versus conventional radiomics on the held-out test set.,No external validation; retrospective design.,Compared multiple ML classifiers for DLRS.,REV-ALCIDES-AI,2026-09-23,complete,,no,batch-05
REC-AIBIOGU-000333,Wang2022,Characterization of Epithelial-Mesenchymal Transition Identifies a Gene Signature for Predicting Clinical Outcomes and Therapeutic Responses in Bladder Cancer.,2022,Dis Markers,10.1155/2022/9593039,bladder_urothelial,,TCGA EMT hallmark-driven ML signature with two GEO external validations,multiple_public,TCGA training n=393; external GSE13507 n=165 and GSE32894 n=221,393,patients,transcriptomics,Bulk expression; EMT-related gene signature from RSF and stepwise Cox,prognostic_prediction,Random survival forest and stepwise Cox on EMT DEGs,EMT-related prognostic gene signature after ssGSEA hallmark ranking,EMT-related gene prognostic signature,prognostic,HR,EMT ssGSEA hallmark HR=1.43 (95% CI 1.26-1.63) for OS; signature validated in three independent cohorts (log-rank separation),external_cohort,Signature developed on TCGA and applied to GSE13507 and GSE32894.,NR,upon_request,none_stated,NR,none_declared,An EMT-related gene signature predicted OS and therapy response patterns across TCGA and two GEO validations.,Retrospective public data; experimental validation limited.,Immune infiltration and drug sensitivity differences by risk group.,REV-ALCIDES-AI,2026-09-23,complete,,no,batch-05
REC-AIBIOGU-000335,Qiwei2022,Comparison between renal pelvic and ureteral tumors in muscle-invasive upper tract urothelial carcinoma.,2022,Cancer Sci,10.1111/cas.15634,bladder_urothelial,"Muscle-invasive upper tract urothelial carcinoma (renal pelvis and ureter). The numeric AUC is from a TCGA bladder slide model, not from labeled UTUC cases.",Retrospective comparative UTUC study with an auxiliary deep-learning molecular-subtype classifier,TCGA,"MDA-subtype model trained and evaluated on 422 TCGA bladder whole-slide images split 6:2:2. Applied, without a reported accuracy, to an institutional UTUC cohort (32 basal, 44 luminal, 4 p53-like). SEER (9012 patients) and a Dalian UTUC series (248 patients) support the comparative, non-model analyses.",NR,patients,digital_pathology,H&E whole-slide patches (256x256 at 10x) after Macenko normalization; CycleGAN color transfer for institutional slides,classification_subtyping,"Inception V3 transfer learning from ImageNet (SGD, cross-entropy): one model for tumor versus stroma/necrosis and a second for MDA subtype; patient score is the mean of high-confidence tumor-patch predictions",Tile-level H&E morphology; MDA labels taken from TCGA gene data,"H&E-predicted MDA subtype (basal, luminal, p53-like)",subtyping,AUC,Patient-level microaverage AUC 0.74 and macroaverage AUC 0.76 for three-class MDA subtype classification by Inception V3 (Figure 4A).,internal_holdout,"422 TCGA bladder WSIs split 6:2:2 into training, validation, and testing. The printed AUC does not cover the UTUC cases, which were labeled by the model without ground-truth accuracy. Not counted as external validation for the upper-tract tumors.",NR,yes,none_stated,Funding sources not named in the full text.,none_declared,"An Inception V3 model classified MDA subtypes from TCGA bladder slides with patient-level microaverage AUC 0.74 and macroaverage AUC 0.76, then assigned subtypes to institutional upper-tract tumors without a reported accuracy.",Authors state that a validation cohort is required to eliminate selection bias. The p53-like class was small.,"Comparative UTUC analysis (SEER and 248 institutional patients) is the paper's main aim: ureteral tumors were enriched for basal and p53-like assignments and showed more immune infiltration and matrix stiffness than renal-pelvic tumors. After PSM, location remained associated with survival (HR 1.084, 95% CI 1.014-1.16).",REV-ALCIDES-AI,2026-09-23,needs_review,"The anchor of the paper is a comparative upper-tract urothelial analysis; the deep-learning subtype classifier is auxiliary. The full text reports AUC only for the TCGA bladder model, not for UTUC.",yes,batch-05
REC-AIBIOGU-000338,Feng2022,Radiomics Nomogram Based on High--Value Diffusion-Weighted Imaging for Distinguishing the Grade of Bladder Cancer.,2022,Life (Basel),10.3390/life12101510,bladder_urothelial,,Single-center high-b-value DWI radiomics nomogram feasibility for BCa grade,own_cohort,Retrospective DWI cohort with internal train/validation split (small feasibility sample),52,patients,radiology_imaging,ADC1000/1700/3000 DWI radiomics with LASSO-logistic nomogram,diagnostic_prediction,LASSO feature selection with logistic regression nomogram,DWI-derived ADC texture features,ADC1700/3000 radiomics nomogram for tumor grade,diagnostic,AUC,"Validation AUCs 0.582 (ADC1000), 0.745 (ADC1700), 0.745 (ADC3000) for grade discrimination",internal_holdout,Internal split at single center; feasibility-scale sample.,NR,upon_request,none_stated,"National Natural Science Foundation of China (82102025, 82071889).",none_declared,High-b-value DWI radiomics nomograms discriminated low- vs high-grade BCa with moderate AUC on validation.,Small retrospective single-center feasibility study.,Compared three ADC b-value models.,REV-ALCIDES-AI,2026-09-23,needs_review,Appraisal flags small feasibility-style design with internal split only.,yes,batch-05
REC-AIBIOGU-000339,Xu2022,Artificial intelligence-driven consensus gene signatures for improving bladder cancer clinical outcomes identified by multi-center integration analysis.,2022,Mol Oncol,10.1002/1878-0261.13313,bladder_urothelial,,Large-scale multi-cohort AI consensus gene signature (AIGS) benchmarking study,multiple_public,TCGA discovery plus 11 independent validation cohorts including IMvigor210 and multiple GEO sets,400,patients,transcriptomics,Bulk RNA-seq/microarray; consensus immune gene signature AIGS from ML screen,prognostic_prediction,Multi-algorithm ML consensus (76 models screened) selecting AIGS,AI-driven consensus immune gene signature (AIGS),AIGS risk score for BCa OS and immunotherapy response,prognostic,AUC,Time-dependent AUCs ~0.758/0.780/0.881 (TCGA 1/3/5-yr); IMvigor210 AUCs ~0.712/0.701/0.703,external_multicenter,Validated across 11 independent cohorts vs 58 published models per abstract/slice.,NR,NR,none_stated,NR,NR,AIGS outperformed many published BCa models and associated with immunotherapy response across multicenter public cohorts.,High analysis complexity and retrospective public datasets.,Benchmarking against 58 prior signatures; C-index comparisons across models.,REV-ALCIDES-AI,2026-09-23,complete,Massive ML search increases overfitting risk despite extensive external testing.,no,batch-05
REC-AIBIOGU-000341,Guo2022,Gender dimorphism in survival of patients with lymph node metastasis of bladder cancer.,2022,Ther Adv Med Oncol,10.1177/17588359221108690,bladder_urothelial,,SEER metastatic BCa gender-by-site survival with TCGA gender signature and local MRI radiomics proxy,multiple_public,SEER n=1829 metastatic BCa; TCGA gender signature; IMvigor210 validation; local MRI radiomics at center,1829,patients,multiomics,"SEER epidemiology, TCGA transcriptomic gender signature, MRI radiomics score",prognostic_prediction,Cox and ML gender-associated signature; radiomics score to predict signature,Gender-differential genes in LNM; radiomics features predicting gender signature,Gender-associated prognostic signature with radiomics surrogate score,prognostic,other,High-risk gender signature associated with worse survival and drug sensitivity; nomogram with staging (numeric AUC not in slice),external_cohort,Signature validated in IMvigor210; SEER primary for epidemiology; radiomics developed locally.,NR,yes,none_stated,Shanghai Science Committee grants (partial support stated).,NR,Gender and metastatic site interact on BCa prognosis; a gender-associated expression signature linked to survival and treatment sensitivity.,Observational registry and public omics; radiomics external validation limited.,Sex-specific metastasis patterns in SEER.,REV-ALCIDES-AI,2026-09-23,needs_review,Comorbid/subgroup-stratified gender-by-metastasis design per calibration rule 5; primary anchor spans epidemiology and signature discovery.,yes,batch-05
REC-AIBIOGU-000342,Bai2022,Study on Molecular Information Intelligent Diagnosis and Treatment of Bladder Cancer on Pathological Tissue Image.,2022,Front Med (Lausanne),10.3389/fmed.2022.838182,bladder_urothelial,,"Digital pathology CNN CAD for molecular subtype, p53, and PD-L1 status",own_cohort,Three independent internal pathology image cohorts from participating hospitals,NR,slides,digital_pathology,H&E whole-slide image patches for multi-task CNN,classification_subtyping,Convolutional neural network computer-aided diagnosis system,Pathological image tiles from bladder cancer slides,"CNN predictions of molecular subtype, p53, and PD-L1 status",subtyping,AUC,Molecular subtype recognition AUC 0.98 (accuracy 0.94); PD-L1 AUC/accuracy 0.897; p53 accuracy 0.846,internal_cv,Internal cross-validation across three hospital cohorts; no external institution validation described.,NR,upon_request,none_stated,Zhejiang Provincial Research Center support; raw data after ethics approval.,NR,CNN on H&E slides predicted molecular subtype and IHC surrogate markers with high internal accuracy.,Requires ethics-approved data release; IHC labels as reference standard.,Multi-task classification for p53 and PD-L1.,REV-ALCIDES-AI,2026-09-23,complete,,no,batch-05
REC-AIBIOGU-000344,Terrematte2022,A Novel Machine Learning 13-Gene Signature: Improving Risk Analysis and Survival Prediction for Clear Cell Renal Cell Carcinoma Patients.,2022,Cancers (Basel),10.3390/cancers14092111,kidney_renal,NA,translational/bioinformatic retrospective cohort study (secondary analysis of public genomic data),multiple_public,"TCGA-KIRC (training/internal CV, n=530) and ICGC-RECA (n=91, used both for candidate-gene sourcing and as the external validation set)",530,patients,transcriptomics,Bulk RNA-Seq gene expression from TCGA-KIRC and ICGC-RECA,prognostic_prediction,"mRMR ensemble feature selection plus forward-search Variable Ranking by Mutual Information Difference; benchmarked against 5 other feature-selection methods using 8 Cox-based survival models (Lasso-Cox, Ridge, ElasticNet, CoxPH, GLMBoost, GBM, Blackboost, XGBoost)","RNA-Seq expression of 3284 pre-selected genes narrowed via mRMR to a 13-gene signature (AR, AL353637.1, DPP6, FOXJ1, GNB3, HHLA2, IL4, LIMCH1, LINC01732, OTX1, SAA1, SEMA3G, ZIC2)",mRMR 13-gene expression signature for ccRCC survival risk,prognostic,AUC,"Internal (3-fold CV on TCGA-KIRC, 10-year AUC Uno, 100 repetitions): best mean AUC 0.81-0.82 (Lasso-Cox/glmnet). External (trained on TCGA-KIRC, predicted on ICGC-RECA, 7-year AUC Uno, 100 repetitions): mean AUC 0.71; log-rank p<0.05 for risk-group separation in both cohorts, significant only for the mRMR signature among 14 signatures compared",external_cohort,"Internal 3-fold CV on TCGA-KIRC plus external validation by training on full TCGA-KIRC and predicting on ICGC-RECA, a genuinely separate public cohort. However, feature selection (13-gene mRMR signature) was performed on the full TCGA-KIRC dataset prior to and outside the CV/train-test split, i.e. not nested within cross-validation folds - appraisal_note flags this as a source of possible optimism bias in the internal AUC estimate.",yes,yes,none_stated,Federal Rural University of Semi-arid (P. Terrematte); CAPES Brazilian funding agency grants 88887.161820/2017-0 and 88887.600071/2021-0 (D. Souto),none_declared,"A novel 13-gene mRMR-derived expression signature predicted ccRCC survival risk with internal AUC 0.81-0.82 (TCGA-KIRC, 3-fold CV) and external AUC up to 0.71 (trained on TCGA-KIRC, predicted on ICGC-RECA), generalizing better across cohorts than 14 previously published gene signatures.","No explicit itemized limitations section identified. Study is a secondary/bioinformatic analysis of public retrospective cohorts without independent institutional/clinical validation; TCGA-KIRC and ICGC-RECA cohorts differed significantly on nodal staging distribution (p<0.001), a potential source of cohort heterogeneity.",Benchmarked against 14 previously published ccRCC gene signatures using 6 feature-selection methods and 8 survival ML models; 8/13 mRMR-signature genes had been reported previously in other ccRCC signatures.,REV-ALCIDES-AI,2026-09-23,complete,"Coded validation_level as external_cohort (ICGC-RECA is a separate public dataset from a different consortium/population), but flagged the appraisal_note caveat verbatim in validation_detail: feature/gene selection was performed outside/prior to the CV folds used for the internal AUC estimate, so the internal AUC (0.81-0.82) may be optimistic; the external AUC (up to 0.71) on ICGC-RECA partially mitigates this.",no,pilot
REC-AIBIOGU-000345,Cho2022,Prediction of the Immune Phenotypes of Bladder Cancer Patients for Precision Oncology.,2022,IEEE Open J Eng Med Biol,10.1109/ojemb.2022.3163533,bladder_urothelial,,Bulk and single-cell transcriptomics SVM classifier for three immune phenotypes,other_public,Public BLCA expression cohorts with curated immune phenotype labels (slice cites Lucy S cohort through 2019),NR,samples,transcriptomics,Bulk RNA expression features for inflamed/excluded/desert phenotypes,classification_subtyping,Support vector machine with RBF kernel and feature selection,Gene expression features selected for immune phenotype classification,"SVM immune phenotype classifier (inflamed, excluded, desert)",subtyping,AUC,Best SVM averaged AUC ~0.688 for PR/ROC metrics across phenotypes (cross-validation),internal_cv,Cross-validated SVM without independent external cohort in slice.,NR,NR,none_stated,NR,NR,SVM classified three immune phenotypes from expression with modest cross-validated discrimination for precision oncology use.,Immune phenotype endpoint less standard than OS; limited external validation.,PR and ROC curves per phenotype.,REV-ALCIDES-AI,2026-09-23,needs_review,Appraisal flags nonstandard immune phenotype endpoint with limited external validation.,yes,batch-05
REC-AIBIOGU-000346,Jung2022,Proteomic-Based Machine Learning Analysis Reveals PYGB as a Novel Immunohistochemical Biomarker to Distinguish Inverted Urothelial Papilloma From Low-Grade Papillary Urothelial Carcinoma With Inverted Growth.,2022,Front Oncol,10.3389/fonc.2022.841398,bladder_urothelial,NA,retrospective cohort (diagnostic biomarker discovery + independent IHC validation cohort; translational proteomics),own_cohort,"FFPE tissue, Seoul National University Hospital (Korea): proteomic discovery cohort n=31 (9 IUP, 12 PUC, 10 normal urothelium); independent IHC validation cohort n=41 (25 IUP, 16 PUC with inverted growth). Secondary axis used TCGA-BLCA (n=405) for gene-expression survival analysis.",41,patients,proteomics,"LC-MS/MS discovery proteomics (FFPE tissue) plus immunohistochemistry (H-score, digital-pathology quantification via QuPath) for validation",diagnostic_prediction,SVM (radial basis function kernel) feature selection for diagnostic protein biomarkers; ROC/Youden index for cutoff determination,"LC-MS/MS proteomic profiles (5057 quantified proteins) narrowed via SVM feature selection to top-ranked candidates, prioritized to PYGB and SERPINH1 via Human Protein Atlas concordance, then IHC H-score of PYGB",PYGB (glycogen phosphorylase B) immunohistochemical H-score,diagnostic,AUC,"AUROC 0.923 (p<0.0001); sensitivity 72% (95% CI 50.6-87.9%), specificity 100% (95% CI 79.4-100%) at H-score cutoff 21.4, for PYGB IHC distinguishing IUP from PUC with inverted growth",internal_holdout,"Independent single-center IHC validation cohort (n=41) distinct from the proteomic discovery cohort (n=31), but same institution; not an externally validated multi-institutional cohort. Authors state a planned future external multi-institutional validation study.",NR,yes,none_stated,"National Research Foundation of Korea (NRF), Ministry of Science, ICT and Future Planning (NRF-2019R1C1C1006640, 2021R1F1A1063982, 2021R1A2C4086635, 2022R1A2C4001439)",none_declared,"Proteomics-based SVM feature selection identified PYGB as a diagnostic IHC biomarker distinguishing inverted urothelial papilloma from low-grade papillary urothelial carcinoma with inverted growth, with AUROC 0.923, sensitivity 72%, specificity 100% in an independent validation cohort.",Small number of IUP cases in the IHC validation cohort due to rarity of the entity; authors plan external multi-institutional validation; functional role of PYGB in IUP not validated in vitro/in vivo due to lack of models.,"Secondary risk-stratification axis: 'NU-like' (low-risk) vs 'PUC-like' (high-risk) IUP proteomic signatures; univariate Cox survival analysis in TCGA-BLCA (n=405) identified OGDH, SPON1, PYGB, EPHX1, SRP68, SETD3 as significantly associated with urothelial carcinoma outcomes. SERPINH1 also tested as candidate IHC biomarker but not significant (p=0.1333) and dropped.",REV-ALCIDES-AI,2026-09-23,complete,"Primary axis = diagnostic PYGB IHC model (anchors title/abstract) per appraisal_note guidance; TCGA-BLCA survival axis (secondary, associative) recorded in other_key_outcomes. validation_level coded as internal_holdout (independent validation cohort but same single center), not an 'external' multi-institutional validation.",no,pilot
REC-AIBIOGU-000347,Zhou2021,"A nomogram combined with radiomics features, albuminuria, and metabolic syndrome to predict the risk of myometrial invasion of bladder cancer.",2021,Transl Cancer Res,10.21037/tcr-21-426,bladder_urothelial,,Single-center multi-phase CT radiomics nomogram for myometrial/muscular invasion,own_cohort,100 BCa patients with arterial and venous phase thin-slice CT; training/verification split,100,patients,radiology_imaging,Multi-parameter enhanced CT radiomics with clinical nomogram,diagnostic_prediction,LASSO radiomics with logistic nomogram combining radiomics and clinical factors,LASSO-selected CT radiomics features plus clinical variables,Combined radiomics-clinical nomogram for muscular invasion,diagnostic,AUC,Combined radiomics+clinical model AUC 0.8457 (highest among compared models),internal_holdout,Single-center training and verification groups; TRIPOD checklist completed.,NR,NR,TRIPOD,Suzhou Science and Technology Project (SLJ201906 and SYS2019053).,none_declared,Multi-phase CT radiomics plus clinical factors best predicted muscular invasion on internal verification.,Small single-center retrospective sample.,Compared radiomics-only and clinical-only models.,REV-ALCIDES-AI,2026-09-23,complete,,no,batch-05
REC-AIBIOGU-000349,Guo2021,A Novel CpG Methylation Risk Indicator for Predicting Prognosis in Bladder Cancer.,2021,Front Cell Dev Biol,10.3389/fcell.2021.642650,bladder_urothelial,,TCGA methylation risk score (MRSB) with internal validation only,TCGA,357 BLCA patients; 70/30 train/internal validation (validation n=107),107,patients,epigenomics_methylation,CpG methylation with LASSO and SVM-RFE feature selection,prognostic_prediction,LASSO and SVM-RFE with multivariate Cox MRSB,Eight-CpG methylation risk score for bladder cancer (MRSB),Methylation risk score for bladder cancer (MRSB),prognostic,other,Internal validation (n=107): PFS log-rank p=0.011; OS/RFS significant in training and validation (p<0.05); ROC AUC for risk groups referenced but not numerically reported in slice,internal_holdout,TCGA-only random split; no independent external cohort.,NR,yes,none_stated,NR,NR,MRSB stratified PFS and OS on TCGA internal validation and supported a predictive nomogram.,Needs diverse external validation beyond TCGA Caucasian majority.,Kernel-smoothing hazard curves; subgroup nomogram performance.,REV-ALCIDES-AI,2026-09-23,complete,,no,batch-05
REC-AIBIOGU-000350,Hepburn2021,Identification of CNGB1 as a Predictor of Response to Neoadjuvant Chemotherapy in Muscle-Invasive Bladder Cancer.,2021,Cancers (Basel),10.3390/cancers13153903,bladder_urothelial,,Extreme-phenotype NAC response discovery with RGIFE ML and microarray/TMA validations,own_cohort,Discovery n=30 extreme responders/non-responders; GSE13507 n=26 and TMA n=99 validations,30,samples,transcriptomics,FFPE microarray expression; nine-gene signature with CNGB1 proxy,treatment_response_prediction,RGIFE feature elimination with random forest cross-validation,"Nine-gene NAC response signature (CNGB1, GGH, HIST1H4F, IDO1, KIF5A, MRPL4, NCDN, PRRT3, SLC35B3)",Nine-gene signature and CNGB1 proxy for NAC response,predictive_response,accuracy,Discovery cohort 100% responder classification with RGIFE nine-gene panel; GSE13507 validation log-rank p=0.02 (n=26),external_cohort,Highly selected discovery set; external GSE13507 and TMA cohort 2 for survival correlation.,NR,NR,none_stated,NIHR/BRC.,NR,RGIFE selected a nine-gene NAC response panel with perfect discovery separation and CNGB1 proxy; associated with OS in GSE13507.,Requires larger prospective trial validation.,TMA validation cohort for CNGB1.,REV-ALCIDES-AI,2026-09-23,needs_review,Appraisal flags non-representative extreme-responder discovery cohort and 100% training accuracy as high optimistic bias risk.,yes,batch-05
REC-AIBIOGU-000351,Tang2021,Radiomic assessment as a method for predicting tumor mutation burden (TMB) of bladder cancer patients: a feasibility study.,2021,BMC Cancer,10.1186/s12885-021-08569-y,bladder_urothelial,,Feasibility radiomics-from-CECT study to predict TMB status,other_public,75 BLCA patients with TCIA/TCGA-linked imaging and TMB labels,75,patients,radiology_imaging,Preoperative pelvic CECT radiomics with LASSO-logistic TMB model,biomarker_discovery_association,Unsupervised clustering plus LASSO/logistic regression with bootstrapping internal test,Six LASSO-selected radiomic features predicting TMB,Radiomics TMB prediction model,predictive_response,other,Unsupervised radiomic clusters enriched for high TMB (p=0.039); six-feature logistic model built with bootstrapping (numeric AUC not in slice),internal_cv,Feasibility single-cohort with bootstrapping only; no external center validation.,NR,yes,none_stated,Not applicable.,none_declared,CT radiomic profiles associated with TMB groups and a six-feature model was proposed for TMB prediction.,Small retrospective feasibility study; TMB cutoff not standardized; external validation needed.,Driver mutation exploratory associations.,REV-ALCIDES-AI,2026-09-23,needs_review,Self-described feasibility study without external validation; numeric classification AUC absent from slice.,yes,batch-05
REC-AIBIOGU-000352,Chen2021,A Novel Nomogram Based on Machine Learning-Pathomics Signature and Neutrophil to Lymphocyte Ratio for Survival Prediction of Bladder Cancer Patients.,2021,Front Oncol,10.3389/fonc.2021.703033,bladder_urothelial,,TCGA pathomics ML signature plus NLR nomogram with General Hospital external validation,public_plus_own,508 WSIs from Shanghai General Hospital and TCGA; external General cohort for MLPS/NLR validation,508,slides,digital_pathology,H&E WSI nuclear features with six pathomics MLPS features and NLR,prognostic_prediction,Machine learning pathomics feature selection with Cox nomogram,Six WSI pathomics features (MLPS) and neutrophil-to-lymphocyte ratio,MLPS plus NLR nomogram for OS,prognostic,HR,MLPS HR 2.19 (95% CI 1.63-2.94) TCGA and 3.20 General cohort; high NLR HR 2.06 TCGA / 3.69 General,external_cohort,Pathomics and NLR validated in separate General Hospital cohort.,NR,upon_request,none_stated,National Natural Science Foundation of China (819723...).,NR,Pathomics signature and NLR independently predicted BCa OS and combined nomogram improved decision curve utility.,Prospective validation still needed.,"1-, 3-, 5-year OS calibration for nomogram.",REV-ALCIDES-AI,2026-09-23,complete,,no,batch-05
REC-AIBIOGU-000354,Zheng2021,Combining Multiparametric MRI Radiomics Signature With the Vesical Imaging-Reporting and Data System (VI-RADS) Score to Preoperatively Differentiate Muscle Invasion of Bladder Cancer.,2021,Front Oncol,10.3389/fonc.2021.619893,bladder_urothelial,,Single-center retrospective diagnostic cohort,own_cohort,"185 pathologically confirmed bladder cancers at Shanghai Tenth People's Hospital (August 2014-April 2020); random 7:3 split (training 129, validation 56)",56,patients,radiology_imaging,3T mpMRI radiomics from axial T2WI and dynamic contrast-enhanced images (21 LASSO features: 10 T2WI and 11 DCE) plus VI-RADS score,diagnostic_prediction,"mRMR screening, then LASSO, random forest, and SVM classifiers trained with 10-fold cross-validation; logistic nomogram combining the LASSO radiomics signature with VI-RADS","PyRadiomics features from the largest lesion on T2WI and DCE, reduced to a radiomics score, plus VI-RADS",mpMRI radiomics signature plus VI-RADS nomogram for muscle-invasive versus non-muscle-invasive bladder cancer,diagnostic,AUC,"Validation-set nomogram AUC 0.943 and accuracy 89.3% (training AUC 0.970, accuracy 93.0%). LASSO radiomics signature alone: validation AUC 0.906 and accuracy 87.5% (training AUC 0.934, accuracy 90.7%).",internal_holdout,Single-center random 7:3 training/validation split. Ten-fold cross-validation was used to tune classifiers on the training set. Authors state that external institutional validation is still needed.,NR,upon_request,none_stated,"Outstanding Talent of Shanghai Tenth People's Hospital (20215YPDRC048), Shanghai Science Committee Foundation (19411967700), and Shanghai Youth Science and Technology Talents Sailing Program (20YF1437200).",none_declared,An mpMRI radiomics plus VI-RADS nomogram differentiated muscle-invasive from non-muscle-invasive bladder cancer with validation AUC 0.943.,"Retrospective single-center validation set, so generalizability is untested; no prognostic follow-up to link the nomogram to outcomes.",Decision-curve analysis supported clinical use of the nomogram. An optimal radiomics-score cutoff of -0.093 gave an AUC of 0.833 in one reported comparison.,REV-ALCIDES-AI,2026-09-23,complete,,no,batch-05
REC-AIBIOGU-000356,Chen2021,Clinical use of machine learning-based pathomics signature for diagnosis and survival prediction of bladder cancer.,2021,Cancer Sci,10.1111/cas.14927,bladder_urothelial,,Retrospective diagnostic and prognostic pathomics study with an institutional external cohort,public_plus_own,"TCGA: 406 bladder-cancer and 37 normal H&E images, split 1:1 into training and test. External cohort: Shanghai General Hospital, 108 bladder-cancer and 53 normal images (2009-2016). Separate glandular-cystitis set of 39 images at the same hospital.",161,images,digital_pathology,Representative 1000x1000 H&E images at 400x; CellProfiler segmentation of nuclei and cytoplasm,diagnostic_prediction,LASSO logistic model (glmnet) on pathomics features for diagnosis; LASSO-Cox for the secondary survival score,"345 quantitative H&E features of object shape, size, texture, and intensity",Pathomics diagnostic signature separating bladder cancer from normal urothelium,diagnostic,AUC,"Diagnostic AUC 96.3% (training), 89.2% (TCGA test), and 94.1% (Shanghai General external validation). Bladder cancer versus glandular cystitis AUC 93.4% in the General cohort.",external_cohort,"TCGA images randomly split 1:1 for training and test. External validation is a single-institution Shanghai General Hospital cohort, not a multicenter set.",NR,NR,none_stated,National Natural Science Foundation of China (81972393 and 81772705).,none_declared,A LASSO pathomics model distinguished bladder cancer from normal urothelium with external-validation AUC 94.1%.,"Diagnostic accuracy was lower than pathologist review; the prognostic risk-score cutoff was the cohort-specific median, so high-risk ranges differ between TCGA and the General cohort; the study is retrospective and needs prospective verification.","LASSO-Cox pathomics risk score: TCGA OS HR 2.09 (95% CI 1.56-2.81) and General-cohort HR 5.32 (95% CI 2.95-9.59). Clinicopathologic nomogram AUCs 77.7%, 83.8%, and 81.3% for 1-, 3-, and 5-year OS.",REV-ALCIDES-AI,2026-09-23,complete,Primary axis is the diagnostic pathomics model. Survival prediction is reported in other_key_outcomes.,no,batch-05
REC-AIBIOGU-000358,Mao2021,Identification of a ten-long noncoding RNA signature for predicting the survival and immune status of patients with bladder urothelial carcinoma based on the GEO database: a superior machine learning model.,2021,Aging (Albany NY),10.18632/aging.202553,bladder_urothelial,,Ten-lncRNA RSF signature across three GEO cohorts,GEO,GSE32894 train n=224; GSE32548 test n=131; GSE13507 external n=165,224,patients,transcriptomics,Microarray lncRNA profiles from Illumina beadchips,prognostic_prediction,Univariate Cox and random survival forest-variable hunting (RSF-VH),Ten lncRNAs in risk score nomogram,Ten-lncRNA prognostic risk score,prognostic,C-index,"Nomogram C-index 0.94, 0.70, and 0.90 in the three GEO datasets respectively",external_cohort,Train on GSE32894 with two independent GEO validations (GSE32548 and GSE13507).,NR,NR,none_stated,No specific grant reported.,none_declared,Ten-lncRNA score stratified OS/DSS across three GEO BLCA cohorts with high C-index in training series.,Microarray lncRNA inference from probe annotation.,GSEA immune infiltration differences by risk.,REV-ALCIDES-AI,2026-09-23,complete,,no,batch-05
REC-AIBIOGU-000360,Chen2020,Biomarkers of the Response to Immune Checkpoint Inhibitors in Metastatic Urothelial Carcinoma.,2020,Front Immunol,10.3389/fimmu.2020.01900,bladder_urothelial,,IMvigor210 ML immunotherapy response nomogram with TCGA mUC verification,other_public,IMvigor210 n=298 (200 train/98 test); TCGA stage IV BLCA n=134 verification,298,patients,transcriptomics,RNA-seq of metastatic urothelial carcinoma on atezolizumab,treatment_response_prediction,Machine learning selection of ten genes for ICIR nomogram,Ten prognostic genes forming immunotherapy response (ICIR) score,ICIR nomogram for ICI response and OS,predictive_response,AUC,"ICI response prediction AUC 0.815 training, 0.752 testing, 0.805 combined IMvigor210 cohorts",internal_holdout,Random split within IMvigor210 plus TCGA mUC correlation analysis.,NR,yes,none_stated,National Natural Science Foundation support; IMvigor210 public resource.,NR,Ten-gene ICIR nomogram discriminated ICI response and OS better than TMB/neoantigen burden at higher threshold probabilities.,Two-stage feature selection may inflate performance.,Immune infiltrate and mutation driver exploratory analyses.,REV-ALCIDES-AI,2026-09-23,complete,,no,batch-05
REC-AIBIOGU-000365,Zheng2019,Development of a noninvasive tool to preoperatively evaluate the muscular invasiveness of bladder cancer using a radiomics approach.,2019,Cancer,10.1002/cncr.32490,bladder_urothelial,,MRI radiomics-clinical nomogram for MIBC vs NMIBC preoperative discrimination,own_cohort,199 patients; training n=130 and validation n=69,69,patients,radiology_imaging,T2-weighted MRI radiomics (23 features) plus tumor size,diagnostic_prediction,LASSO radiomics signature with multivariable logistic nomogram,23 MRI radiomics features and MRI tumor size,Radiomics-clinical nomogram for muscle invasiveness,diagnostic,AUC,Nomogram validation AUC 0.876 (radiomics signature alone AUC 0.874; training nomogram AUC 0.922),internal_holdout,Temporal single-center train/validation split.,NR,NR,none_stated,NR,none_declared,MRI radiomics plus tumor size improved preoperative MIBC versus NMIBC discrimination on validation.,Single-center retrospective design.,Decision curve and NRI/IDI for nomogram.,REV-ALCIDES-AI,2026-09-23,complete,,no,batch-05
REC-AIBIOGU-000367,Xu2019,A predictive nomogram for individualized recurrence stratification of bladder cancer using multiparametric MRI and clinical risk factors.,2019,J Magn Reson Imaging,10.1002/jmri.26749,bladder_urothelial,,Preoperative MRI radiomics nomogram for two-year recurrence risk,own_cohort,71 BCa patients (34 recurrent); training n=50 validation n=21,21,patients,radiology_imaging,Preoperative MRI radiomics with clinical predictors,prognostic_prediction,Radiomics feature selection with logistic nomogram for TFTY recurrence,Radiomics signature plus clinical predictors in nomogram,Radiomics-clinical nomogram for first-two-years recurrence,prognostic,AUC,Validation AUC 0.838 (accuracy 80.95%); training AUC 0.915,internal_holdout,Small single-center internal validation only.,NR,NR,none_stated,NR,NR,MRI radiomics nomogram predicted two-year recurrence with strong training and moderate validation performance.,Small sample; single-center retrospective study.,Decision curve analysis for recurrence threshold.,REV-ALCIDES-AI,2026-09-23,complete,,no,batch-05
REC-AIBIOGU-000368,Wu2018,Development and Validation of an MRI-Based Radiomics Signature for the Preoperative Prediction of Lymph Node Metastasis in Bladder Cancer.,2018,EBioMedicine,10.1016/j.ebiom.2018.07.029,bladder_urothelial,,MRI radiomics signature and nomogram for preoperative LN metastasis,own_cohort,103 BCa patients; training n=69 validation n=34,34,patients,radiology_imaging,MRI radiomics (718 features reduced by LASSO) plus MRI-reported LN status,diagnostic_prediction,LASSO radiomics with logistic nomogram,LASSO radiomics signature and MRI-reported nodal status,Radiomics nomogram for LN metastasis prediction,diagnostic,AUC,Nomogram validation AUC 0.8902 (training 0.9118); radiomics signature validation AUC 0.8447,internal_holdout,Single-center internal validation; authors state external validation still required.,NR,NR,none_stated,NR,NR,MRI radiomics nomogram improved preoperative nodal metastasis prediction versus signature alone.,External validation required before clinical implementation.,Performance in cN0 subgroup (AUC 0.8406).,REV-ALCIDES-AI,2026-09-23,complete,,no,batch-05
REC-AIBIOGU-000370,Catto2009,The application of artificial intelligence to microarray data: identification of a novel gene signature to identify bladder cancer progression.,2009,Eur Urol,10.1016/j.eururo.2009.10.029,bladder_urothelial,,Two-cohort retrospective prognostic study: microarray discovery followed by immunohistochemistry in an independent cohort,own_cohort,"Microarray discovery: 66 tumors from 34 patients, Ludwig Maximilian University. Immunohistochemistry: 262 tumors from consecutive patients, University of Regensburg; progression data in 182; concordance index calculated on superficial tumors (n=134) with at least four successfully stained proteins.",134,patients,transcriptomics,"Microarray gene expression (2800 genes, Pearson-filtered to 200) with orthogonal IHC of six proteins",prognostic_prediction,"Artificial neural networks and neurofuzzy models with ensembling, leave-one-out, and cross-validation; committee ranking of genes by induced model error","Expression of 200 progression-correlated genes, reduced to an 11-gene committee panel","11-gene committee progression signature; IHC panel of LIG3, Fas, KRT18, ICAM1, DSG2, and BRCA2",prognostic,C-index,"Immunohistochemistry committee panel on superficial tumors, concordance index 0.66 (log-rank p=0.01). Multivariate Cox OR for that panel 1.2 (95% CI 1.1-1.3).",external_cohort,Signature discovered on the Munich microarray cohort and tested by IHC in a separate Regensburg cohort. No patient was in both cohorts. Internal microarray neurofuzzy models reached concordance index 1.0 with 11 genes; that figure is not the validation result.,NR,NR,none_stated,NR,none_declared,An AI-selected progression gene panel identified non-muscle-invasive bladder cancer progression on an independent IHC cohort with concordance index 0.66.,"Statistical correlation was used to reduce 2800 genes to 200 before AI analysis, and regression-identified genes were not compared by immunohistochemistry.","In the microarray cohort the 11-gene committee panel had multivariate OR 0.70 (95% CI 0.56-0.87) and outperformed a statistically selected gene panel (OR 1.24, 95% CI 0.96-1.60).",REV-ALCIDES-AI,2026-09-23,complete,,no,batch-05
REC-AIBIOGU-000371,Chen2026,Dietary Polyphenol Acteoside-Related Molecular Signatures in Clear Cell Renal Cell Carcinoma: Multi-Omics Profiling and Functional Validation of IMPDH1.,2026,Food Sci Nutr,10.1002/fsn3.72340,kidney_renal,,"Retrospective multi-cohort prognostic modeling of acteoside-related genes, with in vitro IMPDH1 assays",multiple_public,TCGA-KIRC derivation cohort; external ICGC-RECA-EU and E-MTAB-1980. Acteoside-related consensus clusters C1 and C2 comprised 249 and 290 patients. Single-cell and spatial transcriptomic datasets are public; external cohort sizes are not stated.,NR,patients,transcriptomics,"Bulk RNA-seq prognostic signature from acteoside-target genes; single-cell and spatial transcriptomics used for the landscape, not for the reported C-index",prognostic_prediction,"101 machine-learning combinations benchmarked on 29 univariate-Cox genes; StepCox[both] plus random survival forest selected by C-index, with RSF tree number tuned by out-of-bag error","Acteoside-related genes from CTD, GeneCards, and SwissTargetPrediction; 10-gene signature with IMPDH1 as the top RSF feature",10-gene acteoside-related prognostic signature led by IMPDH1,prognostic,C-index,"StepCox[both] plus RSF C-index 0.930 (TCGA), 0.633 (ICGC), and 0.719 (E-MTAB-1980). Five-year AUC 0.979, 0.682, and 0.753 in the same three cohorts, respectively.",external_cohort,"Derived in TCGA-KIRC and tested in independent ICGC-RECA-EU and E-MTAB-1980 cohorts. In vitro knockdown and overexpression of IMPDH1 is functional follow-up, not a performance cohort.",NR,upon_request,none_stated,Nantong University Special Research Fund for Clinical Medicine (2025JY044) and Jiangsu Association of Chinese Medicine (ZXFZ2024097).,none_declared,"A 10-gene acteoside-related signature selected by StepCox plus random survival forest had C-index 0.930 in TCGA-KIRC, 0.633 in ICGC, and 0.719 in E-MTAB-1980.","Direct binding of acteoside to IMPDH1 was not shown, dietary acteoside exposure was not measured, and the prognostic cohorts are retrospective.","Consensus clusters C1 (n=249) and C2 (n=290) differed in survival, immune activity, and genomic instability. IMPDH1 knockdown suppressed ccRCC cell proliferation and invasion.",REV-ALCIDES-AI,2026-09-23,complete,,no,batch-05
REC-AIBIOGU-000374,Li2026,Integrative multi-omics identifies PANX2 as a ferroptosis suppressor and potential therapeutic target in clear cell renal cell carcinoma.,2026,Front Immunol,10.3389/fimmu.2026.1883667,kidney_renal,,Multi-omics ferroptosis ML signature with scRNA/spatial discovery and extensive PANX2 experiments,multiple_public,"TCGA-KIRC training; external ICGC n=73, E-MTAB-1980, GSE167573; scRNA GSE159115",73,patients,multiomics,"Bulk RNA, scRNA, spatial transcriptomics; four-gene Cox risk model",prognostic_prediction,"LASSO, SVM-RFE, GBM, random forest with multivariate Cox","Four ferroptosis genes CA9, PVT1, RRM2, PANX2 in risk model",Four-gene ferroptosis prognostic risk score and nomogram,prognostic,other,Consistent predictive performance in training and external validation cohorts per abstract; GSE167573 time-dependent AUCs referenced but not numerically listed in slice,external_cohort,External ICGC/ArrayExpress/GEO validation of risk model; PANX2 validated orthogonally in vitro/xenograft/murine models.,NR,NR,none_stated,NR,NR,A four-gene ferroptosis score stratified ccRCC prognosis externally and PANX2 drove ferroptosis resistance experimentally.,Mechanistic focus on PANX2 beyond pure prediction.,Spatial and scRNA localization of ferroptosis genes.,REV-ALCIDES-AI,2026-09-23,needs_review,Paper anchor is mechanistic ferroptosis/PANX2 biology with ML signature as discovery layer; extensive non-AI validation dominates.,yes,batch-05
REC-AIBIOGU-000375,Pan2026,NECSO-based classification predicts immunotherapy efficacy and identifies FLAD1 as therapeutic target in kidney renal clear cell carcinoma.,2026,Front Immunol,10.3389/fimmu.2026.1914332,kidney_renal,,NECSO-based ML score with pan-cancer ICI validation and FLAD1 functional assays,multiple_public,TCGA-KIRC NMF subtypes; ICI-treated KIRC and three pan-cancer ICI cohorts; scRNA datasets,181,patients,transcriptomics,Bulk NECSO score (13-gene optimal) plus scRNA NECSO activity,prognostic_prediction,Machine learning NECSO score optimized by maximum AUC,13-gene NECSO score including C4orf3 and related NECSO genes,NECSO score (NECSOS) for prognosis and ICI response,predictive_response,AUC,Model selected by maximum AUC; robust when AUC>0.7 in ICI cohorts including Braun anti-PD-1 ccRCC n=181 (exact AUC not in slice),external_cohort,Validated in multiple ICI-treated cohorts spanning KIRC and pan-cancer settings.,NR,NR,none_stated,NR,NR,NECSO score predicted prognosis and immunotherapy associations across ICI cohorts; FLAD1 functionally linked to NECSO axis.,Novel NECSO biology with emerging evidence base.,FLAD1 gain/loss assays and xenografts.,REV-ALCIDES-AI,2026-09-23,complete,Pan-cancer ICI validations include non-KIRC cohorts detailed in validation_detail.,no,batch-05
REC-AIBIOGU-000378,Wang2026,Development and validation of an integrated machine learning model for recurrence-free survival prediction in clear cell renal cell carcinoma.,2026,Transl Oncol,10.1016/j.tranon.2026.102937,kidney_renal,,Multicenter multimodal ML for post-surgery ccRCC RFS with external test cohort,public_plus_own,"1284 patients across centers: train n=738, internal val n=317, external test n=229",229,patients,multiomics,"Clinical variables, CT radiomics Rad-sign, 3D-ViT deep learning DL-sign",prognostic_prediction,"ML ensemble combining clinical, radiomics, and 3D-ViT signatures",Clinical factors plus Rad-sign and DL-sign imaging signatures,Multimodal recurrence-free survival prediction model and nomogram,prognostic,AUC,External test AUC 0.846 for 3D-ViT DL-sign; Rad-sign C-index 0.729; nomogram time-dependent AUCs up to 0.938 (7-yr RFS),external_cohort,Dedicated external test cohort n=229 separate from training and internal validation centers.,NR,NR,none_stated,None declared.,none_declared,Multimodal ML including 3D-ViT improved external RFS prediction versus clinical or radiomics alone after resection.,Imaging protocol heterogeneity across centers.,Compared Naive Bayes radiomics and clinical-only baselines.,REV-ALCIDES-AI,2026-09-23,complete,,no,batch-05
REC-AIBIOGU-000379,Zhang2026,Integrative Multi-Transcriptomic Uncovers Actionable Signatures and Drug Repurposing Candidates for ccRCC-Hypertension Comorbidity.,2026,Cancers (Basel),10.3390/cancers18142250,kidney_renal,,Hypertension-ccRCC comorbidity integrative transcriptomics with MR and drug screening,TCGA,TCGA-KIRC integrated with GeneCards hypertension genes; spatial/scRNA secondary,NR,patients,transcriptomics,"Bulk RNA with WGCNA, ML hub genes, Mendelian randomization",biomarker_discovery_association,WGCNA and machine learning hub-gene selection with diagnostic nomogram,"Four hub genes SCNN1G, CASR, KCNJ1, WNK4 diagnostic model",Hypertension-related hub gene diagnostic/prognostic panel,prognostic,other,Diagnostic models showed good tumor vs normal discrimination and nomogram calibration per abstract (numeric AUC not in slice),internal_split_only,TCGA-centric analysis with MR support; no independent external prediction cohort described in slice.,NR,NR,none_stated,NR,NR,Hypertension-related hub genes linked to ccRCC prognosis and comorbidity mechanisms with MR genetic association evidence.,Comorbidity-focused design limits direct GU intervention prediction.,Spatial heterogeneity and in vitro drug candidates ECG and pseudoginsenoside-F11.,REV-ALCIDES-AI,2026-09-23,needs_review,Comorbidity-focused ccRCC-hypertension design per calibration rule 5; AI diagnostic piece is secondary to mechanistic/MR aims.,yes,batch-05
REC-AIBIOGU-000380,Xu2026,Single-Cell and Machine Learning Analyses Identify MYDGF as an Immune-Related Biomarker Associated With the Tumor Microenvironment in Clear Cell Renal Cell Carcinoma.,2026,Hum Mutat,10.1155/humu/5262666,kidney_renal,,Retrospective public-data biomarker study of MYDGF with a preliminary LASSO Cox gene set and in vitro knockdown,multiple_public,"scRNA-seq GSE156632 and TCGA-KIRC (correlation analyses cite N=528; tumor/normal counts cited as T=530, N=168). Cell-line knockdown is functional follow-up.",NR,patients,transcriptomics,Single-cell RNA-seq plus bulk TCGA-KIRC expression for a MYDGF-associated gene set,prognostic_prediction,Univariate Cox prefilter followed by LASSO Cox (glmnet) with 10-fold cross-validation to choose lambda; planned 1:1 training and internal validation split,Differentially expressed genes between MYDGF-high and MYDGF-low TCGA-KIRC tumors,Preliminary 19-gene MYDGF-related prognostic gene set,prognostic,NR,"No completed performance result. Authors state that risk-score distribution, Kaplan-Meier analysis, time-dependent ROC, and internal-validation performance of the 19-gene set were not evaluated.",none,"A 1:1 TCGA split and 10-fold cross-validation for the LASSO penalty are described, but the authors say the prognostic evaluation was not completed. Not treated as a finished internal holdout.",NR,upon_request,none_stated,"Dalian Life and Health Field Guidance Plan (2024ZDJH01PT068), Open Fund of the Provincial Key Laboratory of Multidimensional Omics and Molecular Enzymology (2025YB007), and Liaoning Provincial Department of Education (LJ212410161044).",none_declared,"MYDGF is presented as an immune-related ccRCC biomarker, but the 19-gene LASSO Cox set is explicitly preliminary and has no reported discrimination metric.",The 19-gene set is hypothesis-generating because its prognostic performance was not assessed. TIDE immunotherapy contrasts are computational predictions.,"Figure survival curves print HR 1.97 (95% CI 1.43-2.73), HR 1.47 (95% CI 1.07-2.03), HR 1.98 (95% CI 1.34-2.92), and HR 4.06 (95% CI 1.51-10.95); the text does not assign each HR to the LASSO score. MYDGF knockdown reduced proliferation, migration, and invasion in 769-P and Caki-1 cells.",REV-ALCIDES-AI,2026-09-23,needs_review,"The full text does not report a numeric metric for the machine-learning gene set. The paper's anchor is MYDGF biology, and the LASSO model is described by the authors as unvalidated.",yes,batch-05
REC-AIBIOGU-000381,Lin2026,Integrated multi-omics analysis reveals folate metabolism-related genes as prognostic markers and therapeutic targets in clear cell renal cell carcinoma.,2026,BMC Cancer,10.1186/s12885-026-16397-1,kidney_renal,,Folate metabolism gene score from TCGA with validation cohort,TCGA,TCGA-KIRC discovery with additional validation cohort n=106 cited in slice patterns,532,patients,transcriptomics,Bulk RNA folate metabolism-related gene score (FMRG),prognostic_prediction,Univariate Cox with LASSO/random forest feature reduction,FMRG scoring system from folate metabolism genes,Folate metabolism-related gene (FMRG) score,prognostic,other,Signature predictive accuracy reported for risk groups (numeric AUC/C-index not in slice),internal_holdout,TCGA internal split with secondary validation cohort referenced.,NR,yes,none_stated,National Natural Science Foundation (82203365) and Jiangxi Natural Science Foundation (20232BAB2060).,none_declared,FMRG score stratified ccRCC prognosis and immune phenotypes for risk stratification.,Retrospective public omics.,Immune infiltration and drug response analyses.,REV-ALCIDES-AI,2026-09-23,complete,,no,batch-05
REC-AIBIOGU-000382,Lin2026,Radiomics analysis of CT imaging for predicting MIT family translocation renal cell carcinoma: a multicenter retrospective clinical study.,2026,BMC Cancer,10.1186/s12885-026-16334-2,kidney_renal,,Multicenter CT radiomics nomogram for MIT-family translocation RCC vs other RCC,own_cohort,746 RCC patients (77 MIT-RCC) from primary center; three external centers for validation,746,patients,radiology_imaging,Preoperative CT radiomics with clinical nomogram,diagnostic_prediction,LASSO radiomics with logistic nomogram,LASSO-selected CT radiomics features plus clinical variables,Integrated radiomics-clinical nomogram for MIT-RCC,diagnostic,AUC,Training AUC 0.952 (95% CI 0.927-0.971); multicenter validation AUC 0.914 (95% CI 0.879-0.942),external_multicenter,Three additional hospital centers validated the nomogram after primary cohort training.,NR,NR,none_stated,NR,NR,CT radiomics nomogram accurately distinguished MIT-RCC from other RCC subtypes on multicenter validation despite class imbalance.,Rare MIT-RCC subtype with limited positive cases.,Subtype-specific imaging feature interpretation.,REV-ALCIDES-AI,2026-09-23,complete,Class imbalance (77/746 MIT-RCC) noted in appraisal.,no,batch-05
REC-AIBIOGU-000383,Chen2026,Integrative bulk and single-cell transcriptome analyses reveals manganese metabolism-related prognostic genes in clear cell renal cell carcinoma with experimental validation.,2026,Sci Rep,10.1038/s41598-026-57384-7,kidney_renal,,Manganese metabolism prognostic genes in ccRCC with qRT-PCR validation,multiple_public,Public ccRCC transcriptomic cohorts plus three tumor and three normal tissue qRT-PCR samples,NR,patients,transcriptomics,Bulk RNA manganese metabolism genes with Cox LASSO score,prognostic_prediction,Univariate Cox and LASSO multivariate risk model,Manganese metabolism-related prognostic gene set,Manganese metabolism prognostic risk score,prognostic,other,Nomogram and risk groups showed high predictive accuracy per results text (numeric AUC not in slice),internal_split_only,Public cohort modeling with small qRT-PCR orthogonal check in six tissues.,NR,yes,none_stated,Scientific and Technological Innovation Research Program (2023JSYXQN165).,NR,Manganese metabolism gene score associated with ccRCC prognosis and immune contexture with qRT-PCR support.,Limited tissue-level validation sample size.,Immune infiltration analysis of 22 cell types.,REV-ALCIDES-AI,2026-09-23,complete,,no,batch-05
REC-AIBIOGU-000385,Ma2026,Integrated bulk and single-cell transcriptomics reveals TREH as a novel protective biomarker and prognostic predictor in clear cell renal cell carcinoma.,2026,Front Oncol,10.3389/fonc.2026.1808369,kidney_renal,,WGCNA plus LASSO/GBM ccRCC prognostic model with functional assays,TCGA,TCGA-KIRC with 70/30 internal split for model evaluation,NR,patients,transcriptomics,Bulk RNA WGCNA modules with LASSO and GBM selection,prognostic_prediction,WGCNA with LASSO and gradient boosting machine consensus,Prognostic hub genes from WGCNA-ML pipeline (includes TREH emphasis in slice),Multi-gene prognostic risk score with TREH functional focus,prognostic,AUC,Time-dependent 1-yr AUC for TREH-centered model stable over 5 years (values >0.5 reported; exact peak AUC not in slice),internal_holdout,TCGA 70/30 split only; in vitro/in vivo functional validation for TREH.,NR,NR,none_stated,NR,NR,WGCNA-ML identified prognostic hub genes including TREH with functional ccRCC progression effects.,No independent external clinical validation cohort.,In vitro and in vivo TREH perturbation assays.,REV-ALCIDES-AI,2026-09-23,complete,,no,batch-05
REC-AIBIOGU-000388,Huang2026,Decoding the Sphingolipid Landscape of Clear Cell Renal Cell Carcinoma: A Single-Cell-Guided Prognostic Model Built With 101 Machine Learning.,2026,Hum Mutat,10.1155/humu/3249360,kidney_renal,,Retrospective multi-cohort prognostic modeling guided by single-cell sphingolipid programs,multiple_public,"scRNA-seq GEO (GSE152938, GSE171306, GSE121638). Bulk training from UCSC Xena, bulk test group from ICGC, and the 101-model validation set from ArrayExpress. Cohort sample sizes are not stated.",NR,patients,transcriptomics,Single-cell-guided sphingolipid genes modeled on bulk RNA-seq,prognostic_prediction,Ten algorithms in 101 combinations; models with average C-index above 0.65 were retained and Lasso plus SuperPC was selected,"12 sphingolipid-related genes (SUMF2, APOE, ORMDL1, ORMDL2, TECR, DEGS1, GLTP, ABCA1, SCP2, ASAH1, GALC, PLPP3) with published coefficients",Sphingolipid-related characteristic gene prognostic score (SRCGPS),prognostic,AUC,"1-, 3-, and 5-year AUC 0.734, 0.712, and 0.704; SRCGPS AUC 0.704 versus clinical variables (Figure 9C). Nomogram AUC 0.808 versus risk-score AUC 0.705 (Figure 10E).",external_cohort,Training expression and survival from UCSC Xena; 101-model validation set from ArrayExpress; bulk test group from ICGC. Figure 9C does not name which of these cohorts supplies the 1/3/5-year AUCs. All are ccRCC cohorts.,NR,yes,none_stated,"Shenzhen Fundamental Research Program (JCYJ20220530145006013), Seventh Affiliated Hospital of Sun Yat-sen University key-discipline matching funds, and Sichuan Provincial National Innovation Training Programme for College Students (202410632005).",none_declared,"A 12-gene sphingolipid score selected from 101 machine-learning combinations had 1-, 3-, and 5-year AUCs of 0.734, 0.712, and 0.704.","Public-data heterogeneity, limited sample size for rare single-cell states, and retrospective design requiring clinical validation.",Average C-index above 0.65 was the screen for candidate models; the selected model's point C-index is not printed. High- versus low-risk survival differed in training and validation sets (p<0.05).,REV-ALCIDES-AI,2026-09-23,complete,"Selection used average C-index, but the full text prints only a threshold (above 0.65), not the selected model's C-index. Reported discrimination numbers are the AUCs above.",no,batch-05
REC-AIBIOGU-000389,Liu2026,Integrated bioinformatics and experimental validation identify aging-related prognostic genes in clear cell renal cell carcinoma.,2026,Medicine (Baltimore),10.1097/md.0000000000048809,kidney_renal,,TCGA aging-related gene prognostic model with qRT-PCR check,TCGA,TCGA-ccRCC cohort for ARG signature; qRT-PCR in patient tissues,NR,patients,transcriptomics,Bulk RNA aging-related genes with LASSO Cox,prognostic_prediction,LASSO Cox on aging-related candidate genes,Aging-related gene prognostic signature,ARG-based prognostic risk score,prognostic,other,Risk model diagnostic performance interpreted by AUC thresholds (>0.9 high) but study-specific AUC not numerically stated in slice,internal_split_only,TCGA internal analyses with qRT-PCR discordance noted for FOXM1 and CDKN2A.,NR,NR,none_stated,NR,NR,An aging-related gene score stratified ccRCC prognosis though some qRT-PCR results discordant with bioinformatic predictions.,Partial qRT-PCR validation mismatch for key genes.,Mechanistic pathway enrichment for aging genes.,REV-ALCIDES-AI,2026-09-23,needs_review,Appraisal flags RT-qPCR discordance for FOXM1 and CDKN2A as validation weakness.,yes,batch-05
REC-AIBIOGU-000390,Li2026,Integrating Bulk and Single-Cell RNA-Seq Reveals Glycolysis-Associated Macrophages and Its Related Tumor Subgroup Signatures to Predict Prognosis and Therapy in Clear Cell Renal Cell Carcinoma.,2026,Hum Mutat,10.1155/humu/3125551,kidney_renal,,Retrospective multi-cohort prognostic modeling of glycolysis-associated macrophage programs,multiple_public,scRNA-seq GSE178481; TCGA-KIRC training cohort n=537; external ICGC and MTAB-3218 (sample sizes not stated),NR,patients,transcriptomics,Bulk RNA-seq signature derived from single-cell glycolysis-associated macrophage modules (hdWGCNA),prognostic_prediction,"101 combinations of random survival forest, elastic net, LASSO, ridge, stepwise Cox, CoxBoost, plsRcox, SuperPC, GBM, and survival-SVM, with 10-fold cross-validation; StepCox (backward) plus random survival forest selected","Six hub genes: CENPA, ITM2B, TUBA1B, TNFSF13B, SNX3, and TNNT1",Six-gene glycolysis-associated macrophage prognostic signature,prognostic,C-index,"StepCox (backward) plus random survival forest, highest average C-index 0.686 across validation datasets.",external_cohort,"Ten-fold cross-validation inside TCGA-KIRC, with C-index also computed on external ICGC and MTAB-3218 cohorts that are independent of the TCGA training set. External sample sizes are not stated.",NR,yes,none_stated,Central Guidance Fund for Local Science and Technology Development (YDZJSX2025D073) and Shanxi Provincial Health Commission general program (2024024).,none_declared,"A six-gene signature from glycolysis-associated macrophages, chosen by average C-index 0.686, separated high- and low-risk ccRCC survival.",Drug-sensitivity results are computational predictions from public databases and need experimental confirmation.,High-risk patients had worse overall survival on external ICGC and MTAB-3218 Kaplan-Meier analyses (one plotted log-rank p=0.002). Time-dependent ROC values appear in figures but are not stated as a single primary AUC in the text.,REV-ALCIDES-AI,2026-09-23,complete,,no,batch-05
REC-AIBIOGU-000392,Jiang2026,Identification of a prognostic signature based on ammonia metabolism-related genes in clear cell renal cell carcinoma: an integrated analysis of bulk and single-cell transcriptomics.,2026,Front Immunol,10.3389/fimmu.2026.1765098,kidney_renal,,Ammonia-induced cell death gene prognostic signature in ccRCC,multiple_public,Public ccRCC transcriptomic resources with TCGA-centric modeling,NR,patients,transcriptomics,Bulk RNA ammonia-metabolism gene signature,prognostic_prediction,DEG intersection with LASSO Cox risk scoring,Ammonia-induced cell death-related prognostic genes,Ammonia metabolism prognostic risk groups (HRG/LRG),prognostic,AUC,Time-dependent survivalROC AUC values between 0.6 and 1 across horizons (exact max not in slice),internal_split_only,Public cohort internal validation only in slice.,NR,yes,none_stated,NR,NR,An ammonia-metabolism gene score separated ccRCC survival risk groups with pathway and immune correlates.,Mechanistic ammonia biology requires further validation.,Drug sensitivity and mutation comparisons HRG vs LRG.,REV-ALCIDES-AI,2026-09-23,complete,,no,batch-05
REC-AIBIOGU-000393,Dai2026,Integrating single-cell multi-omics and machine learning to reveal triaptosis heterogeneity in clear cell renal cell carcinoma.,2026,Hum Genomics,10.1186/s40246-026-00982-3,kidney_renal,,scRNA triaptosis heterogeneity with bulk ML prognostic signature and ICI linkage,multiple_public,scRNA and bulk TCGA/GEO ccRCC; immunotherapy cohorts referenced,NR,patients,multiomics,Single-cell triaptosis scoring plus bulk ML signature,prognostic_prediction,Multiple ML algorithms with highest average C-index selection,Triaptosis-related prognostic gene signature from bulk ML,Triaptosis activity score and prognostic signature,prognostic,AUC,"Time-dependent ROC AUC exceeding 0.9 in TCGA-KIRC and generally exceeding 0.7 in E-MTAB-1980 and GSE167573, surpassing 0.8 in some cases (Fig. 7D).",external_cohort,Signature evaluated across prognosis and immunotherapy cohorts referenced in abstract.,NR,yes,none_stated,NR,NR,Triaptosis heterogeneity mapped in scRNA and translated to a bulk prognostic signature with immunotherapy associations.,Novel triaptosis concept with limited prior literature.,Monocyte/macrophage highest triaptosis activity.,REV-ALCIDES-AI,2026-09-23,needs_review,"The full text does not report a numeric C-index. The StepCox[backward] plus random survival forest model was chosen by highest average C-index, and discrimination is stated only as the AUC bounds above.",yes,batch-05
REC-AIBIOGU-000394,Li2026,Integrated multi-omics analysis of neutrophil extracellular trap-related genes in renal cell carcinoma using bioinformatics and machine learning.,2026,Discov Oncol,10.1007/s12672-026-04965-7,kidney_renal,Mixed RCC histologies in integrated GEO cohorts,NET-related gene signature across integrated GEO RCC cohorts,GEO,Five integrated GEO RCC datasets for DEG/WGCNA and ML gene selection,NR,patients,transcriptomics,Microarray/RNA NET-related gene signature,prognostic_prediction,"LASSO, SVM-RFE, and random forest consensus",Core NET-related prognostic genes after ML refinement,NET-related molecular subtype and prognostic signature,prognostic,AUC,Subtype classification AUCs ~0.989/0.987 reported (appraisal cautions optimistic interpretation),internal_cv,Integrated GEO cohorts without separate external holdout described in slice.,NR,yes,none_stated,NR,NR,NET-related genes defined molecular subtypes with very high internal classification AUC in integrated RCC datasets.,Cohort spans multiple RCC histologies beyond ccRCC alone.,Functional enrichment of NET modules.,REV-ALCIDES-AI,2026-09-23,needs_review,Appraisal notes multi-histology RCC cohort and very high AUCs warrant cautious interpretation.,yes,batch-05
REC-AIBIOGU-000397,Tao2026,An interpretable machine learning model based on habitat radiomics combined with deep learning for predicting the WHO/ISUP grade of patients with clear cell renal cell carcinoma.,2026,BMC Med Imaging,10.1186/s12880-026-02285-4,kidney_renal,,Multicenter habitat radiomics plus deep learning for WHO/ISUP ccRCC grade,own_cohort,646 patients multicenter; train/validation/test splits (387/134/125 approximate),134,patients,multiomics,Enhanced CT habitat radiomics and deep learning with SHAP interpretability,diagnostic_prediction,Logistic regression on habitat radiomics+DL features with SHAP explanation,Habitat radiomics and deep learning grade features,Interpretable habitat radiomics-DL grade model,diagnostic,AUC,Validation AUC 0.901 (95% CI 0.850-0.948); test AUC 0.913 (95% CI 0.857-0.960); habitat model superior to 2.5D/intratumoral baselines,external_cohort,Multicenter validation and held-out test cohort for grade prediction.,NR,NR,none_stated,NR,NR,Habitat radiomics combined with deep learning improved preoperative WHO/ISUP grade prediction with SHAP interpretability.,Retrospective imaging variability across centers.,SHAP feature contribution maps for clinical explanation.,REV-ALCIDES-AI,2026-09-23,complete,,no,batch-05
REC-AIBIOGU-000398,Zhang2026,A lactylation-related gene signature predicts prognosis and immunotherapy response in clear cell renal cell carcinoma based on machine learning and multi-omics analysis.,2026,Discov Oncol,10.1007/s12672-026-04781-z,kidney_renal,,Lactylation-related ML signature with TCGA training and E-MTAB-1980 external validation,multiple_public,TCGA-KIRC n=518 after QC; external E-MTAB-1980 n=101; scRNA GSE156632 support,101,patients,transcriptomics,Bulk RNA 11-gene lactylation-related signature (LRGS),prognostic_prediction,Machine learning over LRGs with multiple algorithm comparison,Eleven-gene lactylation-related gene signature (LRGS),LRGS risk score for ccRCC prognosis,prognostic,AUC,External E-MTAB-1980 validation AUC >0.7 (exact value not in slice); independent prognostic on multivariate analysis,external_cohort,External ArrayExpress cohort plus SHC1 in vitro validation.,NR,NR,none_stated,NR,NR,An 11-gene lactylation signature predicted ccRCC prognosis externally and linked to immunotherapy dysfunction phenotypes.,Emerging lactylation biology; partial mechanistic validation.,SHC1 knockdown reduced proliferation/migration in vitro.,REV-ALCIDES-AI,2026-09-23,complete,,no,batch-05
REC-AIBIOGU-000399,Yang2026,Multiphase CT-based deep learning radiomics nomogram models for preoperative WHO/ISUP grading of clear cell renal cell carcinoma: a two-center validation study.,2026,BMC Med Imaging,10.1186/s12880-026-02268-5,kidney_renal,,Two-center retrospective surgical ccRCC cohort with multiphase CT,own_cohort,"Center 1 n=1327 (929 train, 398 internal validation); Center 2 external validation n=172",1499,patients,radiology_imaging,Triphasic CT radiomics plus DenseNet201 deep features,diagnostic_prediction,"XGBoost radiomics, multi-channel DenseNet201, fused DLRN nomogram","NCP/CMP/NP radiomics, DL embeddings, age/sex/tumor diameter",Deep Learning Radiomics Nomogram (DLRN) for WHO/ISUP grade,diagnostic,AUC,"DLRN AUC 0.935 training, 0.901 internal validation, 0.911 external validation",external_cohort,7:3 random split at Center 1 plus independent Center 2 cohort (n=172).,NR,NR,none_stated,NR,NR,"Multiphase CT DLRN non-invasively predicted ccRCC WHO/ISUP grade with ~0.90 AUC internally and externally, outperforming clinical, radiomics-only, and DL-only models.",Retrospective design; grade binarized as low (I-II) vs high (III-IV); further prospective validation needed.,SHAP and Grad-CAM interpretability analyses of fused model.,REV-ALCIDES-AI,2026-09-23,complete,,no,batch-06
REC-AIBIOGU-000400,Zhou2026,Study on the prediction of postoperative metastasis in renal cancer using perirenal fat CT radiomics combined with clinical features.,2026,Front Oncol,10.3389/fonc.2026.1766300,kidney_renal,,Single-center retrospective RCC cohort with arterial-phase CT radiomics,own_cohort,First Affiliated Hospital of Bengbu Medical College; n=120 resected RCC,120,patients,radiology_imaging,Arterial-phase CT radiomics of tumor and 5-mm perirenal fat (TotalSegmentator),prognostic_prediction,"LASSO feature selection with logistic regression nomogram (clinical, PRF, tumor radiomics fusion)","Clinical labs/clinical factors, PRF radiomics, intratumoral radiomics",Combined nomogram for postoperative metastasis risk,prognostic,AUC,Combined model AUC 0.958 (95% CI 0.905-0.986) overall; 7:3 train/test split (84/36),internal_holdout,Random 7:3 internal split only; no external imaging cohort.,NR,NR,none_stated,NR,NR,"Fusing clinical, perirenal fat, and tumor radiomics yielded very high metastasis discrimination (AUC 0.958) in a small single-center cohort.",Single-center retrospective design with modest sample and 36 metastatic events.,"Individual clinical (AUC 0.877), PRF (0.841), and tumor radiomics (0.848) models reported.",REV-ALCIDES-AI,2026-09-23,needs_review,Appraisal flags small n=120 and AUC 0.958 with only 36 metastasis events as likely overfitting.,yes,batch-06
REC-AIBIOGU-000402,Liu2026,Machine learning derived proliferating T cell-related signature: a novel biomarker for prognosis and treatment efficacy in clear cell renal cell carcinoma.,2026,Int Immunopharmacol,10.1016/j.intimp.2026.116361,kidney_renal,,Integrative ML signature trained on CheckMate025 RCT transcriptomics with multi-cohort validation,public_plus_own,"Discovery CheckMate025 (train n=156, internal test n=155); external IMmotion151, JAVELIN Renal 101, TCGA-KIRC, WCH n=150",156,patients,transcriptomics,Bulk RNA-seq from RCTs and TCGA; scRNA/spatial for CST3 biology,prognostic_prediction,"Ensemble ML screening (RSF, LASSO Cox, etc.) yielding 7-gene TRRS","Seven Tprolif-related genes (CST3, FOXM1, GPR183, HMGA1, ITM2A, MND1, ZWINT)",Tprolif-related RCC score (TRRS),prognostic,C-index,Strong OS/PFS stratification across RCT cohorts; 1-yr time-dependent AUC up to 0.978 (training) and 0.804 (CheckMate025); C-index in Fig. 2E,external_cohort,Independent validation in three phase III RCT transcriptomic cohorts plus TCGA-KIRC and institutional WCH series.,NR,NR,none_stated,NR,NR,"Seven-gene TRRS predicted survival and immunotherapy/targeted therapy benefit across multiple advanced ccRCC cohorts, with CST3 highlighted as a key mediator.",Bulk deconvolution limits; mechanistic claims require further functional validation beyond observational cohorts.,Predictive utility for ICI mono/combination and mTOR/anti-angiogenic arms; metabolic and spatial/single-cell CST3 analyses.,REV-ALCIDES-AI,2026-09-23,complete,,no,batch-06
REC-AIBIOGU-000403,Shi2026,MRI-based habitat radiomics for predicting WHO/ISUP nuclear grade in clear cell renal cell carcinoma.,2026,Front Oncol,10.3389/fonc.2026.1751579,kidney_renal,,Single-center retrospective MRI radiomics cohort with internal train/test split,own_cohort,"First Central Hospital of Baoding; n=154 ccRCC (108 train, 46 test)",154,patients,radiology_imaging,"Contrast-enhanced T1 MRI intratumoral, peritumoral (2 mm), and K-means habitat radiomics",diagnostic_prediction,Five ML classifiers with habitat/peri fusion nomogram and SHAP,"Habitat signature, intratumoral and 2-mm peritumoral radiomics, corticomedullary enhancement level",MRI habitat-peri-intratumoral radiomics nomogram for WHO/ISUP grade,diagnostic,AUC,Nomogram AUC 0.934 training and 0.912 test; best habitat model AUC 0.894/0.877,internal_holdout,Random 7:3 split at one center; authors state external validation still required.,NR,NR,none_stated,NR,NR,MRI habitat and peritumoral radiomics nomogram predicted ccRCC WHO/ISUP grade with >0.91 AUC on the internal test set.,Single-center design; conclusion calls for further external validation before clinical use.,SHAP interpretability of habitat model decisions.,REV-ALCIDES-AI,2026-09-23,needs_review,Appraisal notes internal train/test only without external validation cohort.,yes,batch-06
REC-AIBIOGU-000405,Cao2026,Integrated multi-omic profiling reveals macrophage-driven prognostic signatures in clear cell renal cell carcinoma through machine learning optimization.,2026,Front Immunol,10.3389/fimmu.2025.1612262,kidney_renal,,scRNA-seq atlas plus bulk TCGA/CPTAC ML prognostic modeling,multiple_public,CELLxGENE KIRC scRNA; bulk TCGA-KIRC and CPTAC-KIRC for RSF signature validation,NR,samples,multiomics,scRNA-seq macrophage subtyping plus bulk RNA hdWGCNA,prognostic_prediction,Random survival forest on seven Mac-M2 hub genes after 20 ML models screened,Seven macrophage Mac-M2 module hub genes,Macrophage-derived seven-gene RSF prognostic signature,prognostic,other,RSF signature stratified OS in TCGA and CPTAC (log-rank p<0.0001); numeric C-index not in slice,external_cohort,Signature trained on TCGA-KIRC and evaluated in independent CPTAC-KIRC bulk cohort.,yes,NR,none_stated,NR,NR,Five TAM subsets were defined and a seven-gene macrophage signature robustly split KIRC prognosis across TCGA and CPTAC with PRDX1+ LA-Mac enrichment in high-risk tumors.,Public retrospective omics; M1/M2 framework insufficient to capture TAM plasticity; functional validation limited.,Spatial validation of macrophage subsets; immune-metabolic pathway associations in high-risk patients.,REV-ALCIDES-AI,2026-09-23,needs_review,n_analytic for bulk RSF stage not explicitly stated in slice; github code noted as available (xxx placeholder in methods).,yes,batch-06
REC-AIBIOGU-000407,Wang2026,Development of a novel prognostic model based on TRPM4-Induced sodium overload-mediated cell death in kidney cancer.,2026,Front Cell Dev Biol,10.3389/fcell.2025.1755318,kidney_renal,,TCGA pan-cancer bioinformatics with integrated ML NECSO prognostic score and in vitro validation,TCGA,TCGA-KIRC bulk RNA for 14-gene NECSO score; pan-cancer TRPM4 survey across 33 TCGA types,NR,samples,multiomics,Bulk transcriptomics plus plsRcox/GBM/CoxBoost integration and cell-line assays,prognostic_prediction,"plsRcox, GBM, and CoxBoost integration to 14-gene NECSO score",Fourteen NECSO-related genes selected from TRPM4-linked DEGs and Cox screening,NECSO Score (14-gene recurrence-free survival signature),prognostic,NR,NECSO Score independent protective prognostic factor for RFS with concordance/time-dependent ROC assessed; numeric values not in slice,external_cohort,Limitations state external validation cohorts applied for the prognostic model beyond TCGA discovery.,NR,yes,none_stated,NR,NR,TRPM4 was downregulated in ccRCC and a 14-gene NECSO score linked sodium-overload cell death biology to RFS and immune infiltration patterns.,Retrospective public datasets; no in vivo validation; pan-cancer analyses may introduce selection bias.,In vitro TRPM4 overexpression and NC1 synergy experiments in 769-P/A498 cells.,REV-ALCIDES-AI,2026-09-23,needs_review,Paper anchor mixes pan-cancer TRPM4 mechanistic work with ML prognostic score; performance numerics truncated in slice.,yes,batch-06
REC-AIBIOGU-000408,Gong2026,A robust ammonia metabolism gene signature identified by machine learning predicts prognosis and immunotherapy response in clear cell renal cell carcinoma.,2026,Front Oncol,10.3389/fonc.2025.1709096,kidney_renal,,TCGA discovery with external array and ICI cohort validation plus scRNA/WGCNA,multiple_public,"TCGA-KIRC n=535 tumors; E-MTAB-1980 external; CheckMate025, IMmotion150/151 ICI cohorts; GEO scRNA GSE159115",535,samples,transcriptomics,Bulk RNA ammonia metabolism genes with LASSO/multivariate Cox and random forest,prognostic_prediction,LASSO Cox and multivariate Cox with random forest selected four-gene AMRS,Four ammonia metabolism-related genes in AMRS,Ammonia metabolism risk score (AMRS),prognostic,AUC,External E-MTAB-1980 time-dependent AUC 0.710/0.721/0.771 at 3/5/7 yr; RF training C-index 0.647; ICI cohorts HR 1.30-1.69,external_cohort,Model developed on TCGA-KIRC and validated on E-MTAB-1980 plus multiple ICI trial transcriptomic cohorts.,NR,NR,none_stated,NR,NR,"Four-gene AMRS predicted ccRCC survival and immunotherapy response associations, with CSAD knockdown reducing migration/invasion in cell lines.",High-dimensional gene screening on public cohorts; functional validation limited to in vitro CSAD siRNA experiments.,Immunotherapy response stratification in CheckMate025 and IMmotion cohorts.,REV-ALCIDES-AI,2026-09-23,complete,,no,batch-06
REC-AIBIOGU-000410,Yang2025,LST1: a novel biomarker for efferocytosis in the co-occurrence of type 2 diabetes mellitus and clear cell renal cell carcinoma.,2025,Front Immunol,10.3389/fimmu.2025.1737749,kidney_renal,,scRNA comorbidity (T2DM+ccRCC) study with TCGA ML prognostic modeling,multiple_public,"GEO scRNA (GSE255566 T2DM, ccRCC scRNA); TCGA-KIRC train n=539; E-MTAB-198 validation n=101",539,samples,multiomics,scRNA efferocytosis mapping plus bulk ML (10 survival algorithms),biomarker_discovery_association,"Ten survival ML algorithms (RSF, Enet, plsRcox, CoxBoost, SuperPC, etc.) optimized on efferocytosis DEGs",Efferocytosis-related differential genes overlapping T2DM neutrophils and ccRCC macrophages,LST1-centered comorbidity prognostic model/score,prognostic,AUC,LST1 diagnostic/prognostic AUC >0.745 for T2DM-ccRCC comorbidity axis (abstract),external_cohort,TCGA-KIRC training with E-MTAB-198 external bulk validation; scRNA from public GEO only.,NR,yes,none_stated,National Natural Science Foundation of China and Jiangsu/Yancheng health grants listed.,none_declared,LST1 linked efferocytosis in T2DM granulocytes and ccRCC macrophages and emerged as a comorbidity biomarker with AUC>0.745 plus experimental validation.,Public datasets limit sample size/annotation; direct LST1-receptor interactions not yet proven; multi-center scRNA validation needed.,In vivo/in vitro comorbidity models validating LST1 role in disease progression.,REV-ALCIDES-AI,2026-09-23,needs_review,Borderline scope: comorbidity-focused T2DM+ccRCC axis narrows generalizability to typical GU biomarker discovery per appraisal.,yes,batch-06
REC-AIBIOGU-000411,Meng2025,Machine learning-derived cellular senescence index for predicting prognosis and drug sensitivity in patients with renal cell carcinoma.,2025,Front Immunol,10.3389/fimmu.2025.1727099,kidney_renal,NA,retrospective cohort / translational bioinformatic study (scRNA-seq + bulk transcriptomic ML prognostic modeling) with in vitro functional validation,public_plus_own,"scRNA-seq GSE210038 (7 ccRCC + 2 normal samples); bulk RNA-seq/clinical TCGA-KIRC (training/testing, 7:3 split) and ICGC-RECA (external validation cohort); own institutional cohort of 8 paired ccRCC/adjacent-tissue samples (First Affiliated Hospital of Harbin Medical University; IHC/Western blot); ccRCC cell lines 786O and A498 (in vitro functional validation)",NR,patients,multiomics,"scRNA-seq (senescence landscape) + bulk RNA-seq/TCGA-KIRC and ICGC-RECA gene expression + CNV/mutation genomic data for SRSM construction, plus IHC and Western blot for NME2 protein validation",prognostic_prediction,"Ensemble of 10 ML survival algorithms combined pairwise into 101 model combinations; optimal model = Lasso + StepCox [both], selected by highest mean C-index, 10-fold cross-validation","Senescence-related gene expression from FRIDMAN_SENESCENCE_UP gene set (MSigDB), reduced via the 101-combination ML framework to a 9-gene signature (ALDH1A3, CREG1, ESM1, MMP1, NME2, RHOB, SERPINB2, TNFAIP2, TSPYL5)","Senescence-related scoring model (SRSM), 9-gene signature",prognostic,C-index,"Optimal Lasso+StepCox model selected by highest mean C-index (exact numeric value not reported); time-dependent ROC AUC 0.65-0.74 across TCGA-KIRC training, TCGA-KIRC testing, and ICGC-RECA external validation cohorts; Kaplan-Meier survival difference between high- vs low-SRSM groups p<0.001 in all three cohorts",external_cohort,"TCGA-KIRC split 7:3 into training/testing (internal), with ICGC-RECA used as a separate external public cohort. Per appraisal_note, counted here as a prognostic SRSM (C-index/AUC) despite being framed narratively around associative scRNA-seq senescence biology.",NR,yes,none_stated,National Natural Science Foundation of China (82473337); Natural Science Foundation of Heilongjiang Province (PL2024H042); Outstanding Young Medical Talent Training Program of the First Affiliated Hospital of Harbin Medical University (HYD2020JQ0020); Beijing Medical Award Foundation (YXJL-2021-0302-0292),none_declared,"A 9-gene ML-derived senescence-related scoring model (SRSM, Lasso+StepCox) stratified ccRCC prognosis (AUC 0.65-0.74 across TCGA-KIRC training/testing and ICGC-RECA external validation; KM p<0.001), with high-SRSM tumors showing an immunosuppressive TME and greater sensitivity to axitinib/sorafenib; in vitro NME2 knockdown suppressed ccRCC proliferation/invasion.","Relatively small sample size requiring further validation in larger cohorts; functional experiments relatively basic, no in vivo animal studies; cellular senescence inferred transcriptionally (AddModuleScore) rather than confirmed with gold-standard senescence assays due to lack of freshly isolated tumor material.","scRNA-seq-based cellular senescence landscape in the ccRCC TME (6 major cell subpopulations); differential immune infiltration, TME complexity, CNV burden, and drug-sensitivity differences between high- vs low-SRSM groups; NME2 in vitro functional validation (Transwell, wound-healing, CCK-8/EdU, IHC, Western blot) in 786O/A498 cell lines and 8 paired patient tissue samples.",REV-ALCIDES-AI,2026-09-23,needs_review,n_analytic for TCGA-KIRC/ICGC-RECA cohorts used in SRSM construction not given as explicit numbers in text; exact C-index for the selected model likewise not reported numerically. Flagged per instructions given the borderline prognostic-vs-associative framing noted in appraisal_note plus the missing n.,yes,pilot
REC-AIBIOGU-000414,Peng2025,Mitochondrial energy metabolism genes as prognostic biomarkers in clear cell renal cell carcinoma via single-cell and bulk RNA sequencing analyses.,2025,Discov Oncol,10.1007/s12672-025-04224-1,kidney_renal,,Public bulk/scRNA with LASSO-Cox six-gene risk model and lab validation,multiple_public,TCGA-KIRC training; GEO GSE29609 and GSE159115 validation; qRT-PCR/WB on clinical samples,NR,samples,multiomics,Bulk RNA plus scRNA references and wet-lab qRT-PCR/WB,prognostic_prediction,LASSO and Cox regression with ML assessment of DE-MMRGs,"Six mitochondrial energy metabolism genes (COX7B, PPARGC1B, NDUFA11, PFKFB4, NDUFV2, NDUFA7)",Six-gene MMRG risk score with nomogram,prognostic,HR,Risk score HR 0.848 (95% CI truncated in slice) with strong training/validation performance per abstract,external_cohort,Independent GEO cohorts GSE29609 and GSE159115 used as validation sets after TCGA discovery.,NR,yes,none_stated,NR,NR,Six mitochondrial metabolism genes formed a prognostic risk model with good discrimination and immune/regulatory network links in ccRCC.,Retrospective public omics; further prospective validation needed.,"GSEA, immune correlation, TF-miRNA-mRNA network and single-cell contextual analyses.",REV-ALCIDES-AI,2026-09-23,needs_review,Exact analytic N and full performance table not fully visible in slice; HR excerpt incomplete.,yes,batch-06
REC-AIBIOGU-000415,Kho2025,Yang-deficiency constitution drives poor outcomes in clear cell renal cell carcinoma by modulating the tumour immune microenvironment.,2025,Front Immunol,10.3389/fimmu.2025.1673579,kidney_renal,,Bulk and scRNA integrative study linking TCM Yang-deficiency constitution to ccRCC prognosis,multiple_public,530 ccRCC bulk plus 12 YDC-classified individuals; GEO scRNA PBMC and tumor samples,530,patients,multiomics,"Bulk RNA, scRNA, GSVA herb scoring, docking and assays",prognostic_prediction,WGCNA plus glmnet/LASSO Cox survival modeling on nine intersecting genes,"Seven key genes (MXD3, PLCB2, CCDC88B, DEF6, IFNG, TBC1D10C, PLEKHN1) from YDC-related screen",YDC-associated seven-gene prognostic model,prognostic,AUC,Prognostic model AUC 0.93 reported in results excerpt,internal_cv,Cross-validation used for glmnet tuning; primarily observational public cohort without independent external RCC cohort.,NR,NR,none_stated,NR,NR,YDC-linked ccRCC showed worse survival and a seven-gene signature modulated immune infiltrates with baicalein predicted to target IFNG.,Small YDC-labeled sample; TCM constitution classification is unconventional versus standard molecular predictors.,Herbal ingredient GSVA prioritization and baicalein docking/in vitro validation.,REV-ALCIDES-AI,2026-09-23,needs_review,Appraisal flags TCM Yang-deficiency exposure as unconventional predictor though treated as in-scope prediction study.,yes,batch-06
REC-AIBIOGU-000416,Chen2025,"Toxicological Impacts and Mechanistic Insights of Bisphenol a on Clear Cell Renal Cell Carcinoma Progression: A Network Toxicology, Machine Learning and Molecular Docking Study.",2025,Biomedicines,10.3390/biomedicines13112778,kidney_renal,,Network toxicology and ML prognostic signature for BPA-ccRCC overlap genes,multiple_public,108 ML combinations on public ccRCC/BPA gene sets; validated in cBioPortal and E-MTAB-1980,NR,samples,transcriptomics,Bulk expression with PPI/GO/KEGG and CoxBoost+Ridge signature,prognostic_prediction,108 algorithm combinations; optimal CoxBoost plus Ridge integrated signature,BPA-ccRCC overlapping genes selected into integrated CoxBoost-Ridge prognostic signature,BPA-associated integrated ML prognostic signature,prognostic,C-index,Training C-index reported; external C-index 0.74 (cBioPortal) and 0.81 (E-MTAB-1980),external_cohort,Signature evaluated in cBioPortal and ArrayExpress E-MTAB-1980 external cohorts.,NR,NR,none_stated,NR,NR,Integrated CoxBoost-Ridge signature predicted ccRCC outcomes with moderate external concordance while linking BPA exposure networks to immune mechanisms.,BPA exposure inferred computationally rather than measured in clinical cohorts used for validation.,Molecular docking of key targets; network toxicology enrichment analyses.,REV-ALCIDES-AI,2026-09-23,needs_review,Paper anchor is BPA network toxicology; BPA not measured in prognostic cohorts per appraisal (pilot PCP/ATBC precedent).,yes,batch-06
REC-AIBIOGU-000417,Xu2025,A SWI/SNF complex-related genes signature predicts prognosis and immune infiltration in ccRCC with KCNK5 as a novel biomarker.,2025,Sci Rep,10.1038/s41598-025-25283-y,kidney_renal,,TCGA molecular subtyping plus multi-ML five-gene prognostic signature,TCGA,532 TCGA-KIRC for clustering/model; E-MTAB-1980 n=101 external validation,532,patients,transcriptomics,Bulk RNA with ConsensusClusterPlus subtypes and multivariate Cox,prognostic_prediction,Multiple ML approaches integrated with multivariate Cox (five core SCRGs),"Five SWI/SNF-related genes (TMCC3, TOP2A, EPS8, PIK3R3, KCNK5)",Five-gene SCRG prognostic signature,prognostic,AUC,"TCGA training set (n=268) 1/3/5-year AUC 0.780/0.764/0.726; nomogram AUC 0.864. Test set (n=264) and external E-MTAB-1980 and ICGC-KIRC were described as consistent, without printed AUCs.",external_cohort,Developed on TCGA-KIRC and validated on independent ArrayExpress E-MTAB-1980 series.,NR,yes,none_stated,NR,NR,SWI/SNF-related subtypes differed in survival and immune infiltration and a five-gene signature predicted prognosis with KCNK5 functionally suppressing malignancy in vitro.,Mechanisms of core genes incompletely defined; retrospective public data.,SCRGcluster subtyping; scRNA expression patterns of core genes.,REV-ALCIDES-AI,2026-09-23,complete,,no,batch-06
REC-AIBIOGU-000418,Sun2025,Identification of plasma cell infiltration-related gene signatures as a novel prognostic model for clear cell renal cell carcinoma.,2025,Clin Exp Med,10.1007/s10238-025-01907-5,kidney_renal,,PC-infiltration gene discovery with LASSO prognostic PC score and nomogram,multiple_public,TCGA-KIRC n=530; E-MTAB-1980 n=101; GSE29609 n=39 validation,530,samples,transcriptomics,Bulk RNA deconvolution with LASSO and nomogram integration,prognostic_prediction,LASSO regression with tenfold CV selecting nine hub genes into PC score,"Nine plasma-cell infiltration hub genes (3 risk, 6 protective)",Plasma cell infiltration PC score plus age-stage nomogram,prognostic,AUC,Nomogram AUC significantly exceeded staging alone (P<0.01); time-dependent AUC values referenced in figures,external_cohort,Model trained on TCGA and validated on E-MTAB-1980 and GSE29609 cohorts.,NR,NR,none_stated,NR,NR,Nine-gene PC score independently predicted OS and improved nomogram discrimination versus TNM stage alone with distinct immune and drug sensitivity profiles.,Public cohort heterogeneity; local cohort validation details limited in slice.,Drug sensitivity differences by risk group; single-cell hub gene validation.,REV-ALCIDES-AI,2026-09-23,complete,,no,batch-06
REC-AIBIOGU-000419,Li2025,The value of dual-energy CT radiomics in evaluating vascular maturity and prognosis in clear cell renal cell carcinoma.,2025,Discov Oncol,10.1007/s12672-025-03856-7,kidney_renal,,Single-center DECT radiomics with small external validation for vascular maturity and PFS,own_cohort,"Center I n=87 (60 train, 27 validation); Center II external n=17",87,patients,radiology_imaging,Dual-energy CT multi-energy radiomics with IHC CD34+/alpha-SMA vascular maturity,diagnostic_prediction,Radiomics ML models plus combined Rad-score clinical nomogram,Multi-energy DECT radiomics Rad-score with clinical covariates,Combined Rad-score-clinical model for vascular maturity and PFS nomogram,diagnostic,AUC,Combined model AUC 0.967 validation and 0.764 external (n=17); multi-energy radiomics AUC 0.833/0.736,external_cohort,Internal 7:3 split plus second-center external set of only 17 patients.,NR,NR,none_stated,NR,NR,DECT radiomics combined with clinical features predicted vascular maturity and separated PFS by CD34+/alpha-SMA groups with strong internal but modest external AUC.,Very small external validation cohort; single additional center.,Kaplan-Meier PFS differences by vascular maturity groups.,REV-ALCIDES-AI,2026-09-23,needs_review,Appraisal notes tiny external validation (n=17) limiting generalizability.,yes,batch-06
REC-AIBIOGU-000421,Liu2025,Integrating sarcopenia and non-contrast CT radiomics for preoperative prediction of survival in sarcomatoid renal cell carcinoma.,2025,Front Oncol,10.3389/fonc.2025.1637032,kidney_renal,Sarcomatoid RCC subtype,Single-center retrospective sRCC cohort with sarcopenia plus CT radiomics,own_cohort,n=121 pathologically confirmed sRCC at one center,121,patients,radiology_imaging,Non-contrast CT tumor radiomics and L3 sarcopenia metrics,prognostic_prediction,LASSO Cox regression for radiomic signature integrated with sarcopenia,"Sarcopenia status, Rad-score, clinical factors (PNR, HALP, size, N stage)",Combined clinical plus Rad-score sarcopenia-integrated OS model,prognostic,AUC,Combined model time-dependent AUC 0.849/0.804/0.819 at 1/2/3-year OS vs radiomics-only (p=0.002),internal_split_only,Single rare-subtype cohort without independent external imaging validation.,NR,NR,none_stated,NR,NR,Integrating L3 sarcopenia with non-contrast CT radiomics improved preoperative OS prediction in sarcomatoid RCC versus radiomics alone.,Rare aggressive subtype with small single-center sample.,Multivariable HRs for sarcopenia and clinical covariates reported.,REV-ALCIDES-AI,2026-09-23,needs_review,Appraisal flags rare sarcomatoid RCC and small single-center cohort limiting scope.,yes,batch-06
REC-AIBIOGU-000422,He2025,Machine learning-driven dissection of the obesity-ccRCC interface: FCGR2A emerges as a central coordinator of tumor-immune crosstalk.,2025,Front Oncol,10.3389/fonc.2025.1598007,kidney_renal,,Obesity-ccRCC dual-disease transcriptomic harmonization with ML signature,multiple_public,Five harmonized ccRCC cohorts total n=876 plus obesity adipose profiles; scRNA GSE159115,876,samples,transcriptomics,Bulk microarray/RNA harmonized with ComBat/sva and glmBoost+Stepglm,biomarker_discovery_association,glmBoost plus Stepglm 14-gene signature after ComBat/sva harmonization,14-gene obesity-ccRCC interface signature centered on FCGR2A hub,14-gene FCGR2A-centered cross-cohort signature,prognostic,AUC,Reported mean cross-cohort AUC 0.991; FCGR2A staging AUC 0.998,external_cohort,Multi-cohort harmonization across five ccRCC datasets treated as cross-cohort evaluation.,NR,NR,none_stated,NR,NR,Obesity-ccRCC co-dysregulation highlighted FCGR2A in myeloid crosstalk with a 14-gene ML signature showing very high cross-cohort discrimination.,Observational public data; drug repurposing predictions require experimental confirmation.,Single-cell localization of FCGR2A to M2 macrophages; DSigDB repurposing hits.,REV-ALCIDES-AI,2026-09-23,needs_review,Appraisal flags implausible AUC up to 0.998/0.991 suggesting overfitting or leakage for 14-gene signature.,yes,batch-06
REC-AIBIOGU-000423,Ye2025,TCIRG1 as a Novel Prognostic Biomarker Triggering Immune Infiltration in Renal Clear Cell Carcinoma: An Integrative Study of Single-Cell and Bulk Data.,2025,Hum Mutat,10.1155/humu/1839494,kidney_renal,,Retrospective public-cohort prognostic modeling of KIRC with an external transcriptomic cohort and orthogonal wet-lab assays of TCIRG1,multiple_public,"GEO scRNA GSE139555 for hdWGCNA; TCGA-KIRC training n=529; ArrayExpress E-MTAB-1980 validation n=101. Institutional IHC, western blot, Transwell, and nude-mouse assays were orthogonal and not used to train the model.",529,patients,transcriptomics,Single-cell RNA-seq monocyte module plus bulk RNA-seq expression of nine selected genes,prognostic_prediction,Best of 101 combinations: stepwise Cox (both directions) plus random survival forest; LightGBM and XGBoost with SHAP used only to rank TCIRG1,"Nine genes: TNFAIP2, TCIRG1, SLC11A1, PLAUR, MYO9B, LRRK2, IQGAP2, EFHD2, and CD44",Nine-gene risk score; TCIRG1 had the highest SHAP contribution in both LightGBM and XGBoost,prognostic,AUC,"Training (TCGA-KIRC, n=529) 1/3/5-year AUC 0.948/0.967/0.982; external E-MTAB-1980 (n=101) 1/3/5-year AUC 0.822/0.721/0.682",external_cohort,Model selected on TCGA-KIRC and validated on independent ArrayExpress E-MTAB-1980. The winning combination was chosen by C-index among 101 algorithms; that C-index is not printed.,NR,upon_request,none_stated,No funding was received,The authors declare no conflicts of interest,"A nine-gene StepCox plus random-survival-forest score predicted KIRC overall survival, with training 1/3/5-year AUCs of 0.948, 0.967, and 0.982 and lower external AUCs (0.822, 0.721, 0.682); TCIRG1 was the top model feature and tracked Treg infiltration.","TCIRG1 and Treg coexpression was shown, but mechanisms of growth, invasion, and metastasis remain insufficiently explored; further in vivo studies are needed, and other immune cells implicated by bioinformatics were not fully studied.",High- versus low-risk survival differed in training (p<0.001) and validation (p=0.032). Risk score was an independent Cox factor. A clinical nomogram had acceptable 1/2/3-year calibration. CIBERSORT showed Treg cells most positively correlated with the risk score.,REV-ALCIDES-AI,2026-09-23,complete,"Primary axis is the nine-gene prognostic model. LightGBM and XGBoost ranked genes after the survival model was built. The selection C-index among 101 algorithms is not printed, so the reported time-dependent AUCs are the performance values.",no,batch-06
REC-AIBIOGU-000424,Chiang2025,Metal ion transporter SLC39A14-mediated ferroptosis and glycosylation modulate the tumor immune microenvironment: pan-cancer multi-omics exploration of therapeutic potential.,2025,Cancer Cell Int,10.1186/s12935-025-04003-6,other,Pan-cancer ferroptosis-glycosylation study; KIRC/GBM among many TCGA tumors with strongest signal in glioblastoma per appraisal,Pan-cancer multi-omics with ML ferroptosis-related Cox signature,TCGA,TCGA pan-cancer bulk with SLC39A14-centric ferroptosis signature (663 ferroptosis genes curated),NR,samples,multiomics,Bulk transcriptomics/epigenomics plus scRNA references,prognostic_prediction,LASSO Cox regression with cross-validation on pan-cancer TCGA,Ferroptosis-related gene signature anchored on SLC39A14 intersection,Pan-cancer ferroptosis-related prognostic gene signature,prognostic,AUC,Pan-cancer nomogram 5-year AUROC 0.78 in the training cohort and 0.81 in the test cohort,internal_cv,Pan-cancer TCGA evaluation; GU-specific external validation not primary focus.,NR,NR,none_stated,NR,NR,SLC39A14-linked ferroptosis-glycosylation axis associated with prognosis and immune infiltration across tumors with emphasis outside GU.,Pan-cancer scope limits tumor-specific generalizability; mechanistic validation incomplete.,Immune microenvironment and pathway enrichment across TCGA cancer types.,REV-ALCIDES-AI,2026-09-23,needs_review,"Appraisal: strongest prognostic signal in glioblastoma; KIRC secondary—borderline AIBIO_GU scope (pilot REC-000240 analog). The printed performance is the pan-cancer nomogram 5-year AUROC, not a KIRC-specific C-index.",yes,batch-06
REC-AIBIOGU-000426,He2025,Survival Prediction for Postoperative Patients With Kidney Cancer Based on Computed Tomography Radiomics: Retrospective Cohort Study.,2025,JMIR Med Inform,10.2196/73162,kidney_renal,,Retrospective TCIA cohort of postoperative kidney cancer; CT radiomics LASSO-Cox nomogram with bootstrap internal validation,other_public,"The Cancer Imaging Archive contrast-enhanced CT; 210 patients screened, 3 excluded for overall survival of 0 days; analytic cohort n=207 after nephrectomy",207,patients,radiology_imaging,"PyRadiomics features from gross tumor volume and healthy kidney (851 features; shape, first-order, texture, and wavelet)",prognostic_prediction,"LASSO-Cox (glmnet) with 10-fold cross-validation for lambda, then a Cox nomogram (rms); 1000-bootstrap optimism correction","Five wavelet CT radiomic features (four from gross tumor, one from healthy kidney) plus clinical covariates in the nomogram",Five-feature radiomic risk score; high- versus low-risk cutoff 0.154921,prognostic,C-index,"Optimism-corrected C-index 0.73 (95% CI 0.68-0.78); bootstrap-corrected AUC 0.80 (SD 0.03), 0.77 (SD 0.04), 0.74 (SD 0.04), and 0.71 (SD 0.05) at 1, 2, 4, and 6 years",internal_cv,10-fold cross-validation selected the LASSO penalty. Final metrics are 1000-bootstrap optimism-corrected estimates on the full cohort (N=207). Authors abandoned a 70:30 holdout because of sample size. No external cohort.,NR,yes,none_stated,NR,None declared,"A five-feature CT radiomics score predicted postoperative kidney-cancer overall survival with an optimism-corrected C-index of 0.73 (95% CI 0.68-0.78) and bootstrap AUCs of 0.80, 0.77, 0.74, and 0.71 at 1, 2, 4, and 6 years.",Public-data selection and heterogeneous CT protocols; n=207 judged too small for holdout validation; TNM stage not retained; peritumoral regions not analyzed. Authors also insert an unrelated hepatocellular-carcinoma staging argument.,"Kaplan-Meier separation of radiomic risk groups (P<.001; low-risk n=154, high-risk n=53). Calibration curves were described as good. The clinical-plus-radiomics ROC in Figure 5 has no additional printed AUC.",REV-ALCIDES-AI,2026-09-23,complete,Performance numbers are the bootstrap-corrected C-index and time-dependent AUCs on all 207 patients. Funding is not stated in the full text.,no,batch-06
REC-AIBIOGU-000427,Chen2025,Single-cell transcriptomic insights into ccRCC: a stemness gene signature for prognosis and treatment response prediction.,2025,Discov Oncol,10.1007/s12672-025-03664-z,kidney_renal,,scRNA-guided bulk ML prognostic signature across public ccRCC cohorts,multiple_public,"44-sample scRNA plus 1075 bulk samples (TCGA ccRCC/KICH/KIRP mixes, GSE22541, GSE167573, ArrayExpress)",879,samples,multiomics,scRNA stemness mapping plus LASSO-XGBoost bulk SGS,prognostic_prediction,LASSO-XGBoost stemness-related gene signature (SGS),Stemness-related genes from proliferative epithelial ccRCC subtype,Stemness gene signature (SGS),prognostic,C-index,LASSO plus XGBoost highest average C-index 0.763 in the validation datasets and was selected as the stemness gene signature,external_cohort,Multiple independent bulk cohorts beyond TCGA discovery.,NR,NR,none_stated,NR,NR,AI-derived stemness signature predicted survival and linked to reduced targeted/ICI responsiveness in high-risk ccRCC.,Mixed TCGA kidney histologies in download; needs histology-specific confirmation.,Treatment response associations for targeted therapy and ICI arms.,REV-ALCIDES-AI,2026-09-23,complete,,no,batch-06
REC-AIBIOGU-000430,Hu2025,Metabolic heterogeneity and survival outcomes in papillary renal cell carcinoma: insights from multi-datasets and machine learning analyses.,2025,Hereditas,10.1186/s41065-025-00571-9,kidney_renal,Papillary RCC (KIRP) subtype,TCGA-KIRP discovery with GEO external validation and 90-algorithm ML screen,multiple_public,TCGA-KIRP n=324; GEO GSE2748 n=34 external validation,324,samples,transcriptomics,Metabolism-related bulk RNA with RSF-selected MRS,prognostic_prediction,Screen of 90 ML algorithms; random survival forest optimal,Metabolism-related differential genes forming four-gene MRS nomogram,Metabolism-related signature (MRS) and four-gene OS nomogram,prognostic,AUC,5-year survival AUC 0.989 in discovery; external GSE2748 validation performed,external_cohort,RSF model validated in independent GSE2748 microarray cohort (n=34).,NR,NR,none_stated,NR,NR,"Metabolic reprogramming signature predicted KIRP survival and drug response patterns with qPCR/IHC validation of PYCR1, INMT, KIF20A.",Small external cohort; very high 5-year AUC may reflect overfitting.,TMB and sunitinib/pazopanib sensitivity associations by risk group.,REV-ALCIDES-AI,2026-09-23,needs_review,Appraisal flags 5-year AUC 0.989 as overfitting concern despite external GEO validation.,yes,batch-06
REC-AIBIOGU-000432,Yu2025,Unveiling ammonia-induced cell death: a new frontier in clear cell renal cell carcinoma prognosis.,2025,Front Immunol,10.3389/fimmu.2025.1636977,kidney_renal,,TCGA discovery with E-MTAB-1980 external validation and spatial/single-cell analyses,multiple_public,TCGA-KIRC training; E-MTAB-1980 validation; spatial/scRNA GEO sets,NR,samples,multiomics,Bulk RNA plus spatial and scRNA with LASSO/RF/CoxBoost selection,prognostic_prediction,"LASSO, random forest, CoxBoost with multivariate Cox five-gene score","Five AICD-related genes (FOXM1, ANK3, ATP1A1, HADH, PLG)",AICD-related five-gene risk score with nomogram,prognostic,AUC,Combined nomogram 1/3/5-year overall-survival AUC 0.873/0.833/0.833 in TCGA-KIRC. The five-gene risk-score ROC in TCGA-KIRC and E-MTAB-1980 is described as high accuracy without printed AUC values.,external_cohort,Independent E-MTAB-1980 cohort used for external validation after TCGA modeling.,NR,NR,none_stated,NR,NR,Five-gene ammonia-induced cell death score predicted prognosis and immune suppression with ATP1A1 functional validation.,Observational omics; in vitro focus on ATP1A1 only.,TMB and immunotherapy response associations; docking-based drug candidates.,REV-ALCIDES-AI,2026-09-23,complete,,no,batch-06
REC-AIBIOGU-000433,Li2025,Alpha-2-Macroglobulin and Signature Genes: Predictive Biomarkers for Prognosis and Immunotherapy in Clear Cell Renal Cell Carcinoma.,2025,J Cancer,10.7150/jca.113242,kidney_renal,,Multi-database ccRCC transcriptomic ML signature for prognosis and immunotherapy,multiple_public,TCGA ccRCC with GTEx normals plus additional public validation cohorts,541,samples,transcriptomics,Bulk RNA with A2M-centered signature genes,prognostic_prediction,Machine learning on A2M and signature gene panel (details in full methods),Alpha-2-macroglobulin (A2M) and companion signature genes,A2M-associated prognostic/immunotherapy signature,prognostic,C-index,A2M-based nomogram C-index 0.786 in the TCGA-ccRCC comparison with published models,external_cohort,External public cohorts used for signature validation beyond TCGA.,NR,NR,none_stated,NR,NR,A2M-linked signature stratified ccRCC prognosis and immunotherapy response with multi-database validation.,Retrospective public expression data; limited prospective clinical confirmation in slice.,Immune infiltration and ICI response analyses.,REV-ALCIDES-AI,2026-09-23,complete,,no,batch-06
REC-AIBIOGU-000434,Zhu2025,Epithelial-mesenchymal transition classification based on machine learning for predicting prognosis and treatment response in clear cell renal cell carcinoma.,2025,Transl Androl Urol,10.21037/tau-2025-109,kidney_renal,,EMT-related gene ML classification for prognosis and therapy response,TCGA,TCGA-KIRC n=529 modeling; E-MTAB-1980 n=101 external validation,529,samples,transcriptomics,Bulk RNA EMT gene sets with multiple ML classifiers,classification_subtyping,Multiple machine learning methods for EMT-based prognostic classification (EAGs model),Epithelial-mesenchymal transition related gene expression profile,EMT-based classification/gene model (EAGs),subtyping,AUC,Training 1/3/5-year AUC 0.772/0.753/0.765; E-MTAB-1980 testing 1/3/5-year AUC 0.795/0.750/0.784,external_cohort,External ArrayExpress E-MTAB-1980 cohort reserved for validation after TCGA training.,NR,NR,none_stated,NR,NR,EMT-based ML classification predicted prognosis and treatment response with validated performance in external ccRCC cohort.,Bulk EMT inference; functional validation limited.,"TME scores, enrichment, and drug sensitivity by EMT class.",REV-ALCIDES-AI,2026-09-23,complete,,no,batch-06
REC-AIBIOGU-000436,Zhou2025,Interferon Regulatory Factor 4 Recruits Immature B Cells to Signal Tertiary Lymphoid Structure Immaturity and Progression of Clear Cell Renal Cell Carcinoma.,2025,Int J Biol Sci,10.7150/ijbs.113737,kidney_renal,,Integrated 928-patient TLS ML RiskScore with IRF4 mechanistic validation,multiple_public,928 ccRCC patients integrated transcriptomic/clinical; TCGA/CPTAC references for mutations,928,patients,multiomics,"Bulk TLS gene ML score plus IHC/mIF, scRNA, spatial transcriptomics",prognostic_prediction,"Machine learning TLS-related RiskScore (five genes: CCL22, LOXL1, LIPA, ADAM8, SAA1)",Tertiary lymphoid structure-associated five-gene RiskScore,TLS-associated RiskScore with IRF4 axis,prognostic,HR,RiskScore stratified prognosis and immunotherapy response associations; IRF4 high expression predicted worse outcomes,internal_split_only,Large integrated cohort without independent external bulk validation cohort named in abstract.,NR,NR,none_stated,NR,NR,TLS-related five-gene score predicted outcomes and IRF4 promoted immature TLS phenotypes and immune dysfunction in ccRCC.,Observational integration; causal IRF4 role requires therapeutic validation.,Multiplex IHC/spatial TLS maturation analyses.,REV-ALCIDES-AI,2026-09-23,complete,,no,batch-06
REC-AIBIOGU-000437,Liu2025,A manganese metabolism-related gene signature stratifies prognosis and immunotherapy efficacy in kidney cancer.,2025,Discov Oncol,10.1007/s12672-025-03050-9,kidney_renal,,TCGA KIRC manganese metabolism ML subtype and LASSO-Cox risk model,TCGA,TCGA-KIRC discovery; E-MTAB-1980 and TCGA-KIRP used for validation; GEO for ICI response,NR,samples,transcriptomics,Bulk RNA with Boruta/GBM/RSF feature screening,prognostic_prediction,"Boruta, GBM, RFS screening then LASSO-Cox MMCG risk score",Eleven manganese metabolism core genes (MMCGs) in risk score,MMCG risk score and clinical nomogram,prognostic,AUC,KIRC risk-score 3/5/7-year AUC 0.7544/0.7503/0.7423; KIRP 0.7807/0.7024/0.6767; E-MTAB-1980 0.8159/0.8122/0.7866. Nomogram AUC 0.8241/0.7828/0.7623 at 3/5/7 years.,external_cohort,E-MTAB-1980 and TCGA-KIRP cohorts used for external validation of MMCG model.,NR,NR,none_stated,NR,NR,Manganese metabolism subtypes and MMCG risk score independently predicted RCC outcomes and immunotherapy response patterns.,Manganese-toxicity biology extrapolated from observational data.,Immune infiltration and ICI response prediction by cluster/risk group.,REV-ALCIDES-AI,2026-09-23,complete,,no,batch-06
REC-AIBIOGU-000438,Sun2025,Using Multiomics and Machine Learning: Insights into Improving the Outcomes of Clear Cell Renal Cell Carcinoma via the SRD5A3-AS1/hsa-let-7e-5p/RRM2 Axis.,2025,ACS Omega,10.1021/acsomega.5c01337,kidney_renal,,Multi-omics FAM-lncRNA ML axis with TCGA internal validation split,multiple_public,"TCGA-KIRC train n=266/validation n=265; E-MTAB-1980, GEO GSE29609/GSE167573/GSE156632",531,samples,multiomics,"Bulk mRNA/miRNA/lncRNA with six ML algorithms (LASSO, XGBoost, SVM-RFE, RF, GBM, tree)",prognostic_prediction,Six ML algorithms selecting SRD5A3-AS1/hsa-let-7e-5p/RRM2 regulatory axis,Fatty-acid-metabolism-associated lncRNA prognostic signature and ceRNA axis,FAM-related lncRNA prognostic signature and SRD5A3-AS1/let-7e-5p/RRM2 axis,prognostic,other,"Low-risk patients had longer survival than high-risk patients after a 13-lncRNA fatty-acid-metabolism signature (TCGA training n=266, internal validation n=265); ROC curves are shown without printed AUC or C-index values.",external_cohort,Multiple external GEO/ArrayExpress cohorts beyond TCGA 50/50 split.,NR,NR,none_stated,NR,NR,FAM-downregulated ccRCC linked to worse prognosis via lncRNA ML signature and miRNA-mRNA axis modulating RRM2.,Retrospective public omics; experimental validation partial.,TME and treatment response differences by risk group.,REV-ALCIDES-AI,2026-09-23,needs_review,"The full text does not report a numeric AUC, C-index, HR, accuracy, or sensitivity for the prognostic signature.",yes,batch-06
REC-AIBIOGU-000439,Xu2025,Palmitoylation regulators drive the progression of clear cell renal cell carcinoma through Inhibition of cuproptosis: insights into the role of ZDHHC18.,2025,Cancer Cell Int,10.1186/s12935-025-03882-z,kidney_renal,,TCGA palmitoylation clustering with 101 ML model screen,multiple_public,TCGA-KIRC plus GEO external datasets for palmitoylation risk model,NR,samples,transcriptomics,Bulk RNA with 101 ML combinations and consensus clustering,prognostic_prediction,101 machine-learning method comparison for palmitoylation risk score,29 prognosis-related palmitoylation genes including hub ZDHHC18,Palmitoylation risk score and nomogram,prognostic,C-index,Random survival forest highest average C-index 0.726 across model combinations; nomogram 1/3/5-year AUC 0.909/0.917/0.896,external_cohort,External GEO datasets used alongside TCGA discovery per methods.,NR,NR,none_stated,NR,NR,Palmitoylation clusters and ML risk score linked fatty acid metabolism disruption to ccRCC prognosis with ZDHHC18 functional validation.,High model search space; in vitro validation limited to proliferation assays.,Cuproptosis and fatty acid metabolism pathway links.,REV-ALCIDES-AI,2026-09-23,complete,,no,batch-06
REC-AIBIOGU-000440,Wang2025,Prediction of metastatic risk of renal clear cell carcinoma based on CT radiomics analysis.,2025,Front Oncol,10.3389/fonc.2025.1576956,kidney_renal,,Three-center retrospective CT radiomics for metastasis risk,own_cohort,Three hospitals; 216 train/internal validation and 57 external test patients,273,patients,radiology_imaging,CT radiomics with SHAP interpretability,prognostic_prediction,Radiomics ML models with clinical-radiomics fusion,CT radiomic features plus clinical variables,CT radiomics metastasis risk model,prognostic,AUC,Testing AUROC up to 0.812 (95% CI 0.680-0.943); fused model AUROC up to 0.824,external_cohort,Independent external validation cohort n=57 from third center.,NR,NR,none_stated,NR,NR,Three-center CT radiomics model predicted metastatic risk with moderate external testing AUROC and SHAP explanations.,Retrospective imaging cohort; class imbalance for metastasis endpoints possible.,Clinical-only baseline model AUROC 0.785 reported.,REV-ALCIDES-AI,2026-09-23,complete,,no,batch-06
REC-AIBIOGU-000441,Hong2025,Identifying a prognostic signature for clear cell renal cell carcinoma: the convergence of single-cell and bulk sequencing with machine learning.,2025,Front Cell Dev Biol,10.3389/fcell.2025.1560095,kidney_renal,,scRNA plus bulk ML prognostic signature with external validation,multiple_public,TCGA n=529; ICGC n=91; E-MTAB-1980 n=101; GEO scRNA datasets,529,samples,multiomics,scRNA/bulk integration with ML hub gene signature including EMCN,prognostic_prediction,Multiple machine learning algorithms on scRNA-derived bulk signature,Hub genes from scRNA-bulk integration (EMCN highlighted),ML-derived prognostic signature with EMCN hub,prognostic,AUC,"Time-dependent AUCs larger than 0.7, and even 0.8, for the signature (Figure 2B); ICGC AUCs did not reach those values (Figure 2C)",external_multicenter,ICGC and ArrayExpress external series used for validation beyond TCGA.,NR,NR,none_stated,NR,NR,Integrated scRNA-bulk ML signature predicted ccRCC prognosis; EMCN knockdown suppressed malignant phenotypes in vitro.,Public cohort heterogeneity; functional work focused on EMCN.,Ligand-receptor communication and CellChat analyses.,REV-ALCIDES-AI,2026-09-23,complete,,no,batch-06
REC-AIBIOGU-000443,Li2025,A CT-based intratumoral and peritumoral radiomics nomogram for postoperative recurrence risk stratification in localized clear cell renal cell carcinoma.,2025,BMC Med Imaging,10.1186/s12880-025-01715-z,kidney_renal,,Two-center CT intra/peritumoral radiomics nomogram for recurrence,own_cohort,"Center A n=395 (281 train, 114 internal validation); Center B external n=52",447,patients,radiology_imaging,CT intratumoral and peritumoral radiomics nomogram,risk_stratification,Radiomics feature selection with fusion nomogram (FM/RM models),Intratumoral and peritumoral CT radiomics plus clinical factors,Radiomics nomogram for postoperative recurrence risk,risk_stratification,C-index,Recurrence C-index 0.952 external validation vs 0.920-0.944 comparators; fusion model C-index 0.938 internal,external_cohort,Independent Center B external validation set (n=52) plus internal 7:3 split at Center A.,NR,NR,none_stated,NR,NR,Intra/peritumoral CT radiomics nomogram achieved high recurrence discrimination with strong external C-index (~0.95).,Retrospective two-center design; moderate external sample size.,Time-dependent AUC and DCA for recurrence prediction.,REV-ALCIDES-AI,2026-09-23,complete,,no,batch-06
REC-AIBIOGU-000447,Liu2025,"A novel stemness-related lncRNA signature predicts prognosis, immune infiltration and drug sensitivity of clear cell renal cell carcinoma.",2025,J Transl Med,10.1186/s12967-025-06251-6,kidney_renal,,TCGA stemness ML lncRNA signature with GEO validation,multiple_public,TCGA-KIRC training; GSE29609 validation; RNAss stemness scoring,NR,samples,transcriptomics,Bulk RNA stemness-related lncRNA with multiple ML algorithms,prognostic_prediction,Multiple ML algorithms for stemness-related lncRNA prognostic signature,"Stemness-related lncRNA panel (includes EMX2OS, LINC00944)",Stemness-related lncRNA prognostic signature,prognostic,C-index,LASSO plus stepwise Cox highest average C-index 0.716; TCGA 1/3/5-year AUC 0.762/0.761/0.792; GSE29609 (n=30) 1/3/5-year AUC 0.800/0.868/0.851,external_cohort,GSE29609 microarray cohort used as external validation after TCGA training.,NR,NR,none_stated,NR,NR,Stemness-based lncRNA signature predicted ccRCC prognosis with experimental support for key lncRNAs EMX2OS/LINC00944.,lncRNA mechanistic details incomplete; public data only.,In vitro/in vivo downregulation experiments for core lncRNAs.,REV-ALCIDES-AI,2026-09-23,complete,,no,batch-06
REC-AIBIOGU-000448,Yin2025,Contrast-Enhanced CT-Based Radiomics Nomogram for Prediction of Pathologic T3a Upstaging in Clinical T1 RCC.,2025,Diagnostics (Basel),10.3390/diagnostics15040443,kidney_renal,,Single-center CE-CT radiomics nomogram for pT3a upstaging in cT1 RCC,own_cohort,Single-center retrospective cT1 RCC cohort with internal train/test split,NR,patients,radiology_imaging,Contrast-enhanced CT radiomics nomogram,diagnostic_prediction,Radiomics ML with nomogram fusion,CE-CT radiomic features and clinical predictors,Radiomics nomogram for pathologic T3a upstaging,diagnostic,AUC,Nomogram AUC 0.945 training and 0.873 testing; refined model AUC 0.958 train and 0.913 test,internal_holdout,Internal train/test split only; no external center validation per appraisal.,NR,NR,none_stated,NR,NR,CE-CT radiomics nomogram predicted pT3a upstaging among clinical T1 RCC with strong internal test AUC (~0.91).,Single-center retrospective design without external validation.,Calibration reported as good for nomogram predictions.,REV-ALCIDES-AI,2026-09-23,needs_review,Appraisal notes single-center internal split only without external validation cohort.,yes,batch-06
REC-AIBIOGU-000449,Cheng2025,Machine learning-derived prognostic signature integrating programmed cell death and mitochondrial function in renal clear cell carcinoma: identification of PIF1 as a novel target.,2025,Cancer Immunol Immunother,10.1007/s00262-025-03967-8,kidney_renal,,TCGA mpMLDPS mitochondrial PCD signature with external cohort validation,multiple_public,TCGA-KIRC plus GEO external cohorts; 76 algorithm combinations screened,NR,samples,transcriptomics,Bulk RNA mitochondrial PCD genes with multi-algorithm Cox modeling,prognostic_prediction,76 combined ML-Cox models selecting mpMLDPS signature (PIF1 hub),Mitochondrial programmed cell death and function gene panel,mpMLDPS prognostic signature with PIF1 target,prognostic,C-index,"Lasso plus random survival forest average C-index 0.863; cohort C-index 0.943 (95% CI 0.938-0.948) TCGA-KIRC, 0.863 (0.827-0.899) GSE167573, 0.784 (0.732-0.836) E-MTAB-1980. TCGA 1/3/5-year AUC 0.968/0.980/0.983.",external_cohort,Independent external cohorts validated mpMLDPS stratification beyond TCGA discovery.,NR,NR,none_stated,NR,NR,Integrated mitochondrial PCD ML signature predicted ccRCC outcomes with PIF1 functional validation in vitro.,Large algorithm search space; retrospective public training data.,PIF1 knockdown inhibited ccRCC progression in cell models.,REV-ALCIDES-AI,2026-09-23,complete,,no,batch-06
REC-AIBIOGU-000451,Xiong2025,Artificial intelligence links CT images to pathologic features and survival outcomes of renal masses.,2025,Nat Commun,10.1038/s41467-025-56784-z,kidney_renal,,Large multi-cohort CT deep learning linking imaging to pathology and survival,public_plus_own,Multiple institutional CT cohorts including prospective test set vs seven radiologists,NR,images,radiology_imaging,CT deep learning diagnostic and prognostic models,diagnostic_prediction,Deep learning CT models (Nature Communications multi-task pipeline),CT image features predicting pathologic features and survival endpoints,AI CT models for renal mass diagnosis/prognosis,diagnostic,AUC,Diagnostic model AUC 0.871 on prospective test set exceeding average of seven radiologists,clinical_utility_demonstrated,Prospective test set and radiologist comparator cohort support clinical utility demonstration.,NR,NR,none_stated,NR,NR,Large-scale CT AI matched or beat expert radiologists on diagnostic tasks and linked imaging to pathology/survival across multi-cohort data.,Multi-task complexity; generalizability across scanners requires ongoing validation.,Second diagnostic model and survival outcome linkage reported in full paper.,REV-ALCIDES-AI,2026-09-23,complete,,no,batch-06
REC-AIBIOGU-000452,Li2025,A risk signature constructed by Tregs-related genes predict the clinical outcomes and immune therapeutic response in kidney cancer.,2025,Discov Oncol,10.1007/s12672-025-01787-x,kidney_renal,,TCGA Tregs-related gene ML risk signature for kidney cancer,TCGA,TCGA kidney cancer cohort with external validation referenced in methods,NR,samples,transcriptomics,Bulk RNA regulatory T-cell related genes with ML Cox modeling,prognostic_prediction,Machine learning construction of Tregs-related risk signature,Tregs-related gene expression set,Tregs-related prognostic risk signature,prognostic,AUC,TCGA-KIRC training 3/5/7-year AUC 0.6915/0.7025/0.7050; TCGA testing 0.7212/0.7392/0.7107; E-MTAB-1980 0.7309/0.7455/0.6919; KIRP 0.5940/0.6196/0.6097,external_cohort,External validation cohort applied after TCGA model development.,NR,NR,none_stated,NR,NR,Tregs-related ML signature stratified kidney cancer prognosis and immune therapy response.,Bulk deconvolution of Tregs; retrospective TCGA training.,Immune therapeutic response correlation analyses.,REV-ALCIDES-AI,2026-09-23,complete,,no,batch-06
REC-AIBIOGU-000453,Liu2025,Integrated RNA sequencing analysis and machine learning identifies a metabolism-related prognostic signature in clear cell renal cell carcinoma.,2025,Sci Rep,10.1038/s41598-025-85618-7,kidney_renal,NA,translational/bioinformatic,multiple_public,"TCGA-KIRC (bulk RNA-seq, training/testing 1:1 split), E-MTAB-1980 (ArrayExpress), Meta cohort (GSE167573 + RECA-EU/ICGC), scRNA-seq GSE152938/GSE207493/GSE224630 (26 ccRCC samples); nivolumab cohorts CheckMate-009/010/025",511,patients,multiomics,"bulk RNA-seq (TCGA-KIRC, GEO, ArrayExpress, ICGC) integrated with scRNA-seq (26 samples, 81335 cells after QC)",prognostic_prediction,"10 ML algorithms for consensus modeling (random survival forest, Ridge, elastic net, LASSO, CoxBoost, stepwise Cox, plsRcox, SuperPC, GBM, survival-SVM); best model = RSF+GBM combination; BayesPrism for scRNA-seq deconvolution",17-gene metabolism-related differentially expressed gene (DEMRG) signature derived from scRNA-seq-defined META_active malignant cell subset,"Metabolism-related prognostic signature (MRPS), a 17-gene GBM-based risk score; GGT6 highlighted as novel component validated in vitro",prognostic,C-index,"Best model (RSF+GBM) mean C-index 0.715 across 4 cohorts (highest of 118 combinations); AUC for 1-/3-/5-year OS: TCGA training 0.874/0.808/0.823, TCGA testing 0.690/0.715/0.701, Meta 0.613/0.672/0.705; outperformed 51 published ccRCC signatures by C-index in TCGA training, Meta, and combined (n=511) cohorts",external_cohort,"TCGA-KIRC randomly split 1:1 into training/testing (internal split, same public cohort); independently validated in E-MTAB-1980 and Meta (GSE167573+RECA-EU, different public datasets) as external cohorts; also tested in 3 independent nivolumab-treated clinical trial cohorts (CheckMate-009/010/025)",no,yes,none_stated,NR,NR,"A 17-gene metabolism-related prognostic signature (MRPS), built via consensus machine learning on scRNA-seq-informed metabolically active malignant cells, outperformed 51 published ccRCC signatures (highest C-index) and independently predicted OS; high-MRPS-risk patients showed an immunosuppressive TME and poorer response to anti-PD-1 therapy; GGT6 knockdown promoted ccRCC proliferation/invasion in vitro.",NR,"Full analysis code not shared, though a dynamic Shiny nomogram is publicly available; drug sensitivity analysis (GDSC1/2, CTRP2) identified 9 candidate compounds correlated with MRPS risk; GGT6 validated in vitro (siRNA knockdown, EdU proliferation and transwell migration/invasion assays in 769-P/786-O cell lines).",REV-ALCIDES-AI,2026-09-23,complete,"Funding and conflicts-of-interest statements not visible in the extracted text excerpt; marked NR. n_analytic reflects the combined bulk RNA-seq cohort (511) used for the prognostic model itself, distinct from the n=26 samples/81,335 cells used in the upstream scRNA-seq deconvolution step.",no,pilot
REC-AIBIOGU-000454,Lu2024,Survival analysis of clear cell renal cell carcinoma based on radiomics and deep learning features from CT images.,2024,Medicine (Baltimore),10.1097/md.0000000000040723,kidney_renal,,CT radiomics plus deep learning survival nomogram with TCIA external validation,public_plus_own,Institutional CT cohort with TCIA/TCGA-derived external imaging validation,NR,patients,radiology_imaging,CT radiomics fused with deep learning features for survival nomogram,prognostic_prediction,Radiomics and deep learning feature fusion nomogram,CT radiomic and deep learning features for ccRCC survival,Fusion radiomics-deep learning survival nomogram,prognostic,C-index,Fusion nomogram C-index 0.916 (95% CI 0.861-0.971) in the test cohort and 0.911 (95% CI 0.859-0.963) in the validation cohort; clinical-only nomogram C-index 0.738 (95% CI 0.646-0.830) in the test set,external_cohort,Independent TCIA cohort used as external validation for imaging survival model.,NR,NR,none_stated,NR,NR,Combined radiomics and deep learning CT features improved ccRCC survival prediction with external TCIA validation.,Retrospective imaging harmonization challenges.,Kaplan-Meier separation by model risk groups.,REV-ALCIDES-AI,2026-09-23,complete,,no,batch-06
REC-AIBIOGU-000458,Yang2024,Machine learning-based multiparametric MRI radiomics nomogram for predicting WHO/ISUP nuclear grading of clear cell renal cell carcinoma.,2024,Front Oncol,10.3389/fonc.2024.1467775,kidney_renal,,Single-center mpMRI radiomics nomogram with 7:3 internal split,own_cohort,Single-center ccRCC mpMRI cohort n=86 (train/test 7:3),86,patients,radiology_imaging,Multiparametric MRI radiomics nomogram for WHO/ISUP grade,diagnostic_prediction,MRI radiomics ML with nomogram,FS-T2WI/DWI mpMRI radiomic features,mpMRI radiomics nomogram for nuclear grade,diagnostic,AUC,Best model AUC 0.964 training and 0.933 testing,internal_holdout,Random 7:3 internal split at one center without external MRI cohort.,NR,NR,none_stated,NR,NR,mpMRI radiomics nomogram predicted ccRCC WHO/ISUP grade with strong internal test AUC 0.933.,Very small single-center sample risks overfitting.,Multiple MRI sequence models compared for diagnostic performance.,REV-ALCIDES-AI,2026-09-23,needs_review,Appraisal flags n=86 single-center cohort with high overfitting risk despite reasonable test AUC.,yes,batch-06
REC-AIBIOGU-000459,Liu2024,Developing hypoxia and lactate metabolism-related molecular subtypes and prognostic signature for clear cell renal cell carcinoma through integrating machine learning.,2024,Discov Oncol,10.1007/s12672-024-01543-7,kidney_renal,,TCGA hypoxia-lactate ML subtyping and prognostic signature with ICGC/GSE validation,multiple_public,TCGA-KIRC training; ICGC-RECA-EU n=91 and GSE29609 n=39 external validation,NR,samples,transcriptomics,Bulk RNA hypoxia/lactate genes with 101 ML combination screen,prognostic_prediction,"101 ML combinations (plsRcox, CoxBoost, RSF, GBM, Enet, SuperPC, survival-SVM) with tenfold CV",Hypoxia and lactate metabolism-related gene panel (HLMRG),HLMRG molecular subtypes and prognostic signature,prognostic,AUC,"Prognostic risk model 1/3/5-year AUC 0.784/0.756/0.757, higher than most single clinical factors. The average C-index used to pick the algorithm is shown in Figure 4A without a printed value.",external_cohort,ICGC-RECA-EU and GSE29609 cohorts used as independent validation sets.,NR,NR,none_stated,NR,NR,Hypoxia-lactate ML subtypes and signature predicted ccRCC survival across TCGA and two external cohorts.,Large algorithm search; bulk hypoxia scoring limitations.,Somatic CNV patterns of lactate metabolism genes reported.,REV-ALCIDES-AI,2026-09-23,complete,,no,batch-06
REC-AIBIOGU-000460,Luo2024,Machine learning-derived natural killer cell signature predicts prognosis and therapeutic response in clear cell renal cell carcinoma.,2024,Transl Oncol,10.1016/j.tranon.2024.102180,kidney_renal,,TCGA NK-cell ML signature with ArrayExpress and ICI cohort validation,multiple_public,TCGA discovery; E-MTAB-1980 external; IMmotion150/151 ICI cohorts; GEO scRNA,NR,samples,multiomics,Bulk RNA with 101 ML combinations; scRNA support; own sample ARHGAP9 validation,prognostic_prediction,Ten ML algorithms yielding 101 combined models; highest mean C-index selected,Natural killer cell-related gene signature (ARHGAP9 highlighted),NK-cell-derived prognostic risk model,prognostic,C-index,CoxBoost plus plsRcox highest average C-index 0.747; training 1/3/5-year AUC 0.724/0.741/0.753; external validation AUC 0.777/0.851/0.846; nomogram with clinical features C-index 0.774,external_cohort,External ArrayExpress cohort plus immunotherapy trial transcriptomic cohorts for validation.,NR,NR,none_stated,NR,NR,NK-cell ML signature predicted ccRCC prognosis and therapy response with ARHGAP9 validated in patient samples/cell lines.,Algorithm combinatorial search; scRNA to bulk mapping uncertainty.,IMmotion150/151 immunotherapy association analyses.,REV-ALCIDES-AI,2026-09-23,complete,,no,batch-06
REC-AIBIOGU-000462,Xv2024,Multiparameter computed tomography (CT) radiomics signature fusion-based model for the preoperative prediction of clear cell renal cell carcinoma nuclear grade: a multicenter development and external validation study.,2024,Quant Imaging Med Surg,10.21037/qims-24-35,kidney_renal,,Multicenter CT radiomics fusion for preoperative nuclear grade with dual external validation,own_cohort,"Three hospitals; train n=268, internal test n=115, two external test sets",NR,patients,radiology_imaging,Multiphase CT radiomics signature fusion with clinical factors,diagnostic_prediction,Radiomics signature fusion models plus combined clinical model,Multiphase CT radiomics (RS-NCP etc.) with clinical risk factors,CT radiomics fusion model for ccRCC nuclear grade,diagnostic,AUC,Combined model AUC up to 0.92 train and 0.82-0.86 on internal/external test sets,external_multicenter,Two independent external testing sets from additional hospitals after three-center development.,NR,NR,TRIPOD,NR,NR,Multicenter CT radiomics fusion accurately predicted ccRCC nuclear grade with consistent AUC ~0.82-0.92 across internal and external sets.,Retrospective imaging; radiomics reproducibility across scanners still a concern.,Calibration curve analyses reported for all cohorts.,REV-ALCIDES-AI,2026-09-23,complete,Authors state TRIPOD checklist adherence per appraisal.,no,batch-06
REC-AIBIOGU-000463,Cattelani2024,Triple and quadruple optimization for feature selection in cancer biomarker discovery.,2024,J Biomed Inform,10.1016/j.jbi.2024.104736,kidney_renal,,Methods-focused genetic-algorithm feature selection applied to TCGA renal carcinoma subtyping,TCGA,TCGA renal carcinoma gene expression use case with external microarray validation datasets,NR,samples,genomics,Bulk gene expression biomarker panel optimization,feature_selection_only,Triple/quadruple objective genetic algorithm ML feature selection,Optimized multi-gene biomarker panels for renal carcinoma classification,GA-optimized renal carcinoma biomarker panels,subtyping,accuracy,External microarray validation accuracy >0.8 reported for selected biomarker panels,external_cohort,External microarray datasets used to validate GA-selected biomarker panels beyond TCGA training.,NR,NR,none_stated,NR,NR,Multi-objective GA feature selection identified compact renal carcinoma biomarker panels with >0.8 accuracy on external microarray validation.,Methods paper; clinical utility depends on downstream PCR/IHC validation success.,Compares triple vs quadruple optimization objectives for validation feasibility.,REV-ALCIDES-AI,2026-09-23,complete,Atypical methodology paper applied to TCGA renal carcinoma subtyping per appraisal.,no,batch-06
REC-AIBIOGU-000467,Wang2024,Prediction of clear cell renal cell carcinoma prognosis based on an immunogenomic landscape analysis.,2024,Heliyon,10.1016/j.heliyon.2024.e36156,kidney_renal,,TCGA immunogenomic landscape ML prognostic model,TCGA,TCGA n=539 ccRCC with ArrayExpress external reference,539,samples,transcriptomics,Bulk immunogenomic gene landscape with ML prognostic modeling,prognostic_prediction,Machine learning on immune-related gene prognostic model,Immunogenomic differentially expressed immune-related genes (355 up/200 down IRGs),Immunogenomic landscape prognostic model,prognostic,AUC,1-year time-dependent AUC 0.927 reported for prognostic model,external_cohort,ArrayExpress external dataset referenced for validation in methods.,NR,NR,none_stated,NR,NR,Immunogenomic ML model predicted ccRCC prognosis with strong 1-year AUC on TCGA-based analysis.,Preprint/peer-review status uncertain per appraisal; retrospective public data.,Immune gene set enrichment and landscape analyses.,REV-ALCIDES-AI,2026-09-23,needs_review,Appraisal flags Research Square preprint status (2023 posting) with peer review not confirmed in cohort metadata.,yes,batch-06
REC-AIBIOGU-000468,Cheng2024,Integration of proteomics and transcriptomics to construct a prognostic signature of renal clear cell carcinoma.,2024,Int J Med Sci,10.7150/ijms.99992,kidney_renal,,Integrated TCGA proteogenomic ML prognostic protein signature,TCGA,TCGA-KIRC proteomics/transcriptomics integration for protein risk model,NR,samples,multiomics,Proteomics plus transcriptomics integrated prognostic modeling,prognostic_prediction,Integrated omics ML prognostic protein model,Prognostic protein panel from proteogenomic screening,Integrated proteogenomic prognostic protein signature,prognostic,AUC,"ROC AUC for 5-year OS: training 0.810, test 0.775, whole TCGA 0.788; 5-year PFI: training 0.784, test 0.721, whole TCGA 0.743",internal_cv,Primarily TCGA-based modeling with internal validation steps; external cohort details limited in slice.,NR,NR,none_stated,NR,NR,Proteogenomic integration yielded a protein risk signature associated with KIRC prognosis and immunotherapy response patterns.,Proteomic coverage and missingness in TCGA subsets.,Immunotherapy response analyses across protein risk subgroups.,REV-ALCIDES-AI,2026-09-23,complete,,no,batch-06
REC-AIBIOGU-000469,Yang2024,Identification of HDAC10 as a candidate oncogene in clear cell renal carcinoma that facilitates tumor proliferation and metastasis.,2024,Diagn Pathol,10.1186/s13000-024-01493-2,kidney_renal,,TCGA HDAC10 oncogene ML analyses with GEO validation,multiple_public,TCGA ccRCC plus GEO GSE53757/GSE53000/GSE29609 and E-MTAB-1980/Miao datasets,NR,samples,transcriptomics,Bulk RNA HDAC10-centric ML and survival modeling,biomarker_discovery_association,Systematic TCGA analysis with ML support for HDAC10 prognostic/diagnostic performance,HDAC10 expression and associated ccRCC molecular features,HDAC10 candidate oncogene biomarker,prognostic,AUC,HDAC10 AUC 0.888 for distinguishing KIRC from normal tissue; overall-survival HR 2.16 (95% CI 1.59-2.92),external_cohort,Two GEO datasets validated HDAC10 expression patterns beyond TCGA.,NR,NR,none_stated,NR,NR,"HDAC10 was upregulated in ccRCC, validated in GEO cohorts, and linked to proliferation/metastasis phenotypes.",Primarily observational expression associations; functional claims need broader validation.,Clinicopathologic correlates of HDAC10 across KIRC patients.,REV-ALCIDES-AI,2026-09-23,complete,,no,batch-06
REC-AIBIOGU-000471,Li2024,Radiomics nomogram based on CT radiomics features and clinical factors for prediction of Ki-67 expression and prognosis in clear cell renal cell carcinoma: a two-center study.,2024,Cancer Imaging,10.1186/s40644-024-00744-1,kidney_renal,,Two-center CT radiomics nomogram for Ki-67 and prognosis,own_cohort,Center I n=130 training; Shandong Provincial Hospital n=55 validation,185,patients,radiology_imaging,CT radiomics Rad-score with clinical nomogram,diagnostic_prediction,Radiomics feature selection with logistic/Cox nomogram modeling,CT radiomics Rad-score plus clinical factors,Radiomics nomogram for Ki-67 expression and OS prediction,diagnostic,AUC,Ki-67 nomogram AUC 0.841 train and 0.814 validation; OS C-index 0.841 train and 0.820 validation,external_cohort,Independent second-center validation group n=55 distinct from training hospital.,NR,NR,none_stated,NR,NR,Two-center CT radiomics nomogram predicted Ki-67 status and prognosis with AUC/C-index ~0.81-0.84 on validation.,Moderate sample sizes; Ki-67 as surrogate endpoint.,Decision curve analysis showing clinical net benefit of nomogram.,REV-ALCIDES-AI,2026-09-23,complete,,no,batch-06
REC-AIBIOGU-000473,Li2024,Radiomics predict the WHO/ISUP nuclear grade and survival in clear cell renal cell carcinoma.,2024,Insights Imaging,10.1186/s13244-024-01739-z,kidney_renal,,Single-center CT radiomics for grade and survival with external imaging cohort,own_cohort,"Center A train n=284, internal validation n=71, Center B external n=40",395,patients,radiology_imaging,CT radiomics models for WHO/ISUP grade and survival,diagnostic_prediction,CT radiomics ML with separate grade and survival models,CT radiomic feature sets from preoperative imaging,CT radiomics models for nuclear grade and survival,diagnostic,AUC,"Grade prediction AUC 0.80 training, 0.80 internal validation, 0.90 external validation (40 patients)",external_cohort,Independent branch-hospital external imaging cohort n=40.,no,NR,none_stated,NR,NR,CT radiomics predicted ccRCC grade with AUC up to 0.90 on external validation and supported survival modeling.,Radiomics code/features not shared; moderate external sample.,Separate survival model metrics reported in full results.,REV-ALCIDES-AI,2026-09-23,complete,PROBAST high per frozen calibration despite external imaging cohort.,no,batch-06
REC-AIBIOGU-000474,Wu2024,Deciphering glutamine metabolism patterns for malignancy and tumor microenvironment in clear cell renal cell carcinoma.,2024,Clin Exp Med,10.1007/s10238-024-01390-4,kidney_renal,,Glutamine metabolism ML patterns with multi-cohort external validation,multiple_public,"TCGA-KIRC plus CPTAC-3, RECA-EU, E-MTAB-3267 external cohorts",NR,samples,transcriptomics,Bulk glutamine metabolism gene ML subtypes and nomogram,prognostic_prediction,Machine learning glutamine metabolism subtype and LASSO-Cox nomogram,Glutamine metabolism pattern genes including ALDH18A1,Glutamine metabolism prognostic subtype/signature and nomogram,prognostic,other,"GMRScore ROC curves were described as having excellent sensitivity and specificity for survival across four cohorts, and the nomogram was said to outperform clinicopathologic features, without printed AUC, C-index, or sensitivity values.",external_multicenter,"External validation across CPTAC-3, RECA-EU, and E-MTAB-3267 in addition to TCGA discovery.",NR,NR,none_stated,NR,NR,Glutamine metabolism ML subtypes predicted ccRCC TME and prognosis with ALDH18A1 functional knockdown effects in cell lines.,Large feature search typical of corpus; functional validation limited to ALDH18A1 assays.,TME malignancy pattern analyses across glutamine subtypes.,REV-ALCIDES-AI,2026-09-23,needs_review,The full text does not report a numeric performance metric for the glutamine-metabolism score or nomogram.,yes,batch-06
REC-AIBIOGU-000475,Wen2024,"Anoikis resistance regulates immune infiltration and drug sensitivity in clear-cell renal cell carcinoma: insights from multi omics, single cell analysis andexperiment.",2024,Front Immunol,10.3389/fimmu.2024.1427475,kidney_renal,,TCGA-KIRC bulk transcriptomics with SVM-RFE and LASSO Cox ARG prognostic model plus GEO validation and qPCR/IHC,multiple_public,TCGA-KIRC discovery (542 tumor tissues downloaded); GEO ccRCC validation transcriptome cohort; orthogonal qPCR/IHC in immunotherapy responders,NR,patients,transcriptomics,Bulk RNA-seq; single-cell and ssGSEA immune profiling ancillary,prognostic_prediction,SVM-RFE gene screening plus LASSO Cox regression (ARGs-Riskscore),"Four core anoikis-related genes after SVM-RFE and LASSO (e.g., CCND1, CDKN3, PLK1, BID)",ARGs-Riskscore four-gene anoikis resistance signature,prognostic,AUC,"Time-dependent ROC AUC exceeded 0.6 for 1-, 3-, and 5-year OS in TCGA-KIRC high- vs low-risk groups (training and test cohorts)",external_cohort,Model evaluated in TCGA training/test splits and external GEO ccRCC transcriptome cohort; qPCR/IHC orthogonal to immunotherapy response not used as ML validation.,NR,NR,none_stated,Supported by Guangdong Medical Science and Technology Research grant B2023384.,NR,A four-gene anoikis resistance score stratified ccRCC survival and linked high risk to immunosuppressive infiltration and immunotherapy-associated ARG expression patterns.,Slice does not include full limitations section text.,Nomogram with age/TNM; single-cell ARG enrichment in Tregs and dendritic cells.,REV-ALCIDES-AI,2026-09-23,complete,,no,batch-07
REC-AIBIOGU-000476,Liu2024,Comprehensive investigation of malignant epithelial cell-related genes in clear cell renal cell carcinoma: development of a prognostic signature and exploration of tumor microenvironment interactions.,2024,J Transl Med,10.1186/s12967-024-05426-x,kidney_renal,,scRNA-seq MECRG discovery plus 101 ML algorithm combinations for MECRGS prognosis across six bulk cohorts,public_plus_own,"TCGA-KIRC training; external bulk CPTAC, E-MTAB-3267, E-MTAB-1980, GSE22541, GSE29609, GSE53757; scRNA GEO/Figshare; Renji TMA validation",NR,patients,multiomics,scRNA-seq malignant epithelial DEGs integrated with bulk RNA TPM,prognostic_prediction,"Ensemble of 101 combinations of 10 survival ML algorithms (Lasso, RSF, CoxBoost, survival-SVM, etc.) with tenfold CV",Prognostic malignant epithelial cell-related genes (219 MECRGs narrowed by univariate Cox),MECRGS consensus prognostic signature,prognostic,AUC,"TCGA-KIRC training 1-/3-/5-year OS AUC 0.798, 0.789, and 0.785; E-MTAB-1980 0.868, 0.796, and 0.796; CPTAC 0.737, 0.742, and 0.634; GSE22541 0.766, 0.803, and 0.775; GSE29609 0.647, 0.681, and 0.648; E-MTAB-3267 1- and 3-year AUC 0.607 and 0.598. Metastasis discrimination AUC 0.748.",external_multicenter,Signature trained on TCGA-KIRC and tested on five independent public bulk cohorts plus stage analysis in GSE53757.,NR,NR,none_stated,NR,NR,MECRGS stratified ccRCC outcomes and high scores aligned with immunosuppressive TME and poor immunotherapy response; PLOD2+SAA1+ tumor cell subtype validated on TMA.,Authors note need for consensus signatures given ccRCC heterogeneity and complex epigenetic drivers.,CellChat crosstalk implicating CD163+ macrophages and Tregs.,REV-ALCIDES-AI,2026-09-23,complete,"C-index was used for model selection, but numeric C-index values are not printed in the text (Figure 3A only). performance_metric set to the printed time-dependent OS AUCs.",no,batch-07
REC-AIBIOGU-000477,Hwang2024,Discovery and Validation of Survival-Specific Genes in Papillary Renal Cell Carcinoma Using a Customized Next-Generation Sequencing Gene Panel.,2024,Cancers (Basel),10.3390/cancers16112006,kidney_renal,,TCGA-KIRP ML mutation feature selection with Korean PRCC NGS panel validation,public_plus_own,TCGA-KIRP 293 patients with somatic mutations for discovery; Korean PRCC cohort n=60 with custom 202-gene panel on FFPE,293,patients,genomics,Somatic mutation profiles (TCGA) and targeted NGS (Korean-KIRP),prognostic_prediction,"RapidMiner ML with Information Gain, Chi-square, MRMR feature selection and classifiers (Naive Bayes, kNN, SVM) with 10-fold CV",40 TCGA survival-specific mutated genes; 10-gene signature validated in Korean cohort (including PCSK2),PRCC survival-specific mutation gene signature (PCSK2 highlighted),prognostic,other,"OS/DFS log-rank P values for PCSK2 and other genes (e.g., PCSK2 OS P=1.38e-7 in Korean-KIRP); ML used for gene discovery not reported as AUC",external_cohort,Forty TCGA-derived survival genes narrowed to ten validated by Korean NGS cohort with independent population.,NR,NR,none_stated,NR,NR,"Machine learning on TCGA-KIRP mutations yielded survival-specific genes, with PCSK2 mutation showing consistent OS/DFS specificity in Korean PRCC validation.",Slice does not include full limitations section text.,Custom 202-gene PRCC panel design combining ML-selected and TCGA-frequent mutants.,REV-ALCIDES-AI,2026-09-23,complete,,no,batch-07
REC-AIBIOGU-000478,Farias2024,Machine Learning Gene Signature to Metastatic ccRCC Based on ceRNA Network.,2024,Int J Mol Sci,10.3390/ijms25084214,kidney_renal,,TCGA-KIRC ceRNA network with eight ML feature selectors for metastasis-associated 11-gene signature,multiple_public,TCGA-KIRC n=602 for ceRNA and signature; ICGC-RECA external testing,602,patients,transcriptomics,"Bulk mRNA, lncRNA, and miRNA ceRNA network features",classification_subtyping,Eight feature selection methods compared; random forest selected final 11-gene signature,"Eleven-gene ceRNA signature (SNHG15, AF117829.1, miR-130a-3p, miR-381-3p, BTBD11, INSR, HECW2, RFLNB, PTTG1, HMMR, RASD1)",Metastasis-associated ceRNA gene signature,diagnostic,AUC,TCGA random forest AUC 81.48%; ICGC-RECA external AUC 81.5%,external_cohort,Signature selected in TCGA-KIRC and evaluated on independent ICGC-RECA dataset.,NR,NR,none_stated,NR,NR,An 11-gene ceRNA signature separated metastatic from non-metastatic ccRCC samples and associated with survival-related ceRNA components.,Slice does not include full limitations section text.,Genomic alteration and functional pathway analyses of signature genes.,REV-ALCIDES-AI,2026-09-23,complete,,no,batch-07
REC-AIBIOGU-000480,Yang2024,Machine learning-based integration develops a stress response stated T cell (Tstr)-related score for predicting outcomes in clear cell renal cell carcinoma.,2024,Int Immunopharmacol,10.1016/j.intimp.2024.112017,kidney_renal,,Retrospective public-cohort transcriptomic study with machine-learning prognostic modeling and tissue-microarray immunohistochemistry,public_plus_own,TCGA ccRCC RNA-seq randomly split into training and testing cohorts; ArrayExpress E-MTAB-1980; published nivolumab (anti-PD-1) ccRCC cohort; own 90-case ccRCC tissue microarray (OUTDO HKidE180Su03) for TNFSF13B IHC,NR,patients,transcriptomics,Bulk RNA-seq expression used to build the Tstr-related score; IHC used only to verify TNFSF13B protein,prognostic_prediction,"Elastic net (alpha 0.7) plus random survival forest, selected by the highest average C-index among 144 combinations of 10 algorithms (elastic net, RSF, GBM, LASSO, Ridge, CoxBoost, plsRcox, stepwise Cox, survival-SVM, SuperPC) fit with LOOCV","13-gene expression score from the black WGCNA module (TNFSF13B, IL2RA, LILRA4, LIPA, PDPN, SLC31A2, MILR1, FCER1A, LYPD5, CD1E, KCNS3, DNASE2B, SPIC)",Tstr-related score (TCs),prognostic,C-index,"Average C-index 0.817 for elastic net (alpha 0.7) plus RSF on the black module (Fig. 3A). Time-dependent 1-, 3-, and 5-year OS AUC of TCs was over 0.7 in the four cohorts (Fig. 3H).",external_cohort,"LOOCV fitting in TCGA, then a random TCGA train/test split. The reported average C-index uses TCGA training, TCGA testing, and independent E-MTAB-1980 (Fig. 3A, three cohorts). OS curves are also shown for four cohorts; the fourth set is not named beyond those and a separate published nivolumab cohort used for PD-1 response. TCGA train and test are splits of one cohort.",NR,upon_request,none_stated,"National Natural Science Foundation of China (82373166, 82203557); Guangzhou Municipal Science and Technology Project (202201020346, 202201010726); FDCT of Macau SAR (0090/2022/A); China Postdoctoral Science Foundation (2023M740832); Guangdong Basic and Applied Basic Research Foundation (2022A1515110245, 2022A1515010342); Key Projects of Natural Science Foundation of Colleges and Universities in Anhui Province (KJ2021A0777); Guangzhou municipal Science and Technology Bureau (2023A04J0598); Guangdong Medical Science Research Foundation (B2021309).",none_declared,"A 13-gene stress-response T-cell score (elastic net plus random survival forest) had an average C-index of 0.817 and 1-, 3-, and 5-year OS AUCs above 0.7, and higher scores tracked worse survival and more advanced stage in ccRCC.","In the 90-case tissue microarray, the survival difference by TNFSF13B protein expression did not reach significance because of the limited number of cases; the authors state that a prospective cohort is still needed.","Nomogram of pT, pN, pM, and TCs had 1-, 3-, and 5-year OS AUCs of 0.891, 0.888, and 0.923. TNFSF13B had the highest variable importance and an AUC of 0.915 for distinguishing ccRCC from normal kidney. TCs and TNFSF13B were associated with worse survival and disease progression after PD-1 blockade in a published nivolumab cohort; no numeric AUC or HR for that comparison is printed.",REV-ALCIDES-AI,2026-09-23,complete,"Analytic N supporting the C-index is not stated (336 TCGA samples are the mutation subset, not the survival N). C-index 0.817 is the average across cohorts for the selected model.",no,batch-07
REC-AIBIOGU-000482,Zhong2024,Domain generalization enables general cancer cell annotation in single-cell and spatial transcriptomics.,2024,Nat Commun,10.1038/s41467-024-46413-6,kidney_renal,,Pan-cancer domain-generalization deep learning (Cancer-Finder) with secondary ccRCC spatial 10-gene prognostic signature,multiple_public,74 scRNA datasets from TISCH across tissues for Cancer-Finder; five ccRCC spatial transcriptomics slides for interface signature,5,samples,transcriptomics,scRNA-seq and spatial transcriptomics spot expression,classification_subtyping,Cancer-Finder deep neural network with domain-generalization risk extrapolation loss,Normalized expression profiles (4572 scRNA or 5000 ST features) plus softmax malignant threshold 0.5,Pan-cancer malignant-cell classifier; ccRCC 10-gene tumor-normal interface signature,diagnostic,accuracy,Average malignant-cell classification accuracy 95.16% across pan-cancer scRNA domains (ccRCC ST application n=5 slides),internal_split_only,Cross-tissue domain generalization; ccRCC prognostic gene co-localization derived from five ST samples without independent external GU validation in slice.,yes,NR,none_stated,NR,NR,Cancer-Finder generalized malignant spot/cell calling across cancers and highlighted a 10-gene ccRCC interface signature linked to prognosis in five ST samples.,Slice truncates limitations discussion.,Pre-trained models and retraining scripts provided for scRNA and ST inference.,REV-ALCIDES-AI,2026-09-23,needs_review,"Appraisal flags borderline scope: primary deliverable is pan-cancer annotation tool, not a standalone GU clinical prediction model.",yes,batch-07
REC-AIBIOGU-000483,Bing2024,The Value of Dual-Energy Computed Tomography-Based Radiomics in the Evaluation of Interstitial Fibers of Clear Cell Renal Carcinoma.,2024,Technol Cancer Res Treat,10.1177/15330338241235554,kidney_renal,,Single-center retrospective DECT radiomics with SVM models for pseudocapsule and collagen fiber traits,own_cohort,132 ccRCC patients post-nephrectomy with DECT and Masson staining at one institution (70/30 train-validation split),132,patients,radiology_imaging,Dual-energy CT iodine/material decomposition and monoenergetic reconstructions,classification_subtyping,Support vector machine on LASSO-selected radiomics features (Radcloud platform),"LASSO-selected radiomics from IMDI, MEI, keV, and combined IMDI+MEI models",Combined IMDI+MEI radiomics score for pseudocapsule thickness and collagen fiber burden,diagnostic,AUC,Validation set AUC 0.833 (pseudocapsule thickness); collagen fiber count AUC 0.741 (combined model),internal_holdout,Random 7:3 internal split only; no external institution cohort in slice.,NR,NR,none_stated,NR,NR,Combined DECT radiomics outperformed single-energy models for pseudocapsule thickness and collagen fiber quantification proxies in ccRCC.,Slice does not include full limitations section text.,Nomograms integrating Rad-score with clinical/imaging covariates.,REV-ALCIDES-AI,2026-09-23,complete,,no,batch-07
REC-AIBIOGU-000484,Liu2024,"Identifying molecular subtypes and tumor microenvironment infiltration signatures in kidney renal clear cell carcinoma based on stemness-associated disulfidptosis genes by integrating machine learning, single-cell analyses and experimental validation.",2024,Heliyon,10.1016/j.heliyon.2024.e26094,kidney_renal,,NMF disulfidptosis subtypes with WGCNA-LASSO nine-gene SADG prognostic model and multi-cohort validation,multiple_public,"TCGA-KIRC with 7:3 train-test split; external IMVIGOR210, ICGC-RECA, E-MTAB-1980; scRNA GSE139555; qRT-PCR on local samples",NR,patients,multiomics,"Bulk RNA TPM, scRNA-seq, and qRT-PCR confirmation",prognostic_prediction,WGCNA module intersection plus LASSO Cox SADG risk score,Nine stemness-associated disulfidptosis genes (SADG signature),Nine-gene SADG risk score,prognostic,NR,OS separation in TCGA test cohort and three independent external datasets (numeric C-index/AUC not in slice),external_multicenter,"Internal TCGA 7:3 split plus IMVIGOR210, ICGC-RECA, and E-MTAB-1980 external validation stated in methods.",NR,NR,none_stated,NR,NR,Disulfidptosis-based NMF subtypes and a nine-gene SADG score stratified ccRCC prognosis and immune/stemness phenotypes with external replication.,Prospective larger cohorts needed despite qRT-PCR on small local sample set.,Nomogram and immune infiltration/TMB associations for nine hub genes.,REV-ALCIDES-AI,2026-09-23,complete,,no,batch-07
REC-AIBIOGU-000485,Hong2024,Identification of molecular subtypes and diagnostic model in clear cell renal cell carcinoma based on collagen-related genes may predict the response of immunotherapy.,2024,Front Pharmacol,10.3389/fphar.2024.1325447,kidney_renal,,TCGA collagen-related NMF subtypes with WGCNA and four ML algorithms for MMP9-SCGN diagnostic model,multiple_public,TCGA-KIRC 535 tumors; JAVELIN Renal 101 immunotherapy cohort for PFS; RECA-EU ICGC subtype clustering check,535,patients,transcriptomics,Bulk RNA-seq counts; scRNA and RT-qPCR/functional assays for SCGN,classification_subtyping,"SVM, random forest, XGBoost, and GLM compared for two-gene subtype classifier",MMP9 and SCGN core collagen-subtype discriminator genes,MMP9+SCGN diagnostic model for collagen molecular subtypes,predictive_response,NR,Subtype diagnostic model distinguished NMF subtypes with differential PFS on JAVELIN immunotherapy (specific AUC not in slice),external_cohort,Immunotherapy PFS evaluated in JAVELIN Renal 101 after TCGA-derived subtype model; ICGC RECA-EU clustering consistency reported.,NR,NR,none_stated,National Natural Science Foundation of China grants 82373435 and 82172878.,NR,Two collagen-related ccRCC subtypes were defined and an MMP9-SCGN model linked subtype to immunotherapy PFS and TIDE-high immune exclusion.,Slice does not include full limitations section text.,Pan-cancer immune associations of MMP9 and SCGN; SCGN knockdown functional assays.,REV-ALCIDES-AI,2026-09-23,complete,,no,batch-07
REC-AIBIOGU-000489,Xie2024,The potential value of the Purinergic pathway in the prognostic assessment and clinical application of kidney renal clear cell carcinoma.,2024,Aging (Albany NY),10.18632/aging.205364,kidney_renal,,TCGA-KIRC purinergic pathway pan-cancer screen with Lasso plus survival-SVM nine-gene risk score,TCGA,TCGA-KIRC RNA-seq (539 tumor and 72 normal) with clinicopathologic covariates,539,patients,transcriptomics,Bulk RNA-seq via TCGAbiolinks,prognostic_prediction,Lasso plus survival-SVM combination selected among ML pipelines for nine purinergic genes,Nine LASSO-selected purinergic pathway genes,Purinergic pathway risk score,prognostic,AUC,"3-year AUC 0.692, 5-year AUC 0.704, 7-year AUC 0.71, and 10-year AUC 0.75. Among 97 models, Lasso plus survival-SVM had a C-index of 0.597.",internal_split_only,TCGA-KIRC only; no independent external cohort in slice.,NR,NR,none_stated,NR,NR,"A nine-gene purinergic score stratified KIRC survival and supported a nomogram with age, grade, stage, and risk score as independent prognostic factors.",Slice does not include full limitations section text.,Pan-cancer purinergic CNV/SNV/expression survey across 33 cancers.,REV-ALCIDES-AI,2026-09-23,complete,"Printed time-dependent ROC AUCs of the nine-gene purinergic survival model (Figure 6F-I). The C-index 0.597 is the model-selection value, not a replacement for those AUCs.",no,batch-07
REC-AIBIOGU-000490,Liu2023,Novel molecular classification and prognosis of papillary renal cell carcinoma based on a large-scale CRISPR-Cas9 screening and machine learning.,2023,Heliyon,10.1016/j.heliyon.2023.e23184,kidney_renal,,DepMap CRISPR-guided PRCC key genes with NMF subtypes and 21 ML algorithm combinations for prognosis,multiple_public,TCGA-PRCC discovery; external GSE2748 (28 PRCC patients); GEO/GTEx/TARGET ancillary,NR,patients,transcriptomics,Bulk RNA with DepMap CRISPR essentiality overlay,prognostic_prediction,Twenty-one combinations of nine ML algorithms for nine-gene signature selection,Nine-gene prognostic signature from 41 key PRCC genes (SERPINH1 highlighted),Nine-gene PRCC prognostic signature with three-cluster molecular classification,prognostic,NR,Signature showed good prognostic ability in TCGA-PRCC and independent GSE2748 validation (specific C-index/AUC not in slice),external_cohort,Model tested on GSE2748 external PRCC cohort after TCGA-PRCC development.,NR,NR,none_stated,NR,NR,CRISPR-informed PRCC subtypes (C1–C3) and a nine-gene ML signature stratified survival with SERPINH1 as a critical prognostic hub.,Slice includes limitations section but text truncated in crop.,Drug sensitivity and TME differences across clusters; qPCR/Western blot for SERPINH1.,REV-ALCIDES-AI,2026-09-23,complete,,no,batch-07
REC-AIBIOGU-000492,Zhong2023,Selection of M7G-related lncRNAs in kidney renal clear cell carcinoma and their putative diagnostic and prognostic role.,2023,BMC Urol,10.1186/s12894-023-01357-9,kidney_renal,,WGCNA m7G-lncRNA modules with XGBoost and Boruta eight-gene prognostic model,multiple_public,TCGA-KIRC training; ICGC external validation stated in abstract,NR,patients,transcriptomics,Bulk lncRNA expression,prognostic_prediction,XGBoost and Boruta feature selection on DE-m7G-lncRNAs,Eight m7G-associated lncRNA biomarkers (including PTCSC3 and AP000696.2),Eight-lncRNA m7G prognostic panel,prognostic,NR,Nomogram calibration and decision curves reported; KM separation for PTCSC3 and RP11-321G12.1 (AUC/C-index not in slice),external_cohort,ICGC dataset used for external validation per abstract/methods framing.,NR,NR,none_stated,NR,NR,Eight m7G-related lncRNAs predicted KIRC prognosis and correlated with immune infiltration and checkpoint expression.,Slice does not include full limitations section text.,Immune cell infiltration and checkpoint correlation analyses.,REV-ALCIDES-AI,2026-09-23,complete,,no,batch-07
REC-AIBIOGU-000495,Liu2023,Validity of a multiphase CT-based radiomics model in predicting the Leibovich risk groups for localized clear cell renal cell carcinoma: an exploratory study.,2023,Insights Imaging,10.1186/s13244-023-01526-2,kidney_renal,,"Multiphase CT radiomics for Leibovich risk stratification with training, internal validation, and external test cohorts",own_cohort,"425 localized ccRCC patients split into training, validation, and external testing (external n=44)",425,patients,radiology_imaging,"Unenhanced, arterial, and venous phase CT radiomics",risk_stratification,Radiomics feature selection with ML classifier for Leibovich groups (triphasic signature),Triphasic CT radiomics signature,Triphasic radiomics Leibovich risk score,risk_stratification,AUC,Training/validation AUC 0.862 (95% CI 0.809–0.914) and 0.853 (95% CI 0.785–0.921); external testing AUC 0.872,external_cohort,Independent external imaging cohort (n=44) for Leibovich classification; authors note limited external sample size.,NR,NR,none_stated,NR,NR,Triphasic CT radiomics noninvasively stratified Leibovich risk groups with strong discrimination including external testing.,"External cohort small, limiting precision of external AUC estimate.",Calibration and clinical utility assessment of radiomics model.,REV-ALCIDES-AI,2026-09-23,complete,,no,batch-07
REC-AIBIOGU-000496,Gao2023,Multiphase CT radiomics nomogram for preoperatively predicting the WHO/ISUP nuclear grade of small (< 4 cm) clear cell renal cell carcinoma.,2023,BMC Cancer,10.1186/s12885-023-11454-5,kidney_renal,,Single-center multiphase CT radiomics nomogram for small ccRCC WHO/ISUP grade,own_cohort,113 ccRCC patients at one center; train n=67 and test n=46,113,patients,radiology_imaging,"UP, corticomedullary, and nephrographic phase CT radiomics (PyRadiomics)",classification_subtyping,GBDT feature reduction with multivariate logistic radiomics nomogram,Six CT radiomics features plus clinical REV of nephrographic phase,Clinical-radiomics nomogram Rad-score for nuclear grade,diagnostic,AUC,Clinical-radiomics nomogram AUC 0.940 (training) and 0.902 (testing); radiomics model testing AUC 0.924 (95% CI 0.868–0.969),internal_holdout,Random internal train/test split only; no external institution cohort.,NR,NR,none_stated,NR,NR,A CT radiomics nomogram predicted WHO/ISUP grade of small ccRCC with high internal discrimination.,Slice does not include full limitations section text.,Decision curve analysis favored nomogram over clinical model alone.,REV-ALCIDES-AI,2026-09-23,complete,,no,batch-07
REC-AIBIOGU-000497,Ye2023,Protein Arginine Methyltransferases Refine the Classification of Clear Cell Renal Cell Carcinoma with Distinct Prognosis and Tumor Microenvironment Characteristics.,2023,Int J Biol Sci,10.7150/ijbs.80323,kidney_renal,,TCGA multi-omics PRMT methylation patterns with LASSO Cox PRMTScore prognostic model,multiple_public,"763 ccRCC patients from TCGA-KIRC, CPTAC-3, E-MTAB-3267, and related public omics",763,patients,multiomics,Bulk transcriptomics with arginine methylation pattern clustering and TMB,prognostic_prediction,Univariate Cox plus LASSO and multivariate Cox for PRMTScore,"Four-gene PRMTScore (SLC16A12, HRH2, F2RL3, SAA1 coefficients)",PRMTScore arginine methylation-related signature,prognostic,NR,ROC constructed for PRMTScore predictive ability (numeric AUC/C-index not in slice),external_multicenter,Multi-cohort TCGA/CPTAC/ArrayExpress integration for 763 patients; external validation framing in abstract.,NR,NR,none_stated,NR,NR,Two PRMT-related molecular patterns stratified immune contexture and a four-gene PRMTScore predicted ccRCC prognosis and immunotherapy response associations.,Slice does not include full limitations section text.,Immune checkpoint and CIBERSORT/ssGSEA infiltration comparisons across patterns.,REV-ALCIDES-AI,2026-09-23,complete,,no,batch-07
REC-AIBIOGU-000498,Maddalo2023,Small Renal Masses: Developing a Robust Radiomic Signature.,2023,Cancers (Basel),10.3390/cancers15184565,kidney_renal,,Monocentric CT radiomics signature for small renal mass malignancy with Monte Carlo cross-validation,own_cohort,85 patients at AOU Parma for SRM resection (51 malignant) with Monte Carlo resampling,85,patients,radiology_imaging,CT radiomics features from surgical SRM cohort,diagnostic_prediction,Radiomics ML pipeline with Monte Carlo cross-validation (authors describe monocentric observational design),CT radiomics signature for malignant vs benign SRM,Radiomics signature for SRM malignancy,diagnostic,AUC,Unseen-data ROC-AUC 0.79 ± 0.12; accuracy 0.73 ± 0.12; sensitivity 0.78 ± 0.19 (Monte Carlo CV),internal_cv,Monte Carlo cross-validation substitutes for external validation in single-center cohort.,NR,NR,none_stated,NR,NR,A radiomics signature discriminated malignant from benign small renal masses with moderate cross-validated performance in a monocentric cohort.,Authors describe monocentric observational design without true external cohort.,NR,REV-ALCIDES-AI,2026-09-23,complete,,no,batch-07
REC-AIBIOGU-000499,Tang2023,Prognostic model of kidney renal clear cell carcinoma using aging-related long noncoding RNA signatures identifies THBS1-IT1 as a potential prognostic biomarker for multiple cancers.,2023,Aging (Albany NY),10.18632/aging.204949,kidney_renal,NA,translational/bioinformatic,multiple_public,"TCGA-KIRC (541 tumor + 72 para-cancer samples; 514 with complete survival/clinicopathological data used for modeling), GTEx, LncExpDB; pan-cancer secondary analysis across 33 TCGA tumor types",514,patients,transcriptomics,lncRNA/mRNA/miRNA expression profiles (TPM values); CarLnc-miRNA-mRNA regulatory network,prognostic_prediction,"SVM-RFE and random forest (feature/gene selection); multivariate stepwise Cox regression (final prognostic model construction); k-means consensus clustering (secondary, for AR-subgroups)","5-gene expression signature (TPM values of MMP11, THBS1-IT1, DYNLL2, RMND5A, PEG10)","LncAging_score, a 5-gene (aging-related lncRNA-network-derived) prognostic model; THBS1-IT1 further characterized as a pan-cancer prognostic biomarker",prognostic,AUC,"Training cohort AUC for 1-/3-/5-year OS: 0.727/0.696/0.726; nomogram (LncAging_score + age + sex + stage) AUC range 0.796-0.872 for 1-, 3-, and 5-year risk in entire cohort (n=514); LncAging_score, age, grade and stage all independent prognostic factors (P<0.05, HR>1)",internal_holdout,"Random split of TCGA-KIRC cohort (n=514, complete clinical+survival data) into training (n=345, ~67%) and validation (n=169, ~33%); no independent external cohort was used to validate the 5-gene KIRC prognostic model. The pan-cancer analysis of THBS1-IT1 alone (across 33 other TCGA tumor types) is a separate exploratory extension, not an external validation of the KIRC model.",NR,upon_request,none_stated,NR,NR,"A 5-gene aging-related lncRNA/mRNA model (LncAging_score, including THBS1-IT1) is an independent prognostic factor for KIRC OS/PFI (AUC 0.696-0.727 in training), improved further when combined with clinical variables in a nomogram (AUC 0.796-0.872); THBS1-IT1 alone shows dysregulation and prognostic significance across 12+ additional TCGA tumor types.",NR,"Two aging-related subgroups (AR-subgroup A/B) identified in KIRC by unsupervised consensus clustering of 8 candidate aging-related lncRNAs (CarLncs), differing significantly in OS and immune cell infiltration (secondary, exploratory axis, not a predictive model). Pan-cancer analysis of THBS1-IT1 alone across 33 TCGA tumor types: associated with OS/DSS/PFI/DFI in multiple non-GU tumor types, and correlated with TMB, MSI, and immune/stromal infiltration.",REV-ALCIDES-AI,2026-09-23,complete,Data availability statement explicit in text (available upon reasonable request). Funding/COI statements not visible in the extracted text portion; marked NR. appraisal_note flags the pan-cancer THBS1-IT1 extension as beyond the KIRC model's original scope; documented under other_key_outcomes rather than folded into the main biomarker_result/validation_level.,no,pilot
REC-AIBIOGU-000500,Xiang2023,Deciphering the implications of mitophagy-related signatures in clinical outcomes and microenvironment heterogeneity of clear cell renal cell carcinoma.,2023,J Cancer Res Clin Oncol,10.1007/s00432-023-05349-y,kidney_renal,,Mitophagy NMF subtypes with eight-gene machine-learning RiskScore for ccRCC prognosis and therapy response,TCGA,763 TCGA ccRCC patients with multi-omics and mitophagy gene set,763,patients,transcriptomics,Bulk RNA with mitophagy pathway genes,prognostic_prediction,Machine learning selection among mitophagy genes yielding eight-gene RiskScore,"Eight mitophagy-related genes (CLIC4, PTPRB, SLC16A12, ENPP5, FLRT3, HRH2, PDK4, SCD5)",Mitophagy RiskScore signature,prognostic,NR,RiskScore showed excellent prognostic value across ccRCC cohort (numeric C-index/AUC not in slice),internal_split_only,TCGA-only analytic cohort in slice without independent external validation dataset.,NR,NR,none_stated,NR,NR,"Mitophagy-based RiskScore stratified prognosis, TME phenotypes, and predicted targeted/immunotherapy responsiveness with PINK1 highlighted.",Slice does not include full limitations section text.,Three mitophagy clusters with distinct pathways; nomogram integrating RiskScore and clinical features.,REV-ALCIDES-AI,2026-09-23,complete,,no,batch-07
REC-AIBIOGU-000502,Ager2023,KLRG1 marks tumor-infiltrating CD4 T cell subsets associated with tumor progression and immunotherapy response.,2023,J Immunother Cancer,10.1136/jitc-2023-006782,kidney_renal,,Longitudinal spectral flow cytometry in mouse ICB models with ML analysis of KLRG1 on CD4 T cells,own_cohort,Preclinical NPK-C1 and MC38 murine tumor models with human renal cancer TIL validation,NR,samples,other,34-parameter spectral flow cytometry time courses,biomarker_discovery_association,Machine-learning-driven flow cytometry data analysis (unspecified classifier),High-dimensional flow cytometry markers including KLRG1 and Helios on intratumoral CD4 subsets,KLRG1+ effector and Helios-KLRG1+ Treg intratumoral CD4 patterns,prognostic,NR,No clinical outcome prediction model with AUC or C-index reported; ML used for dynamic biomarker pattern discovery,none,Mouse models with human TIL association only; no formal predictive model validation.,NR,NR,none_stated,NR,NR,KLRG1-defined intratumoral CD4 subsets tracked tumor burden and ICB regression across models and associated with human renal cancer progression.,Slice does not include full limitations section text.,Longitudinal spectral flow panel as biomarker discovery engine.,REV-ALCIDES-AI,2026-09-23,needs_review,Paper anchor is mechanistic immuno-oncology in mouse models; ML assists flow cytometry interpretation rather than a validated GU clinical prediction model.,yes,batch-07
REC-AIBIOGU-000503,Peng2023,Identification of disulfidptosis-related subtypes and development of a prognosis model based on stacking framework in renal clear cell carcinoma.,2023,J Cancer Res Clin Oncol,10.1007/s00432-023-05201-3,kidney_renal,,Disulfidptosis subtypes with two-stage stacking ensemble DRPS across four cohorts,multiple_public,TCGA-KIRC plus three external validation cohorts (four cohorts total per abstract),NR,patients,transcriptomics,Bulk RNA with DRG mutation/methylation overlays,prognostic_prediction,Two-stage stacking of five machine learning models for DRPS,Ensemble-selected disulfidptosis-related gene set (DRPS),DRPS disulfidptosis-related prognostic signature,prognostic,C-index,"Average C-index 0.72 across the four cohorts (Fig. 5A). Time-dependent AUC higher than 0.7 in TCGA-KIRC, E-MTAB-1980, and GSE167573; DRPS 5-year AUC 0.714 and 10-year AUC 0.744.",external_multicenter,"DRPS evaluated in training, internal, and external validation sets across four cohorts.",NR,NR,none_stated,NR,NR,"DRPS stratified ccRCC prognosis, molecular subtypes, immune exhaustion, and predicted immunotherapy/targeted therapy benefit.",Slice does not include full limitations section text.,ISG20 linked to disulfidptosis and tumor immunity.,REV-ALCIDES-AI,2026-09-23,complete,Per-cohort C-index values are shown in Figure 5A and supplementary tables; the main text prints the four-cohort average of 0.72.,no,batch-07
REC-AIBIOGU-000506,Liu2023,Multi-omics identification of an immunogenic cell death-related signature for clear cell renal cell carcinoma in the context of 3P medicine and based on a 101-combination machine learning computational framework.,2023,EPMA J,10.1007/s13167-023-00327-3,kidney_renal,,ICD gene discovery via scRNA and bulk WGCNA with 101 ML combinations for ICDRS prognosis,multiple_public,TCGA-KIRC n=515 final cohort; GSE156632 and additional public sets for validation; scRNA integration,515,patients,multiomics,Bulk and single-cell transcriptomics with ICD module scoring,prognostic_prediction,Ten algorithms and 101 combinations consensus framework for ICDRS,Consensus immunogenic cell death-related signature genes (39 OS-related ICD genes screened),ICDRS consensus signature,prognostic,NR,"Outstanding prognosis prediction in training, internal, and external validation sets (numeric metrics not in slice)",external_cohort,External validation cohorts plus TCGA internal splits; qRT-PCR orthogonal gene validation.,NR,NR,none_stated,NR,NR,"ICDRS independently predicted OS, PFS, and DSS and linked to metastasis and immunotherapy/drug response subgroups.",Slice does not include full limitations section text.,ICDRS-integrated nomogram and multi-omics characterization.,REV-ALCIDES-AI,2026-09-23,complete,,no,batch-07
REC-AIBIOGU-000507,Xing2023,Incremental value of radiomics with machine learning to the existing prognostic models for predicting outcome in renal cell carcinoma.,2023,Front Oncol,10.3389/fonc.2023.1036734,kidney_renal,,Multicenter CT radiomics with ML for RCC overall survival beyond SSIGN/UISS/WHO ISUP,own_cohort,"689 RCC patients across training (281), validation, and external cohorts with CT radiomics",689,patients,radiology_imaging,CT radiomics features with clinical nomogram integration,prognostic_prediction,Machine-learning radiomics score combined with clinical prognostic models,Radiomics signature plus SSIGN/UISS/WHO ISUP clinical elements,Radiomics-enhanced OS nomogram,prognostic,AUC,5-year OS time-dependent AUC 0.917 vs 0.707–0.773 for SSIGN/UISS/WHO ISUP in validation cohort 2; training cohort AUC 0.841 vs 0.644–0.734,external_cohort,Multiple cohorts including external validation with comparison to established RCC prognostic models.,NR,NR,none_stated,NR,NR,Radiomics ML score incrementally improved 5-year OS discrimination over standard RCC prognostic scores.,Radiomics code/feature sharing not reported in slice.,Stratified OS by high vs low radiomics score.,REV-ALCIDES-AI,2026-09-23,complete,,no,batch-07
REC-AIBIOGU-000509,Yu2023,Development and validation of A CT-based radiomics nomogram for prediction of synchronous distant metastasis in clear cell renal cell carcinoma.,2023,Front Oncol,10.3389/fonc.2022.1016583,kidney_renal,,Multicenter CT radiomics nomogram for synchronous distant metastasis in ccRCC,own_cohort,463 patients (7:3 train/internal validation) plus 115 external hospital patients,578,patients,radiology_imaging,CT radiomics with clinical/laboratory predictors,diagnostic_prediction,LASSO radiomics signature plus logistic clinical model and nomogram integration,Ten LASSO-selected radiomics features with clinical factors,Radiomics-clinical SDM prediction nomogram,diagnostic,AUC,External validation AUC 0.882 (radiomics signature) and 0.920 (clinical model); combined nomogram reported in results,external_cohort,115-patient external hospital cohort for SDM prediction.,NR,NR,none_stated,NR,NR,Preoperative radiomics-clinical nomogram predicted synchronous metastasis in ccRCC with strong external discrimination.,Slice does not include full limitations section text.,Clinical factor model compared with radiomics signature.,REV-ALCIDES-AI,2026-09-23,complete,,no,batch-07
REC-AIBIOGU-000510,Wang2022,Integration analysis identifies MYBL1 as a novel immunotherapy biomarker affecting the immune microenvironment in clear cell renal cell carcinoma: Evidence based on machine learning and experiments.,2022,Front Immunol,10.3389/fimmu.2022.1080403,kidney_renal,,TCGA ccRCC MYBL1 functional study with ML prognosis signature from MYBL1-derived molecules,TCGA,TCGA-KIRC STAR-Counts expression and clinical baseline table,NR,patients,transcriptomics,Bulk RNA-seq with immunotherapy prediction score (IPS) ancillary,prognostic_prediction,Machine learning to derive MYBL1-derived molecule prognosis signature,MYBL1-associated molecular feature set selected by ML,MYBL1-derived prognostic signature,prognostic,NR,MYBL1 high expression associated with worse prognosis; ML signature performance metrics not in slice,internal_split_only,TCGA-KIRC only in slice without external validation cohort.,NR,NR,none_stated,NR,NR,MYBL1 promoted proliferation and correlated with aggressive ccRCC phenotypes; ML signature built from MYBL1-derived molecules for prognosis and immunotherapy scoring.,Slice does not include full limitations section text.,In vitro proliferation/apoptosis assays for MYBL1.,REV-ALCIDES-AI,2026-09-23,complete,,no,batch-07
REC-AIBIOGU-000511,Xu2022,Cell Differentiation Trajectory Predicts Prognosis and Immunotherapeutic Response in Clear Cell Renal Cell Carcinoma.,2022,Genet Res (Camb),10.1155/2022/8422339,kidney_renal,,scRNA differentiation trajectory DRGs with 14-gene ML risk model and nomogram in ccRCC,multiple_public,TCGA-KIRC 519 samples merged with GSE29609 39 samples for training; validation described as TCGA-KIRC alone; scRNA GSE156632,519,patients,multiomics,scRNA Monocle trajectory plus bulk RNA TPM,prognostic_prediction,Machine learning risk model on 14 differentiation-related genes,"Fourteen DRGs (e.g., BTG2, CDKN1A, COL6A1, ISG15, PLCG2)",14-gene differentiation trajectory risk score,prognostic,NR,Risk groups associated with survival and immunotherapy response (numeric AUC/C-index not in slice),internal_split_only,"Appraisal notes training merges TCGA and GSE29609 while validation uses overlapping TCGA source, so independence is questionable.",NR,NR,none_stated,NR,NR,Differentiation-based clusters and a 14-gene score predicted prognosis and enriched immune checkpoint blockade benefit in high-risk patients.,Slice does not include full limitations section text.,Drug sensitivity differences between risk groups for 83 compounds.,REV-ALCIDES-AI,2026-09-23,needs_review,Appraisal flags data leakage/overlapping TCGA training and validation sources rather than truly independent external validation.,yes,batch-07
REC-AIBIOGU-000512,Cheng2023,Differentiation of Clear Cell and Non-clear-cell Renal Cell Carcinoma through CT-based Radiomics Models and Nomogram.,2023,Curr Med Imaging,10.2174/1573405619666221121164235,kidney_renal,,Single-center CT radiomics with five ML classifiers for ccRCC vs non-ccRCC histology,own_cohort,"147 RCC patients (100 ccRCC, 47 non-ccRCC) with 7:3 train-validation split",147,patients,radiology_imaging,"Corticomedullary phase CT radiomics (1130 features, LASSO to 4)",classification_subtyping,"Logistic regression, random forest, SVM, AdaBoost, and decision tree after LASSO",Four LASSO-selected radiomics features plus clinical rad+cli nomogram,Radiomics radscore plus clinical nomogram for ccRCC subtype,diagnostic,AUC,Validation: RF AUC=1.0 and accuracy=1.0; rad+cli nomogram validation AUC 0.949 (0.885–1.000); three ML models AUC 0.9–1.0,internal_holdout,Internal 7:3 split only; perfect RF training performance flagged as overfitting concern.,NR,NR,none_stated,NR,NR,ML radiomics models and a rad+cli nomogram distinguished ccRCC from other RCC subtypes on CMP CT with very high internal validation metrics.,Slice does not include full limitations section text.,Radar plots comparing five ML models.,REV-ALCIDES-AI,2026-09-23,needs_review,Appraisal flags perfect training-set AUC/accuracy (1.0) for random forest as an overfitting red flag.,yes,batch-07
REC-AIBIOGU-000513,He2022,Computed tomography-based radiomics prediction of CTLA4 expression and prognosis in clear cell renal cell carcinoma.,2022,Cancer Med,10.1002/cam4.5449,kidney_renal,,Retrospective TCGA-KIRC and TCIA radiomics study,multiple_public,TCGA-KIRC clinicogenomic cohort (493 cases after exclusions from 537) and matched TCIA nephrographic-phase contrast-enhanced CT (102 cases),102,patients,radiology_imaging,Nephrographic-phase contrast-enhanced CT radiomics (PyRadiomics); CTLA4 high/low label from TCGA RNA-seq,diagnostic_prediction,"Support vector machine with recursive feature elimination, compared with random forest, logistic regression, and a deep neural network","Seven CT radiomic features (GLCM cluster shade, maximum 2D diameter slice, GLSZM size-zone non-uniformity, least axis length, GLSZM gray-level non-uniformity, GLCM sum squares, GLSZM small-area emphasis) selected from 91 ICC-stable PyRadiomics features",CT radiomics signature and radiomics score (RS) for CTLA4 expression,diagnostic,AUC,AUC 0.769 in the training set and 0.724 in the validation set for CTLA4 expression,internal_cv,"10-fold internal cross-validation in the same TCGA/TCIA imaging cohort (n=102), with separate training-set and validation-set metrics. No external imaging cohort.",NR,yes,none_stated,Medical and Technology Intercrossing Research Foundation of Shanghai Jiaotong University (YG2016QN65); Guangci Excellent Youth Program of Ruijin Hospital (GCQN-2018-B15).,none_declared,"A seven-feature CT radiomics SVM predicted CTLA4 mRNA status in ccRCC with AUC 0.769 (training) and 0.724 (validation). A radiomics-score nomogram predicted overall survival with AUC 0.826, 0.805, and 0.76 at 12, 36, and 60 months.","Public-database image quality limits the data; the radiomics cohort was small (102 cases, of which 37 were advanced or metastatic); whether the signature and nomogram apply to advanced/metastatic ccRCC is unclear; larger cohorts across disease stages are needed.","High CTLA4 expression was an independent prognostic factor in 493 TCGA-KIRC cases (multivariate HR 1.458, 95% CI 1.13-1.881, p=0.004). Training-set accuracy 0.696, sensitivity 0.614, specificity 0.875, PPV 0.915, NPV 0.509; validation-set accuracy 0.735, sensitivity 0.743, specificity 0.719, PPV 0.852, NPV 0.561. RS nomogram OS AUC 0.826, 0.805, and 0.76 at 12, 36, and 60 months.",REV-ALCIDES-AI,2026-09-23,complete,Primary axis is the SVM radiomics signature for CTLA4 expression (n=102). The prognostic nomogram and the CTLA4 Cox model (n=493) are secondary.,no,batch-07
REC-AIBIOGU-000514,Yin2022,An exploratory study of CT radiomics using differential network feature selection for WHO/ISUP grading and progression-free survival prediction of clear cell renal cell carcinoma.,2022,Front Oncol,10.3389/fonc.2022.979613,kidney_renal,,Multiphase CT radiomics random survival forest nomogram for ccRCC WHO/ISUP grade,own_cohort,"175 ccRCC patients after screening (125 train, 50 test) from single institution PACS",175,patients,radiology_imaging,"Non-contrast, corticomedullary, and nephrographic phase CT radiomics",classification_subtyping,Random survival forest radiomics models per phase with combined nomogram,Best nephrographic phase radiomics features combined in dual-phase nomogram,NCP dual-phase radiomics nomogram for nuclear grade,diagnostic,AUC,Best NCP radiomics model AUC 0.89; combined nomogram C-index reported with good discrimination (testing AUC 0.89),internal_holdout,Internal train/test split only; no external cohort.,NR,NR,none_stated,NR,NR,Dual-phase CT radiomics RSF nomogram predicted WHO/ISUP grade with strong internal performance.,Slice does not include full limitations section text.,Phase-wise radiomics model comparison.,REV-ALCIDES-AI,2026-09-23,complete,,no,batch-07
REC-AIBIOGU-000515,Ohe2022,Deep learning-based predictions of clear and eosinophilic phenotypes in clear cell renal cell carcinoma.,2022,Hum Pathol,10.1016/j.humpath.2022.11.004,kidney_renal,,Deep learning digital pathology eosinophilic subtype classifier on TCGA WSI with validation cohort,TCGA,TCGA-KIRC development n=435 WSIs; independent validation cohort n=95,435,slides,digital_pathology,H&E whole-slide images scaled to AI scores,classification_subtyping,Deep learning image classifier for eosinophilic ccRCC morphologic subtype,WSI-derived AI eosinophilic subtype score,AI eosinophilic subtype score,prognostic,other,AI score stratified outcomes in TCGA-KIRC (log-rank p=0.008); prognostic accuracy validated in n=95 cohort (specific AUC not in slice),external_cohort,Separate 95-case validation cohort after TCGA-KIRC training.,NR,NR,none_stated,NR,NR,Deep learning detected eosinophilic ccRCC morphology and predicted prognosis beyond conventional pathology review.,Radiomics/pathology code sharing not reported.,Association of AI subtype with eosinophilic histology features.,REV-ALCIDES-AI,2026-09-23,complete,,no,batch-07
REC-AIBIOGU-000516,Gao2022,A radiogenomics biomarker based on immunological heterogeneity for non-invasive prognosis of renal clear cell carcinoma.,2022,Front Immunol,10.3389/fimmu.2022.956679,kidney_renal,,Immune-related gene NMF subtypes with CT radiogenomics prognosis model in TCGA ccRCC,TCGA,TCGA-KIRC bulk RNA and matched CT radiomics features,NR,patients,multiomics,Transcriptomics plus CT imaging radiomics fusion,prognostic_prediction,NMF clustering with immune gene subset model and radiogenomics integration,Immune-related gene subset signature with CT radiomics covariates,Radiogenomics immune-subtype prognosis model,prognostic,AUC,"Integrated radiogenomics model AUC 0.81 (slice reports AUC=0.81, 074 typo)",internal_split_only,TCGA-KIRC only without external institution validation in slice.,NR,NR,none_stated,NR,NR,NMF immune subtypes and a radiogenomics model linked imaging and immune gene expression to ccRCC survival.,Slice does not include full limitations section text.,Tumor location association with survival.,REV-ALCIDES-AI,2026-09-23,complete,,no,batch-07
REC-AIBIOGU-000517,Cheng2022,Novel amino acid metabolism-related gene signature to predict prognosis in clear cell renal cell carcinoma.,2022,Front Genet,10.3389/fgene.2022.982162,kidney_renal,,AAM-related consensus ML prognostic signature with TCGA training and E-MTAB-1980 external validation,multiple_public,TCGA-KIRC plus ArrayExpress E-MTAB-1980 external cohort,NR,patients,transcriptomics,Bulk RNA anti-apoptotic module genes,prognostic_prediction,Consensus ML (direction=both) across multiple algorithms for AAM signature,AAM-related gene expression risk score,AAM consensus prognostic signature,prognostic,AUC,Time-dependent AUC 0.751/0.716/0.747 at 1/3/5 yr (TCGA); 0.701/0.783/0.761 (E-MTAB-1980 external),external_cohort,External validation in E-MTAB-1980 after TCGA model development.,NR,NR,none_stated,NR,NR,An anti-apoptotic module signature predicted OS with consistent time-dependent AUC in TCGA and external ArrayExpress cohort.,Slice does not include full limitations section text.,C-index comparisons reported for competing models.,REV-ALCIDES-AI,2026-09-23,complete,,no,batch-07
REC-AIBIOGU-000518,Yu2022,A triple-classification for differentiating renal oncocytoma from renal cell carcinoma subtypes and CK7 expression evaluation: a radiomics analysis.,2022,BMC Urol,10.1186/s12894-022-01099-0,kidney_renal,,Multicenter CT radiomics triple-class SVM for RO vs chRCC vs ccRCC,own_cohort,Training n=123 and testing n=57 from two time windows at participating hospitals,180,patients,radiology_imaging,Corticomedullary and nephrographic phase CT radiomics,classification_subtyping,Triple-class support vector machine on dual-phase radiomics,396 radiomics features per phase; combined CMP+NP features,Dual-phase radiomics SVM classifier,diagnostic,AUC,Combined-phase SVM AUC 0.941 (training) and 0.935 (testing); triple-class models up to 0.955 (95% CI 0.838–0.997) in slice,internal_holdout,Temporal/internal multicenter train-test split without separate public external cohort.,NR,NR,none_stated,NR,NR,"Dual-phase CT radiomics SVM accurately classified oncocytoma, chromophobe RCC, and ccRCC on internal testing.",Slice does not include full limitations section text.,Per-phase radiomics feature selection.,REV-ALCIDES-AI,2026-09-23,complete,,no,batch-07
REC-AIBIOGU-000519,Gao2022,A Clinical Radiomics Nomogram Was Developed by Integrating Radiomics Signatures and Clinical Variables to Distinguish High-Grade ccRCC from Type 2 pRCC.,2022,J Oncol,10.1155/2022/6844349,kidney_renal,,CT radiomics nomogram distinguishing high-grade ccRCC from type 2 pRCC,own_cohort,"142 patients (71 high-grade ccRCC, 71 type 2 pRCC) with train n=98 and test split",142,patients,radiology_imaging,Precontrast and enhanced CT radiomics,classification_subtyping,Radiomics feature selection with clinical-radiomics nomogram,Radiomics signature plus clinical covariates in nomogram,Clinical-radiomics nomogram Rad-score,diagnostic,AUC,Clinical-radiomics nomogram AUC 0.974 (training) and 0.952 (testing),internal_holdout,Single-center internal train/test split only.,NR,NR,none_stated,NR,NR,A CT clinical-radiomics nomogram preoperatively separated high-grade ccRCC from type 2 papillary RCC with high internal AUC.,Authors note need for external validation to avoid overfitting.,NR,REV-ALCIDES-AI,2026-09-23,complete,,no,batch-07
REC-AIBIOGU-000520,Xu2022,The unique genomic landscape and prognostic mutational signature of Chinese clear cell renal cell carcinoma.,2022,J Natl Cancer Cent,10.1016/j.jncc.2022.07.001,kidney_renal,,Multi-ethnic ccRCC genomic landscape with seven-gene mutational prognostic signature GMSMut,multiple_public,"929 ccRCC patients: Chinese training n=201, Caucasian testing n=274, validation n=454",201,patients,genomics,Somatic mutation profiles across ethnic cohorts,prognostic_prediction,Mutational signature construction from differential genomic landscape (seven-gene GMSMut),"Seven-gene mutation signature (FBN1, SHPRH, CELSR1, COL6A6, and others in GMSMut)",GMSMut seven-gene mutational prognostic cluster,prognostic,HR,GMSMut high risk HR=3.89 (P<0.0001) for poor prognosis in Chinese training cohort; validated in Caucasian testing/validation cohorts,external_cohort,Ethnically distinct testing (Caucasian) and validation cohorts after Chinese training.,NR,NR,none_stated,NR,NR,"Population-specific mutational landscapes yielded GMSMut, a seven-gene signature prognostic across Chinese and Caucasian ccRCC cohorts.",Applicability concern due to ethnic heterogeneity between training and test populations.,PBRM1-VHL-SETD2 co-occurrence patterns.,REV-ALCIDES-AI,2026-09-23,complete,,no,batch-07
REC-AIBIOGU-000521,Jian2022,MRI-Based Radiomics and Urine Creatinine for the Differentiation of Renal Angiomyolipoma With Minimal Fat From Renal Cell Carcinoma: A Preliminary Study.,2022,Front Oncol,10.3389/fonc.2022.876664,kidney_renal,,Single-center MRI IVIM and T2WI radiomics for fat-poor AML vs RCC diagnosis,own_cohort,69 solid renal tumors without macroscopic fat at one center with internal validation,69,patients,radiology_imaging,"IVIM DWI, T2WI, and combined radiomics models",diagnostic_prediction,"Radiomics with clinical model comparison (IVIM, T2WI, combined)","T2WI radiomics, IVIM f-value radiomics, and clinical urine creatinine model",Clinical-radiomics combined diagnostic model,diagnostic,AUC,Clinical-radiomics model AUC 0.931 (95% CI 0.907–0.955); T2WI radiomics AUC 0.883; IVIM radiomics AUC 0.874,internal_cv,Single-center diagnostic accuracy study with internal cross-validation only per appraisal.,NR,NR,none_stated,NR,NR,Combined MRI radiomics and clinical features best differentiated fat-poor AML from other solid renal neoplasms.,Prospective intent mixed with retrospective IRB waiver; no external multicenter validation.,Clinical creatinine-only model AUC 0.802.,REV-ALCIDES-AI,2026-09-23,complete,,no,batch-07
REC-AIBIOGU-000522,Gao2022,Differential Diagnosis of Type 1 and Type 2 Papillary Renal Cell Carcinoma Based on Enhanced CT Radiomics Nomogram.,2022,Front Oncol,10.3389/fonc.2022.854979,kidney_renal,,CECT radiomics nomogram for pRCC type 1 vs type 2 classification,own_cohort,"131 patients (60 type 1, 71 type 2) with train n=91 and test n=40",131,patients,radiology_imaging,Corticomedullary and nephrographic phase CT radiomics,classification_subtyping,Radiomics signature with clinical factors logistic nomogram,Radiomics Rad-score plus clinical predictors,Radiomics-clinical nomogram for papillary RCC subtype,diagnostic,AUC,Radiomics signature AUC 0.855 (training) and 0.831 (testing); nomogram AUC 0.845 (95% CI 0.775–0.913) in testing per slice,internal_holdout,Single-institution train/test split without external cohort.,NR,NR,none_stated,NR,NR,A CT radiomics nomogram combined with clinical factors distinguished pRCC type 1 from type 2 preoperatively.,Authors note external validation needed.,Decision curve analysis versus radiomics signature alone.,REV-ALCIDES-AI,2026-09-23,complete,,no,batch-07
REC-AIBIOGU-000525,Zhang2022,Development and Validation of a CT-Based Radiomics Nomogram for Predicting Postoperative Progression-Free Survival in Stage I-III Renal Cell Carcinoma.,2022,Front Oncol,10.3389/fonc.2021.742547,kidney_renal,,CT radiomics nomogram for post-nephrectomy RCC progression-free survival,own_cohort,"175 RCC patients (125 training, 50 validation) single center",175,patients,radiology_imaging,CT radiomics features with clinicopathologic covariates,prognostic_prediction,Radiomics feature selection with Cox-based nomogram,Radiomics signature integrated with clinical nomogram,Radiomics PFS nomogram,prognostic,C-index,C-index 0.836 (training) and 0.706 (validation),internal_holdout,Internal validation only with notable C-index drop.,NR,NR,none_stated,NR,NR,A radiomics nomogram predicted PFS after nephrectomy with good training discrimination but lower validation C-index.,No cohort external to the single institution.,Incremental value over clinical factors alone.,REV-ALCIDES-AI,2026-09-23,complete,,no,batch-07
REC-AIBIOGU-000526,Chen2022,Deep Learning-Based Classification of Epithelial-Mesenchymal Transition for Predicting Response to Therapy in Clear Cell Renal Cell Carcinoma.,2022,Front Oncol,10.3389/fonc.2021.782515,kidney_renal,,TCGA digital pathology EMT gene signature classification of H&E ccRCC slides,TCGA,TCGA ccRCC cohort n=252 whole-slide images for train/test/validation partitions,252,slides,digital_pathology,H&E WSI EMT subtype labeling,classification_subtyping,EMT gene signature classifier applied to pathology slide groups,EMT-related gene expression signature mapped to morphologic subtypes,EMT digital pathology subtype signature,prognostic,other,EMT signature accuracy differed across EMT subtypes (P<0.0001; supplemental accuracy metrics not fully in slice),internal_split_only,All partitions drawn from TCGA only per appraisal.,NR,NR,none_stated,NR,NR,An EMT gene signature classified ccRCC H&E slides into prognostically distinct EMT subtypes within TCGA.,No independent external WSI cohort.,NR,REV-ALCIDES-AI,2026-09-23,complete,,no,batch-07
REC-AIBIOGU-000527,Satter2022,Oncocytoma-Related Gene Signature to Differentiate Chromophobe Renal Cancer and Oncocytoma Using Machine Learning.,2022,Cells,10.3390/cells11020287,kidney_renal,,Multi-dataset transcriptomics with DBU and COGS ML to distinguish chRCC from renal oncocytoma,multiple_public,GEO discovery sets combined; external validation TCGA-KICH plus GSE12090 (n=18 test noted in appraisal),NR,samples,transcriptomics,Microarray gene expression with density-based UMAP,classification_subtyping,Unsupervised DBU plus COGS 30-gene signature with ML classification,COGS oncocytoma/chromophobe gene signature,COGS classifier for chRCC vs RO,diagnostic,accuracy,Discovery accuracy 97.8%; independent meta-dataset validation 100% accuracy (GSE12090 n=18),external_cohort,External TCGA-KICH and GSE12090 replication after GEO discovery merge.,NR,NR,none_stated,NR,NR,COGS plus DBU separated chromophobe RCC from oncocytoma with near-perfect accuracy including small external set.,Slice does not include full limitations section text.,Pathway enrichment of differential genes.,REV-ALCIDES-AI,2026-09-23,needs_review,Appraisal warns 100% accuracy on small external test set (n=18) warrants cautious interpretation.,yes,batch-07
REC-AIBIOGU-000528,Xu2022,"Prognostic value, DNA variation and immunologic features of a tertiary lymphoid structure-related chemokine signature in clear cell renal cell carcinoma.",2022,Cancer Immunol Immunother,10.1007/s00262-021-03123-y,kidney_renal,,TLS 12-chemokine signature with ML consensus clustering of ccRCC immune phenotypes,public_plus_own,TCGA-KIRC n=530 plus FUSCC real-world cohort n=232 for CXCL13 validation,530,patients,transcriptomics,Bulk RNA TLS chemokine signature and consensus clustering,classification_subtyping,Machine learning consensus clustering (TLS clusters C1–C4),12-chemokine TLS gene signature and cluster labels,TLS cluster classification with CXCL13 prognostic marker,prognostic,NR,TLS clusters associated with survival and therapy response; CXCL13 elevated in aggressive cases in n=232 real-world cohort (AUC/C-index not in slice),external_cohort,Independent FUSCC cohort validates CXCL13 prognostic association after TCGA discovery.,NR,NR,none_stated,NR,NR,TLS chemokine signature defined four immune clusters linked to immunotherapy/VEGF response and CXCL13 predicted poor outcome in external cohort.,Slice does not include full limitations section text.,DNA deletion of TLS signature associated with worse OS.,REV-ALCIDES-AI,2026-09-23,complete,,no,batch-07
REC-AIBIOGU-000529,Xv2021,A CT-Based Radiomics Nomogram Integrated With Clinic-Radiological Features for Preoperatively Predicting WHO/ISUP Grade of Clear Cell Renal Cell Carcinoma.,2021,Front Oncol,10.3389/fonc.2021.712554,kidney_renal,,CT radiomics nomogram for preoperative high-grade vs low-grade ccRCC,own_cohort,370 patients with complete CT/clinical/pathology at single center,370,patients,radiology_imaging,CT radiomics with clinic-radiological nomogram,classification_subtyping,Radiomics selection with logistic nomogram integrating clinical-radiological factors,"Radiomics signature plus necrosis, angiogenesis, and perinephric metastasis covariates",CT radiomics nomogram for grade prediction,diagnostic,AUC,Combined nomogram AUC 0.891 (95% CI 0.832–0.962); testing-set radiomics signature AUC 0.843,internal_holdout,Internal train/test split at single institution.,NR,NR,none_stated,NR,NR,A CT radiomics nomogram with clinical-radiological factors preoperatively predicted high-grade ccRCC with strong internal AUC.,No external multicenter validation.,Tumor boundary accuracy assessment.,REV-ALCIDES-AI,2026-09-23,complete,,no,batch-07
REC-AIBIOGU-000530,Chen2021,Machine learning-based pathomics signature could act as a novel prognostic marker for patients with clear cell renal cell carcinoma.,2021,Br J Cancer,10.1038/s41416-021-01640-2,kidney_renal,,Multicohort WSI machine-learning prognostic signature (MLPS) for ccRCC DFS,multiple_public,483 WSIs across three retrospective patient cohorts (278+59+146 breakdown in slice),483,slides,digital_pathology,H&E whole-slide image deep learning features,prognostic_prediction,Machine learning prognostic signature from digital pathology features (MLPS),ML-selected WSI pathology features,MLPS machine-learning prognostic score,prognostic,AUC,"Integrated nomogram AUC 89.5%, 90.0%, 88.5%, and 85.9% for 1-, 3-, 5-, and 10-year DFS; HR 15.05/4.49/1.65 across cohorts",external_multicenter,Prognostic performance verified in two independent cohorts beyond development set.,NR,NR,none_stated,NR,NR,MLPS from WSIs stratified DFS risk across three cohorts and improved time-dependent DFS prediction in an integration nomogram.,Authors note prospective multicentric validation still needed.,Integration with stage and grade systems.,REV-ALCIDES-AI,2026-09-23,complete,,no,batch-07
REC-AIBIOGU-000532,Li2021,A CT-based radiomics nomogram for differentiation of renal oncocytoma and chromophobe renal cell carcinoma with a central scar-matched study.,2021,Br J Radiol,10.1259/bjr.20210534,kidney_renal,,CT radiomics nomogram to differentiate renal oncocytoma from chromophobe RCC,own_cohort,"141 patients (47 RO, 94 chRCC) with training n=84 and external validation n=57",57,patients,radiology_imaging,CT radiomics nomogram,diagnostic_prediction,Radiomics feature reduction with nomogram classifier,CT radiomics signature for RO vs chRCC,Radiomics nomogram Rad-score,diagnostic,AUC,External validation set AUC 0.988,external_cohort,57-patient external validation set distinct from 84-patient training set.,NR,NR,none_stated,NR,NR,A CT radiomics nomogram preoperatively separated oncocytoma from chromophobe RCC with very high external AUC.,Radiomics feature sharing not reported.,Decision curve analysis in validation set.,REV-ALCIDES-AI,2026-09-23,complete,,no,batch-07
REC-AIBIOGU-000533,Gao2021,A Novel Radiogenomics Biomarker Based on Hypoxic-Gene Subset: Accurate Survival and Prognostic Prediction of Renal Clear Cell Carcinoma.,2021,Front Oncol,10.3389/fonc.2021.739815,kidney_renal,,Hypoxia-gene radiogenomics biomarker with multivariate Cox and independent hospital validation,public_plus_own,TCGA-KIRC training; independent institution cohort with matched CT/genomics,245,patients,multiomics,Hypoxia gene subset plus CT radiomics fusion,prognostic_prediction,Univariate/multivariate Cox with radiogenomics integration,Hypoxia-gene signature expression with imaging features,Hypoxia radiogenomics prognostic biomarker,prognostic,AUC,AUC 0.91 in both training and independent validation cohorts,external_cohort,Independent hospital cohort confirmed training performance.,NR,NR,none_stated,NR,NR,A hypoxia-gene radiogenomics score predicted ccRCC survival with consistent AUC across TCGA and independent validation.,Slice does not include full limitations section text.,GSEA-derived hypoxia gene screening.,REV-ALCIDES-AI,2026-09-23,complete,,no,batch-07
REC-AIBIOGU-000535,Cooley2021,Experimental and computational modeling for signature and biomarker discovery of renal cell carcinoma progression.,2021,Mol Cancer,10.1186/s12943-021-01416-5,kidney_renal,,TCGA RCC progression multi-omics ML model comparison for metastatic risk,TCGA,TCGA-KIRC and related RCC cohorts for train/test within TCGA,NR,patients,multiomics,Transcriptomic/proteomic features for progression modeling,prognostic_prediction,Multiple ML model combinations tested for metastatic progression,Multi-omics feature sets for RCC progression,Best-performing modest-discrimination progression model,prognostic,C-index,C-index below 0.73 for all tested model combinations (TCGA internal validation),internal_split_only,No dataset outside TCGA-KIRC used for validation per appraisal.,NR,NR,none_stated,NR,NR,Integrated ML models yielded only modest C-index for metastatic RCC progression using TCGA data alone.,Discrimination modest and limited to TCGA internal splits.,NR,REV-ALCIDES-AI,2026-09-23,complete,,no,batch-07
REC-AIBIOGU-000536,Zhang2021,[Predicting postoperative recurrence of stage Ⅰ-Ⅲ renal clear cell carcinoma based on preoperative CT radiomics feature nomogram].,2021,Nan Fang Yi Ke Da Xue Xue Bao,10.12122/j.issn.1673-4254.2021.09.10,kidney_renal,NA,retrospective cohort,own_cohort,"Nanfang Hospital, Southern Medical University, Guangzhou, China; ccRCC patients undergoing renal surgery, July 2013-March 2018, follow-up to March 2021",256,patients,radiology_imaging,"Preoperative contrast-enhanced multiphasic CT (corticomedullary, nephrographic, excretory phases); radiomics features extracted with PyRadiomics after ITK-SNAP segmentation",prognostic_prediction,LASSO-CV (radiomics feature selection with 100x repeated 5-fold cross-validation); univariate/multivariate logistic regression (clinical feature selection); nomogram construction,"6 CT radiomics features (3D shape, GLSZM, NGTDM categories) combined into Rad_score; clinical/pathological features (KPS score, platelet, calcification, TNM clinical stage)",Rad_score (6-feature CT radiomics score) and Rad_score+Clinic nomogram for predicting postoperative recurrence,prognostic,AUC,"Rad_score+Clinic nomogram AUC: training 0.84, test 0.85 (best-performing model); Rad_score-only nomogram AUC: training 0.78, test 0.77; Clinic-only nomogram AUC: training 0.77, test 0.77; Hosmer-Lemeshow goodness-of-fit P=0.065 (training), P=0.628 (test)",internal_holdout,"Single-center retrospective cohort (n=256) randomly split 7:3 into training (n=175) and test (n=81) sets; both from the same institution and time period, i.e. an internal split, not an independent external cohort.",NR,NR,none_stated,"Natural Science Foundation of Guangdong Province, China (Grant No. 2020A151501046)",NR,"A nomogram combining a 6-feature preoperative CT radiomics score (Rad_score) with clinical factors (KPS score, platelet, calcification, TNM stage) predicted postoperative recurrence of stage I-III ccRCC with AUC 0.84 (training)/0.85 (test), outperforming radiomics-only or clinical-only nomograms.",NR,77/256 patients (30.1%) recurred over follow-up; TNM clinical stage was the strongest independent risk factor; corticomedullary-phase features contributed the largest proportion (50%) of retained radiomics features.,REV-ALCIDES-AI,2026-09-23,complete,"Manuscript body is in Chinese; extraction based on the English abstract/methods plus tables/figures with English legends, per appraisal_note guidance. performance_value and validation_level are fully specified in the English abstract. code_availability, data_availability, conflicts_of_interest, and limitations_as_stated could not be confirmed from the English-only content and are marked NR.",no,pilot
REC-AIBIOGU-000542,Yan2021,Radiomics Analysis of Contrast-Enhanced CT Predicts Survival in Clear Cell Renal Cell Carcinoma.,2021,Front Oncol,10.3389/fonc.2021.671420,kidney_renal,,Multiphase CT radiomics nomogram for ccRCC overall survival vs clinical nomogram,own_cohort,194 training and 188 external hospital test ccRCC cases,382,patients,radiology_imaging,Multiphasic CT radiomics with clinical nomogram comparison,prognostic_prediction,Radiomics feature model with Cox nomogram integration,Radiomics Rad-score plus clinical factors,Radiomics OS nomogram,prognostic,C-index,Training C-index 0.884 vs clinical 0.803; test C-index 0.859 vs 0.846 (P<0.05),external_cohort,188-patient external hospital cohort for OS prediction.,NR,NR,none_stated,NR,NR,Radiomics nomogram improved OS discrimination over clinical nomogram in training and external test cohorts.,Radiomics code sharing not reported.,Time-dependent AUC for 3- and 5-year survival groups.,REV-ALCIDES-AI,2026-09-23,complete,,no,batch-07
REC-AIBIOGU-000543,Zhao2021,Ferroptosis-Related Gene-Based Prognostic Model and Immune Infiltration in Clear Cell Renal Cell Carcinoma.,2021,Front Genet,10.3389/fgene.2021.650416,kidney_renal,,Ferroptosis-related gene LASSO Cox prognostic model with immune infiltration analysis,TCGA,TCGA-KIRC ferroptosis gene expression with risk score,NR,patients,transcriptomics,Bulk RNA ferroptosis gene set,prognostic_prediction,LASSO Cox regression ferroptosis risk score,Ferroptosis-related gene expression signature,Ferroptosis risk score,prognostic,AUC,"Time-dependent AUC 0.780, 0.736, and 0.747 for 1-, 3-, and 5-year survival",internal_split_only,TCGA-based internal validation with calibration and decision curves.,NR,NR,none_stated,NR,NR,A ferroptosis-related risk score stratified ccRCC OS and correlated with immune infiltration patterns.,Slice does not include full limitations section text.,Immune cell infiltration correlations.,REV-ALCIDES-AI,2026-09-23,complete,,no,batch-07
REC-AIBIOGU-000544,Marquardt2021,Subgroup-Independent Mapping of Renal Cell Carcinoma-Machine Learning Reveals Prognostic Mitochondrial Gene Signature Beyond Histopathologic Boundaries.,2021,Front Oncol,10.3389/fonc.2021.621278,multiple,"Pan-RCC TCGA transcriptomes (ccRCC, pRCC, chRCC) with ML subgroup affiliation model",Pan-RCC TCGA re-analysis with PCA/ML for subgroup affiliation and survival association,TCGA,"891 RCC patients across ccRCC, pRCC, and chRCC in TCGA",891,patients,transcriptomics,Bulk RNA-seq pan-RCC,classification_subtyping,PCA plus ML classifiers comparing top 200 genes; 10-fold CV accuracy,Top 200 transcriptomic features for RCC subgroup affiliation,ML RCC subgroup affiliation classifier,subtyping,accuracy,Test accuracy 92.06% for best model; 10-fold CV mean accuracy reported in slice,internal_cv,TCGA pan-RCC only with cross-validation; prognostic associations by subtype.,NR,NR,none_stated,NR,NR,ML transcriptomic classification assigned RCC subgroup affiliation with high cross-validated accuracy and subtype-specific survival differences.,Slice emphasizes exploratory subgroup classification rather than standalone clinical predictor.,Subtype-specific OS differences for ccRCC vs chRCC affiliation.,REV-ALCIDES-AI,2026-09-23,needs_review,"Appraisal notes focus is subgroup clustering/classification rather than a direct GU clinical prediction model, though prognostic associations are reported.",yes,batch-07
REC-AIBIOGU-000545,Huang2021,Exploration of an Integrative Prognostic Model of Radiogenomics Features With Underlying Gene Expression Patterns in Clear Cell Renal Cell Carcinoma.,2021,Front Oncol,10.3389/fonc.2021.640881,kidney_renal,,CECT radiomics plus genomics integrated model for ccRCC overall survival,TCGA,205 TCGA-KIRC patients with CT radiomics and genomic features,205,patients,multiomics,107 CT radiomics features fused with genomic prognostic index (PRIF),prognostic_prediction,Integrated radiogenomics model combining PRIF and radiomics (LASSO/Cox framework),Radiomics features plus genomic PRIF score,Integrated radiogenomics OS model,prognostic,AUC,"Test-set average 1-/3-/5-year AUC 0.814 vs 0.837, 0.740 vs 0.806, 0.689 vs 0.751 (integrated vs PRIF alone)",internal_split_only,TCGA-KIRC train/test split without external cohort in slice.,NR,NR,none_stated,NR,NR,Fusing CT radiomics with genomic PRIF improved time-dependent OS prediction over genomics alone in ccRCC.,Slice does not include full limitations section text.,107 radiomics features extracted from contrast-enhanced CT.,REV-ALCIDES-AI,2026-09-23,complete,,no,batch-07
REC-AIBIOGU-000546,Peng2021,Artificial intelligence prediction model for overall survival of clear cell renal cell carcinoma based on a 21-gene molecular prognostic score system.,2021,Aging (Albany NY),10.18632/aging.202594,kidney_renal,,"TCGA ccRCC discovery with RF feature selection and neural-network mPS, plus ICGC external validation and nomogram",multiple_public,TCGA ccRCC RNA-seq (531 tumors with OS); ICGC ccRCC validation cohort (91 samples with expression and clinical data),531,patients,transcriptomics,TCGA mRNA expression (UCSC Xena); 21-gene molecular prognostic score from RF-selected DEGs,prognostic_prediction,Random forest (10-fold CV feature selection) plus Keras neural network (softmax 3-year alive/dead),275 prognosis-related DEGs narrowed to 21 genes for mPS weights,21-gene molecular prognostic score (mPS) with low/median/high tiers,prognostic,other,Three-tier mPS showed significant OS separation in TCGA by log-rank (Figure 4A); mPS validated in independent ICGC ccRCC cohort (91 samples),external_cohort,Model trained on TCGA with stratified 10-fold CV during RF gene screening; external ICGC cohort used for independent mPS validation.,NR,NR,none_stated,"Supported by National Natural Science Foundation of China, Jiangsu Provincial Natural Science Foundation, Suzhou science projects, and Jiangsu Key Young Talents of Medicine grants.",none_declared,"A 21-gene AI-derived mPS stratified ccRCC overall survival in TCGA and replicated in ICGC, with a clinical nomogram and immune/pathway correlates.",Small ICGC follow-up limits confounder adjustment; no head-to-head comparison with other prognostic models; no experimental validation of mPS biology.,"Nomogram combining mPS with clinical variables; GSEA, mutation/CNV and CIBERSORT immune infiltration by mPS subgroup.",REV-ALCIDES-AI,2026-09-23,complete,,no,batch-08
REC-AIBIOGU-000547,Ma2021,A convention-radiomics CT nomogram for differentiating fat-poor angiomyolipoma from clear cell renal cell carcinoma.,2021,Sci Rep,10.1038/s41598-021-84244-3,kidney_renal,,Single-center retrospective CT radiomics with random 7:3 train-test split,own_cohort,Zhejiang Provincial People's Hospital 2013-2019; 29 fp-AML vs 110 ccRCC after surgery,139,patients,radiology_imaging,Three-phase CT radiomics (396 features) plus conventional CT metrics,diagnostic_prediction,LASSO-selected radiomics logistic regression plus multivariate convention-radiomics logistic model and nomogram,Five LASSO radiomics features plus enhancement pattern and VUP on CT,"Convention-radiomics nomogram (enhancement pattern, VUP, rad-score)",diagnostic,AUC,Convention-radiomics model AUC 0.968 (95% CI 0.923-0.990) whole cohort; radiomics-only AUC 0.958 (95% CI 0.910-0.985),internal_holdout,Random 97 training / 42 testing split (7:3); tenfold CV on testing set for radiomics-only model stability (mean AUC 0.910).,NR,upon_request,none_stated,NR,NR,A CT convention-radiomics nomogram outperformed radiomics-only logistic regression for distinguishing fp-AML from ccRCC.,Single-center imbalanced cohort without external validation; selection bias from surgical cases only.,Radiomics-only model AUC 0.975 training and 0.923 testing; calibration curve for nomogram.,REV-ALCIDES-AI,2026-09-23,complete,,no,batch-08
REC-AIBIOGU-000548,Tian2021,Development and Clinical Validation of a Seven-Gene Prognostic Signature Based on Multiple Machine Learning Algorithms in Kidney Cancer.,2021,Cell Transplant,10.1177/0963689720969176,kidney_renal,,GEO feature discovery plus TCGA KIRC ML signature with 75/25 internal split and nomogram,multiple_public,"GEO GSE53757 (77 tumor, 77 adjacent) for RF/SVM screening; TCGA KIRC RNA for LASSO seven-gene signature and nomogram",525,patients,transcriptomics,"Bulk RNA-seq/microarray expression; seven-gene risk score (RNASET2, EZH2, FXYD5, KIF18A, NAT8, CDCA7, WNT7B)",prognostic_prediction,"Random forest and SVM feature intersection, LASSO Cox, plus univariate/multivariate Cox and nomogram",50 intersecting RF/SVM genes reduced to seven by LASSO Cox,Seven-gene prognostic risk signature,prognostic,other,High- vs low-risk OS separation training set log-rank P=0.0015 (262 low / 263 high); validation split P<0.05,internal_holdout,TCGA cohort randomly split 75% train / 25% validation; HPA/GEO western blot used for biology not model refitting.,NR,NR,none_stated,Authors received no financial support for the research.,NR,An integrated RF-SVM-LASSO seven-gene signature independently predicted kidney cancer OS and supported a TCGA nomogram.,Insufficient samples and lack of independent external validation noted in discussion.,Western blot and HPA/GEO expression checks for signature genes; pathway and alteration analyses via cBioPortal.,REV-ALCIDES-AI,2026-09-23,complete,,no,batch-08
REC-AIBIOGU-000551,Kang2020,T1 Stage Clear Cell Renal Cell Carcinoma: A CT-Based Radiomics Nomogram to Estimate the Risk of Recurrence and Metastasis.,2020,Front Oncol,10.3389/fonc.2020.579619,kidney_renal,,Single-center retrospective T1 ccRCC CT radiomics with 7:3 random training-validation split,own_cohort,"168 consecutive T1 ccRCC patients (50 aggressive recurrence/metastasis, 118 non-aggressive) 2012-2019",168,patients,radiology_imaging,"Contrast-enhanced CT radiomics (396 features, LASSO-selected ten-feature signature)",risk_stratification,LASSO radiomics signature plus logistic clinical model and integrated radiomics nomogram,"Ten radiomics features plus sex, maximum diameter, neutrophils, albumin, rad-score",CT radiomics nomogram for recurrence/metastasis risk,risk_stratification,AUC,Radiomics nomogram AUC 0.91 training and 0.92 validation; radiomics signature alone 0.86/0.85,internal_holdout,"Computer-randomized 7:3 split (118 train, 50 validation) within one institution; no external cohort.",NR,NR,none_stated,NR,NR,A CT radiomics nomogram improved discrimination of aggressive T1 ccRCC over clinical or radiomics-only models with favorable calibration and DCA.,NR,Clinical-factors model AUC 0.86/0.90; McNemar comparisons of sensitivity/specificity versus clinical model.,REV-ALCIDES-AI,2026-09-23,complete,,no,batch-08
REC-AIBIOGU-000554,Jiang2020,Preoperative CT Radiomics Predicting the SSIGN Risk Groups in Patients With Clear Cell Renal Cell Carcinoma: Development and Multicenter Validation.,2020,Front Oncol,10.3389/fonc.2020.00909,kidney_renal,,Multicenter retrospective CT radiomics for preoperative SSIGN risk grouping,public_plus_own,Training n=132 (AHZMU); external validation n=123 (GZPPH) and n=75 (TCGA-KIRC imaging subset); total 330 ccRCC,330,patients,radiology_imaging,"Nephrographic-phase CT radiomics (Pyradiomics, 1218 features, sixteen-feature signature)",prognostic_prediction,Consistency filtering plus LASSO logistic regression radiomics signature and fusion models,Sixteen radiomics features plus optional intra-tumoral vessels on CT,Radiomics signature predicting SSIGN low (0-3) vs intermediate-high (≥4) groups,risk_stratification,AUC,Radiomics signature AUC 0.940 (95% CI 0.884-0.973) training; external 0.876 and 0.928,external_multicenter,Model developed at AHZMU and validated in two independent cohorts (GZPPH and TCGA-KIRC).,NR,NR,none_stated,NR,NR,A sixteen-feature CT radiomics signature predicted SSIGN risk groups with strong discrimination and DCA-supported clinical utility across three centers.,NR,Image-feature and fusion models compared; radiomics outperformed vessel-only model.,REV-ALCIDES-AI,2026-09-23,complete,,no,batch-08
REC-AIBIOGU-000555,Tang2020,Novel prognostic prediction model constructed through machine learning on the basis of methylation-driven genes in kidney renal clear cell carcinoma.,2020,Biosci Rep,10.1042/bsr20201604,kidney_renal,,TCGA-KIRC methylation-driven gene LASSO prognosis model with train-test split and trans-omics nomogram,TCGA,TCGA KIRC methylation and RNA matched to 294 tumor samples after QC for survival analysis,294,patients,epigenomics_methylation,DNA methylation beta values (MethylMix-driven genes) plus clinical covariates in nomogram,prognostic_prediction,"LASSO Cox on four methylation-driven genes (FOXI2, USP44, EVI2A, TRIP13) plus nomogram","Four-gene methylation prognosis model combined with age, gender, stage",Four-gene methylation-driven prognostic score,prognostic,AUC,Time-dependent AUC 1/3/5-yr 0.810/0.824/0.799 training and 0.794/0.752/0.731 testing; nomogram C-index 0.8015 and 0.8389,internal_holdout,"TCGA samples split into training and testing groups after matching methylation, expression, and clinical data.",NR,upon_request,none_stated,Supported by National Natural Science Foundation of China (details truncated in slice).,NR,A four-gene methylation-driven LASSO model and trans-omics nomogram predicted KIRC survival with moderate time-dependent AUC and C-index.,Compared with prior models; authors note need for broader clinical application validation.,242 methylation-driven genes characterized with GO enrichment.,REV-ALCIDES-AI,2026-09-23,complete,Co-primary time-dependent AUC and nomogram C-index reported; AUC used as model-selection metric per codebook.,no,batch-08
REC-AIBIOGU-000557,Jiang2020,A Computed Tomography-Based Radiomics Nomogram to Preoperatively Predict Tumor Necrosis in Patients With Clear Cell Renal Cell Carcinoma.,2020,Front Oncol,10.3389/fonc.2020.00592,kidney_renal,,Two-hospital retrospective CT radiomics for preoperative tumor necrosis prediction,own_cohort,AHZMU training n=132; GZPPH independent validation n=123 (255 total ccRCC),255,patients,radiology_imaging,Corticomedullary and nephrographic phase CT radiomics (37-feature signature),diagnostic_prediction,"ICC consistency filter, LASSO radiomics signature, image-feature logistic model, integrated nomogram",Thirty-seven radiomics features plus tumor size and intratumoral vessels,CT radiomics nomogram for pathologic tumor necrosis,diagnostic,AUC,Radiomics nomogram AUC 0.93 (95% CI 0.87-0.96) training and 0.87 (95% CI 0.79-0.93) validation,external_cohort,Signature developed at AHZMU and tested on independent GZPPH cohort; DCA on validation cohort.,NR,NR,none_stated,Supported by National Natural Science Foundation of China and Guizhou provincial science grants (listed under data_availability section in slice).,NR,A CT radiomics nomogram outperformed size/vessel clinical imaging model for preoperative necrosis prediction with good calibration.,NR,Radiomics signature AUC exceeded image-feature model (p<0.05) in both cohorts.,REV-ALCIDES-AI,2026-09-23,complete,,no,batch-08
REC-AIBIOGU-000561,Li2018,Fifteen-gene expression based model predicts the survival of clear cell renal cell carcinoma.,2018,Medicine (Baltimore),10.1097/md.0000000000011839,kidney_renal,,TCGA ccRCC Cox and random-forest variable hunting risk score with ArrayExpress external check,multiple_public,TCGA ccRCC UCSC Xena (N=533 development); external E-MTAB-1980 microarray (N=101 validation),533,patients,transcriptomics,Bulk RNA-seq log2 RSEM expression for 15-gene risk score,prognostic_prediction,Cox screening plus randomForestSRC variable hunting (100 repeats) and multivariate Cox coefficients,"Fifteen genes (e.g., IL20RB, KL, CDC7) with weighted expression risk score",15-gene expression risk score (RS),prognostic,AUC,OS log-rank P=5.6e-16 (TCGA N=533); external E-MTAB-1980 OS P=0.00029 (N=101); three-year AUC curves in Figure 2E (numeric AUC not in slice),external_cohort,Risk score formula derived in TCGA and applied to independent E-MTAB-1980 without refitting.,NR,NR,none_stated,NR,NR,A 15-gene RS stratified OS and RFS in TCGA ccRCC and reproduced survival separation in E-MTAB-1980.,Retrospective single-database development; needs prospective multicenter validation.,Three-year OS nomogram combining RS with clinical indicators; quartile survival analyses.,REV-ALCIDES-AI,2026-09-23,complete,,no,batch-08
REC-AIBIOGU-000563,Yin2018,Integrative radiomics expression predicts molecular subtypes of primary clear cell renal cell carcinoma.,2018,Clin Radiol,10.1016/j.crad.2018.04.009,kidney_renal,,PET/MRI radiomics SPLS-DA for intratumoral ccA/ccB subtype classification on multi-region specimens,own_cohort,Eight primary ccRCC patients with 23 regionally sampled ROIs and matched multi-omics per specimen,23,samples,radiology_imaging,"168 PET/MRI radiomics features per specimen with optional mRNA, MVD, and clinical omics fusion",classification_subtyping,Sparse partial least squares discriminant analysis (SPLS-DA) with permutation testing,"PET/MRI radiomics with optional transcriptomic, microvascular density, and clinical layers",Radiomics-based ccA versus ccB molecular subtype classifier,subtyping,other,Correct classification rate 86.96% radiomics-only and 95.65% multi-omics integrated (permutation p<10^-4),internal_cv,Specimen-level SPLS-DA with permutation tests on eight-patient multi-sample cohort; no external imaging cohort.,NR,NR,none_stated,NR,NR,Integrated PET/MRI radiomics with omics layers classified ccRCC ccA/ccB subtypes with high specimen-level accuracy.,NR,Roughly 10% ambiguity even with transcript reference standard noted by authors.,REV-ALCIDES-AI,2026-09-23,needs_review,"Appraisal flags critical sample-size limitation (eight patients, 23 specimens), so findings are hypothesis-generating only.",yes,batch-08
REC-AIBIOGU-000564,Ing2017,A novel machine learning approach reveals latent vascular phenotypes predictive of renal cancer outcome.,2017,Sci Rep,10.1038/s41598-017-13196-4,kidney_renal,,IHC-supervised digital pathology pipeline linking vascular morphometry to elastic-net gene signatures in TCGA ccRCC,TCGA,TCGA ccRCC H&E tiles after IHC co-registration; discovery DFS cohort n=64; independent validation up to n=301,64,patients,digital_pathology,H&E vascular area masks from SVM endothelial and vascular classifiers (nine vascular features),prognostic_prediction,SVM cell and vascular segmentation plus elastic net generalized linear models (14VF and 14GT gene signatures),Nine quantitative vascular features from H&E morphometry linked to fourteen-gene expression modules,14-gene vascular morphology-informed prognostic signatures (14VF and 14GT),prognostic,HR,Nine vascular features HR 2.4 (95% CI 1.1-5.2) for DFS in discovery; elastic-net models HR 2.4 (14VF) and 3.33 (14GT) in independent cohorts up to n=301,external_cohort,Vascular imaging pipeline trained on eight local slides; gene models validated in independent TCGA subsets without re-segmentation retraining.,NR,NR,none_stated,NR,NR,Quantified ccRCC vasculature from routine H&E predicted disease-free survival and mapped to prognostic fourteen-gene expression models.,Slice truncated before full limitations paragraph.,Endothelial SVM AUC 0.95 for EC detection; morphogenomic correlation between 9VF and gene modules.,REV-ALCIDES-AI,2026-09-23,complete,n_analytic reflects TCGA discovery cohort supporting nine-vascular-feature DFS performance; larger cohorts used only for gene-signature validation.,no,batch-08
REC-AIBIOGU-000580,Yi2026,"Effective analysis of testicular seminoma toxicity and mechanisms of acetyl tributyl citrate using network toxicology, bulk RNA sequencing data, single-cell RNA sequencing data, and clinical data.",2026,Front Immunol,10.3389/fimmu.2026.1752528,testicular_gct,NA,translational/bioinformatic,public_plus_own,"TCGA-TGCT (138 tumor samples with PFI data), GEO GSE3218 (12 tumor/6 control seminoma), GEO GSE228501 (4 tumor scRNA-seq samples); own clinical IHC cohort (First Hospital of Shanxi Medical University, China; 12 TGCT vs 36 control testes)",138,samples,multiomics,"bulk RNA-seq (TCGA-TGCT, GSE3218), scRNA-seq (GSE228501), network toxicology target prediction, molecular docking/MD simulation, immunohistochemistry validation",prognostic_prediction,"univariate Cox regression, LASSO regression (5-fold cross-validation), risk score model","20 candidate genes (intersection of ATBC-predicted targets and DEGs) narrowed via Cox/LASSO to a 2-gene expression signature (PDK1, OARD1)",PDK1 and OARD1 (2-gene ATBC-associated prognostic risk signature),prognostic,AUC,"Training cohort (n=69): AUC 1-yr=0.62, 2-yr=0.66, 3-yr=0.60; validation cohort (n=69): AUC>0.60 for 1-,2-,3-yr survival",internal_split_only,"138 TCGA-TGCT tumor samples split 5:5 (69 training/69 validation) from the same cohort; no external cohort. Separate IHC verification (own clinical samples, n=12 TGCT/36 control) confirms protein expression direction but is not a held-out validation of the risk model itself.",NR,NR,none_stated,NR,NR,"PDK1 and OARD1, identified as ATBC-associated candidate targets, form a 2-gene prognostic risk model for testicular seminoma with moderate discriminatory capacity (AUC>0.6 for 1-3yr survival) in TCGA-TGCT; both genes were significantly downregulated in tumor vs normal testis by IHC.",NR (not explicitly stated in extracted text); ATBC exposure was not directly measured in patients - targets inferred computationally from toxicology/target-prediction databases per appraisal_note,"scRNA-seq identified 5 cell types with B cells as key cells showing dynamic PDK1/OARD1 expression along pseudotime; immune infiltration differences between risk groups; molecular docking (PDK1 binding energy -6.5 kcal/mol, OARD1 -5.5 kcal/mol) and 100ns MD simulation of ATBC-protein complexes; ATBC toxicity predicted as carcinogenic with skin/eye irritation and aquatic environmental risk.",REV-ALCIDES-AI,2026-09-23,needs_review,"Funding, conflicts of interest, and explicit limitations not visible in the extracted text excerpt. ATBC exposure not directly measured in patients per appraisal_note; targets inferred from public toxicology/target-prediction databases, so the toxicology framing is computational/hypothesis-generating rather than empirically validated exposure-outcome association.",yes,pilot
REC-AIBIOGU-000591,Ozgun2025,Machine Learning Model Integrating Computed Tomography Image-Derived Radiomics and Circulating miRNAs to Predict Residual Teratoma in Metastatic Nonseminoma Testicular Cancer.,2025,JCO Clin Cancer Inform,10.1200/cci-25-00105,testicular_gct,,Retrospective post-chemotherapy residual-mass CT radiomics plus miR-371-375 with nested cross-validation,own_cohort,British Columbia Cancer GU biobank; 111 lesions from 52 mNSGCT patients (78 train / 33 test lesions),111,other,multiomics,3D Slicer PyRadiomics CT features combined with plasma miR-371 and miR-375 qPCR,diagnostic_prediction,"LassoCV feature selection with CatBoost, random forest, gradient boosting, and SVM compared (CatBoost best)",Selected CT radiomics signature plus miR-371 and miR-375 (R+371+375 model),Combined radiomics and microRNA signature for teratoma versus nonteratoma histology,diagnostic,AUC,CatBoost R+371+375 AUC 0.96 (95% CI 0.88-1.0) training and 0.83 (95% CI 0.68-0.98) testing,internal_cv,Lesion-level 70/30 split plus stratified nested 10-fold CV during tuning; seminoma lesions included only for AI training.,NR,NR,none_stated,NR,NR,Integrating miR-371-375 with CT radiomics improved prediction of teratoma in post-chemotherapy residual masses versus radiomics alone.,NR,Multivariate analysis identified radiomics signature as strongest independent teratoma predictor (P<0.0001).,REV-ALCIDES-AI,2026-09-23,complete,,no,batch-08
REC-AIBIOGU-000602,Li2024,A predictive system comprising serum microRNAs and radiomics for residual retroperitoneal masses in metastatic nonseminomatous germ cell tumors.,2024,Cell Rep Med,10.1016/j.xcrm.2024.101843,testicular_gct,,Single-center retrospective cohort with a random training/validation split and a later same-center prospective test cohort,own_cohort,"Sun Yat-sen University Cancer Center, Guangzhou. Retrospective Sep 2014-Aug 2022: 105 men, 145 residual retroperitoneal masses (training 75 patients/108 masses; validation 30 patients/37 masses). Prospective Oct 2022-Jun 2024 test set: 34 patients, 42 masses.",42,samples,other,Contrast-enhanced CT radiomics (LASSO Radscore from six features) plus serum miR-371a-3p and miR-375,diagnostic_prediction,LASSO radiomic feature selection and regularized logistic regression integrating Radscore with serum miR-371a-3p and miR-375 (best of six supervised classifiers),"Six CT radiomic features summarized as a Radscore, plus preoperative serum miR-371a-3p and miR-375","Radiomics-miRNA integrated model for residual retroperitoneal mass histology (necrosis/fibrosis, teratoma, or viable germ cell tumor), with a web nomogram",diagnostic,AUC,Prospective test macro-average AUC 0.91 (95% CI 0.80-0.99); validation 0.96 (95% CI 0.87-1.00); training 0.98 (95% CI 0.96-1.00),internal_holdout,"Retrospective cohort randomly split into training and validation without cross-validation of the final model. Reported AUC is from a later same-center prospective test set (34 patients, 42 masses), not a geographic external cohort.",yes,upon_request,none_stated,Cancer Innovative Research Program of Sun Yat-sen University Cancer Center (CIRP-SYSUCC-0014) and Science and Technology Projects in Guangzhou (2023A04J1783),none_declared,"An integrated CT radiomics and serum miR-371/miR-375 model predicted residual retroperitoneal mass histology before post-chemotherapy RPLND, with prospective test macro-average AUC 0.91 (95% CI 0.80-0.99), higher than radiomics alone.",Single-center retrospective design with heterogeneous CT scanners and protocols and a high rate of residual viable disease (22%); radiomic contouring is time-intensive; some classifiers overfit between training and validation; miRNA cutoffs are laboratory-specific. Further external and larger prospective testing is needed.,Radiomics-only logistic regression macro-average AUC 0.76 (95% CI 0.59-0.94) in the validation set; binary benign versus malignant AUC 0.90. Combined miR-371 and miR-375 macro-average AUC 0.89 (95% CI 0.77-0.97) in the test set. Web calculator: https://dingrj.shinyapps.io/pcRPLND_prediction.,REV-ALCIDES-AI,2026-09-23,complete,Primary axis is the three-class radiomics-miRNA model. n_analytic is the prospective test set of 42 residual masses (34 patients) that supports the reported AUC 0.91.,no,batch-08
REC-AIBIOGU-000609,Lisson2023,Radiomics and Clinicopathological Characteristics for Predicting Lymph Node Metastasis in Testicular Cancer.,2023,Cancers (Basel),10.3390/cancers15235630,testicular_gct,NA,retrospective cohort,own_cohort,"Single-center cohort, University Hospital of Ulm, Germany; early-stage (stage I) testicular cancer patients, January 2006-December 2016",91,patients,radiology_imaging,"Contrast-enhanced CT radiomics (85 IBSI-standardized texture/first-order features) extracted from 273 segmented retroperitoneal infrarenal lymph nodes, combined with clinical risk factors",diagnostic_prediction,"Random Forest, Light Gradient Boosting Machine (LGBM), Support Vector Machine Classifier (SVC), K-Nearest Neighbours (KNN)","85 CT-derived radiomic texture features per lymph node plus 5 clinical features (age, preoperative AFP, B-HCG, histotype, BMI)",Combined clinical-radiomics Random Forest model for lymph node metastasis prediction,diagnostic,AUC,"Combined clinical-radiomics Random Forest: AUC=0.95, accuracy=87%, precision=89%, recall=86%, F1=87%. LGBM combined: AUC=0.93, accuracy=83%. SVC and KNN performed considerably worse.",internal_holdout,"Single-center retrospective cohort (n=91 patients, 273 lymph node instances); patient-level group shuffle split into training (70%) and test (30%), tenfold cross-validation used to check robustness. No external or multicenter cohort; authors explicitly call for future prospective, multicentre validation.",NR,yes,none_stated,"NUM 2.0 (FKZ: 01KX2121), part of the Racoon Project",none_declared,"A combined clinical-radiomics Random Forest model achieved AUC=0.95 for preoperative prediction of retroperitoneal lymph node metastasis in early-stage testicular cancer, outperforming radiomics-only and clinical-only models; decision curve analysis showed net clinical benefit across a threshold probability range of 0-0.89.",Retrospective design and small cohort size may have introduced selection bias; two different CT scanners used; single-center results; small sample size precluded inclusion of classical pathohistological prognostic factors; prospective and multicentre validation warranted.,"Radiomics-only model accuracy 85%; clinical-only model accuracy 79% (RF) vs 73% (LGBM). Compared favorably to a prior SVM-based single-center study (accuracy 81%, n=80 patients/204 lesions) that did not include clinical factors.",REV-ALCIDES-AI,2026-09-23,complete,"The lymph-node-metastasis outcome labels appear to describe baseline/preoperative LNM status in stage I patients prior to treatment, not true disease relapse after treatment. Per appraisal_note, the pathologic gold standard for this LN-level outcome should be verified against the full PDF if used for synthesis.",yes,pilot
REC-AIBIOGU-000633,Fu2026,Machine learning–derived exosome-related biomarkers for prostate cancer diagnosis and AKR1B1-centered functional characterization,2026,,10.21203/rs.3.rs-9681475/v1,prostate,,TCGA-PRAD exosome-gene consensus ML diagnostic model with 7:3 holdout and GEO external checks,multiple_public,"TCGA-PRAD (501 tumor, 52 normal); external GEO GSE21034, GSE46602, GSE134051",501,patients,transcriptomics,"Bulk RNA-seq intersected with four exosome gene resources (twelve Exo-DEGs, eight-gene signature)",diagnostic_prediction,"LASSO, SVM-RFE, and random forest consensus plus ten-classifier caret comparison (RF best on holdout)","Eight exosome-related genes: CAV1, CLU, FGFR2, APOE, AKR1B1, OLFM4, ALB, GATA4",Eight-gene exosome-related diagnostic signature,diagnostic,AUC,Combined signature AUC 0.966 (95% CI 0.938-0.987) TCGA; random forest test-set AUC 0.953,internal_holdout,Stratified 70/30 TCGA split for ML classifier benchmarking; public GEO cohorts cited for external support in discussion.,NR,yes,none_stated,Supported by Military Construction Project of the National Key Specialty of Urology (2013LZ001).,Authors declare no relevant financial or non-financial interests.,"Consensus ML selected an eight-gene exosome signature with high TCGA discrimination and SHAP-highlighted FGFR2, APOE, CAV1, and CLU.",PSA specificity limits motivate exosome markers; functional validation largely computational.,Nomogram and DCA; AKR1B1 docking and single-cell macrophage expression analyses.,REV-ALCIDES-AI,2026-09-23,complete,,no,batch-08
REC-AIBIOGU-000641,Zhang2023,Identification of prognostic signature of cancer-associated fibroblasts associated with castration resistance prostate cancer based on Weighted Gene Co-expression Network Analysis,2023,,10.21203/rs.3.rs-2777724/v1,prostate,,WGCNA CAF hub-gene discovery with LASSO PFI model trained on ADT-treated GEO cohort and TCGA validation,multiple_public,GSE116918 training (248 ADT-treated PCa); TCGA-PRAD validation (498); combined 745 patients in abstract scope,248,patients,transcriptomics,Bulk RNA-seq/microarray with EPIC and ESTIMATE CAF/stromal deconvolution inputs to WGCNA,prognostic_prediction,WGCNA module discovery plus LASSO Cox (7000 iterations) for four-gene CAF risk score,"FAP, SFRP2, COL1A1, VCAN CAF prognostic signature",Four-gene CAF infiltration prognostic risk score,prognostic,other,CAF risk score stratified progression-free interval in GSE116918 training and TCGA validation cohorts (Kaplan-Meier; numeric C-index/AUC not in slice),external_cohort,Model coefficients fit on GSE116918 and applied to independent TCGA-PRAD for PFI and immunotherapy-response ROC analyses.,NR,NR,none_stated,Guizhou Medical University Excellent Young Talents and Guizhou Health Commission science grants.,Authors declare no conflict of interest.,CAF-related four-gene signature predicted biochemical recurrence/progression and aligned with immunosuppressive TME features in PCa.,Retrospective public datasets; CAF biology needs prospective and experimental validation.,Immunotherapy response prediction via TIDE; stromal/CAF correlation with TMB and pathway activity.,REV-ALCIDES-AI,2026-09-23,complete,,no,batch-08
REC-AIBIOGU-000646,Li2022,Prognostic Value and Possible Mechanism of m6A Methyltransferase METTL3 in Prostate Cancer,2022,,10.21203/rs.3.rs-1204194/v1,prostate,,TCGA plus ICGC METTL3 prognostic analysis with LASSO Cox seven-gene M-RM and nomogram,multiple_public,TCGA PCa (490 PFS analysis; 496 expression); combined TCGA+ICGC verification cohort n=515,490,patients,transcriptomics,Bulk RNA-seq with m6A METTL3 target-gene LASSO Cox risk model (M-RM),prognostic_prediction,LASSO Cox regression on METTL3 target genes plus bootstrap nomogram C-index evaluation,"Seven-gene METTL3-related M-RM (includes SNRNP70, CLDN15, NCAPH, DDX39A, RAD54L among others)",METTL3-associated seven-gene M-RM risk score,prognostic,HR,METTL3 expression uni-variable Cox HR 1.58 (95% CI 1.022-2.449) for PFS; log-rank P<0.01 TCGA; replicated in 515-patient TCGA+ICGC cohort,external_cohort,M-RM built on TCGA; METTL3 PFS association verified in merged TCGA and ICGC cohort.,NR,yes,none_stated,Qingpu Municipal Health Commission and Zhongshan Hospital Qingpu Branch grants.,Authors declare no competing interests.,Elevated METTL3 and its seven-gene M-RM score linked to worse PFS and cell-cycle pathway activity in PCa.,NR,IHC on TMA for METTL3 protein; nomogram integrating METTL3 and clinical factors.,REV-ALCIDES-AI,2026-09-23,complete,,no,batch-08
REC-AIBIOGU-000651,Khoraminia2026,Predicting bladder cancer molecular subtypes linked to bacillus Calmette-Guerin response from histology images using deep learning,2026,,10.64898/2026.05.05.26352375,bladder_urothelial,,Deep learning on H&E tiles to predict BCG-response subtypes with external validation and spatial transcriptomics check,own_cohort,Development n=231 HR-NMIBC whole-slide images; external validation n=83; five-tumor spatial transcriptomics,231,patients,digital_pathology,Routine H&E whole-slide images predicting BRS3 versus BRS1/2 molecular subtypes,classification_subtyping,Deep-learning classifier developed with cross-validation (architecture details in slice methods),H&E image tiles from HR-NMIBC resections with known BRS labels,Image-based BCG-response subtype (BRS) classifier,risk_stratification,AUC,BRS3 vs BRS1/2 AUC 0.79 development and 0.71 external validation; tile-level Pearson r 0.33-0.44 vs molecular labels,external_cohort,Model trained on 231-patient development cohort and tested on 83 independent samples; spatial transcriptomics in five tumors.,NR,NR,none_stated,NR,NR,Deep learning on H&E predicted BRS classes with moderate AUC and spatial alignment to molecular maps in a subset.,Retrospective sampling and only five spatial transcriptomic cases.,Potential to stratify HR-NMIBC for BCG response without extra molecular testing.,REV-ALCIDES-AI,2026-09-23,needs_review,Appraisal flags medRxiv preprint status; findings should be interpreted cautiously until peer-reviewed publication.,yes,batch-08
REC-AIBIOGU-000652,Shu2026,Identification and experimental validation of biomarkers associated with amino acid metabolism and ferroptosis in bladder cancer,2026,,10.21203/rs.3.rs-9388494/v1,bladder_urothelial,,TCGA-BLCA and GSE32894 integrative AAMRG/FRG ML prognostic model with LASSO-Cox and nomogram,multiple_public,TCGA-BLCA (406 tumors with survival); GSE32894 urothelial carcinoma n=308 for external context,391,patients,transcriptomics,Bulk RNA-seq intersecting amino-acid metabolism and ferroptosis gene sets,prognostic_prediction,"Univariate Cox, LASSO Cox (twelve genes), multivariate Cox, and nomogram","Twelve LASSO-selected genes including UGT2B4, HIST1H1C, CGB, DSC1, SLC13A5",AAMRG/FRG-derived multigene prognostic risk score,prognostic,other,Risk score stratified OS with log-rank P=0.00024 (AAMRG high vs low) and P=0.038 (FRG-derived groups); independent prognostic factor in multivariate Cox (details truncated),internal_split_only,Primary modeling on TCGA-BLCA with GSE32894 used for candidate-gene discovery context; no separate holdout cohort stated in slice.,NR,yes,none_stated,NR,NR,"Five biomarkers (UGT2B4, HIST1H1C, CGB, DSC1, SLC13A5) validated clinically with a prognostic risk model separating BLCA survival groups.",No in vivo/in vitro functional validation; needs larger longitudinal cohorts.,"Immune cell differences, TTN mutation rates by risk, RT-qPCR clinical validation cited in abstract.",REV-ALCIDES-AI,2026-09-23,complete,,no,batch-08
REC-AIBIOGU-000653,Blondel2025,Deep Learning Bridges Histology and Transcriptomics to Predict Molecular Subtypes and Outcomes in Muscle-Invasive Bladder Cancer,2025,,10.1101/2025.10.23.684013,bladder_urothelial,,Deep learning gene-expression inference from H&E for MIBC molecular subtypes after NAC,own_cohort,"VESPER trial n=297 NAC-treated MIBC for training; external COBLAnCE (224), Saint-Louis (30), TCGA-BLCA (315)",297,patients,digital_pathology,H&E TURBT slides predicting 848 subtype-associated genes and basal/squamous class,classification_subtyping,Deep learning tile-level gene expression and subtype classifier,Histopathology image tiles mapped to molecular subtype-associated expression,Image-inferred MIBC molecular subtype (basal/squamous versus luminal),risk_stratification,AUC,Subtype prediction ROC AUC 0.94; basal/squamous prediction associated with worse PFS/OS after NAC (log-rank p=0.014 and 0.037),external_multicenter,Trained on VESPER and evaluated on three independent cohorts with spatial transcriptomics check in six tumors.,NR,NR,none_stated,NR,NR,DL on routine H&E recovered spatially coherent subtype programs and identified basal/squamous-like tumors with worse post-NAC outcomes.,Retrospective design; prospective larger validation needed before clinical use.,95% of genes significantly predicted; spatial transcriptomics correlation in six cases.,REV-ALCIDES-AI,2026-09-23,complete,,no,batch-08
REC-AIBIOGU-000654,Hao2024,Muscle-invasive bladder cancer subtyping and prognosis: a multi-omics study based on a ferroptosis and cuproptosis-related signature,2024,,10.21203/rs.3.rs-4294120/v1,bladder_urothelial,,TCGA MIBC ferroptosis-cuproptosis multi-ML prognostic nomogram with GEO external validation,multiple_public,TCGA MIBC n=384; external GEO GSE13507 and GSE32894,384,patients,multiomics,Bulk transcriptomics with ferroptosis and cuproptosis gene programs plus ML feature selection,prognostic_prediction,Cox regression with multiple ML algorithms and nomogram integration,Ferroptosis- and cuproptosis-related gene signature,Ferroptosis-cuproptosis-related prognostic signature,prognostic,other,Nomogram-based MIBC prognosis model in TCGA (n=384) with external validation on GSE13507 and GSE32894; discrimination metrics not in slice excerpt,external_cohort,Signature developed on TCGA and tested on two GEO MIBC cohorts per methods.,NR,upon_request,none_stated,National Youth Natural Science Foundation of China grant 8230100282.,none_declared,Integrated ferroptosis and cuproptosis programs with ML yielded a MIBC prognostic nomogram validated on public GEO cohorts.,MIBC molecular heterogeneity; multicenter validation of hub genes still needed.,Cell-line experimental validation referenced; GO enrichment of DEFRGs and DECRGs.,REV-ALCIDES-AI,2026-09-23,complete,,no,batch-08
REC-AIBIOGU-000655,Zhang2023,Predicting preoperative muscle invasion status for bladder cancer using computed tomography-based radiomics nomogram,2023,,10.21203/rs.3.rs-3594547/v1,bladder_urothelial,,Single-center CT urography radiomics with random train-test split for muscle invasion,own_cohort,"196 BCa patients (137 train, 59 test) May 2018-April 2023",196,patients,radiology_imaging,851 CT radiomics features; twelve-feature LASSO rad-score plus clinical grading,diagnostic_prediction,"LASSO radiomics feature selection with logistic regression clinical, radiomics, and nomogram models",Twelve radiomics features plus histopathologic grade and tortuous vessels,CT radiomics-clinical nomogram for muscle invasion,diagnostic,AUC,Radiomics-clinical nomogram AUC 0.896 (95% CI 0.846-0.947) training and 0.887 (95% CI 0.803-0.971) test,internal_holdout,Random split at institution; Delong tests versus component models in training cohort.,NR,NR,none_stated,NR,NR,Combined CT radiomics and clinical factors improved preoperative muscle-invasion prediction versus either alone.,NR,Radiomics-only AUC 0.811/0.808 and clinical-only 0.845/0.847 train/test.,REV-ALCIDES-AI,2026-09-23,complete,,no,batch-08
REC-AIBIOGU-000656,LV2023,Feasibility Analysis of Arterial CT Radiomics Model to Predict the Risk of Local and Metastatic Recurrence after Radical Cystectomy for Bladder Cancer,2023,,10.21203/rs.3.rs-3182123/v1,bladder_urothelial,,Retrospective pre-RC arterial CT radiomics-clinical nomogram for 3-year recurrence/metastasis,own_cohort,"134 BCa patients post-RC (24 recurrence, 110 no recurrence) Southwest Hospital 2014-2019",134,patients,radiology_imaging,Arterial-phase CT radiomics merged with clinical risk factors,risk_stratification,Radiomics signature plus logistic regression clinical-radiomics nomogram,Selected CT radiomics features and clinical predictors of relapse,Radiomics-clinical nomogram for 3-year local/metastatic recurrence,risk_stratification,AUC,Radiomics-clinical model validation AUC 0.960 (95% CI 0.896-1.0); Harrell C-index 0.855,internal_holdout,Train-validation split within single center; C-index and AUC reported for component and combined models.,NR,NR,none_stated,NR,NR,Arterial CT radiomics combined with clinical factors stratified three-year recurrence risk after radical cystectomy.,NR,Clinical-only validation AUC 0.904; radiomics-only 0.788.,REV-ALCIDES-AI,2026-09-23,complete,,no,batch-08
REC-AIBIOGU-000657,Li2023,Prediction of histopathologic grades of bladder cancer with radiomics based on MRI: comparison with traditional MRI,2023,,10.21203/rs.3.rs-3188308/v1,bladder_urothelial,,Retrospective biparametric MRI radiomics versus traditional MRI nomogram for BCa grade,own_cohort,255 pathologically confirmed BCa patients with preoperative 3T T2WI and ADC MRI,255,patients,radiology_imaging,T2WI and ADC radiomics signatures versus mADC VI-RADS clinical nomogram,diagnostic_prediction,ANOVA/correlation/LASSO feature selection with logistic regression radiomics and combined bp-MRI model,ADC and T2WI texture features plus traditional MRI predictors,Combined biparametric MRI radiomics signature,diagnostic,AUC,Combined radiomics AUC 0.899 training and 0.867 validation; traditional MRI model 0.841/0.806,internal_holdout,Training-validation cohort split; DeLong comparison versus traditional MRI nomogram.,NR,NR,none_stated,NR,NR,Bp-MRI radiomics outperformed conventional MRI variables for preoperative high- versus low-grade BCa discrimination.,NR,Single-sequence ADC and T2WI models reported separately.,REV-ALCIDES-AI,2026-09-23,needs_review,Appraisal flags likely sample overlap with REC-AIBIOGU-000659 (same n=255 institution and overlapping MRI grade prediction aim).,yes,batch-08
REC-AIBIOGU-000658,Zhou2021,"A Novel Nomogram Combined With Radiomics Features, Age and Albuminuria to Predict the Pathological Grade of Bladder Cancer Running Title: Application Study on the Prediction Model of Bladder Cancer Pathological Grade Based on Parameters of Thin-layer Enhanced CT. Author Information",2021,,10.21203/rs.3.rs-891133/v1,bladder_urothelial,,Multiphase enhanced CT texture radiomics with ten-fold train-verify split for HGUC versus LGUC,own_cohort,"372 urothelial carcinoma patients (190 HGUC, 182 LGUC); training n=259, verification n=113",372,patients,radiology_imaging,1223 CT texture features from arterial and venous phases with LASSO selection,diagnostic_prediction,LASSO radiomics plus logistic clinical model and combined nomogram,Eleven LASSO radiomics features with age and albuminuria,CT radiomics-clinical nomogram for pathologic grade,diagnostic,AUC,Combined radiomics-clinical model AUC 0.864; radiomics logistic model AUC 0.858,internal_holdout,Average ten-fold split (70/30) within single-center cohort; C-index and DCA reported for nomogram.,NR,NR,none_stated,NR,NR,Multiphase CT texture radiomics with clinical factors best predicted HGUC versus LGUC preoperatively.,NR,ICC>0.75 feature reproducibility filtering.,REV-ALCIDES-AI,2026-09-23,complete,,no,batch-08
REC-AIBIOGU-000659,Li2023,Prediction of bladder cancer grade based on biparametric MRI radiomics: comparison with traditional MRI,2023,,10.21203/rs.3.rs-2875307/v1,bladder_urothelial,,Retrospective biparametric MRI radiomics compared with traditional MRI nomogram for BCa grade,own_cohort,"255 patients (113 low-grade, 142 high-grade) with preoperative T2WI and ADC MRI",255,patients,radiology_imaging,T2WI and ADC radiomics logistic signatures versus VI-RADS/mADC clinical nomogram,diagnostic_prediction,"ANOVA, correlation, LASSO selection with logistic regression radiomics classifiers","ADC, T2WI, and combined bp-MRI radiomics feature sets",Bp-MRI radiomics logistic signature,diagnostic,AUC,Combined bp-MRI radiomics AUC 0.899 train and 0.867 validation; traditional MRI model 0.841/0.806,internal_holdout,Training and validation cohorts with DeLong superiority versus traditional MRI (p=0.026 and 0.023).,NR,NR,none_stated,NR,NR,Radiomics on T2WI and ADC improved grade discrimination over conventional MRI predictors with better DCA net benefit.,Multicenter validation needed for clinical application.,Single-modality ADC and T2WI models also outperformed traditional MRI in training.,REV-ALCIDES-AI,2026-09-23,complete,,no,batch-08
REC-AIBIOGU-000661,Wu2021,"Integrated analysis of multimodal bladder cancer data based on CT, Whole Slide Image and Transcriptome",2021,,10.21203/rs.3.rs-628673/v1,bladder_urothelial,,Multimodal CT and WSI fusion with CNN molecular subtyping and SEM association analysis,public_plus_own,127 bladder cancer patients combining TCIA CT/WSI TCGA-BLCA subset plus local cohorts,127,patients,multiomics,Contrast CT radiomics features fused with digital pathology WSI and molecular subtype labels,classification_subtyping,Convolutional neural network on fused multimodal features with SEM and Shannon entropy analyses,Paired CT and whole-slide imaging feature blocks linked to molecular subtype,Multimodal CNN molecular subtype classifier,subtyping,AUC,Fused CT-WSI molecular subtype prediction AUC 0.95±0.09,internal_split_only,Multimodal model trained and evaluated within 127-patient multimodal cohort; prognosis features explored by Cox/KM.,NR,NR,none_stated,NR,NR,Fusing CT and pathology imaging improved molecular subtype prediction and revealed prognosis-linked multimodal feature blocks.,NR,Thirteen prognosis-related CT/WSI features; WSI entropy prognostic association.,REV-ALCIDES-AI,2026-09-23,complete,,no,batch-08
REC-AIBIOGU-000662,Yang2025,Multiphase CT-based Deep learning radiomics nomogram Models for preoperative WHO/ISUP grading of clear cell renal cell carcinoma: a two-center validation study,2025,,10.21203/rs.3.rs-7316367/v1,kidney_renal,,Two-center multiphase CT deep-learning radiomics nomogram for preoperative WHO/ISUP ccRCC grade,own_cohort,"1,327 ccRCC patients split training n=929, internal validation n=398, external center n=172",929,patients,radiology_imaging,Multiphase CT radiomics with deep learning feature pipeline and clinical nomogram,diagnostic_prediction,Deep learning radiomics signature plus multivariate logistic nomogram,"Selected multiphase CT radiomics and clinical variables (sex, age, tumor diameter)",Deep-learning radiomics nomogram for high versus low WHO/ISUP nuclear grade,diagnostic,AUC,Authors report external validation AUC 0.911 (discussion); internal train/validation n=929/398,external_cohort,Developed at center 1 with internal 7:3 split and independent 172-patient external hospital validation.,NR,NR,none_stated,NR,none_declared,Multiphase CT deep-learning radiomics nomogram predicted ccRCC nuclear grade with strong external-center discrimination.,NR,Comparison with prior CT/MRI grading studies in discussion.,REV-ALCIDES-AI,2026-09-23,complete,Primary numeric AUC available only in discussion (0.911 external); full train AUC not in slice excerpt.,no,batch-08
REC-AIBIOGU-000663,Tang2026,Development of a Prognostic Index for Clear Cell Renal Cell Carcinoma Using Machine Learning and Multi-omics Analysis to Enhance Clinical Outcomes and Drug Sensitivity,2026,,10.21203/rs.3.rs-10277358/v1,kidney_renal,,TCGA-KIRC cancer-driver-gene ML consensus index with E-MTAB-1980 external testing,multiple_public,TCGA-KIRC training; external ArrayExpress E-MTAB-1980 validation,NR,patients,transcriptomics,"Bulk RNA-seq cancer driver gene panel with Lasso, RF, XGBoost, and decision-tree selection",prognostic_prediction,"Consensus ML (Lasso, decision tree, random forest, XGBoost) yielding five-gene CDPI","Five-gene CDPI (PLCL1, GABRB3, USP46, RNF152, PFKP)",Cancer Driver Prognostic Index (CDPI),prognostic,AUC,CDPI nomogram 1-year AUC 0.86; high CDPI associated with shorter OS in TCGA and E-MTAB-1980,external_cohort,CDPI trained on TCGA-KIRC and tested on E-MTAB-1980 without refitting.,NR,NR,none_stated,NR,NR,"A five-gene CDPI stratified KIRC survival, immune infiltration, mutations, and predicted drug sensitivities.",Prospective clinical confirmation still required.,WGCNA and consensus clustering of DECDRGs; DCA for nomogram.,REV-ALCIDES-AI,2026-09-23,complete,TCGA analytic N not explicitly stated in slice abstract; left n_analytic NR.,no,batch-08
REC-AIBIOGU-000664,Liu2026,Single-Cell Multi-Omics Dissection of Malignant Evolutionary Mechanisms and Construction of a Prognostic Model for Clear Cell Renal Cell Carcinoma,2026,,10.64898/2026.06.04.730125,kidney_renal,,Integrated scRNA-seq and scATAC-seq across WHO grades with ML ensemble CBG prognostic signature,other_public,Public single-cell multi-omics ccRCC datasets integrated by WHO grade (bulk validation TCGA and E-MTAB-1980 cited),NR,samples,multiomics,scRNA-seq and scATAC-seq with pseudotime and ML ensemble regulatory-network signature (CBG),prognostic_prediction,Machine learning ensemble on transcriptional regulatory network core nodes (CBG signature),Core regulatory-network genes from single-cell multi-omics (CBG signature),CBG prognostic signature from sc multi-omics,prognostic,other,"CoxBoost plus GBM (CBG) had the highest mean C-index on the TCGA internal validation set and E-MTAB-1980 and stable time-dependent AUCs at 1, 3, and 5 years; the paper shows those values only in figures.",external_cohort,Single-cell discovery with bulk TCGA training/validation and independent E-MTAB-1980 testing per discussion.,NR,NR,none_stated,NR,NR,Single-cell maps of grade transitions yielded a CBG prognostic signature linked to SLC11A1 and SH3YL1 antagonism.,NR,Immune exhaustion trajectories and epigenetic-metabolic ordering in tumor cells.,REV-ALCIDES-AI,2026-09-23,needs_review,"Full text does not report a numeric metric for the CBG signature (C-index, AUC, and HR are figure-only). Primary paper anchor is a single-cell multi-omics atlas; the machine-learning prognostic signature is a secondary output (bioRxiv preprint).",yes,batch-08
REC-AIBIOGU-000665,Liu2025,Prognostic Value and Immune Relevance of Ultrafiltration Failure–Related Genes in Clear Cell Renal Cell Carcinoma,2025,,10.21203/rs.3.rs-7839463/v1,kidney_renal,,TCGA-KIRC UF-failure gene ML consensus (117 algorithms) with E-MTAB-1980 external validation,multiple_public,TCGA-KIRC 70/30 train-internal validation; external E-MTAB-1980,NR,patients,transcriptomics,Bulk RNA-seq integrating single-cell-derived UF-failure-related genes,prognostic_prediction,117 ML algorithm combinations; selected StepCox[both]+CoxBoost 37-gene UFFRGS,37-gene UF failure-related gene signature (UFFRGS),UFFRGS risk score,prognostic,AUC,"Time-dependent OS AUC 1/2/3-year 0.846, 0.763, 0.791; highest average C-index across cohorts for StepCox+CoxBoost model",external_cohort,Developed on TCGA train split with internal 30% validation and E-MTAB-1980 external testing.,NR,NR,none_stated,NR,NR,"UFFRGS stratified ccRCC survival with distinct immune infiltration, mutations, and drug sensitivity patterns.",NR,CSNK1E highlighted as core prognostic gene with Wnt/hormone pathway links.,REV-ALCIDES-AI,2026-09-23,complete,n_analytic NR because slice does not state final TCGA train N after splits.,no,batch-08
REC-AIBIOGU-000666,Chai2024,A MRI-based radiomics nomogram for differentiation of fat-poor renal angiomyolipoma from nodular clear cell renal cell carcinoma,2024,,10.21203/rs.3.rs-4121605/v1,kidney_renal,,Single-center multiparametric MRI radiomics nomogram for fp-AML versus ccRCC in ≤4 cm masses,own_cohort,"88 renal masses (65 ccRCC, 23 fp-AML) from 86 patients 2017-2023",88,images,radiology_imaging,"3T MRI radiomics with clinical factors (age, sex, T2WI signal)",diagnostic_prediction,Radiomics logistic model and combined radiomics nomogram,"MRI radiomics rad-score plus age, gender, T2WI signal",Multiparametric MRI radiomics nomogram,diagnostic,AUC,Radiomics nomogram AUC 0.974 (95% CI 0.938-1.0) train and 0.833 (95% CI 0.675-0.992) test,internal_holdout,Train-test split within single institution; radiomics-only and clinical-only models compared.,NR,NR,none_stated,NR,,MRI radiomics nomogram improved differentiation of fp-AML from small ccRCC over clinical or radiomics-only models.,NR,Radiomics-only AUC 0.923 train / 0.778 test.,REV-ALCIDES-AI,2026-09-23,complete,,no,batch-08
REC-AIBIOGU-000667,Li2024,Multiregional radiomics nomogram for postoperative recurrence risk stratification in localized clear cell renal cell carcinoma,2024,,10.21203/rs.3.rs-3995515/v1,kidney_renal,,Multiregional arterial CT radiomics nomogram for localized ccRCC postoperative recurrence risk,own_cohort,"395 localized ccRCC patients with multiregional ROI radiomics (281 train, 114 test)",395,patients,radiology_imaging,Multiregional CT radiomics from intratumoral and peritumoral ROIs,risk_stratification,Radiomics feature selection with logistic regression nomogram for recurrence,Multiregional CT texture/radiomics signature plus clinical covariates,Multiregional radiomics recurrence nomogram,risk_stratification,other,"Recurrence risk nomogram developed on 395-patient cohort (train n=281, test n=114); AUC/C-index not reported in slice excerpt",internal_holdout,Single-center retrospective split; focuses on postoperative recurrence stratification.,NR,NR,none_stated,NR,NR,Multiregional CT radiomics nomogram stratified recurrence risk in localized ccRCC using intratumoral and peritumoral features.,NR,IAT and IPAT 3-5 mm peritumoral regions analyzed.,REV-ALCIDES-AI,2026-09-23,complete,,no,batch-08
REC-AIBIOGU-000668,Gao2023,Multiphase CT radiomics nomogram for preoperatively predicting the WHO/ISUP nuclear grade of small (&lt; 4 cm) clear cell renal cell carcinoma,2023,,10.21203/rs.3.rs-2612246/v1,kidney_renal,,Multiphase CT radiomics nomogram for WHO/ISUP grade in small (<4 cm) ccRCC,own_cohort,113 small ccRCC patients randomly split training n=67 and testing n=46,113,patients,radiology_imaging,Multiphase CT radiomics with clinic-radiological nomogram,diagnostic_prediction,Radiomics feature extraction with LASSO/logistic nomogram integration,Shape and enhancement-value radiomics with clinical predictors,CT radiomics-clinical nomogram for high versus low WHO/ISUP grade,diagnostic,other,Nomogram built on 67/46 train-test split; ROC/AUC values not present in available slice text,internal_holdout,Random train-test partition within single-center small renal mass cohort.,NR,NR,none_stated,NR,NR,Multiphase CT radiomics combined with enhancement metrics predicted nuclear grade in small ccRCC.,NR,Multivariate logistic coefficients for shape and enhancement values.,REV-ALCIDES-AI,2026-09-23,complete,,no,batch-08
REC-AIBIOGU-000669,Liu2024,Comprehensive analysis of RNA sequencing and integrated machine learning reveals a metabolism related prognostic signature for improving outcomes in ccRCC,2024,,10.21203/rs.3.rs-4362266/v1,kidney_renal,,Retrospective multi-cohort bioinformatic study: scRNA-seq discovery of metabolically active malignant cells and a bulk RNA-seq machine-learning prognostic signature,multiple_public,"TCGA-KIRC training n=266 and testing n=264 (1:1 split); E-MTAB-1980 n=101; Meta cohort n=146 (GSE167573 and ICGC RECA-EU). scRNA-seq from GSE152938, GSE207493, and GSE224630 (26 ccRCC samples) used for discovery only.",266,patients,transcriptomics,Bulk RNA-seq risk score from 17 differential metabolism-related genes; scRNA-seq defined the META_active malignant-cell state used to select those genes,prognostic_prediction,"Random survival forest plus generalized boosted regression (GBM), the top combination by mean C-index among 118 models from 10 survival algorithms, fit with leave-one-out cross-validation in TCGA training",17 co-expressed differential metabolism-related genes weighted by GBM relative influence,"Metabolism-related prognostic signature (MRPS), a 17-gene GBM risk score",prognostic,C-index,"Mean C-index 0.715 for RSF+GBM MRPS across TCGA training, TCGA testing, E-MTAB-1980, and Meta; 1/3/5-year AUC 0.874/0.808/0.823 (TCGA training), 0.675/0.717/0.756 (TCGA testing), 0.690/0.715/0.701 (E-MTAB-1980), 0.613/0.672/0.705 (Meta)",external_cohort,Leave-one-out cross-validation (results also describe tenfold CV) in TCGA-KIRC training and a 1:1 internal TCGA testing split. Independent ccRCC checks on E-MTAB-1980 and the Meta cohort (GSE167573 and ICGC RECA-EU).,upon_request,yes,none_stated,National Natural Science Foundation of China (No. 82372200) and the Primary Health Care Foundation of China,none_declared,"A 17-gene metabolism-related signature (RSF+GBM) had a mean C-index of 0.715 across ccRCC cohorts and separated overall survival, with 1-year AUC ranging from 0.613 in the Meta cohort to 0.874 in TCGA training.","Findings are based on retrospective public sequencing data and bioinformatics; multicenter prospective studies are still required, and experimental work on the MRPS genes is limited.","Higher META_active malignant-cell fraction was linked to worse overall survival. In 181 nivolumab-treated advanced ccRCC samples, low MRPS risk had longer survival. GGT6 knockdown increased proliferation and invasion in 769-P and 786-O cells.",REV-ALCIDES-AI,2026-09-23,complete,Primary axis is the bulk MRPS. The mean C-index 0.715 averages cohort-level indices used for model selection; n_analytic is the TCGA training cohort (266) where the model was fit. ResearchSquare preprint. Cell-line assays are orthogonal and were not counted as own-cohort training data.,no,batch-08
REC-AIBIOGU-000670,Chen2023,Machine Learning-Driven Prognostic Analysis of Cuproptosis and Disulfidptosis-related lncRNAs in Clear Cell Renal Cell Carcinoma: A Step Towards Precision Oncology,2023,,10.21203/rs.3.rs-3582005/v1,kidney_renal,,TCGA ccRCC cuproptosis- and disulfidptosis-related lncRNA ML prognostic risk model,TCGA,TCGA-KIRC transcriptome with machine-learning lncRNA risk score and nomogram,NR,patients,transcriptomics,lncRNA expression related to cuproptosis and disulfidptosis pathways,prognostic_prediction,Machine learning feature selection with LASSO/Cox-style risk score (four-lncRNA model),"Four-lncRNA risk score (ACVR2B-AS1, AC095055.1, AL161782.1, MANEA-DT)",Cuproptosis/disulfidptosis-related lncRNA prognostic risk score,prognostic,C-index,"Risk model C-index 0.783 (95% CI 0.775-0.816); time-dependent AUC 0.725, 0.718, 0.762 at 1/3/5 years",internal_cv,TCGA-only development with cross-validated performance metrics reported for nomogram.,NR,NR,none_stated,NR,NR,A four-lncRNA risk score stratified ccRCC survival with moderate discrimination and nomogram calibration.,NR,Immune infiltration and drug sensitivity analyses by risk group.,REV-ALCIDES-AI,2026-09-23,complete,,no,batch-08
REC-AIBIOGU-000671,Li2024,A risk signature constructed by Tregs-related genes predict the clinical outcomes and immune therapeutic response in kidney cancer,2024,,10.21203/rs.3.rs-4697181/v1,kidney_renal,,TCGA KIRC Tregs-related gene Boruta selection with multi-cohort prognostic and immunotherapy response modeling,multiple_public,"TCGA KIRC (537 tumors) plus E-MTAB-1980, Alexandra, and GSE78820 validation",537,patients,transcriptomics,Bulk RNA-seq Tregs-related gene (KTRG) expression with deconvolution-derived Treg activity,prognostic_prediction,Boruta feature selection plus multivariate Cox risk model and nomogram,KTRG-derived risk score combined with clinical variables,Tregs-related gene (KTRG) risk score,prognostic,other,High- versus low-risk groups showed significantly different OS by log-rank; multivariate Cox showed independent prognostic risk score (external immune therapy cohorts GSE78820/Alexandra),external_cohort,Model derived on TCGA KIRC and evaluated on E-MTAB-1980 and immunotherapy datasets for response prediction.,NR,NR,none_stated,NR,NR,A Boruta-selected KTRG score predicted ccRCC prognosis and aligned with immunotherapy response in external datasets.,External validation of KTRG signatures still limited; needs experimental confirmation.,EMT/JAK-STAT3 and metabolism pathway enrichment by risk group.,REV-ALCIDES-AI,2026-09-23,complete,,no,batch-08
REC-AIBIOGU-000672,Wang2023,Prediction of clear cell renal cell carcinoma prognosis based on an immunogenomic landscape analysis,2023,,10.21203/rs.3.rs-2722925/v1,kidney_renal,,TCGA ccRCC immune-interaction ML identification of fifteen IRG prognostic signature,TCGA,539 ccRCC and 72 normal TCGA RNA-seq samples for IRG model,539,patients,transcriptomics,Bulk RNA-seq immune-related genes after ssGSEA and cell-type deconvolution,prognostic_prediction,Machine learning and Cox modeling on fifteen IRG signature with nomogram,"Fifteen immune-related genes (e.g., CCL7, ISG15, TEK, TNFSF14)",Fifteen-gene IRG prognostic signature,prognostic,AUC,"Time-dependent OS AUC 0.927 at 1 year, 0.822 at 3 years, 0.717 at 5 years",internal_cv,TCGA cohort used for model construction with internal time-dependent ROC evaluation.,NR,NR,none_stated,NR,NR,An fifteen-IRG signature captured immune-interaction biology and predicted ccRCC overall survival with strong 1-year AUC.,NR,Regulatory network analysis of immune interactions; clinical nomogram.,REV-ALCIDES-AI,2026-09-23,complete,,no,batch-08
REC-AIBIOGU-000673,Farias2023,Machine Learning Gene Signature to Metastatic ccRCC based on ceRNA Network,2023,,10.1101/2023.07.31.551358,kidney_renal,,TCGA ceRNA network ML signature for metastatic ccRCC with ICGC-RECA external classification test,multiple_public,TCGA ccRCC discovery; ICGC-RECA external metastasis classification,NR,patients,transcriptomics,mRNA-lncRNA-miRNA ceRNA network features from TCGA expression,biomarker_discovery_association,Eight feature-selection techniques compared; final eleven-gene metastasis signature selected,"Eleven-gene ceRNA signature (SNHG15, miR-130a-3p, PTTG1, INSR, among others)",Eleven-gene metastatic ccRCC ceRNA signature,prognostic,AUC,External ICGC-RECA metastasis classification AUC 81.5%,external_cohort,Signature trained on TCGA and generalized to ICGC-RECA without refitting description beyond external test.,NR,NR,none_stated,NR,NR,An eleven-gene ceRNA signature linked lncRNA-miRNA sponging to metastatic ccRCC and survival-associated genes.,NR,Genomic mutation context and functional pathway annotation of signature genes.,REV-ALCIDES-AI,2026-09-23,complete,,no,batch-08
REC-AIBIOGU-000674,Yang2022,Machine Learning for Prognosis of Clear Cell Renal Cell Carcinoma Based on Pyroptosis Regulators,2022,,10.21203/rs.3.rs-1600390/v1,kidney_renal,,TCGA plus four GEO pyroptosis-regulator clustering and LASSO DFS prognostic model,multiple_public,"TCGA ccRCC with GEO GSE16449, GSE22541, GSE29069, GSE25698 and 53 pyroptosis regulators",NR,patients,transcriptomics,Pyroptosis regulator expression patterns and LASSO Cox DFS model,prognostic_prediction,Consensus clustering of pyroptosis patterns plus LASSO Cox with ten-fold CV,LASSO-selected pyroptosis-related gene risk score,Pyroptosis-regulator prognostic risk score,prognostic,AUC,"Time-dependent DFS ROC AUC 0.670 (1-yr), 0.636 (3-yr), 0.651 (5-yr)",internal_cv,LASSO with ten-fold CV on TCGA; additional GEO cohorts used for pattern context.,NR,NR,none_stated,NR,NR,Pyroptosis-pattern-derived LASSO risk score associated with DFS and TME infiltration differences in ccRCC.,Modest DFS discrimination acknowledged in appraisal.,GSVA and ssGSEA of immune infiltration by pyroptosis clusters.,REV-ALCIDES-AI,2026-09-23,needs_review,Appraisal flags modest model discrimination (DFS AUC about 0.64-0.67) relative to cohort peers.,yes,batch-08
REC-AIBIOGU-000677,chen2026,PLA2G2A+ CAFs as a Key Driver of Lymph Node Metastasis in Penile Cancer and Its Underlying Mechanisms,2026,NR,10.21203/rs.3.rs-8936508/v1,penile,NA,translational/bioinformatic with prospective clinical validation cohort,public_plus_own,"scRNA-seq dataset (University Hospitals Leuven, 17 PSCC patients: 8 LNM-negative, 9 LNM-positive; 60,631 cells after QC); own prospective clinical cohort, Yunnan Cancer Hospital, China (Sept 2022-Apr 2025): bulk RNA-seq validation subset (n=4 patients) and IHC cohort (n=69 patients, 44 LN-negative/25 LN-positive)",17,patients,multiomics,"scRNA-seq (primary ML axis, 17 patients/60,631 cells), bulk RNA-seq (independent validation, n=4 patients), immunohistochemistry (clinical correlation cohort, n=69 patients)",diagnostic_prediction,"LASSO, Random Forest, XGBoost (gene feature selection/classification of LNM status from scRNA-seq); CellChat (ligand-receptor communication); Monocle3 (pseudotime)",Single-cell RNA-seq gene expression features (top 20 genes per method) used to classify LNM-positive vs LNM-negative samples,PLA2G2A (top-ranked across all 3 ML methods) and the PLA2G2A+ cancer-associated fibroblast (CAF) subpopulation,diagnostic,AUC,"scRNA-seq classification (n=17 patients): LASSO AUC=0.960, Random Forest AUC=0.931, XGBoost AUC=0.962. IHC cohort (n=69): PLA2G2A positivity not associated with OS (HR=1.21, p>0.05) but associated with worse DFS (HR=3.332, 95%CI 1.156-9.605, p=0.0259)",internal_split_only,"The LASSO/Random Forest/XGBoost classifiers were trained and evaluated on a single scRNA-seq dataset of only 17 patients, with no described train/test split, cross-validation scheme, or external held-out cohort - the reported AUCs (0.93-0.96) are almost certainly optimistic given this very small patient-level n. A separate bulk RNA-seq cohort (n=4) and an independent IHC cohort (n=69) provide biological/clinical correlation but not a held-out validation of the ML classifier itself.",NR,NR,none_stated,NR,none_declared,"Convergent ML feature selection (LASSO, Random Forest, XGBoost; AUC 0.93-0.96 on scRNA-seq from 17 patients) identified PLA2G2A as a candidate biomarker for lymph node metastasis in penile squamous cell carcinoma; PLA2G2A+ CAFs recruit monocytes and drive M1-to-M2 macrophage polarization, and IHC in an independent 69-patient cohort confirmed elevated PLA2G2A in metastasis-positive tumors and association with worse disease-free survival.",Low incidence of penile cancer with limited available sample size and homogeneous data type introduces selection bias; lack of large-scale public penile cancer cohorts with complete lymph node metastasis follow-up limited external validation; the VEGFA-VEGFR1 CAF-endothelial hypothesis was not mechanistically validated.,No significant difference in major cell-type proportions between LNM-positive and LNM-negative samples; CSF1-CSF1R signaling identified between CAFs and myeloid cells; pseudotime trajectory analysis supported a monocyte-to-M1-to-M2 macrophage differentiation model.,REV-ALCIDES-AI,2026-09-23,needs_review,"Preprint (Research Square), not peer-reviewed. Per appraisal_note, the ML AUC values (0.93-0.96) on a 17-patient scRNA-seq cohort are likely optimistic given no described external/held-out split - coded internal_split_only rather than accepting an external validation framing.",yes,pilot
REC-AIBIOGU-000681,Lisson2023,Machine Learning Classifiers for Predictive Biomarkers Combining Clinical and Radiomic Data in Testicular Cancer,2023,,10.20944/preprints202310.1175.v1,testicular_gct,,Early-stage TGCT CT radiomics with RF/LGBM models for retroperitoneal lymph node metastasis,own_cohort,91 early-stage testicular cancer patients with contrast-enhanced CT and pathology-proven LNM status,91,patients,radiology_imaging,"CT radiomics of retroperitoneal nodes plus clinical predictors (AFP, hCG, histotype, BMI)",diagnostic_prediction,"Random Forest, LightGBM, SVC, and KNN radiomics ML with combined clinical-radiomics model",Radiomics signature plus five clinical risk factors,Combined clinical-radiomics model for retroperitoneal LNM,diagnostic,AUC,Combined RF clinical-radiomics model AUC 0.95 versus radiomics-only 0.92 and clinical-only 0.88 (ROC figure caption),internal_cv,Single-center retrospective cohort; multiple ML classifiers compared on same 91-patient dataset.,NR,yes,none_stated,NUM 2.0 Racoon Project (FKZ 01KX2121).,none_declared,Integrating CT radiomics with serum and clinical markers improved preoperative prediction of retroperitoneal nodal metastasis in stage I TGCT.,Retrospective single-center small cohort; needs prospective multicenter validation.,"LGBM, SVC, and KNN comparisons; pathologic LNM confirmation.",REV-ALCIDES-AI,2026-09-23,complete,,no,batch-08
REC-AIBIOGU-000683,Scavuzzo2023,Radiomics Analyses to Predict Histopathology in Patients with Metastatic Testicular Germ Cell Tumors before Post-Chemotherapy Retroperitoneal Lymph Node Dissection.,2023,J Imaging,10.3390/jimaging9100213,testicular_gct,,CT radiomics SVM with five-fold cross-validation for post-chemo histology before RPLND,own_cohort,Metastatic NSGCT patients with PC-RPLND and contrast-enhanced CT (residual mass segmentation),NR,patients,radiology_imaging,"CT radiomics distinguishing fibrosis/necrosis, teratoma, and viable tumor",diagnostic_prediction,Support vector machine radiomics classifier with five-fold CV,Selected CT radiomics texture and shape features from residual masses,SVM radiomics histology classifier,diagnostic,AUC,Mean cross-validated AUC 0.945 for SVM radiomics model,internal_cv,"Five-fold CV on institutional metastatic NSGCT cohort; metrics include sensitivity, specificity, precision, F-score.",NR,NR,none_stated,NR,NR,CT radiomics SVM model non-invasively differentiated post-chemotherapy histology classes before retroperitoneal lymph node dissection.,Multi-center validation critical for clinical utility.,"Compared fibrosis/necrosis, teratoma, and viable GCT classes.",REV-ALCIDES-AI,2026-09-23,complete,Patient N not stated in slice abstract; left n_analytic NR.,no,batch-08
REC-AIBIOGU-000684,Lisson2023,CT Radiomics and Clinical Feature Model to Predict Lymph Node Metastases in Early-Stage Testicular Cancer,2023,,10.20944/preprints202302.0025.v1,testicular_gct,,Same Ulm early-stage TGCT cohort CT radiomics logistic regression for lymph node metastasis,own_cohort,"91 patients, 273 segmented retroperitoneal nodes; train n=191 instances / test n=82",91,patients,radiology_imaging,CT radiomics with clinical feature logistic regression model,diagnostic_prediction,Feature selection with logistic regression ML and ten-fold cross-validation,Radiomics and clinical predictors of retroperitoneal LNM,CT radiomics-clinical logistic model for LNM,diagnostic,AUC,Ten-fold CV AUC 0.84 ± 0.17; test cohort metrics include AUC 0.87 ± 0.04 reported in results tables,internal_cv,Instance-level split with ten-fold CV on 273 node samples from 91 patients.,NR,yes,none_stated,NR,NR,Radiomics plus clinical features predicted retroperitoneal nodal metastasis in early-stage TGCT with cross-validated discrimination.,Retrospective single-center design; overlaps clinically with parallel ML study on same cohort.,Precision and F1 reported alongside AUC in test cohort.,REV-ALCIDES-AI,2026-09-23,needs_review,Appraisal notes shared n=91 cohort with REC-AIBIOGU-000681 (different modeling approach).,yes,batch-08
REC-AIBIOGU-000688,Medvedev2024,Deep Learning for Subtypes Identification of Pure Seminoma of the Testis.,2024,Clin Pathol,10.1177/2632010x241232302,testicular_gct,NA,translational/bioinformatic,TCGA,TCGA-TGCT: all available H&E whole slide images for 64 pure seminoma samples (156 WSIs); 2 samples reclassified as mixed GCT on review and removed,62,samples,digital_pathology,"H&E whole slide images (TCGA), tiled at 300x300 pixels / 20x magnification with 50% overlap, data-augmented",classification_subtyping,"CNN (MobileNet architecture, 85 convolutional layers, top 29 layers frozen during training, ImageNet-pretrained weights, Adam optimizer)","WSI tile-level deep image features (H&E, 300x300px tiles at 20x, augmented for class balance)",Deep-learning histopathology classifier distinguishing pure seminoma subtype 1 vs subtype 2 (previously defined by omics/transcriptomic data),subtyping,AUC,Highest AUC=0.896 (tile/sample-level ROC); accuracy and confusion matrices also reported graphically,internal_cv,"62 pure seminoma TCGA samples, tiles from a given sample restricted to a single fold; 3-fold cross-validation, 20 training epochs; no external cohort; small dataset expanded via image augmentation.",yes,yes,none_stated,"National Institute of General Medical Sciences, NIH grant GM127390; Welch Foundation I-1505; National Science Foundation DBI 2224128",none_declared,"A MobileNet-based CNN distinguished the authors' previously omics-defined pure seminoma subtypes from H&E whole slide images with AUC=0.896, revealing morphological differences between subtypes imperceptible to the human eye, though the authors conclude these subtypes cannot be reliably classified by histopathological features alone.",Limited dataset size; only one CNN architecture tested; model classification accuracy was lower for subtype 2 than subtype 1 samples; authors state the model should be verified on an expanded dataset and with additional CNN architectures in future work.,"Nuclei segmentation found no significant difference in nuclei size distributions between the two subtypes, despite morphological differences detected by the DL model. Sample-level prediction table shows imperfect concordance with prior transcriptomic subtype labels.",REV-ALCIDES-AI,2026-09-23,needs_review,"n_analytic reported as 62 (64 originally assigned minus 2 reclassified as mixed GCT); exact analytic n used for training/validation vs. n shown in results table may differ slightly. Per appraisal_note, this is a borderline case of clinical vs. research prediction since the 2 subtypes are not established/routine pathology classes.",yes,pilot
REC-AIBIOGU-000692,Hu2023,Machine learning-based CT texture analysis in the differentiation of testicular masses.,2023,Front Oncol,10.3389/fonc.2023.1284040,testicular_gct,,Single-center CT texture ML with SMOTE balancing for testicular mass subtyping,own_cohort,Institutional CT cohort of testicular masses with pathologic reference,NR,patients,radiology_imaging,CT texture features (985 ICC≥0.8) with logistic regression classifiers,classification_subtyping,Logistic regression after mRMR/LASSO feature selection with SMOTE class balancing,CT texture radiomics feature set,ML CT texture classifier for benign versus malignant and GCT subtypes,diagnostic,AUC,Benign versus malignant AUC 0.946; primary testicular lymphoma AUC 0.982; seminoma within GCT AUC 0.928,internal_holdout,Single-center retrospective evaluation with internal train-test protocol.,NR,NR,none_stated,NR,NR,Machine-learning CT texture analysis accurately classified testicular mass histology including seminoma versus nonseminoma subsets.,NR,Three-tier classification workflow for lymphoma and GCT subtyping.,REV-ALCIDES-AI,2026-09-23,complete,,no,batch-08
REC-AIBIOGU-000695,Zhang2019,T2-Weighted Image-Based Radiomics Signature for Discriminating Between Seminomas and Nonseminoma.,2019,Front Oncol,10.3389/fonc.2019.01330,testicular_gct,,T2WI MRI radiomics mRMR-LASSO signature for seminoma versus nonseminoma,own_cohort,Small retrospective scrotal MRI cohort (39 patients per appraisal context) 2014-2019,39,patients,radiology_imaging,T2-weighted MRI radiomics with five-feature signature,classification_subtyping,mRMR and LASSO feature selection with logistic regression radiomics signature,Five selected T2WI radiomics features,T2WI radiomics signature for seminoma versus nonseminoma,diagnostic,AUC,Radiomics signature AUC 0.979 (95% CI 0.873-1.000); sensitivity 90.0% and specificity 100.0%,internal_holdout,Single-center retrospective MRI cohort without external validation.,NR,NR,none_stated,NR,NR,A five-feature T2WI radiomics signature separated seminomas from nonseminomas with very high apparent discrimination.,NR,NR,REV-ALCIDES-AI,2026-09-23,needs_review,"Appraisal flags very small n=39 with very high AUC (0.979), suggesting overfitting risk.",yes,batch-08
REC-AIBIOGU-000696,Lewin2018,Applying Radiomics to Predict Pathology of Postchemotherapy Retroperitoneal Nodal Masses in Germ Cell Tumors.,2018,JCO Clin Cancer Inform,10.1200/cci.18.00004,testicular_gct,,Single-institution retrospective cohort with nested 10-fold cross-validation,own_cohort,"Princess Margaret Cancer Centre and University Health Network institutional testicular cancer database, Toronto; NSGCT with post-chemotherapy RPLND for residual retroperitoneal nodes >1 cm after first-line platinum chemotherapy",102,images,radiology_imaging,Contrast-enhanced CT texture features from manually contoured residual nodal volumes of interest,diagnostic_prediction,Radial basis function support vector machine (LibSVM) with F-statistic feature selection and nested 10-fold cross-validation repeated over 100 outer loops,153 CT texture features (11 first-order intensity percentiles and 142 second-order texture metrics) per residual nodal volume,CT radiomics SVM classifier of fibrosis versus viable germ cell tumor or mature teratoma,diagnostic,AUC,Fibrosis versus teratoma/viable GCT AUC 0.74 +/- 0.028 (accuracy 71.7 +/- 2.2%; sensitivity 56.2 +/- 15.0%; specificity 81.9 +/- 9.0%),internal_cv,Nested 10-fold cross-validation on the same 102 regions of interest (100 outer-loop repeats). No external cohort; authors state independent validation is still required.,NR,NR,none_stated,"Children's Oncology Group Adolescent and Young Adult AFLAC Grant 2015-2017; R. Leao supported by the Foundation for Science and Technology, Government of Portugal (SFRH/BD/102232/2014)","Disclosed compensated relationships include Jewett (family employment/stock in Impact Genetics; Pfizer and Ipsen honoraria), Chung (AbbVie honoraria and research funding; Bayer consulting), Bedard (institutional research funding from multiple companies), and Leao (Roche travel). Several coauthors report no relationship.",A nested cross-validated CT radiomics SVM separated fibrosis from teratoma or viable germ cell tumor in post-chemotherapy retroperitoneal nodes with AUC 0.74; adding clinical variables in nodes smaller than 2 cm raised AUC to 0.80.,Retrospective single-institution selected sample without external validation; analysis limited to retroperitoneal nodes; manual contouring is impractical outside tertiary centers; CT cannot detect microscopic viable tumor inside a fibrotic node; no central pathology review.,Clinical variables alone AUC 0.76 (n=40 with complete clinical data). Radiomics plus clinical variables restricted to axial diameter <2 cm: accuracy 88.2 +/- 4.4% and AUC 0.80 +/- 0.05. Size-restricted radiomics-only AUCs ranged from 0.58 +/- 0.05 to 0.74 +/- 0.03.,REV-ALCIDES-AI,2026-09-23,complete,Primary axis is the unrestricted radiomics classifier on 102 regions of interest (77 patients). The AUC 0.80 result is a size-restricted radiomics-plus-clinical analysis and is recorded under other_key_outcomes.,no,batch-08
REC-AIBIOGU-000702,Schaumberg2018,H&E-stained whole slide image deep learning predicts SPOP mutation state in prostate cancer,2018,bioRxiv,10.1101/064279,prostate,,Retrospective deep-learning study of prostatectomy whole-slide images with an independent institutional test set.,public_plus_own,"TCGA prostate frozen sections (177 patients after quality control, 20 SPOP-mutant) and MSK-IMPACT formalin-fixed slides (152 patients, 19 SPOP-mutant), plus 36 additional MSK-IMPACT mutant slides.",152,patients,digital_pathology,H&E whole-slide images; low- and high-magnification salient patches,diagnostic_prediction,Ensembles of residual networks aggregated into a metaensemble,H&E whole-slide patches centered on cancer-rich and cytologically abnormal regions,SPOP mutation state predicted from H&E histology,diagnostic,AUC,Independent MSK-IMPACT AUROC 0.86 after TCGA training; TCGA held-out metaensemble AUROC 0.74 (accuracy 0.70); expanded MSK-IMPACT internal test AUROC 0.75 and reverse test on TCGA AUROC 0.64,external_cohort,"TCGA-trained metaensemble tested on independent MSK-IMPACT slides (frozen versus formalin-fixed preparations), with the reverse experiment also reported. Internal estimates used ensemble trials and Monte Carlo cross-validation.",NR,NR,none_stated,NR,NR,"A residual-network metaensemble distinguished SPOP-mutant from non-mutant prostate cancers on H&E slides, including an independent MSK-IMPACT AUROC of 0.86 despite frozen-versus-formalin domain shift.",Few SPOP-mutant examples (about 20–55 positives) and different slide preparations between TCGA frozen sections and MSK-IMPACT formalin-fixed sections.,Content-based image retrieval using ensemble SPOP probabilities grouped mutant and non-mutant patients (Kost p=0.0241 and p=0.0170).,REV-ALCIDES-AI,2026-09-23,complete,,no,canal-c-01
REC-AIBIOGU-000706,Brieu2019,Automated tumour budding quantification by machine learning augments TNM staging in muscle-invasive bladder cancer prognosis.,2019,Sci Rep,10.1038/s41598-019-41595-2,bladder_urothelial,,Retrospective single-center cohort of radical cystectomy for muscle-invasive bladder cancer.,own_cohort,"Edinburgh hospitals, 2006–2013; NHS Lothian tissue bank. 163 cystectomies screened, 100 patients in the final cohort.",70,patients,digital_pathology,Pan-cytokeratin immunofluorescence whole-slide images with Hoechst nuclear counterstain,prognostic_prediction,Inception-style semantic segmentation CNN ensembled with a fully convolutional network and visual-context random forest; survival classification and regression tree,"Automated tumour-bud counts in tumour core and invasive front, entered with clinicopathologic variables",Number of tumour buds in the tumour core,prognostic,HR,HR 2.59 (log-rank p=0.0091) for tumour budding among non-metastatic stage II–III patients; TNM first split HR 5.44,internal_cv,Leave-one-out cross-validation on 100 patients. TNM was chosen first in all runs; tumour-bud count in the core was chosen for non-metastatic patients in 97 of 100 runs.,NR,NR,none_stated,NR,NR,Automated tumour-bud quantification stratified disease-specific survival in non-metastatic muscle-invasive bladder cancer (HR 2.59) after TNM separated metastatic disease.,,Core tumour-bud count was the strongest image feature for survival (HR 3.22). High budding correlated with higher TNM (p=0.00089) and pT stage (p=0.0078).,REV-ALCIDES-AI,2026-09-23,complete,,no,canal-c-01
REC-AIBIOGU-000711,Tabibu2019,Pan-Renal Cell Carcinoma classification and survival prediction from histopathology images using deep learning.,2019,Sci Rep,10.1038/s41598-019-46718-3,kidney_renal,,Retrospective TCGA histopathology study of renal cell carcinoma subtype classification and a secondary survival model.,TCGA,"TCGA whole-slide images: 1027 clear-cell, 303 papillary, and 254 chromophobe tumor slides, plus selected normal slides.",1584,slides,digital_pathology,H&E whole-slide tiles at 20x and 40x,classification_subtyping,"ResNet-18 and ResNet-34, with DAG-SVM on CNN embeddings for three-class subtyping; LASSO-Cox for survival","512×512 H&E tiles; for survival, tumor-shape and nuclear morphometry from high-probability regions","CNN subtype classifier for clear-cell, papillary, and chromophobe renal cell carcinoma",subtyping,accuracy,Three-class subtype accuracy 94.07% in the abstract; printed DAG-SVM results include patch accuracy 92.62% and slide-wise AUC 0.93. Clear-cell versus normal slide-wise AUC reached 0.99 at 40x.,internal_holdout,Tumor versus normal and subtype models used a single 70/15/15 train/validation/test split of TCGA slides. The secondary clear-cell survival model used leave-one-patient-out with inner 10-fold cross-validation.,NR,NR,none_stated,NR,NR,"Deep learning separated renal cell carcinoma subtypes and normal kidney on TCGA slides, with a stated three-class accuracy of 94.07% and slide-level AUCs up to 0.99 for clear-cell versus normal.",,A LASSO-Cox risk index from tumor shape and nuclear features was associated with clear-cell survival. Papillary tumors were under-represented and were the weakest subtype in the initial CNN.,REV-ALCIDES-AI,2026-09-23,needs_review,The abstract three-class accuracy of 94.07% does not match the highest accuracy in the printed subtype table (92.62% for ResNet-18 plus DAG-SVM).,yes,canal-c-01
REC-AIBIOGU-000713,Toivonen2019,Radiomics and machine learning of multisequence multiparametric prostate MRI: Towards improved non-invasive prostate cancer characterization.,2019,PLoS One,10.1371/journal.pone.0217702,prostate,,Retrospective single-center cohort of men imaged before robotic prostatectomy.,own_cohort,"Hospital District of Southwest Finland, 3T Philips PET/MR, March 2013–May 2014. 72 enrolled; 62 analyzed after artifact and incomplete-data exclusions.",62,patients,radiology_imaging,"T2-weighted imaging, high-b diffusion-weighted imaging (ADC and kurtosis), and T2 mapping",diagnostic_prediction,L1- and L2-regularized logistic regression,"Texture features (Gabor, GLCM, Zernike, Hu moments, local binary patterns) and first-order statistics from multiparametric MRI",Multiparametric MRI texture classifier for Gleason score,diagnostic,AUC,"0.84 for the best univariate texture feature (T2-weighted MBB-GLCM homogeneity); other single-feature AUCs were 0.80 (ADCm and ADCk Gabor), 0.83 (kurtosis Zernike), and 0.75 (T2 Zernike)",internal_cv,Multivariate regularized logistic models were evaluated by leave-pair-out cross-validation within each sequence and for combined sequences. No external cohort.,NR,yes,none_stated,"Instrumentarium Research Foundation, Sigrid Jusélius Foundation, Turku University Hospital, TYKS-SAPA, Finnish Cancer Society, Finnish Cultural Foundation, Orion Research Foundation, and Academy of Finland clinical researcher funding.",none_declared,"Texture features from T2-weighted and diffusion MRI separated prostate cancers by Gleason score, with the best single feature reaching AUC 0.84.",Re-slicing and non-rigid deformation before co-registration with whole-mount prostatectomy remain an untested source of error.,First-order statistical features did not outperform the best texture features. Moment-based texture was highlighted as previously unused for prostate MRI characterization.,REV-ALCIDES-AI,2026-09-23,needs_review,"The leave-pair-out logistic classifier is the stated model, while the numeric ROC results in the text are univariate feature AUCs.",yes,canal-c-01
REC-AIBIOGU-000714,Toth2019,Random forest-based modelling to detect biomarkers for prostate cancer progression.,2019,Clin Epigenetics,10.1186/s13148-019-0736-8,prostate,,Retrospective methylation classifier with external public-cohort validation and orthogonal immunohistochemistry.,public_plus_own,Own formalin-fixed discovery cohort (35 good-prognosis and 35 poor-prognosis tumors after quality control). External validation in ICGC early- and late-onset prostate cancer (n=222) and TCGA-PRAD (n=477).,70,patients,epigenomics_methylation,Illumina HumanMethylation450 arrays on formalin-fixed tumor DNA,prognostic_prediction,Random forest (randomForest R package),"Differentially methylated CpG sites (402 sites; at least 10% methylation difference, FDR <0.2) after cell-composition adjustment",Methylation random-forest classifier of aggressive versus indolent prostate cancer; ZIC2 protein loss as a top candidate,prognostic,AUC,"Discovery test AUC 95% after an 80/20 split; external sensitivity-analysis AUCs 77.1% (ICGC, n=222) and 68.7% (TCGA-PRAD, n=477)",external_multicenter,"Random 80/20 split of the discovery cohort, then application to ICGC and TCGA-PRAD using the same good- versus poor-prognosis definitions. Immunohistochemistry of candidate proteins, including ZIC2, in more than 12,000 tissue-microarray cases is orthogonal and was not used to train the forest.",NR,NR,none_stated,NR,NR,A methylation random forest separated good- from poor-prognosis prostate cancer on the discovery test set (AUC 95%) and retained discrimination in ICGC (AUC 77.1%) and TCGA-PRAD (AUC 68.7%).,"The 450k array covers only preselected CpG sites, so genome-wide methylation relevant to progression may have been missed.","Loss of ZIC2 protein was associated with shorter time to biochemical recurrence independent of Gleason grade, stage, nodal status, and PSA. Hypomethylation in poor-prognosis tumors was enriched in partially methylated domains.",REV-ALCIDES-AI,2026-09-23,complete,,no,canal-c-01
REC-AIBIOGU-000716,Peeken2020,A CT-based radiomics model to detect prostate cancer lymph node metastases in PSMA radioguided surgery patients.,2020,Eur J Nucl Med Mol Imaging,10.1007/s00259-020-04864-1,prostate,,Retrospective cohort of PSMA-radioguided surgery for recurrent prostate cancer with histologic lymph-node labels.,own_cohort,"Technical University of Munich radioguided-surgery series, April 2013–September 2017. 80 patients after exclusions; training 47 patients (87 lymph nodes) with in-house PET/CT and testing 33 patients (62 lymph nodes) with outside imaging.",62,samples,radiology_imaging,Contrast-enhanced diagnostic CT; labels from PSMA PET-guided histology,diagnostic_prediction,LASSO radiomic models; logistic regression for conventional CT parameters,"156 CT radiomic features of texture, shape, intensity, and local binary patterns from segmented lymph nodes","Combined CT radiomics model for lymph-node metastasis, dominated by local binary pattern features",diagnostic,AUC,Testing AUC 0.95 for the combined radiomics model (training AUC 0.89). Local-binary-pattern model testing AUC 0.90. Short-axis diameter testing AUC 0.84.,internal_holdout,"Single train/test split of one radioguided-surgery series. Test scans were acquired at outside institutions, but surgery and histology remained in the same program. No cross-validation of the final AUC.",NR,NR,none_stated,NR,NR,"A combined CT radiomics model detected histologically confirmed lymph-node metastases in the test set with AUC 0.95, above short-axis diameter (AUC 0.84).",Imaging-to-pathology mismatches remain possible; few negative nodes could be segmented; very small histologic nodes were invisible on CT.,"SUVmax, used as a PET reference rather than the CT model, reached testing AUC 1.00. Decision-curve analysis showed net benefit above short-axis diameter.",REV-ALCIDES-AI,2026-09-23,complete,,no,canal-c-01
REC-AIBIOGU-000717,Purkayastha2020,Differentiation of low and high grade renal cell carcinoma on routine MRI with an externally validated automatic machine learning algorithm.,2020,Sci Rep,10.1038/s41598-020-76132-z,kidney_renal,,Retrospective multicenter cohort comparing automated and hand-tuned machine learning for Fuhrman grade.,public_plus_own,"482 RCC lesions with Fuhrman grade from the Hospital of the University of Pennsylvania, Mayo Clinic, Second Xiangya Hospital, another Chinese hospital, and TCIA. External test was 43 Mayo lesions; remaining 439 lesions were split 8:2 (351 train, 88 internal test).",43,patients,radiology_imaging,Routine MRI T2-weighted and contrast-enhanced T1 radiomics (3087 IBSI features),diagnostic_prediction,TPOT automatic pipeline (exported random forest) versus a Bayesian classifier with Fischer-score feature selection; tenfold cross-validation during development,"Morphology, intensity, and texture radiomics from T2 and post-contrast T1 MRI",MRI radiomics classifier of low-grade (Fuhrman I–II) versus high-grade (III–IV) renal cell carcinoma,diagnostic,AUC,"External AUC 0.60 (95% CI 0.50–0.69) for the best TPOT pipeline (accuracy 0.81, sensitivity 0.12, specificity 0.97); Bayesian/Fischer external AUC 0.59 (95% CI 0.49–0.68)",external_cohort,"Mayo Clinic lesions (n=43) were held out as a single-institution external test. Internal development used an 8:2 split and tenfold cross-validation. TCIA cases were inside the development pool, not the external test.",NR,NR,none_stated,NR,NR,"Automated and hand-tuned MRI pipelines were similar on external testing, with AUCs of about 0.59–0.60 for Fuhrman grade and high specificity but low sensitivity.",Retrospective inclusion was limited to patients who had a reported Fuhrman grade.,Best internal-test AUCs were about 0.67–0.68. High-grade tumors were larger and more often showed vein invasion and higher T stage.,REV-ALCIDES-AI,2026-09-23,complete,,no,canal-c-01
REC-AIBIOGU-000718,Mo2020,Integrative multi-omics analysis of muscle-invasive bladder cancer identifies prognostic biomarkers for frontline chemotherapy and immunotherapy.,2020,Commun Biol,10.1038/s42003-020-01491-2,bladder_urothelial,,Integrative multi-omics clustering of muscle-invasive bladder cancer with external gene-expression classification.,multiple_public,"TCGA MIBC with complete mutation, copy number, methylation, and RNA-seq (n=388). External gene-expression sets totaling n=844: IMvigor210 (348), E-MTAB-1803 (85), GSE48277 (57), GSE48075 (73), GSE31507 (61), GSE31684 (66), GSE32894 (93), GSE52219 (23), and GSE69795 (38).",844,patients,multiomics,"Somatic mutations, copy number, DNA methylation, and RNA-seq, reduced to a gene-expression classifier",classification_subtyping,"iClusterBayes; k-nearest neighbor (k=5 for the 42-gene panel, chosen by cross-validation on TCGA)","42 basal-luminal genes derived from integrative clustering, applied to external expression matrices",42-gene integrative basal versus luminal panel; low MTAP/CDKN2A/2B expression as a marker of chromosome 9p21.3 loss,predictive_response,NR,NR,external_multicenter,"k-nearest neighbor trained on TCGA expression and applied to nine additional expression cohorts, including chemotherapy-trial and IMvigor210 immunotherapy sets. Cross-validation on TCGA was used only to choose k.",NR,NR,none_stated,NR,NR,"Integrative clustering defined basal and luminal muscle-invasive bladder cancer subtypes, and the authors link the basal subtype and 9p21.3 loss to chemotherapy and anti-PD-L1 outcomes.",,An 18-gene neuroendocrine-like panel was also classified with k-nearest neighbor (k=15). Basal tumors had worse survival without neoadjuvant chemotherapy and better survival with chemotherapy in two trials.,REV-ALCIDES-AI,2026-09-23,needs_review,"Survival and response claims are stated qualitatively, without a printed AUC, C-index, hazard ratio, or accuracy for the 42-gene classifier.",yes,canal-c-01
REC-AIBIOGU-000719,Cysouw2020,Machine learning-based analysis of [<sup>18</sup>F]DCFPyL PET radiomics for risk stratification in primary prostate cancer.,2020,Eur J Nucl Med Mol Imaging,10.1007/s00259-020-04971-z,prostate,,Prospective single-center cohort undergoing preoperative PSMA PET before prostatectomy with extended pelvic node dissection.,own_cohort,"Amsterdam UMC prospective study NL6754; 76 consecutive intermediate- to high-risk patients, of whom 71 underwent surgery.",76,patients,radiology_imaging,[18F]DCFPyL PET radiomics with and without partial-volume correction,risk_stratification,Random forest (1000 trees) with nested hyperparameter search; PCA or recursive feature elimination inside each fold,"480 IBSI radiomic features per tumor (intensity, morphology, texture) at 50–70% peak isocontours",PSMA PET radiomics random forest for nodal and metastatic risk and high-risk pathology,risk_stratification,AUC,Repeated cross-validation mean AUC 0.86 ± 0.15 for lymph-node involvement; 0.86 ± 0.14 for any metastasis; 0.81 ± 0.16 for Gleason score ≥8; 0.76 ± 0.12 for extracapsular extension,internal_cv,"Stratified 5-fold cross-validation repeated 50 times, with preprocessing and tuning nested in the training folds. No external cohort; the authors state multicenter external validation is still required.",NR,NR,none_stated,NR,NR,"PSMA PET radiomics predicted lymph-node involvement and any metastasis with mean cross-validated AUCs of 0.86, above models using standard PET metrics.","The cohort was small, no external validation set was available, and cross-validated radiomics versus standard PET metrics could not be compared with an adequately powered test.","Best standard-PET-metric AUCs were 0.77 (nodal), 0.81 (any metastasis), 0.76 (Gleason), and 0.67 (extracapsular extension). Radiomics Brier scores were lower than those of standard PET metrics.",REV-ALCIDES-AI,2026-09-23,complete,,no,canal-c-01
REC-AIBIOGU-000726,Li2020,Value of radiomics in differential diagnosis of chromophobe renal cell carcinoma and renal oncocytoma.,2020,Abdom Radiol (NY),10.1007/s00261-019-02269-9,kidney_renal,,Retrospective single-center differential diagnosis of chromophobe renal cell carcinoma and oncocytoma.,own_cohort,"Single hospital, pathologically confirmed cases 2008–2018: 44 chromophobe carcinomas and 17 oncocytomas. Five patients lacked excretory-phase CT.",61,patients,radiology_imaging,"Triphasic contrast-enhanced CT (corticomedullary, nephrographic, and excretory phases)",diagnostic_prediction,"LASSO feature selection; SVM best among k-nearest neighbors, SVM, logistic regression, multilayer perceptron, and random forest","1029 radiomic features per phase (intensity, shape, texture, and filtered images); eight features from combined corticomedullary and nephrographic phases",SVM CT radiomics classifier of chromophobe renal cell carcinoma versus renal oncocytoma,diagnostic,AUC,SVM AUC 0.964 ± 0.054; accuracy 0.945; sensitivity 0.999; specificity 0.800. All five classifiers had AUC greater than 0.850.,internal_cv,Fivefold cross-validation on the single-center cohort. LASSO penalty was also tuned by fivefold cross-validation. No external test set.,NR,NR,none_stated,NR,NR,An SVM using enhanced-CT radiomics separated chromophobe carcinoma from oncocytoma with cross-validated AUC 0.964 and accuracy 0.945.,"Single-center design with few oncocytomas, nonuniform CT scanners and parameters, and no analysis of unenhanced images.",Combined corticomedullary and nephrographic features were the preferred input for most classifiers. Selected features were mainly texture and first-order intensity.,REV-ALCIDES-AI,2026-09-23,complete,,no,canal-c-01
REC-AIBIOGU-000730,Yi2021,Computed Tomography Radiomics for Predicting Pathological Grade of Renal Cell Carcinoma.,2021,Front Oncol,10.3389/fonc.2020.570396,kidney_renal,,Retrospective single-center cohort of clear-cell renal cell carcinoma graded on preoperative CT.,own_cohort,"Xiangya Hospital, Central South University, nephrectomy June 2010–June 2017. 264 clear-cell carcinomas (206 low-grade, 58 high-grade), randomly split about 3:1.",65,patients,radiology_imaging,"Unenhanced and nephrographic-phase CT, combining semantic measurements and texture radiomics",diagnostic_prediction,Machine-learning model combining traditional CT features and radiomic texture,Tumor size and pre- and post-contrast CT density plus radiomic texture features,Combined CT model of low versus high WHO/ISUP grade clear-cell renal cell carcinoma,diagnostic,AUC,Combined-model validation AUC 0.9099 (95% CI 0.8324–0.9873) and training AUC 0.9235 (95% CI 0.8646–0.9824). Radiomics-only validation AUC 0.8017; traditional-features validation AUC 0.8088.,internal_holdout,Random 3:1 training/validation split of one hospital cohort (199 and 65 patients by the sex counts in the cohort table). No cross-validation or external cohort is described for the reported AUCs.,NR,NR,none_stated,NR,NR,A model combining conventional CT measurements and texture reached a validation AUC of 0.91 for low versus high ISUP grade.,,"Low-grade tumors were smaller, had lower unenhanced density, and enhanced more than high-grade tumors.",REV-ALCIDES-AI,2026-09-23,complete,,no,canal-c-01
REC-AIBIOGU-000731,Wang2021,Computed Tomography-Based Radiomics Model for Predicting the WHO/ISUP Grade of Clear Cell Renal Cell Carcinoma Preoperatively: A Multicenter Study.,2021,Front Oncol,10.3389/fonc.2021.543854,kidney_renal,,Retrospective multicenter CT study of WHO/ISUP grade in clear-cell renal cell carcinoma.,own_cohort,"Four hospitals, January 2018–August 2019. Training: 122 patients from the First Hospital of Zhejiang Province. External validation: 75 patients from Ningbo First Hospital, Zhejiang Cancer Hospital, and Yijishan Hospital.",75,patients,radiology_imaging,Corticomedullary- and nephrographic-phase contrast CT; IBEX features with ComBat harmonization,diagnostic_prediction,Stepwise logistic regression with Akaike information criterion after Mann–Whitney filtering and mRMR,Whole-tumor CT radiomics (760 features per phase); final model used corticomedullary and nephrographic texture and intensity features,CT radiomics logistic model of low versus high WHO/ISUP grade,diagnostic,AUC,"External validation AUC 0.81 (sensitivity 0.58, specificity 0.95); training AUC 0.89 (sensitivity 0.85, specificity 0.84)",external_multicenter,Model fit on one hospital and tested on patients from three other hospitals. No cross-validation of the final AUC is described.,NR,NR,none_stated,NR,NR,"A CT radiomics logistic model predicted WHO/ISUP grade with external AUC 0.81, sensitivity 0.58, and specificity 0.95.","External AUC and sensitivity fell relative to training, which the authors attribute to differences among the three validation hospitals and unequal low- versus high-grade mix.","Decision curves were presented for training and external sets. The results text retains six features, whereas the abstract says seven.",REV-ALCIDES-AI,2026-09-23,complete,Abstract reports seven radiomic features and the results text retains six; both sections report the same training and external AUCs.,no,canal-c-01
REC-AIBIOGU-000735,Chen2021,MRI-Based Grading of Clear Cell Renal Cell Carcinoma Using a Machine Learning Classifier.,2021,Front Oncol,10.3389/fonc.2021.708655,kidney_renal,,Retrospective single-center MRI texture study of clear-cell renal cell carcinoma grade.,own_cohort,"First Affiliated Hospital of Fujian Medical University, July 2016–January 2020. 99 patients (61 low-grade, 38 high-grade), randomly split into 70 training and 29 validation.",29,patients,radiology_imaging,Corticomedullary-phase MRI texture from the largest axial tumor section (MaZda),diagnostic_prediction,"Random-forest feature ranking and a multilayer perceptron (one hidden layer, 229 nodes)","Six reproducible texture features: Kurtosis, 135dr_RLNonUni, Horzl_GLevNonU, 135dr_GLevNonU, S(4,4)Entropy, and S(0,5)SumEntrp",MRI texture multilayer perceptron for low versus high ISUP grade,diagnostic,AUC,Validation AUC 0.758 and accuracy 86.2%; training AUC 0.997 and accuracy 95.7%,internal_holdout,"Single random training/validation split. Random-forest hyperparameters used grid search. The perceptron hidden-node count was iterated to optimize accuracy on the validation set, so that set was not untouched.",NR,NR,none_stated,NR,NR,"A six-feature MRI texture network separated low- from high-grade clear-cell carcinoma with validation AUC 0.758 and accuracy 86.2%, after near-perfect training fit.","Manual segmentation can vary between observers. Tumor size is embedded in a selected run-length feature, and clinical factors beyond radiomics were not modeled.",257 MaZda features were extracted; only features with ICC at least 0.80 were retained. High-grade tumors were larger (6.1 vs 4.0 cm).,REV-ALCIDES-AI,2026-09-23,needs_review,"Hidden-layer size was chosen to maximize validation-set accuracy, so the reported validation AUC is not an independent holdout estimate.",yes,canal-c-01
REC-AIBIOGU-000736,He2021,"MRI-based radiomics models to assess prostate cancer, extracapsular extension and positive surgical margins.",2021,Cancer Imaging,10.1186/s40644-021-00414-6,prostate,,"Retrospective single-center mpMRI study before prostate biopsy, with prostatectomy labels for extension and margins.",own_cohort,"First Affiliated Hospital of Soochow University. 459 patients after screening (186 benign, 273 malignant). Malignant cases (n=273) were used for extracapsular extension and positive-margin models.",136,patients,radiology_imaging,T2-weighted and ADC radiomics from 3T mpMRI (Pyradiomics),diagnostic_prediction,mRMR selection of the top 10 features and a LASSO classifier; integrated models added clinical variables,"851 radiomic features per sequence (shape, first-order, texture, wavelet) plus age, PSA, and biopsy variables in integrated models",ADC-based integrated radiomics model for benign versus malignant prostate lesions,diagnostic,AUC,"Testing-set integrated AUC 0.912 (ADC), 0.905 (ADC+T2WI), and 0.851 (T2WI) for benign versus malignant lesions; radiomics-only ADC AUC 0.863",internal_holdout,"Stratified 7:3 split (323 train, 136 test) for lesion discrimination. Extension and margin models used 192 train and 81 test among malignant cases. No cross-validation or external center.",NR,NR,none_stated,NR,NR,An ADC radiomics model plus clinical factors discriminated benign from malignant prostate lesions on the test set with AUC 0.912.,"Single-center retrospective analysis; pathology came from reports rather than re-reviewed slices, so ROI-to-histology matching is uncertain; DCE-MRI was not included.",Extracapsular-extension integrated AUC 0.728 (best radiomics AUC 0.625 on ADC). Positive-margin integrated AUCs 0.680 (T2WI) and 0.766 (ADC); radiomics-only AUCs were 0.614 and 0.733.,REV-ALCIDES-AI,2026-09-23,complete,,no,canal-c-01
REC-AIBIOGU-000737,Sushentsev2021,MRI-derived radiomics model for baseline prediction of prostate cancer progression on active surveillance.,2021,Sci Rep,10.1038/s41598-021-92341-6,prostate,,Retrospective case-control study within an active-surveillance service evaluation.,own_cohort,"Addenbrooke’s Hospital, Cambridge, May 2013–April 2020. 71 patients and 73 MR-visible lesions (35 progressed, 38 stable), minimum two-year follow-up on one 3T scanner.",73,samples,radiology_imaging,"Baseline T2-weighted and ADC radiomics (PyRadiomics), 128-bin quantization",prognostic_prediction,"Multiple feature-selection and classifier combinations, including GLMnet penalized regression","Robust T2-weighted radiomic features plus PSA, gland volume, PSA density, Likert score, zone, and biopsy grade group",Clinical plus T2-weighted radiomics model for progression on active surveillance,prognostic,AUC,"0.75 (95% CI 0.64–0.86) after adding T2-weighted radiomics to clinical variables, versus 0.61 (95% CI 0.481–0.743) for clinical variables alone",internal_cv,Leave-one-out cross-validation. No external cohort; authors describe the work as proof of concept for later multicenter validation.,NR,NR,none_stated,NR,NR,Adding T2-weighted radiomics to clinical variables raised leave-one-out AUC for active-surveillance progression from 0.61 to 0.75.,,Progression was histopathological on repeat biopsy (25 lesions) or PRECISE 5 radiologic progression (10). PSA and PSA density were higher in progressors. ADC-only and combined T2/ADC models were also compared.,REV-ALCIDES-AI,2026-09-23,complete,,no,canal-c-01
REC-AIBIOGU-000739,Xv2021,Machine learning-based CT radiomics approach for predicting WHO/ISUP nuclear grade of clear cell renal cell carcinoma: an exploratory and comparative study.,2021,Insights Imaging,10.1186/s13244-021-01107-1,kidney_renal,,Retrospective single-center CT study of WHO/ISUP grade in clear-cell renal cell carcinoma.,own_cohort,"First Affiliated Hospital of Chongqing Medical University, nephrectomy January 2013–October 2020. 406 patients (330 low-grade, 76 high-grade) split into training, validation, and testing cohorts.",406,patients,radiology_imaging,Nephrographic-phase CT radiomics (PyRadiomics) plus clinicoradiologic variables,diagnostic_prediction,"SVM with ReliefF, compared with SVM-LASSO and SVM-RFE; SMOTE for high-grade oversampling","Nephrographic-phase radiomic features and clinicoradiologic characteristics such as size, necrosis, calcification, and invasion",Combined clinicoradiologic and radiomics SVM for low versus high WHO/ISUP grade,diagnostic,AUC,"Combined-model AUC 0.828 (95% CI 0.731–0.929) in the testing cohort, 0.859 (95% CI 0.748–0.935) in validation, and 0.887 (95% CI 0.798–0.952) in training",internal_holdout,"Single-institution split into training, validation, and testing cohorts. SVM-ReliefF outperformed SVM-LASSO and SVM-RFE. No external hospital.",NR,NR,none_stated,NR,NR,"A combined CT radiomics and clinicoradiologic SVM predicted WHO/ISUP grade with testing AUC 0.828, above radiomics-only and clinicoradiologic models.",Single-institution retrospective design with possible selection bias despite 406 patients.,"High-grade tumors were larger and more often showed necrosis, calcification, capsule violation, angiogenesis, venous invasion, and perinephric metastasis.",REV-ALCIDES-AI,2026-09-23,complete,,no,canal-c-01
REC-AIBIOGU-000740,Zheng2021,Magnetic resonance imaging-based radiomics signature for preoperative prediction of Ki67 expression in bladder cancer.,2021,Cancer Imaging,10.1186/s40644-021-00433-3,bladder_urothelial,,Retrospective single-center MRI study of preoperative Ki67 status in bladder cancer.,own_cohort,"Shanghai Tenth People’s Hospital, Tongji University, August 2014–April 2020. 179 patients (120 non-muscle-invasive, 59 muscle-invasive; 41 low Ki67, 138 high Ki67), split 7:3 into 125 training and 54 validation.",54,patients,radiology_imaging,T2-weighted and delayed-phase dynamic contrast-enhanced MRI radiomics (PyRadiomics),diagnostic_prediction,"SMOTE-LASSO (best); also LASSO, SVM, and SMOTE-SVM, with mRMR prefiltering",Nine radiomic features from 2436 T2-weighted and DCE features after SMOTE balancing of the training set,SMOTE-LASSO MRI radiomics signature of high versus low Ki67,diagnostic,AUC,Validation AUC 0.819 (accuracy 81.5%); SMOTE-training AUC 0.859 (accuracy 80.3%),internal_holdout,Random 7:3 training/validation split. SMOTE was applied only to the training set (99 high and 99 balanced low cases). No external center.,NR,NR,none_stated,NR,NR,"A nine-feature SMOTE-LASSO MRI signature predicted Ki67 status with validation AUC 0.819 and accuracy 81.5%, and predicted high Ki67 tracked with worse disease-free survival.","Retrospective design and a single center, so generalizability needs a multicenter study.",Immunohistochemical and radiomics-predicted high Ki67 were both associated with worse disease-free survival in training and validation (all p<0.05). Unbalanced LASSO had high sensitivity and low specificity.,REV-ALCIDES-AI,2026-09-23,complete,,no,canal-c-01
REC-AIBIOGU-000746,Zhang2021,Robust Prognostic Subtyping of Muscle-Invasive Bladder Cancer Revealed by Deep Learning-Based Multi-Omics Data Integration.,2021,Front Oncol,10.3389/fonc.2021.689626,bladder_urothelial,,Deep-learning multi-omics subtyping of muscle-invasive bladder cancer with public external expression cohorts and orthogonal immunohistochemistry.,multiple_public,"TCGA-BLCA stage II–IV multi-omics from UCSC Xena (copy number, mRNA, miRNA, methylation), randomly split 4:1 for the classifier. External microarray sets GSE19915 (43), GSE48277-GPL14951 (62), and GSE48277-GPL6947 (73).",NR,patients,multiomics,"Copy number, RNA-seq, miRNA-seq, and HumanMethylation450 stacked into 350,631 features",classification_subtyping,Keras autoencoder (hidden layers 500-100-500) followed by univariate Cox filtering and K-means (k=2),"100 autoencoder bottleneck features, of which 98 were associated with overall survival",Two deep-learning multi-omics prognostic subtypes; KRT7 as an immunohistochemistry risk marker,prognostic,other,Log-rank P = 8.11e-5 for overall survival between the two TCGA subtypes; internal and external validation sets also separated survival (P < 0.05),external_multicenter,Subtype discovery used the TCGA muscle-invasive cohort. A classifier was trained on an 80% TCGA split and checked on the remaining 20% and on three GEO microarray cohorts. KRT7 immunohistochemistry on 22 Sun Yat-sen cases is orthogonal and was not part of model training.,NR,yes,none_stated,NR,NR,"An autoencoder split muscle-invasive bladder cancer into two subtypes with different overall survival (log-rank P = 8.11e-5), and the poor-prognosis group had more chromosome 3p deletion.",,"The poor-prognosis subtype was entirely high grade and differed in immune composition (M1 macrophages, resting NK cells, regulatory T cells, plasma cells, and naive B cells). KRT7 immunohistochemistry was explored as a tissue biomarker.",REV-ALCIDES-AI,2026-09-23,needs_review,Survival separation is given as a log-rank P value. The TCGA muscle-invasive sample size and a hazard ratio or C-index are not stated.,yes,canal-c-01
REC-AIBIOGU-000748,Yang2022,A CT-based radiomics model for predicting renal capsule invasion in renal cell carcinoma.,2022,BMC Med Imaging,10.1186/s12880-022-00741-5,kidney_renal,,Retrospective single-center CT study of renal capsule invasion.,own_cohort,"Chongqing University Cancer Hospital, January 2011–May 2019. 126 RCC patients (46 with capsule invasion, 80 without).",126,patients,radiology_imaging,"Unenhanced, corticomedullary, and nephrographic CT; 119 Pyradiomics features from the largest tumor section and a 3 mm margin",diagnostic_prediction,"Forward neural network, best of five machine-learning classifiers","Morphologic and texture radiomics from the tumor region, the peritumoral margin, or both, by CT phase",Corticomedullary-phase tumor radiomics model of renal capsule invasion,diagnostic,AUC,"AUC 0.81 for the forward neural network on corticomedullary-phase tumor features; robustness means 0.76, 0.79, and 0.77 for unenhanced, corticomedullary, and nephrographic phases",internal_cv,"Five-fold cross-validation, repeated 100 times for the robustness analysis. No external cohort.",NR,upon_request,none_stated,"China National Cancer Center Climbing Fund (NCC201822872), Chongqing University Cancer Hospital open research fund (2020), and Chongqing Natural Science Foundation (cstc2021jcyj-msxmX0447).",none_declared,Corticomedullary-phase tumor radiomics with a forward neural network predicted renal capsule invasion with cross-validated AUC 0.81.,"Small single-center retrospective sample, two-dimensional rather than three-dimensional features, manual segmentation, and possible selection bias.",Marginal-region AUC was 0.80 on unenhanced CT and 0.73 on the corticomedullary phase. Combining phases generally lowered performance versus the best single phase.,REV-ALCIDES-AI,2026-09-23,complete,,no,canal-c-01
REC-AIBIOGU-000749,Li2022,An Ultrasonic-Based Radiomics Nomogram for Distinguishing Between Benign and Malignant Solid Renal Masses.,2022,Front Oncol,10.3389/fonc.2022.847805,kidney_renal,,Retrospective single-center ultrasound study of solid renal masses.,own_cohort,"Tianjin Medical University Cancer Institute and Hospital, surgically confirmed masses January 2013–January 2018. 597 patients with 600 masses (204 benign, 396 malignant) after down-sampling malignant cases; random split 480 train and 120 validation.",120,samples,radiology_imaging,Preoperative ultrasound radiomics,diagnostic_prediction,LASSO radiomics score (10-fold cross-validation for lambda) and a logistic nomogram with sex,"855 ultrasound radiomic features reduced to 30 with nonzero LASSO coefficients, plus sex",Ultrasound RadScore and a sex-plus-RadScore nomogram for benign versus malignant solid renal masses,diagnostic,AUC,Validation radiomics-signature AUC 0.874 (95% CI 0.816–0.932); validation nomogram AUC 0.861 (95% CI 0.802–0.921); nomogram specificity 0.93 versus 0.57 and 0.46 for senior and junior readers,internal_holdout,"Random training/validation split of one institution. Ten-fold cross-validation was used to tune the LASSO penalty, not as the reported performance design. Authors state external and multicenter validation is still required.",NR,upon_request,none_stated,Scientific research program of the Tianjin Education Commission (2020KJ131).,NR,"An ultrasound radiomics score separated benign from malignant solid renal masses with validation AUC 0.874, and the sex-plus-score nomogram had validation AUC 0.861 and specificity 0.93.","Retrospective single-institute random split, images from two ultrasound machines, and manual regions of interest.",Sex and RadScore were independent predictors. The nomogram beat a junior reader on DeLong testing (p=0.004). Decision-curve analysis was used for clinical usefulness.,REV-ALCIDES-AI,2026-09-23,complete,,no,canal-c-01
REC-AIBIOGU-000750,Gui2022,Application Value of Radiomic Nomogram in the Differential Diagnosis of Prostate Cancer and Hyperplasia.,2022,Front Oncol,10.3389/fonc.2022.859625,prostate,,Retrospective single-center MRI study differentiating prostate cancer from hyperplasia.,own_cohort,"Jiangxi Provincial People’s Hospital, 3T Siemens MRI, September 2019–September 2020. 146 patients (66 cancer, 80 hyperplasia) split 103 training and 43 testing.",43,patients,radiology_imaging,"T2-weighted MRI texture (396 features, GE Analysis Kit)",diagnostic_prediction,mRMR and LASSO (tenfold cross-validation for the penalty) with a multivariate logistic nomogram,"T2-weighted histogram, morphology, Haralick, GLCM, run-length, and gray-level zone features plus PSA",T2-weighted radiomic nomogram combining Radscore and PSA,diagnostic,AUC,"Testing nomogram AUC 0.90 (95% CI 0.81–0.99; accuracy 0.860, sensitivity 0.933, specificity 0.821); testing radiomics-only AUC 0.84 (95% CI 0.72–0.96); training nomogram AUC 0.91",internal_holdout,Single 7:3 train/test split. Tenfold cross-validation was used only to choose the LASSO penalty. No external cohort.,NR,NR,none_stated,NR,NR,A T2-weighted radiomic nomogram that included PSA distinguished prostate cancer from hyperplasia with testing AUC 0.90.,,Clinical-only testing AUC was 0.74 (accuracy 0.721). PSA and the radiomic signature were independent predictors; age was not.,REV-ALCIDES-AI,2026-09-23,complete,,no,canal-c-01
REC-AIBIOGU-000759,Li2022,Evaluation of the Efficiency of MRI-Based Radiomics Classifiers in the Diagnosis of Prostate Lesions.,2022,Front Oncol,10.3389/fonc.2022.934108,prostate,,Retrospective single-center comparison of MRI radiomics classifiers for prostate cancer.,own_cohort,"First Affiliated Hospital of Nanchang University, September 2019–July 2021. 238 patients with pathology (114 cancer, 124 benign), randomly split 6:4 into 142 training and 96 test patients. Lesion-level set: 151 positive and 139 negative lesions.",96,patients,radiology_imaging,"1.5T biparametric MRI radiomics from ADC, DWI, and fat-saturated T2-weighted images (PyRadiomics)",diagnostic_prediction,"LASSO with fivefold cross-validation for feature selection; decision tree, Gaussian naive Bayes, logistic regression, XGBoost, random forest, and support-vector classifier","Up to 321 radiomic features per sequence (first-order, shape, GLCM, GLRLM, GLSZM, NGTDM, GLDM)",Combined-sequence radiomics classifiers for prostate cancer versus benign tissue,diagnostic,AUC,"Patient-level combined-sequence logistic regression AUC 0.865, random forest 0.862, and decision tree 0.852; lesion-level random forest AUC 0.931, with logistic regression and Gaussian naive Bayes 0.922",internal_holdout,Single 6:4 train/test split. Fivefold cross-validation was used inside LASSO feature selection. No external institution.,NR,NR,none_stated,NR,NR,"On the patient-level test comparison, combined-sequence logistic regression reached AUC 0.865, while lesion-level random forest reached AUC 0.931.","Single-institution retrospective design, and peripheral versus transition zone were not modeled separately.",Random forest was described as the best overall classifier. XGBoost and logistic regression also performed well on the lesion-based set. Patient-level combined random-forest Brier score was 0.105.,REV-ALCIDES-AI,2026-09-23,complete,,no,canal-c-01
REC-AIBIOGU-000760,Qian2022,Feasibility Study on Predicting Recurrence Risk of Bladder Cancer Based on Radiomics Features of Multiphase CT Images.,2022,Front Oncol,10.3389/fonc.2022.899897,bladder_urothelial,,Retrospective single-center cohort predicting bladder-cancer recurrence within two years after surgery.,own_cohort,"First Affiliated Hospital of Soochow University, January 2016–December 2019, follow-up through 31 December 2021. 183 patients (76 recurrences), randomly split 128 training and 55 validation.",55,patients,radiology_imaging,"Multiphase CT urography radiomics (plain, corticomedullary, and nephrographic; PyRadiomics)",prognostic_prediction,Logistic regression radiomics models; Cox models to select clinical covariates for the radiomics-clinical model,"CT radiomic features reduced to 14 in the three-phase model, plus tumor number and grade","Radiomics-clinical model of two-year recurrence using tumor number, grade, and Rad-score",prognostic,AUC,"Validation AUC 0.838 (95% CI 0.733–0.943; accuracy 0.727, sensitivity 0.739, specificity 0.719); training AUC 0.813 (95% CI 0.740–0.886); validation radiomics-clinical C-index 0.750 (95% CI 0.704–0.795)",internal_holdout,Random 7:3 split of one hospital cohort. Phase-specific logistic models were compared before the combined clinical model. No external cohort.,NR,NR,none_stated,NR,NR,A CT radiomics score plus tumor number and grade predicted two-year bladder-cancer recurrence with validation AUC 0.838.,Retrospective single-institution cohort with a relatively small sample.,Median relapse-free survival was 10.5 months among patients who recurred. A printed C-index table also lists validation radiomics-only C-index 0.670 and training radiomics-clinical C-index 0.751.,REV-ALCIDES-AI,2026-09-23,complete,,no,canal-c-01
REC-AIBIOGU-000764,Fan2022,Multiparametric MRI and Machine Learning Based Radiomic Models for Preoperative Prediction of Multiple Biological Characteristics in Prostate Cancer.,2022,Front Oncol,10.3389/fonc.2022.839621,prostate,,Retrospective single-center mpMRI study of several pathologic features after prostatectomy.,own_cohort,"Shanghai General Hospital, radical prostatectomy May 2013–January 2020. 252 patients. Each endpoint was split 4:1; validation counts were 28 (Ki67), 32 (S100), 47 (extracapsular extension), 45 (perineural invasion), and 50 (surgical margin).",252,patients,radiology_imaging,"T2-weighted, DWI, and arterial-phase DCE radiomics (5343 features) plus clinical laboratory variables",diagnostic_prediction,"mRMR and random-forest recursive feature elimination; random forest best for four endpoints and SVM for surgical margin, among six classifiers","Multiparametric MRI radiomics, with DCE features ranked most important, plus clinical variables in combined models","mpMRI random-forest models for Ki67, S100, extracapsular extension, and perineural invasion",risk_stratification,AUC,"Random forest AUC 0.87 (Ki67), 0.80 (S100), 0.85 (extracapsular extension), and 0.82 (perineural invasion); SVM AUC 0.77 for surgical margin",internal_holdout,Each endpoint used a 4:1 training/validation split of the same hospital series. Combined clinical models did not significantly outperform MRI-only models on the validation cohorts by DeLong tests. No external center.,NR,upon_request,none_stated,"National Natural Science Foundation of China (81871400), Shanghai Science and Technology Committee (19411951403), and Key Project of the Shanghai Education Commission (202101070002E00085).",NR,"Random-forest mpMRI models reported AUCs of 0.80–0.87 for Ki67, S100, extracapsular extension, and perineural invasion, and an SVM reached AUC 0.77 for surgical margin.","Retrospective single-center study with selection bias, no external verification, and some biomarkers omitted because of incomplete data.",Adding clinical variables did not significantly change validation AUCs. DCE features outranked DWI and then T2 in the combined models.,REV-ALCIDES-AI,2026-09-23,needs_review,"The printed AUCs are not labeled as training or validation estimates, and each endpoint uses a different sample size.",yes,canal-c-01
REC-AIBIOGU-000768,Malone2022,Predictive radiomics signature for treatment response to nivolumab in patients with advanced renal cell carcinoma.,2022,Can Urol Assoc J,10.5489/cuaj.7467,kidney_renal,,Retrospective single-institution study of nivolumab-treated metastatic renal cell carcinoma.,own_cohort,"Single institution, 2013–2017. 37 patients identified; 27 analyzed (19 responders, 8 non-responders) with 104 contoured lesions.",104,samples,radiology_imaging,Contrast-enhanced CT texture of baseline and first post-treatment lesions,treatment_response_prediction,Radial-basis-function support vector machine (LibSVM) with nested feature ranking,"191 first-order, Haralick, neighborhood, run-length, size-zone, two-point correlation, cluster, and minimum-spanning-tree texture features",CT radiomic SVM for nivolumab response by RECIST,predictive_response,accuracy,"Baseline CT accuracy 69% (sensitivity 97%, specificity 1%; AUC 0.51, p=0.40); first post-treatment CT accuracy 66% (sensitivity 90%, specificity 8%; AUC 0.46, p=0.30)",internal_cv,Ten-fold nested cross-validation on 104 lesions from 27 patients. No external cohort.,NR,NR,none_stated,NR,"Several authors report industry research funding, consulting, honoraria, or trial participation, including AbbVie, Bristol-Myers Squibb, and other pharmaceutical companies.","CT radiomic classifiers did not meaningfully separate nivolumab responders from non-responders: accuracy was 69% and 66%, but AUCs were 0.51 and 0.46 with specificity near zero.","The authors conclude the radiomic signature had limited discriminative ability, and they note that textures sensitive to acquisition and reconstruction are poorly suited to this use.","Lesions were lymph nodes (60%), lung metastases (23%), and renal or adrenal metastases (17%). Median PFS was 14 months in responders versus 3.7 months in non-responders.",REV-ALCIDES-AI,2026-09-23,needs_review,"Headline accuracy is high because sensitivity is high and specificity is about 1–8%, while AUC is consistent with chance.",yes,canal-c-01
REC-AIBIOGU-000769,Esteva2022,Prostate cancer therapy personalization via multi-modal deep learning on randomized phase III clinical trials.,2022,NPJ Digit Med,10.1038/s41746-022-00613-w,prostate,,Pooled analysis of five randomized phase III radiotherapy trials with a patient-level internal holdout.,own_cohort,"NRG/RTOG 9202, 9408, 9413, 9910, and 0126. Histopathology available for 5654 of 7764 randomized patients (16,204 slides); median follow-up 11.4 years. Patients split 80/20 with no patient overlap.",5654,patients,digital_pathology,"20x H&E biopsy whole-slide images plus six clinical variables (Gleason scores, T stage, baseline PSA, age)",prognostic_prediction,MoCo-v2 self-supervised ResNet-50 patch embeddings fused with clinical variables by CatBoost; ResNet-18 tissue-versus-artifact filter,"256×256 histopathology patches pooled to a 128-dimensional patient embedding, concatenated with clinical variables","Multimodal AI risk scores for distant metastasis, biochemical failure, prostate-cancer-specific survival, and overall survival",prognostic,other,"9.2–14.6% relative improvement in time-dependent AUC versus NCCN risk groups on the held-out validation set, across six endpoints",internal_holdout,One 80/20 split pooled across five multicenter trials rather than a trial held out as an external cohort. The test set was selected so that NCCN 5-year distant-metastasis AUC fell between 0.70 and 0.75.,NR,upon_request,none_stated,NR,NR,"A multimodal clinical-and-histopathology model improved time-dependent discrimination by 9.2–14.6% relative to NCCN risk groups for long-term metastasis, biochemical failure, and survival endpoints.",,"Endpoints were 5- and 10-year distant metastasis, 5- and 10-year biochemical failure, 10-year prostate-cancer-specific survival, and 10-year overall survival. The tissue filter reached 97.6% validation accuracy on annotated patches.",REV-ALCIDES-AI,2026-09-23,needs_review,Only the relative AUC improvement versus NCCN is printed. The holdout was constrained so the NCCN 5-year distant-metastasis AUC lay between 0.70 and 0.75.,yes,canal-c-01
REC-AIBIOGU-000778,Wang2023,A multi-model based on radiogenomics and deep learning techniques associated with histological grade and survival in clear cell renal cell carcinoma.,2023,Insights Imaging,10.1186/s13244-023-01557-9,kidney_renal,,Retrospective public imaging-genomics cohort of clear cell renal cell carcinoma.,TCGA,"TCGA-KIRC imaging and clinical data from TCIA; 237 patients were retrieved and 177 were included (142 training, 35 testing).",35,patients,multiomics,"Nephrographic-phase CT radiomics, deep-learning image features, and RNA-seq.",diagnostic_prediction,"LASSO, with tenfold cross-validation used to build the radiomics, deep-learning, and transcriptomic models.","CT radiomic features, deep-learning features, and transcriptomic features.","Multi-model combining radiomics, deep learning, and transcriptomics for ccRCC grade.",diagnostic,AUC,Testing AUC 0.864 (95% CI 0.734-0.994); training AUC 0.946 (95% CI 0.912-0.980).,internal_cv,Models were built with tenfold cross-validation and then scored on an 8:2 split of the same TCGA-KIRC/TCIA cohort (142/35). There is no separate external cohort.,NR,upon_request,none_stated,Not applicable.,none_declared,"The combined radiomics, deep-learning, and transcriptomic model separated high- from low-grade ccRCC with a testing AUC of 0.864.",The sample was small and the design retrospective; the authors call for prospective multicenter validation.,"Testing AUCs were 0.820 for radiomics and 0.840 for deep learning. PFS and OS separation was reported as statistically significant, and high-grade tumors had higher immune-cell abundance.",REV-ALCIDES-AI,2026-09-23,complete,,no,canal-c-02
REC-AIBIOGU-000780,Feng2023,Comparison and analysis of multiple machine learning models for discriminating benign and malignant testicular lesions based on magnetic resonance imaging radiomics.,2023,Front Med (Lausanne),10.3389/fmed.2023.1279622,testicular_gct,,Retrospective single-center MRI radiomics cohort of testicular lesions.,own_cohort,"108 patients with 115 testicular lesions (44 benign, 71 malignant) imaged from February 2014 to July 2022; 394 patients were screened.",115,samples,radiology_imaging,T2-weighted MRI radiomics extracted with PyRadiomics.,diagnostic_prediction,"XGBoost, chosen among classifiers that included linear discrimination, gradient boosting, and decision trees.",The 10 most reproducible T2-weighted radiomic features per lesion.,T2-weighted MRI radiomics classifier of benign versus malignant testicular lesions.,diagnostic,AUC,Testing-set AUC 0.905 (95% CI 0.886-0.925) on the held-out 30% of 115 lesions; other models AUC 0.697-0.898.,internal_holdout,One 70/30 lesion split. Ten random seeds were used to rank algorithms on the training portion. There was no k-fold cross-validation and no external cohort.,NR,upon_request,none_stated,"National Natural Science Foundation of China (81801668, 62072349, and 82001787).",NR,XGBoost on T2-weighted radiomics separated benign from malignant testicular lesions with a testing AUC of 0.905.,"Single-center data and a small sample, reflecting the low incidence of testicular cancer.",The analytic unit is the lesion (115 lesions in 108 patients).,REV-ALCIDES-AI,2026-09-23,complete,,no,canal-c-02
REC-AIBIOGU-000784,He2023,Deep learning and radiomic feature-based blending ensemble classifier for malignancy risk prediction in cystic renal lesions.,2023,Insights Imaging,10.1186/s13244-022-01349-7,kidney_renal,,Retrospective two-hospital CT cohort of cystic renal lesions.,own_cohort,"Development cohort of 159 participants (103 benign, 56 malignant) and a testing cohort of 63 (53 benign, 10 malignant) at the First and Second Affiliated Hospitals of Chongqing Medical University.",63,patients,radiology_imaging,Arterial-phase CT handcrafted radiomics (PyRadiomics) and pretrained 3D-ResNet50 features.,diagnostic_prediction,Blending ensemble classifier; tenfold cross-validated LASSO for feature selection; pretrained 3D-ResNet50.,Handcrafted radiomic features fused with 2048 deep features from a 3D crop of each lesion.,Fusion-feature blending ensemble for malignant versus benign cystic renal lesions.,diagnostic,AUC,"External-validation AUC 0.934 and accuracy 0.905, compared with Bosniak 2019 accuracy 0.635.",external_cohort,The testing cohort came from a second hospital and scanner. Tenfold CV-LASSO was used for feature selection in the development cohort.,NR,upon_request,other,"National Key Research and Development Project, No. 2020YFC2005900.",NR,A fusion radiomics and 3D-ResNet ensemble distinguished malignant from benign cystic renal lesions with external AUC 0.934 and higher net benefit than Bosniak 2019.,,IBSI guidance was applied during feature design. Histopathology was the reference standard.,REV-ALCIDES-AI,2026-09-23,complete,"Reporting guideline is coded other because the authors applied IBSI standards rather than TRIPOD, CLAIM, or STARD.",no,canal-c-02
REC-AIBIOGU-000790,Orton2023,Interpretability of radiomics models is improved when using feature group selection strategies for predicting molecular and clinical targets in clear-cell renal cell carcinoma: insights from the TRACERx Renal study.,2023,Cancer Imaging,10.1186/s40644-023-00594-3,kidney_renal,,Prospective radiomics analysis of the TRACERx Renal cohort.,own_cohort,First 101 patients in TRACERx Renal (NCT03226886); 91 lesions were analyzed on nephrographic contrast-enhanced CT from several scanner vendors.,91,samples,radiology_imaging,"Contrast-enhanced CT radiomics from the whole tumor and from core, rim, high-enhancing, and low-enhancing subregions.",classification_subtyping,"Conventional and proposed feature-group radiomics pipelines, both evaluated with nested cross-validation.",Radiomic features from whole-tumor masks and automatic sub-segmentations.,"CT radiomics classifiers of molecular, histopathologic, and clinical targets in ccRCC.",subtyping,AUC,"Nested-CV AUROC > 0.8 for overall histological stage, linear evolutionary subtype, and loss of 9p21.3; the two pipelines stayed within 0.05 AUROC for most significant targets.",internal_cv,Nested cross-validation with permutation testing on TRACERx Renal only. Performance was significant for 11 of 20 targets against a null AUROC of 0.5.,NR,NR,none_stated,NR,NR,"CT radiomics predicted several TRACERx Renal targets, with AUROC above 0.8 for stage, linear evolutionary subtype, and 9p21.3 loss, and a sparser feature-group pipeline kept that performance.","The sample size was small, which motivated the proposed feature-selection approach.","Twenty binary targets were modeled, including necrosis, sarcomatoid change, vascular invasion, stage, evolutionary subtype, and somatic events such as BAP1 and PBRM1.",REV-ALCIDES-AI,2026-09-23,needs_review,"Only a lower bound (AUROC > 0.8) is printed for three of twenty targets, so a single point estimate for the anchor target remains ambiguous.",yes,canal-c-02
REC-AIBIOGU-000793,Zhao2023,Magnetic resonance imaging radiomics-based prediction of clinically significant prostate cancer in equivocal PI-RADS 3 lesions in the transitional zone.,2023,Front Oncol,10.3389/fonc.2023.1247682,prostate,,Retrospective bi-institutional MRI cohort with a pooled random split.,own_cohort,"243 men with transitional-zone PI-RADS 3 lesions at the First Affiliated Hospital of Fujian Medical University and Fuqing Hospital, randomly split into 170 training and 73 testing patients. Thirty had csPCa.",73,patients,radiology_imaging,T2-weighted and DWI/ADC radiomics plus mean ADC and PSAD.,diagnostic_prediction,"XGBoost and logistic regression, with LASSO radiomic signatures and ten-fold cross-validation for XGBoost tuning.","Seven T2WI/ADC radiomic features, PSAD, and mean ADC.",XGBoost model for clinically significant prostate cancer in transitional-zone PI-RADS 3 lesions.,diagnostic,AUC,XGBoost testing AUC 0.913 (training 0.949); PSAD plus mean ADC testing AUC 0.854 (training 0.888).,internal_cv,"Ten-fold cross-validation was used to tune XGBoost, and discrimination was also reported on a random 73-patient test set. The two hospitals were pooled before the split, so the test set is not an external center.",NR,yes,none_stated,Fuzhou Health System Science and Technology Plan Project (2022-S-wq-17) and the Startup Fund for scientific research of Fujian Medical University (2019QH1097).,NR,XGBoost reached a testing AUC of 0.913 for csPCa in transitional-zone PI-RADS 3 lesions; the difference from PSAD plus mean ADC (AUC 0.854) was not significant.,"Retrospective biopsy reference without prostatectomy specimens, a small imbalanced PI-RADS 3 sample, and ambiguous lesion identification.",PSAD was the only significant clinical factor (OR 1.068). csPCa prevalence was 30 of 243 men (12.3%).,REV-ALCIDES-AI,2026-09-23,complete,,no,canal-c-02
REC-AIBIOGU-000801,Zhong2023,Predicting prostate cancer in men with PSA levels of 4-10 ng/mL: MRI-based radiomics can help junior radiologists improve the diagnostic performance.,2023,Sci Rep,10.1038/s41598-023-31869-1,prostate,,Retrospective single-center MRI cohort with a temporal split.,own_cohort,"171 men with PSA 4-10 ng/mL at one institution (66 PCa, 105 non-PCa), split by MRI date 7:3 into 119 training and 52 testing patients (January 2019 to June 2021).",52,patients,radiology_imaging,"Radiomics from T2-weighted, diffusion-weighted, and ADC images, compared with PI-RADS v2.1.",diagnostic_prediction,Multivariate logistic regression.,"Quantitative radiomic features from T2WI, DWI, and ADC.",MRI radiomics model for prostate cancer when PSA is 4-10 ng/mL.,diagnostic,AUC,Testing AUC 0.922 versus junior PI-RADS AUC 0.797; training AUC 0.932 versus 0.803; entire-cohort AUC 0.927 versus 0.801.,internal_holdout,Single temporal 7:3 split at one institution. No cross-validation or external site is described.,NR,NR,none_stated,NR,NR,"The radiomics model outperformed a junior reader using PI-RADS v2.1 for gray-zone PSA, with testing AUC 0.922 versus 0.797.",,"Among junior-reader PI-RADS 3 lesions, radiomics AUC was 0.854 (sensitivity 84.62%, specificity 84.34%); for PI-RADS 4-5, AUC was 0.967 (sensitivity 98.11%, specificity 86.36%).",REV-ALCIDES-AI,2026-09-23,complete,,no,canal-c-02
REC-AIBIOGU-000804,Zhong2023,Prediction of prostate tumour hypoxia using pre-treatment MRI-derived radiomics: preliminary findings.,2023,Radiol Med,10.1007/s11547-023-01644-3,prostate,,Retrospective two-centre pre-radiotherapy cohort.,own_cohort,195 men with high-risk prostate cancer treated with radiotherapy at two UK centres (100 and 95); 97 had hypoxic tumors by the Ragnum 32-gene biopsy signature. The cohort was split 156/39.,39,patients,radiology_imaging,Whole-prostate T2-weighted MRI radiomics (PyRadiomics) after histogram standardisation.,diagnostic_prediction,"Ridge regression, selected among six classifiers and five feature-selection methods.",Five T2-weighted texture and wavelet radiomic features from the whole prostate.,MRI radiomics model of biopsy Ragnum hypoxia status.,diagnostic,AUC,Unseen test AUC 0.69 (95% CI 0.14); mean cross-validation AUC 0.71; clinical-only test AUC 0.57.,internal_cv,"Fivefold cross-validation with 20 repeats selected the model, which was then scored on one 80:20 test split of the pooled two-centre cohort. Centres were not held out from each other.",NR,NR,CLAIM,NR,NR,"A ridge radiomics model predicted pre-radiotherapy tumor hypoxia with test AUC 0.69, above a clinical-only test AUC of 0.57.","Imaging and transcriptomics spanned years of changing 1.5 T protocols, and only T2-weighted whole-prostate segmentations were usable.","On the test set, accuracy was 0.72 and sensitivity was 0.74. The clinical use is radiotherapy individualisation through hypoxia status. The DeLong comparison with the clinical model had p=0.35.",REV-ALCIDES-AI,2026-09-23,complete,,no,canal-c-02
REC-AIBIOGU-000811,Li2023,The value of a dual-energy CT Iodine map radiomics model for the prediction of collagen fiber content in the ccRCC tumor microenvironment.,2023,BMC Med Imaging,10.1186/s12880-023-01127-x,kidney_renal,,Retrospective single-center dual-energy CT cohort.,own_cohort,"87 patients with ccRCC at Shandong Qilu Hospital (59 with abundant collagen fibers, 28 with few); random split of 60 training and 27 validation cases.",27,patients,radiology_imaging,"Dual-energy CT iodine-map radiomics, with arterial- and venous-phase models as comparators.",classification_subtyping,"SVM, compared with k-nearest neighbors, logistic regression, random forest, decision tree, and XGBoost; LASSO selected features.",Seven LASSO-selected iodine-map radiomic features.,Iodine-map radiomics classifier of high versus low collagen-fiber content in ccRCC.,other,AUC,Validation AUC 0.722 for SVM; training AUCs 0.997 for random forest and 1.0 for decision tree and XGBoost.,internal_cv,Performance was evaluated with quintuple cross-validation and a random 60/27 split at one center. There is no external cohort.,NR,NR,none_stated,NR,NR,"An iodine-map SVM separated high from low collagen content in ccRCC with validation AUC 0.722, while decision-tree and XGBoost training AUCs reached 1.0.","Single-center study with a small sample, so the model needs assessment in a larger dataset.",Arterial- and venous-phase SVM validation AUCs were 0.698 and 0.741. A separate clinical model of collagen content was also built.,REV-ALCIDES-AI,2026-09-23,complete,,no,canal-c-02
REC-AIBIOGU-000813,Rodrigues2023,Value of handcrafted and deep radiomic features towards training robust machine learning classifiers for prediction of prostate cancer disease aggressiveness.,2023,Sci Rep,10.1038/s41598-023-33339-0,prostate,,Retrospective analysis of a public prostate MRI challenge cohort.,other_public,SPIE-AAPM-NCI PROSTATEx examinations from Radboud University Medical Centre; 181 patients remained after segmentation exclusions (122 clinically insignificant and 59 clinically significant glands).,181,patients,radiology_imaging,"Whole-gland handcrafted radiomics from T2-weighted, high-b DWI, and ADC images, plus deep features from U-Net segmentation models.",diagnostic_prediction,"Random forest or logistic regression, depending on the segmentation strategy, with deep features from U-Net variants.",3111 radiomic features (1037 per sequence) and deep features from whole-gland segmentation networks.,Hybrid radiomic and deep-feature classifier of clinically significant prostate cancer trained to tolerate segmentation differences.,diagnostic,NR,NR,internal_holdout,Hold-out test sets compared seven training strategies on PROSTATEx. Training on randomly resampled radiologist masks had the lowest generalization error.,NR,yes,none_stated,NR,NR,"Training on randomly resampled radiologist masks gave the most robust classifier of clinically significant prostate cancer, whereas removing low-ICC features gave the highest generalization error.",The study is retrospective; the authors recommend a multicenter prospective evaluation of clinical impact.,"A decision threshold of 0.32 was set to keep training sensitivity at least 0.9, and the authors report that the test sets required a lower threshold.",REV-ALCIDES-AI,2026-09-23,needs_review,"Hold-out strategies are compared qualitatively, but no AUC, accuracy, or achieved sensitivity is stated for the selected classifier.",yes,canal-c-02
REC-AIBIOGU-000819,Chen2024,A nomogram based on peripheral lymphocyte for predicting 8-year survival in patients with prostate cancer: a single-center study using LASSO-cox regression.,2024,BMC Cancer,10.1186/s12885-024-11929-z,prostate,,Retrospective single-institution registry cohort.,own_cohort,94 patients with prostate cancer in one Chinese institutional registry.,94,patients,other,Peripheral lymphocyte subset counts plus age and T stage.,prognostic_prediction,LASSO-Cox regression.,"Age, T stage, absolute CD3+CD4+ T-cell count, CD3-CD16+CD56+ NK-cell count, and the CD4/CD8 ratio.",Peripheral-lymphocyte LASSO-Cox nomogram for overall survival.,prognostic,AUC,8-year OS AUC 0.76; 5-year AUC 0.81; 10-year AUC 0.73.,internal_split_only,"The AUCs are reported for the same 94-patient cohort used to fit the nomogram. No hold-out, cross-validation, bootstrap, or external cohort is described.",NR,NR,none_stated,NR,NR,"A five-factor lymphocyte nomogram gave AUCs of 0.81, 0.76, and 0.73 for 5-, 8-, and 10-year overall survival in 94 men with prostate cancer.","Retrospective registry with missing pathology and non-surgical treatment data, no repeated lymphocyte measurements, and a small sample.","Calibration was described as agreeing with observed survival, and decision-curve analysis was presented as clinically useful. A C-index was named as a discrimination measure, but no C-index value is given.",REV-ALCIDES-AI,2026-09-23,needs_review,"The survival AUCs come from the development cohort without a described partition, so optimism is unquantified.",yes,canal-c-02
REC-AIBIOGU-000820,Wei2024,A radiomics-based interpretable machine learning model to predict the HER2 status in bladder cancer: a multicenter study.,2024,Insights Imaging,10.1186/s13244-024-01840-3,bladder_urothelial,,Retrospective four-hospital CT cohort.,own_cohort,"207 urothelial bladder cancers from four hospitals: 154 training patients from the primary center (June 2015-June 2023) and 53 test patients from the other three centers (June 2019-December 2023). HER2-positive 109, HER2-negative 98.",53,patients,radiology_imaging,Nephrographic-phase CT radiomics.,diagnostic_prediction,"Random forest, compared with logistic regression, SVM, k-nearest neighbors, and XGBoost; LASSO for feature selection; SHAP for interpretation.",11 LASSO-selected features from 1218 nephrographic CT radiomic features.,CT radiomics random-forest model of HER2 status in bladder cancer.,diagnostic,AUC,"Test AUC 0.815 for random forest (accuracy 75.5%); other test AUCs were 0.803 (logistic regression), 0.794 (XGBoost), 0.709 (SVM), and 0.679 (k-nearest neighbors).",external_multicenter,The 53-patient test set was enrolled from three centers other than the training hospital.,NR,NR,TRIPOD,NR,NR,A random-forest CT radiomics model predicted bladder-cancer HER2 status with a three-center test AUC of 0.815.,The study is retrospective and the sample is limited.,SHAP attributed predictions mainly to gray-level size-zone and co-occurrence texture features. The endpoint is HER2 status rather than treatment response.,REV-ALCIDES-AI,2026-09-23,complete,,no,canal-c-02
REC-AIBIOGU-000822,Chen2024,An Integrated Machine Learning Framework Identifies Prognostic Gene Pair Biomarkers Associated with Programmed Cell Death Modalities in Clear Cell Renal Cell Carcinoma.,2024,Front Biosci (Landmark Ed),10.31083/j.fbl2903121,kidney_renal,,Retrospective public transcriptomic study with an external microarray cohort.,multiple_public,"TCGA-KIRC training set of 518 patients after clinicopathologic filters, and external E-MTAB-1980 (ArrayExpress) with 101 patients. A separate TCIA CT radiomic score was used to classify CDRGPS status.",101,patients,transcriptomics,Bulk expression gene pairs related to programmed cell death; CT radiomics on TCIA is a secondary classifier of the score.,prognostic_prediction,"Lasso plus random forest, selected from 12 algorithms and 113 combinations by mean C-index.",Programmed cell death-related gene pairs.,CDRGPS (cell death-related gene pair score).,prognostic,C-index,C-index > 0.75 on TCGA-KIRC (n=518) and external E-MTAB-1980 (n=101); combinations were ranked by mean C-index.,external_cohort,E-MTAB-1980 is an independent external microarray cohort. The TCIA radiomic score (AUC 0.813) classifies high versus low CDRGPS and is not the survival validation. In vitro PRSS23 experiments are orthogonal.,upon_request,yes,none_stated,This research received no external funding.,none_declared,"A Lasso-random forest gene-pair score, chosen by mean C-index among 113 combinations, exceeded a C-index of 0.75 for overall survival in TCGA-KIRC and E-MTAB-1980.",,"CDRGPS was reported as more prognostic than seven published cell-death signatures. High-risk patients were described as more responsive to TKIs, mTOR inhibitors, and immunotherapy. The TCIA Rad_Score AUC was 0.813 for high versus low CDRGPS.",REV-ALCIDES-AI,2026-09-23,needs_review,"Survival performance is reported only as a C-index above 0.75, without a point estimate.",yes,canal-c-02
REC-AIBIOGU-000823,Hu2024,Assessing muscle invasion in bladder cancer via virtual biopsy: a study on quantitative parameters and classical radiomics features from dual-energy CT imaging.,2024,BMC Med Imaging,10.1186/s12880-024-01427-w,bladder_urothelial,,Retrospective single-hospital dual-energy CT cohort.,own_cohort,"126 patients with bladder cancer who underwent dual-energy CT urography at one hospital, randomly split 7:3 into 88 training and 38 test patients.",38,patients,radiology_imaging,"Venous-phase dual-energy CT iodine parameters and radiomics from 40, 70, and 100 keV images plus iodine material-decomposition images.",diagnostic_prediction,"Support vector machine for radiomics and logistic regression for normalized iodine concentration, combined in a fusion model.",Normalized iodine concentration and radiomic features from virtual monoenergetic and iodine images.,Fusion of dual-energy CT iodine concentration and multi-image radiomics for muscle-invasive bladder cancer.,diagnostic,AUC,Multi-image radiomics test AUC 0.867; fusion model AUC 0.893; normalized iodine concentration AUC 0.704.,internal_holdout,One random 7:3 split at a single hospital. No cross-validation or external cohort is described.,NR,NR,none_stated,NR,NR,"Multi-image dual-energy CT radiomics predicted muscle invasion with test AUC 0.867, above normalized iodine concentration (AUC 0.704), and a fusion model was reported at AUC 0.893.","Segmentation was manual, dual-energy CT was less available than conventional CT, and imaging was limited to a single mode.",For lesions smaller than 3 cm the fusion model AUC was 0.911. The multi-image model training AUC was 0.943.,REV-ALCIDES-AI,2026-09-23,needs_review,"The abstract places 0.893 next to the phrase difference in AUC, so it is unclear whether 0.893 is the fusion model's test estimate.",yes,canal-c-02
REC-AIBIOGU-000825,Guerra2024,Clinical application of machine learning models in patients with prostate cancer before prostatectomy.,2024,Cancer Imaging,10.1186/s40644-024-00666-y,prostate,,Retrospective surgical cohort with multicenter external validation.,own_cohort,"139 men from Hospital da Luz for training and 55 men from 15 other institutions for external testing, all treated with robotic-assisted radical prostatectomy.",55,patients,radiology_imaging,T2-weighted MRI radiomics plus clinical variables and radiologist semantic features.,diagnostic_prediction,"Machine learning models on clinical, clinical-semantic, clinical-radiomic, and clinical-semantic-radiomic feature sets.","Clinical variables, semantic MRI features, and T2-weighted radiomic features.",Clinical-semantic-radiomic model of pathologic extracapsular extension.,diagnostic,AUC,External clinical-semantic-radiomic AUC 0.928 (n=55); discovery mean AUC 0.880 across 1000 cross-validation splits (n=139).,external_multicenter,"The external test set came from 15 institutions. Discovery AUC was the mean of 1000 cross-validation splits. External scans were still read by the same radiologist, and surgery was by the same surgeon.",NR,upon_request,none_stated,NR,NR,"The model using clinical, semantic, and radiomic features had the highest decision-curve net benefit for extracapsular extension and an external AUC of 0.928.","The sample is small, and external examinations were interpreted by the same radiologist and operated by the same surgeon.","Ranking by AUC favored clinical plus semantic features, whereas ranking by decision curve favored the full three-feature model. The decision supports nerve-sparing versus non-nerve-sparing prostatectomy.",REV-ALCIDES-AI,2026-09-23,complete,,no,canal-c-02
REC-AIBIOGU-000826,Li2024,Comparison in prostate cancer diagnosis with PSA 4-10 ng/mL: radiomics-based model VS. PI-RADS v2.1.,2024,BMC Urol,10.1186/s12894-024-01625-2,prostate,,Retrospective single-center MRI cohort.,own_cohort,"221 men with PSA 4-10 ng/mL at one center (60 with prostate cancer, 161 without); 154 training and 67 validation.",67,patients,radiology_imaging,"ADC and T2-weighted radiomics, compared with PI-RADS v2.1.",diagnostic_prediction,LASSO regression followed by logistic regression.,"10 ADC features, 13 T2WI features, and 7 features in the combined model, drawn from 851 extracted features.",Combined ADC and T2WI radiomics model for PSA 4-10 ng/mL.,diagnostic,AUC,"Validation AUC 0.959 (combined), 0.942 (ADC), and 0.943 (T2WI), versus PI-RADS v2.1 validation AUC 0.853.",internal_holdout,Single-center split into 154 training and 67 validation patients. No external cohort is described.,NR,NR,none_stated,NR,NR,"The combined ADC and T2WI radiomics model reached a validation AUC of 0.959 for prostate cancer at PSA 4-10 ng/mL, above PI-RADS v2.1 (AUC 0.853).",Retrospective single-center study with a relatively small population.,"Training AUCs were 0.979 (combined), 0.945 (ADC), and 0.939 (T2WI); the PI-RADS training AUC was 0.825. Reference pathology was MRI-TRUS fusion targeted biopsy or systematic TRUS biopsy.",REV-ALCIDES-AI,2026-09-23,complete,,no,canal-c-02
REC-AIBIOGU-000827,Peng2024,Contrast-enhanced computed tomography-based radiomics nomogram for predicting HER2 status in urothelial bladder carcinoma.,2024,Front Oncol,10.3389/fonc.2024.1427122,bladder_urothelial,,Retrospective single-institution contrast-enhanced CT cohort.,own_cohort,"124 patients with urothelial bladder carcinoma at one institution (January 2022 to December 2023), split into 100 training and 24 test patients.",24,patients,radiology_imaging,Contrast-enhanced CT radiomics plus clinical predictors of HER2 status.,diagnostic_prediction,"Random forest radiomics model integrated with clinical features; eight classifiers were compared, including SVM, logistic regression, MLP, ExtraTrees, LightGBM, XGBoost, and k-nearest neighbors.",Contrast-enhanced CT radiomic signature and independent clinical predictors.,Clinical-radiomics model of HER2 status in urothelial bladder carcinoma.,diagnostic,AUC,"Clinical-radiomics test AUC 0.857 (accuracy 0.760, sensitivity 0.643, specificity 0.900); random-forest radiomics test AUC 0.814.",internal_holdout,One 100/24 split at a single institution. The radiomics classifier was selected by test-set AUC.,NR,upon_request,none_stated,Guangxi Zhuang Autonomous Region Health and Family Planning Commission (Z20210478 and Z20190813).,NR,A clinical-radiomics model predicted HER2 status in urothelial bladder carcinoma with a test AUC of 0.857.,,"Training clinical-radiomics performance was AUC 0.935, accuracy 0.870, sensitivity 0.881, and specificity 0.854. Random-forest radiomics training AUC was 0.880.",REV-ALCIDES-AI,2026-09-23,complete,,no,canal-c-02
REC-AIBIOGU-000840,Zhao2024,Interpretable machine learning model for predicting clinically significant prostate cancer: integrating intratumoral and peritumoral radiomics with clinical and metabolic features.,2024,BMC Med Imaging,10.1186/s12880-024-01548-2,prostate,,Retrospective single-institution mpMRI cohort with a later temporal validation set.,own_cohort,"350 men with suspicious lesions at one institution (173 csPCa, 177 non-csPCa): training 191, testing 83, and temporal validation 76.",76,patients,radiology_imaging,"Intratumoral and peritumoral T2-weighted and ADC radiomics, clinicoradiologic features, and MR spectroscopy.",diagnostic_prediction,"XGBoost, with recursive feature elimination for the radiomic scores and SHAP interpretation.","An intratumoral radiomic score from 10 features, a peritumoral score from 16 features, clinicoradiologic variables, and MRS metabolites.","Combined intratumoral, peritumoral, clinical, and spectroscopic model for clinically significant prostate cancer.",diagnostic,AUC,"Temporal-validation AUC 0.940 (accuracy 0.895); testing-set AUC 0.968 (accuracy 0.928, sensitivity 0.932, specificity 0.923).",internal_holdout,A random testing set (n=83) and a later temporal validation set (n=76) came from the same institution. There is no external site.,NR,NR,none_stated,NR,NR,"The combined radiomic, clinical, and spectroscopic XGBoost model detected csPCa with temporal-validation AUC 0.940 and testing AUC 0.968.",The study is single-center and retrospective.,The stated clinical aim is to avoid unnecessary biopsies. Testing-set F1 was 0.927.,REV-ALCIDES-AI,2026-09-23,complete,,no,canal-c-02
REC-AIBIOGU-000847,Sun2024,Machine learning based on radiomics features combing B-mode transrectal ultrasound and contrast-enhanced ultrasound to improve peripheral zone prostate cancer detection.,2024,Abdom Radiol (NY),10.1007/s00261-023-04050-5,prostate,,Prospective single-center transrectal ultrasound cohort.,own_cohort,"166 peripheral-zone lesions (72 benign, 94 malignant) in men prospectively enrolled at Aerospace Central Hospital from January 2021 to August 2022; 176 inpatients were screened.",NR,samples,radiology_imaging,"B-mode transrectal ultrasound and contrast-enhanced ultrasound radiomics, plus clinical and time-intensity-curve features.",diagnostic_prediction,Multivariable logistic regression.,"32 radiomic features from B-mode and contrast-enhanced ultrasound, plus age, PSAD, total PSA, and rise time.","Combined B-mode, contrast-enhanced ultrasound radiomics, and risk-factor model for peripheral-zone prostate cancer.",diagnostic,AUC,Validation combined-model AUC 0.89; risk-factor model AUC 0.84; B-mode plus CEUS AUC 0.83; B-mode AUC 0.79; CEUS AUC 0.78.,internal_holdout,"A validation cohort is reported separately from a training cohort at the same hospital, but the validation headcount is not stated.",NR,NR,none_stated,NR,NR,"Adding B-mode and contrast-enhanced ultrasound radiomics to age, PSAD, total PSA, and rise time gave a validation AUC of 0.89 for peripheral-zone prostate cancer.",,"Age, PSAD, total PSA, and rise time were independent predictors. Targeted biopsy was the reference. The full series contains 166 lesions.",REV-ALCIDES-AI,2026-09-23,needs_review,The validation AUC of 0.89 is not tied to a printed validation-cohort size; 166 is the total lesion count.,yes,canal-c-02
REC-AIBIOGU-000849,Vizza2024,Machine learning pipeline to analyze clinical and proteomics data: experiences on a prostate cancer case.,2024,BMC Med Inform Decis Mak,10.1186/s12911-024-02491-6,prostate,,Retrospective clinical-proteomic pipeline applied to two prostate datasets.,own_cohort,"A two-year project produced a serum dataset, stated as 143 samples (79 prostate cancer and 84 benign prostatic hyperplasia), and a urine dataset of 121 samples (67 prostate cancer and 54 benign prostatic hyperplasia).",143,samples,proteomics,Mass-spectrometry proteomics integrated with serum or urine clinical biomarkers.,diagnostic_prediction,"Feature selection, multiple classifiers, and a voting ensemble, evaluated with 10-fold cross-validation.","Blood analytes, mass-spectrometry peptides, and urine biomarkers.",Ensemble proteomic-clinical classifier of prostate cancer versus benign prostatic hyperplasia.,diagnostic,AUC,"Serum 10-fold CV AUC 0.87 (accuracy 0.83, sensitivity 0.84, specificity 0.81); urine 10-fold CV AUC 0.88 (accuracy 0.83, sensitivity 0.85, specificity 0.80).",internal_cv,Ten-fold cross-validation was run inside each dataset. No external cohort is described.,yes,NR,none_stated,NR,NR,"The same selection, training, and voting pipeline separated prostate cancer from benign hyperplasia with 10-fold AUCs of 0.87 in serum and 0.88 in urine.",,"Six serum peptides and two urine peptides were highlighted. The pipeline code was released on GitHub. The stated serum subgroup counts, 79 and 84, sum to 163 rather than 143.",REV-ALCIDES-AI,2026-09-23,needs_review,"The serum analytic size is internally inconsistent: 143 samples are stated, while 79 prostate cancer and 84 benign cases sum to 163.",yes,canal-c-02
REC-AIBIOGU-000853,Chen2024,Multi-sequence MRI-based radiomics model to preoperatively predict the WHO/ISUP grade of clear Cell Renal Cell Carcinoma: a two-center study.,2024,BMC Cancer,10.1186/s12885-024-12930-2,kidney_renal,,Retrospective two-center MRI cohort.,own_cohort,334 patients with ccRCC from two centers. Center 2 supplied the external validation set (n=131); Center 1 was split 7:3 for development.,131,patients,radiology_imaging,"Dynamic contrast-enhanced MRI, axial fat-suppressed T2-weighted imaging, diffusion-weighted imaging, and in-phase/out-of-phase images.",diagnostic_prediction,"Logistic regression for the radiomics and combined models, with seven other classifiers compared and 10-fold cross-validation of the combined logistic model.",A multi-sequence MRI radiomic score plus intra-tumoral vessels.,Combined clinical-radiomics model of high versus low WHO/ISUP grade in ccRCC.,diagnostic,AUC,External combined-model AUC 0.855; external radiomics AUC 0.834; external clinical AUC 0.762.,external_cohort,"External validation is a second center (n=131). Ten-fold cross-validation of the combined logistic model produced AUCs of 0.849-0.856. The external cohort is ccRCC, so the level is not downgraded.",NR,NR,none_stated,NR,NR,"A multi-sequence MRI radiomics model plus intra-tumoral vessels predicted high-grade ccRCC with external AUC 0.855, above the clinical model (AUC 0.762).","Even with two centers, the sample is small and imbalanced between high and low grade, and the design is retrospective.",Intra-tumoral vessels were the independent clinical predictor. Decision-curve net benefit favored the combined model between risk thresholds 0.04 and 0.54. The Delong p-value versus the clinical model was 0.003.,REV-ALCIDES-AI,2026-09-23,complete,,no,canal-c-02
REC-AIBIOGU-000856,Mylona2024,"Optimizing radiomics for prostate cancer diagnosis: feature selection strategies, machine learning classifiers, and MRI sequences.",2024,Insights Imaging,10.1186/s13244-024-01783-9,prostate,,Retrospective multicenter MRI benchmark with a public external dataset.,multiple_public,"ProstateNET, 465 patients from 12 centers and multiple vendors, for development; ProstateX2, 204 patients, for external validation. ProstateX2 lesion masks are public.",204,patients,radiology_imaging,"Biparametric MRI radiomics from T2-weighted images, ADC maps, or both (1246 features per sequence).",diagnostic_prediction,"Boosted generalized linear model with Boruta in nested cross-validation and with L1-lasso on external testing; SVM, random forest, and LASSO were also compared across 10 feature-selection methods.","Radiomic features from T2-weighted images, ADC maps, or their combination.",Biparametric MRI radiomics classifier of clinically significant prostate cancer.,diagnostic,AUC,"External AUC 0.71 (L1-lasso plus boosted GLM, F1 0.47); nested cross-validation AUC 0.71 (Boruta plus boosted GLM, F1 0.76).",external_cohort,"Nested cross-validation was performed on ProstateNET (n=465), and external testing used ProstateX2 (n=204). The best external pipeline was not the best nested-CV pipeline. In total, 480 models were compared.",NR,yes,none_stated,NR,NR,"Across 480 biparametric MRI radiomics pipelines, the best external model reached AUC 0.71 on ProstateX2, the same AUC as the best nested cross-validation model on ProstateNET.",,"ADC-derived features discriminated better than T2-weighted features, and the feature-selection method mattered more than the classifier. Public ProstateX2 masks are at github.com/rcuocolo/PROSTATEx_masks; that repository holds masks rather than the analysis code.",REV-ALCIDES-AI,2026-09-23,complete,,no,canal-c-02
REC-AIBIOGU-000858,Wang2024,Predicting first-line VEGFR-TKI resistance and survival in metastatic clear cell renal cell carcinoma using a clinical-radiomic nomogram.,2024,Cancer Imaging,10.1186/s40644-024-00792-7,kidney_renal,,Retrospective single-center CT cohort of metastatic ccRCC.,own_cohort,110 patients with metastatic ccRCC treated with first-line VEGFR-TKI from 2009 to 2019 at one center; 77 training and 33 test patients.,33,patients,radiology_imaging,Baseline contrast-enhanced CT radiomics (1316 features) plus clinical factors.,treatment_response_prediction,LASSO radiomic score combined with clinical factors in a nomogram.,"LASSO radiomic score plus T stage, N stage, and IMDC score.",Clinical-radiomic nomogram for early VEGFR-TKI resistance.,predictive_response,AUC,Test combined-nomogram AUC 0.88 (accuracy 0.818); test radiomic AUC 0.79; test clinical AUC 0.77.,internal_holdout,"Single-center assignment to 77 training and 33 test patients. No cross-validation is described, and the authors state that an external cohort is still needed.",NR,upon_request,none_stated,NR,NR,A clinical-radiomic nomogram predicted early VEGFR-TKI resistance in metastatic ccRCC with a test AUC of 0.88.,"Single-center retrospective series, very few IMDC favorable-risk patients in the split, and overall survival influenced by later treatment.","Training AUCs were 0.83 for the combined nomogram, 0.81 for radiomics, and 0.75 for the clinical model. A nomogram score of at least 1.18 had training hazard ratios of 0.22 for progression-free survival and 0.38 for overall survival.",REV-ALCIDES-AI,2026-09-23,complete,,no,canal-c-02
REC-AIBIOGU-000859,Yang2024,Prediction of clear cell renal cell carcinoma ≤ 4cm: visual assessment of ultrasound characteristics versus ultrasonographic radiomics analysis.,2024,Front Oncol,10.3389/fonc.2024.1298710,kidney_renal,,Retrospective ultrasound cohort with external validation at two hospitals.,own_cohort,"302 small renal tumors (maximum diameter at most 4 cm; 182 ccRCC and 120 angiomyolipomas) at Tianjin Medical University Cancer Institute and Hospital, split 7:3 for training and internal validation. The external set comprised 69 patients from 230 tumors at Tianjin First Central Hospital and Tianjin Occupational Disease Hospital.",69,patients,radiology_imaging,"Ultrasound radiomics extracted with PyRadiomics, plus clinical ultrasound features; contrast-enhanced CT was the comparator.",diagnostic_prediction,Random forest.,Nine ultrasound radiomic features and clinical ultrasound characteristics.,Comprehensive ultrasound clinical-radiomics model separating small ccRCC from angiomyolipoma.,diagnostic,AUC,"External comprehensive-model AUC 0.90 (sensitivity 85.0%, specificity 85.5%); external radiomics AUC 0.89; external clinical ultrasound AUC 0.73; external contrast-enhanced CT AUC 0.91.",external_multicenter,"External patients came from two hospitals that were not used for training. Internal validation was a 7:3 random split of the index center, where the comprehensive-model AUC was 0.88.",NR,NR,none_stated,NR,NR,"A random-forest ultrasound radiomics model separated small ccRCC from angiomyolipoma with external AUC 0.90, close to contrast-enhanced CT (AUC 0.91).",The cases were collected retrospectively.,"Internal contrast-enhanced CT AUC was 0.90. The external DeLong comparison of the comprehensive model with contrast-enhanced CT was Z=-0.252, P=0.801.",REV-ALCIDES-AI,2026-09-23,complete,,no,canal-c-02
REC-AIBIOGU-000860,Pan2024,Prediction of prostate cancer aggressiveness using magnetic resonance imaging radiomics: a dual-center study.,2024,Discov Oncol,10.1007/s12672-024-00980-8,prostate,,Retrospective dual-center MRI cohort.,own_cohort,"218 men with biopsy-proven prostate cancer from Gansu Provincial Hospital (training n=117, internal validation n=50) and Zhangye People's Hospital (external n=51).",51,patients,radiology_imaging,Small-field-of-view high-resolution T2-weighted imaging and delayed post-contrast MRI radiomics.,diagnostic_prediction,"Logistic regression, chosen among support vector machine, linear discriminant analysis, logistic regression, and LASSO logistic regression.",11 radiomic features for Gleason score and 5 features for positive systematic-biopsy cores.,MRI radiomics model of Gleason score greater than 7 versus 7 or lower.,diagnostic,AUC,"Gleason-score external AUC 0.717 (training 0.811, internal validation 0.814); positive-needle external AUC 0.791 (training 0.806, internal validation 0.811).",external_cohort,Center B (n=51) is one external hospital. Center A was randomly split 7:3 into training (n=117) and internal validation (n=50).,NR,NR,none_stated,NR,NR,T2-weighted and delayed-contrast radiomics predicted Gleason score above 7 with external AUC 0.717 and a high positive-core burden with external AUC 0.791.,"The study is retrospective, the sample remains small despite an external set, and DWI, ADC, and lesion-based segmentation were not used.",Positive-needle count is a second endpoint built with the same imaging pipeline. Gleason score above 7 accounted for 152 of 218 patients.,REV-ALCIDES-AI,2026-09-23,complete,,no,canal-c-02
REC-AIBIOGU-000868,Wu2024,Radiomics predicts the prognosis of patients with clear cell renal cell carcinoma by reflecting the tumor heterogeneity and microenvironment.,2024,Cancer Imaging,10.1186/s40644-024-00768-7,kidney_renal,,Retrospective three-hospital CT cohort with a TCGA imaging validation set.,public_plus_own,512 patients with ccRCC from three hospitals (358 derivation and 154 held-out test cases) plus 96 TCGA-KIRC/TCIA cases used to validate the deep-learning radiomics score. Matching TCGA sequencing compared tumor heterogeneity and the microenvironment.,154,patients,radiology_imaging,Contrast-enhanced CT deep-learning radiomics (3566 features from 3D regions of interest) plus clinicopathology.,prognostic_prediction,"Deep-learning radiomics score combined with clinicopathologic variables in a Cox model, interpreted with SHAP.",Deep-learning radiomics features and postoperative clinicopathologic factors.,Combined deep-learning radiomics and clinicopathologic model for overall survival after surgery.,prognostic,AUC,"Internal test combined-model AUC 0.879, 0.854, and 0.831 for 1-, 3-, and 5-year overall survival.",external_cohort,"Inside the three-hospital cohort, 358 patients were used for derivation and 154 were held out as the test cohort that carries the quoted AUCs. The score was also applied to TCGA-KIRC/TCIA (n=96), which covers ccRCC.",NR,no,none_stated,NR,NR,"A CT deep-learning radiomics score independently predicted overall survival, and the combined model had internal-test AUCs of 0.879, 0.854, and 0.831 at 1, 3, and 5 years.","The sample was limited, the link between radiomics and prognosis needs further validation, and the authors call for a multicenter prospective cohort.","In the same test cohort, the radiomics score alone had AUCs of 0.814, 0.796, and 0.782 for 1-, 3-, and 5-year overall survival. High- and low-score groups differed in tumor-cell heterogeneity and the microenvironment on TCGA sequencing.",REV-ALCIDES-AI,2026-09-23,needs_review,"The quoted AUCs belong to the internal test cohort of 154 patients. Application to TCGA-KIRC is described, but those external AUC figures are absent, so external performance is incomplete.",yes,canal-c-02
REC-AIBIOGU-000872,Han2024,The value of radiomics based on 2-[18 F]FDG PET/CT in predicting WHO/ISUP grade of clear cell renal cell carcinoma.,2024,EJNMMI Res,10.1186/s13550-024-01182-7,kidney_renal,,Retrospective single-center FDG PET/CT cohort.,own_cohort,"209 patients with 214 ccRCC lesions (141 low grade, 73 high grade) scanned with 2-[18F]FDG PET/CT from December 2016 to December 2023 and randomly split 7:3.",NR,samples,radiology_imaging,"FDG PET/CT radiomics at SUVmax thresholds of 0, 2.5%, 25%, and 40%.",diagnostic_prediction,"Minimum-redundancy maximum-relevance and LASSO models for clinical, radiomics, and combined predictors.","PET radiomic features inside a 40% SUVmax contour, plus clinical variables.",PET radiomics model at a 40% SUVmax threshold for WHO/ISUP grade in ccRCC.,diagnostic,AUC,PET-40% testing AUC 0.882 (95% CI 0.786-0.979); training AUC 0.887 (95% CI 0.826-0.948).,internal_holdout,Lesions were randomly split 7:3 at one center. The testing-group headcount is not stated. There is no external cohort.,NR,NR,none_stated,NR,NR,Radiomics from the 40% SUVmax PET volume predicted high versus low WHO/ISUP grade with a testing AUC of 0.882.,"The study is retrospective, monocentric, and based on a small sample.","Testing AUCs were 0.878, 0.876, and 0.871 for the 0, 2.5%, and 25% SUVmax contours. Clinical and radiomics training AUCs were 0.859 and 0.909. A combined-model AUC of 0.916 is reported for the training group.",REV-ALCIDES-AI,2026-09-23,needs_review,"Testing AUC 0.882 follows a 7:3 split of 214 lesions, but the testing-group size itself is not stated.",yes,canal-c-02
REC-AIBIOGU-000874,Fang2024,Ultrasound-based deep learning radiomics nomogram for risk stratification of testicular masses: a two-center study.,2024,J Cancer Res Clin Oncol,10.1007/s00432-023-05549-6,testicular_gct,,"Retrospective two-center cohort of testicular masses, with a random internal split and a separate external hospital.",own_cohort,"First Affiliated Hospital of Guangxi Medical University (training 158, internal validation 68) and Baise People's Hospital (external test 49), January 2018 to April 2023.",49,patients,radiology_imaging,"Preoperative grayscale ultrasound, one maximal cross-section per lesion.",diagnostic_prediction,"LASSO with 10-fold cross-validation for feature selection, then logistic regression for a deep-learning radiomics signature and a clinical nomogram.","Ultrasound radiomics and deep-learning features, plus clinical variables including AFP, beta-HCG, and Doppler flow.",Clinical deep-learning radiomics (CDLR) nomogram for testicular masses.,diagnostic,AUC,External-test AUC 0.835 for tumor versus non-tumor and 0.834 for malignant versus benign; internal-validation AUC 0.909 and 0.851.,external_cohort,Center 1 was split 7:3 into training and internal validation. Center 2 (n=49) was the external test. Ten-fold cross-validation was used only inside LASSO.,NR,NR,none_stated,NR,NR,"The CDLR nomogram separated testicular tumors from non-tumors and malignant from benign masses on an external ultrasound cohort, ahead of the clinical model, imaging signature, and two radiologists.","The study is retrospective, so selection bias is expected, and ultrasound examinations by different operators can introduce error.",Decision-curve analysis favored the CDLR nomogram over the clinical and deep-learning radiomics models.,REV-ALCIDES-AI,2026-09-23,complete,,no,canal-c-03
REC-AIBIOGU-000877,Nai2024,Using apparent diffusion coefficient maps and radiomics to predict pathological grade in upper urinary tract urothelial carcinoma.,2024,BMC Med Imaging,10.1186/s12880-024-01540-w,bladder_urothelial,,Retrospective single-institution cohort of upper-tract urothelial carcinoma with a random train-test split.,own_cohort,"Peking University First Hospital; 215 patients after radical nephroureterectomy (training 151, test 64), MRI from 2010 to 2023 on scanners from eight vendors.",64,patients,radiology_imaging,ADC maps derived from multiparametric MRI diffusion-weighted imaging.,diagnostic_prediction,Gradient boosting on two radiomic features; 5-fold cross-validation on the training set was used to select the model.,1070 PyRadiomics features from the ADC volume; retained features were log-sigma GLCM ClusterProminence and wavelet-LLL first-order 10th percentile.,Two-feature ADC radiomics model for high- versus low-grade upper-tract urothelial carcinoma.,diagnostic,AUC,Test-set AUC 0.786 (95% CI 0.651-0.921); training-set AUC 1.000. Mean-ADC test AUC 0.628.,internal_holdout,Single-center 7:3 split. Five-fold cross-validation selected the model on the training set; the reported AUC is the held-out test set. No external cohort.,NR,NR,none_stated,NR,NR,"An ADC radiomics model graded upper-tract urothelial carcinoma better than mean ADC on the internal test set, although that difference was not significant (DeLong p=0.071).",Authors cite inherent design bias and state that larger samples and external validation are required.,A mean-ADC cutoff above 1313 x 10^-6 mm^2/s had training sensitivity 50.4% and specificity 89.3%. Low-grade cases were upsampled before training.,REV-ALCIDES-AI,2026-09-23,complete,,no,canal-c-03
REC-AIBIOGU-000881,Pasini2025,A Robust [<sup>18</sup>F]-PSMA-1007 Radiomics Ensemble Model for Prostate Cancer Risk Stratification.,2025,J Imaging Inform Med,10.1007/s10278-024-01281-w,prostate,,"Retrospective single-center cohort evaluated by repeated cross-validation, without an external test set.",own_cohort,"Cannizzaro Hospital, Catania; 143 biopsy-confirmed prostate cancers with [18F]-PSMA-1007 PET/CT from October 2021 to April 2023 (72 high-risk, 71 low-risk).",143,patients,radiology_imaging,[18F]-PSMA-1007 PET radiomics from manually contoured intraprostatic disease.,risk_stratification,"LASSO feature selection and an ensemble of neural network, discriminant analysis, and SVM, tuned with five-fold cross-validation over 30 iterations.","1781 IBSI-compliant PET radiomics features; the selected ensemble used robust plus fine-tuning subsets, mostly wavelet and Laplacian-of-Gaussian texture.",Ensemble PSMA-PET radiomics signature for high- versus low-risk prostate cancer (Gleason 4+3 or higher versus 3+3 or 3+4).,risk_stratification,AUC,"Mean AUC 0.8575 and mean accuracy 79.52% for the robust-plus-fine-tuning ensemble, averaged over 30 iterations.",internal_cv,Five-fold cross-validation repeated 30 times on one center. Authors state there is no external test set.,NR,NR,none_stated,NR,NR,A PSMA PET radiomics ensemble separated high- from low-risk prostate cancer with mean AUC 0.8575 in internal cross-validation.,"Single-center design, manual segmentation, small cohort, no external test set, and a biopsy rather than prostatectomy reference standard.","Before ensembling, SVM had the highest average AUC among single classifiers (0.7626).",REV-ALCIDES-AI,2026-09-23,complete,,no,canal-c-03
REC-AIBIOGU-000882,Ghaderi2025,A multi-modal deep learning framework for predicting PSA progression-free survival in metastatic prostate cancer using PSMA PET/CT imaging,2025,,10.1101/2025.07.12.25331141,prostate,,Retrospective single-institution cohort with five-fold cross-validation. medRxiv preprint.,own_cohort,One academic institution; 99 patients with metastatic prostate cancer and 396 Ga-68 PSMA-11-positive lesions. Median follow-up 22.4 months.,99,patients,radiology_imaging,Lesion-cropped PSMA PET and CT fused with clinical variables.,prognostic_prediction,3D ResNet-18 with a Cox proportional-hazards loss. Clinical inputs were preselected with LASSO Cox. ResNet-18 was the best backbone tested.,"Cropped PSMA PET/CT lesion volumes plus 12 clinical features, including BMI, ECOG, PSA, Gleason score, stage, castration status, and treatment.",Multimodal PSMA PET/CT deep-learning score for PSA progression-free survival.,prognostic,C-index,Five-fold C-index 0.75-0.94 for the multimodal model; imaging-only 0.70-0.89; clinical-only 0.53-0.65.,internal_cv,Five-fold cross-validation at one institution. No external cohort. Model-based risk groups had median PSA progression-free survival of 19.7 versus 26 months (P<0.001).,NR,NR,none_stated,NR,NR,A multimodal ResNet-18 using PSMA PET/CT and clinical features predicted PSA progression-free survival better than imaging-only or clinical-only models.,,High- versus low-risk groups from the deep-learning score separated PSA progression-free survival (median 19.7 versus 26 months).,REV-ALCIDES-AI,2026-09-23,complete,"The source is a medRxiv preprint, and performance is reported as a cross-validation range rather than one pooled C-index.",no,canal-c-03
REC-AIBIOGU-000886,Deng2025,A novel MRI-based habitat analysis and deep learning for predicting perineural invasion in prostate cancer: a two-center study.,2025,BMC Cancer,10.1186/s12885-025-14759-9,prostate,,Retrospective two-center cohort with an internal split at the first center and an external cohort from the second.,own_cohort,"Tongde Hospital of Zhejiang Province (training 173, internal validation 74) and Taizhou First People's Hospital (external 150), prostate cancer diagnosed January 2018 to December 2022.",150,patients,radiology_imaging,"mpMRI habitats on T2-weighted, diffusion-weighted, and ADC images.",diagnostic_prediction,"ResNet-101 deep features, minimum-redundancy maximum-relevance, and LASSO with 10-fold cross-validation. K-means defined three habitats. A clinical logistic model was combined with habitat scores.","Deep features from T2-weighted, diffusion-weighted, and ADC habitats, plus age, MRI T stage, and PI-RADS.",mpMRI habitat deep-learning radscore and a combined clinical-habitat model for perineural invasion.,diagnostic,AUC,"Habitat-model external AUC 0.859-0.939; clinical-model external AUC 0.789; combined-model training AUC 0.999 (sensitivity 1, specificity 0.955).",external_cohort,Center 1 was randomized 7:3 into training and internal validation. Center 2 (n=150) was external. External AUCs are given for habitat and clinical models.,NR,NR,none_stated,NR,NR,"Habitat deep-learning models predicted perineural invasion on an external mpMRI cohort (AUC 0.859-0.939). The combined model is presented as superior, with a training AUC of 0.999.","Analyzing the tumor as one region is said to lose heterogeneity information, and habitat borders remain difficult to define without subjective radiologist judgment.","Age (OR 0.92), MRI T stage (OR 1.83), and PI-RADS (OR 3.12) were independent clinical predictors. Decision-curve analysis was reported for the combined model.",REV-ALCIDES-AI,2026-09-23,needs_review,"The combined model is given a training AUC of 0.999. External discrimination is printed for the habitat models and the clinical model, so the external estimate for the combined model is uncertain.",yes,canal-c-03
REC-AIBIOGU-000887,Wu2025,A predictive model for WHO/ISUP pathologic grading of renal clear cell carcinoma based on CT radiomics: a multicenter study.,2025,BMC Nephrol,10.1186/s12882-025-04268-z,kidney_renal,,Retrospective multicenter cohort with internal development at one cancer hospital and external cases from three other hospitals.,own_cohort,"Zhejiang Cancer Hospital (104 patients) plus Hangzhou First People's Hospital, Zhejiang Provincial People's Hospital, and Quzhou People's Hospital (65 external cases), November 2017 to February 2022. Overall 169 clear-cell RCCs (93 low grade, 76 high grade).",65,patients,radiology_imaging,Corticomedullary-phase contrast-enhanced CT.,diagnostic_prediction,"Random forest on six radiomic features, with logistic regression for clinical predictors. Nested 5-fold cross-validation and mRMR were used for feature selection.","2264 CT radiomic features reduced to six, plus tumor size, hemorrhage, and tumor thrombus.",Combined CT radiomics and clinical-imaging model for WHO/ISUP grade of clear-cell RCC (grades I-II versus III-IV).,diagnostic,AUC,"Combined-model AUC 0.895 in training, 0.885 in validation, and 0.860 in the external cohort. Radiomics-only training AUC 0.873; clinical-imaging training AUC 0.712.",external_multicenter,Development used the primary center with an internal train-validation partition and nested 5-fold cross-validation for feature selection. Sixty-five patients from three other hospitals were the external cohort.,NR,NR,none_stated,NR,NR,"A CT radiomics-clinical model predicted high versus low WHO/ISUP grade in clear-cell RCC with external AUC 0.860, above the clinical-imaging model.","The multicenter sample is small, especially for grades III and IV; grade groups are imbalanced; radiomics used only the cortical phase.",DeLong tests: combined versus clinical-imaging Z=3.023 (P=0.002); combined versus radiomics Z=1.627 (P=0.103). Decision-curve net benefit spanned thresholds 0.1-0.84.,REV-ALCIDES-AI,2026-09-23,complete,,no,canal-c-03
REC-AIBIOGU-000890,Wu2025,An MRI radiomics model for predicting a prostate-specific antigen response following abiraterone treatment in patients with metastatic castration-resistant prostate cancer.,2025,Front Oncol,10.3389/fonc.2025.1491848,prostate,,Retrospective two-hospital cohort randomly split into training and validation rather than held out by site.,own_cohort,Sixty patients with metastatic castration-resistant prostate cancer treated with abiraterone at two hospitals; training n=48 and validation n=12. Thirty-nine PSA responders and 21 non-responders.,12,patients,radiology_imaging,"Biparametric MRI radiomics from T2-weighted, diffusion-weighted, and ADC images.",treatment_response_prediction,LASSO radiomics signature combined with a clinical Cox nomogram.,"Seven radiomic features from T2-weighted, diffusion-weighted, and ADC images, plus clinical factors including ISUP grade.",Biparametric MRI Rad-score and combined nomogram for PSA response to abiraterone.,predictive_response,AUC,Integrated-model validation AUC 0.875 (95% CI 0.564-0.991); training AUC 0.889 (95% CI 0.764-0.961); Rad-score HR 2.21 (95% CI 1.01-4.44).,internal_holdout,"Patients from two hospitals were randomized 48/12 into one validation split. Site-wise AUCs are tabulated (institution I 0.889, institution II 0.817) but sites were not held out as an external test.",NR,NR,none_stated,"No financial support was received for the research, authorship, or publication.","YX and FS were employed by Shanghai United Imaging Intelligence Co., Ltd. The remaining authors declared no commercial or financial conflicts.","A biparametric MRI radiomics-clinical model predicted PSA response to abiraterone with validation AUC 0.875, and the Rad-score independently predicted response (HR 2.21).",,T2-weighted imaging alone had validation AUC 0.778. On 12 validation patients the integrated model had sensitivity 75% and specificity 100%.,REV-ALCIDES-AI,2026-09-23,complete,"The validation cohort has 12 patients, and the AUC confidence interval is wide (0.564-0.991).",no,canal-c-03
REC-AIBIOGU-000891,Zhang2025,An interpretable CT-based deep learning model for predicting overall survival in patients with bladder cancer: a multicenter study.,2025,NPJ Precis Oncol,10.1038/s41698-025-01083-5,bladder_urothelial,,"Retrospective multicenter prognostic study with three independent validation sets, including TCGA.",public_plus_own,"Own CT cohorts: training n=765, validation cohort 1 n=438, validation cohort 2 n=181; TCGA n=72. Centers include the Affiliated Hospital of Qingdao University and Guangdong Provincial People's Hospital.",438,patients,radiology_imaging,Preoperative nephrographic-phase contrast-enhanced CT.,prognostic_prediction,Interpretable CT deep-learning model (BCDL) with SHAP pixel attributions. The network name is not stated.,"Nephrographic-phase CT of the bladder tumor. Clinical Cox covariates included age, tumor contour, and size.","BCDL score for overall survival, used to define high- and low-risk groups.",prognostic,C-index,C-index 0.621 (95% CI 0.539-0.700) in validation cohort 1 (n=438); 0.682 (95% CI 0.602-0.763) in validation cohort 2 (n=181); 0.701 (95% CI 0.575-0.817) in TCGA (n=72).,external_multicenter,"The model was trained on 765 patients and tested in two independent clinical cohorts and TCGA. n_analytic is validation cohort 1, the largest external clinical set supporting the lead C-index.",yes,upon_request,none_stated,NR,NR,"A preoperative CT deep-learning score stratified bladder-cancer overall survival in three external cohorts (C-index 0.621, 0.682, and 0.701), and adjuvant therapy was associated with longer survival in the high-risk group.","Prospective validation is still needed beyond the Chinese cohorts and TCGA. The endpoint is overall survival only, variant histologies were not stratified, and only nephrographic-phase CT was used.",Adjuvant therapy was associated with better overall survival in high-risk patients (p=0.028). RNA sequencing linked the high-risk group to an immunosuppressive microenvironment. Code: https://github.com/zyzlw16/Bladder.,REV-ALCIDES-AI,2026-09-23,complete,,no,canal-c-03
REC-AIBIOGU-000892,Ren2025,An interpretable contrast-enhanced CT radiomics-based pipeline incorporating automatic segmentation for predicting ISUP grade group in ccRCC.,2025,BMC Med Imaging,10.1186/s12880-025-01984-8,kidney_renal,,Retrospective single-center cohort with a train-test split and no external validation.,own_cohort,"Hangzhou TCM Hospital Affiliated to Zhejiang Chinese Medical University; 276 clear-cell RCCs with preoperative contrast-enhanced CT (training 193, test 83).",83,patients,radiology_imaging,Corticomedullary-phase contrast-enhanced CT with automatic tumor segmentation.,diagnostic_prediction,"Recursive feature elimination with cross-validation across five classifiers, then radiomics, clinical, and combined models. The five classifier names are not listed.","Radiomic features from automatically segmented corticomedullary-phase tumors, plus clinical variables.",Combined clinical-radiomics model for ISUP grade group in clear-cell RCC (1-2 versus 3-4).,diagnostic,AUC,Combined-model test AUC 0.834 (95% CI 0.737-0.931); training AUC 0.907 (95% CI 0.868-0.947). Test radiomics AUC 0.796; test clinical AUC 0.698.,internal_holdout,"Single-center split of 193 training and 83 test patients. Cross-validation was used inside feature elimination, not as the reported test. Authors state there is no external validation.",NR,NR,none_stated,NR,NR,"An interpretable CT radiomics pipeline with automatic segmentation predicted ISUP grade group with test AUC 0.834, above the clinical model.","Retrospective single-center sample without external validation, and the analysis was limited to the tumor region.","On the test set the combined model was not significantly better than radiomics alone (p=0.328). SHAP, calibration, and decision-curve analysis were reported.",REV-ALCIDES-AI,2026-09-23,complete,,no,canal-c-03
REC-AIBIOGU-000893,Xiao2025,An interpretable machine learning model based on CT imaging for predicting lymphovascular invasion and survival in bladder urothelial carcinoma: a multicenter study.,2025,BMC Med Imaging,10.1186/s12880-025-02060-x,bladder_urothelial,,"Retrospective three-center cohort, with one hospital for training and two hospitals pooled as the test set.",own_cohort,495 patients undergoing radical cystectomy for urothelial carcinoma. Hospital 1 training n=400; Hospital 2 n=56 and Hospital 3 n=39 formed the test set.,95,patients,radiology_imaging,Preoperative contrast-enhanced CT with manual tumor segmentation.,diagnostic_prediction,"LASSO feature selection and an SVM trained with five-fold cross-validation, then a combined model with clinical factors. SHAP was used for interpretation.",CT radiomic shape and texture features plus clinical risk factors.,Combined CT radiomics-clinical model for lymphovascular invasion in bladder urothelial carcinoma.,diagnostic,AUC,Combined-model test AUC 0.901 and training AUC 0.952 (95% CI 0.914-0.983). SVM-only test AUC 0.872 (95% CI 0.789-0.944).,external_multicenter,Training and five-fold cross-validation used Hospital 1 (n=400). Hospitals 2 and 3 (56 and 39 patients) were the external test set. n_analytic is that pooled test set.,NR,NR,none_stated,NR,NR,"A CT radiomics-clinical model predicted lymphovascular invasion with test AUC 0.901, and patients predicted to be invasion-negative had better disease-free survival.",The study is retrospective and based on historical cases.,"The SVM test set had accuracy 0.832, sensitivity 0.591, and specificity 0.904. Predicted lymphovascular-invasion status separated disease-free survival.",REV-ALCIDES-AI,2026-09-23,complete,,no,canal-c-03
REC-AIBIOGU-000894,Hu2025,An unsupervised learning model that integrates clinical and MRI radiomics features outperforms existing models in predicting the 5-year progression-free survival of prostate cancer patients after prostatectomy: a multicenter study,2025,,10.21203/rs.3.rs-5864691/v1,prostate,,"Retrospective three-center cohort after radical prostatectomy, with two external hospitals. Research Square preprint.",own_cohort,"Three hospitals, January 2010 to July 2019. Training n=212, external validation 1 n=111, external validation 2 n=77. Fudan University Shanghai Cancer Center is a lead site. Endpoint is 5-year progression-free survival.",111,patients,radiology_imaging,"MRI radiomics without contouring of contrast-enhanced images, combined with clinical factors.",risk_stratification,"LASSO-Cox retained five clinical factors and 13 radiomic features, which were clustered with K-means into three risk groups.",Clinical variables and MRI radiomic features selected by LASSO-Cox.,"Unsupervised radiomic-clinical clusters (low, intermediate, and high risk) for 5-year progression-free survival after prostatectomy.",prognostic,other,"Five-year progression-free survival 90%, 73%, and 17% across low, intermediate, and high clusters in external validation 1 (n=111); 92%, 59%, and 12% in external validation 2 (n=77). Training rates were 90%, 56%, and 5% (all p<0.05).",external_multicenter,Clusters were fit at the training hospital and applied to two external hospitals. n_analytic is the larger external set. No AUC or C-index is printed.,NR,upon_request,none_stated,"National Cancer Center of China, grant NCC201909B03.",none_declared,"Unsupervised MRI radiomic-clinical clusters separated 5-year progression-free survival after prostatectomy in two external cohorts, with high-risk rates of 17% and 12%.","Retrospective selection bias, no contouring of enhanced images, manual regions of interest, and relatively small external sets.","EAU, CAPRA, and PIPEN clinical systems also separated progression-free survival. The radiomic-clinical clusters redistributed patients relative to those scores.",REV-ALCIDES-AI,2026-09-23,complete,Preprint. Group separation is reported as 5-year progression-free survival rates rather than AUC or C-index.,no,canal-c-03
REC-AIBIOGU-000900,Lu2025,Biparametric MRI-based radiomics for prediction of clinically significant prostate cancer of PI-RADS category 3 lesions.,2025,BMC Cancer,10.1186/s12885-025-14022-1,prostate,,Retrospective single-center cohort with a random training-validation split.,own_cohort,"Wuxi No. 2 People's Hospital / Jiangnan University Medical Center; 233 men with PI-RADS 3 lesions who had biparametric MRI and MRI/ultrasound fusion biopsy, September 2020 to October 2023 (training 160, validation 73).",73,patients,radiology_imaging,Biparametric MRI radiomics from T2-weighted and diffusion-weighted images.,diagnostic_prediction,LASSO radiomics signature combined with PSA density.,Thirty-four radiomic features (12 from T2-weighted images and 22 from diffusion-weighted images) plus PSA density.,Biparametric MRI radiomics signature plus PSA density for clinically significant prostate cancer in PI-RADS 3 lesions.,diagnostic,AUC,Validation AUC 0.856 (95% CI 0.750-0.962) for radiomics plus PSA density; radiomics alone 0.810 (95% CI 0.682-0.937); PSA density alone 0.690 (95% CI 0.524-0.855).,internal_holdout,Single-institution split into training n=160 and validation n=73. No external cohort.,NR,NR,none_stated,NR,NR,"In PI-RADS 3 lesions, biparametric MRI radiomics plus PSA density reached a validation AUC of 0.856 for clinically significant prostate cancer, above either predictor alone.","Manual contours were drawn on single slices rather than the whole lesion volume, which limits volumetric characterization.","Training AUCs were 0.887 for the combination, 0.858 for radiomics, and 0.658 for PSA density. The training PSA-density cutoff was 0.21 ng/ml/ml.",REV-ALCIDES-AI,2026-09-23,complete,,no,canal-c-03
REC-AIBIOGU-000902,Jiao2025,CT Urography-Based Radiomics to Predict ISUP Grading of Clear Cell Renal Cell Carcinoma.,2025,J Cancer,10.7150/jca.105173,kidney_renal,,Retrospective institutional cohort with an internal split and a TCGA external validation set.,public_plus_own,"Renmin Hospital of Wuhan University CT urography, 328 clear-cell RCCs split 7:3 into training and testing; TCGA cohort n=175 for external validation.",175,patients,radiology_imaging,Corticomedullary-phase CT urography radiomics.,diagnostic_prediction,"LASSO feature selection followed by logistic regression, a multilayer perceptron, SVM, and XGBoost. SHAP was applied to the best model.","1218 PyRadiomics features reduced to 20, including wavelet-LHL GLCM Idn and wavelet-LHL GLRLM LongRunEmphasis.",XGBoost CT-urography radiomics model for WHO/ISUP grade of clear-cell RCC.,diagnostic,AUC,XGBoost external AUC 0.78 (95% CI 0.74-0.83); internal-test AUC 0.80 (95% CI 0.75-0.85); training AUC 0.96 (95% CI 0.92-0.99).,external_cohort,"Own-hospital data were split 7:3, then TCGA (n=175) was the external set. n_analytic is the TCGA cohort that supports the external AUC.",NR,upon_request,none_stated,NR,none_declared,"XGBoost using corticomedullary CT-urography radiomics predicted clear-cell RCC ISUP grade with external AUC 0.78, the best of four classifiers on TCGA.",,"External AUCs were 0.74 for logistic regression, 0.68 for the multilayer perceptron, and 0.67 for SVM. XGBoost external sensitivity was 0.91 (95% CI 0.86-0.95).",REV-ALCIDES-AI,2026-09-23,complete,"The GitHub link in the paper points to PyRadiomics, not a study-specific model repository. Data are available from the corresponding author on request.",no,canal-c-03
REC-AIBIOGU-000904,Jiang2025,Clinical-radiomics hybrid modeling outperforms conventional models: machine learning enhances stratification of adverse prognostic features in prostate cancer.,2025,Front Oncol,10.3389/fonc.2025.1625158,prostate,,Retrospective single-cohort study with a random training-validation split.,own_cohort,"137 prostate-cancer patients with preoperative MRI and postoperative pathology, January 2021 to April 2023 (85 with adverse features, 52 without). Training n=95, validation n=42.",42,patients,radiology_imaging,Biparametric MRI radiomics from ADC and T2-weighted images.,risk_stratification,"LASSO feature selection, then logistic regression, decision tree, random forest, SVM, and AdaBoost. Random forest performed best and was combined with clinical variables.","Thirty-one PyRadiomics features from ADC and T2-weighted regions of interest, plus biopsy Gleason grade, total PSA, and prostate volume.",Clinical-radiomics hybrid random-forest model for adverse pathologic features.,risk_stratification,AUC,"Hybrid validation AUC 0.909 (95% CI 0.822-0.995); radiomics random-forest AUC 0.832 (95% CI 0.706-0.958); clinical model AUC 0.772. Hybrid sensitivity 0.813, specificity 0.885, and accuracy 0.857.",internal_holdout,One cohort randomly split into training n=95 and validation n=42. No external cohort.,NR,upon_request,none_stated,"Jiangsu Province Capability Improvement Project through Science, Technology and Education (JSDW202242) and Suzhou Key Laboratory of Medical Imaging (SZS2024032).",NR,"A biparametric MRI random-forest model plus clinical variables predicted adverse pathologic features with validation AUC 0.909, above radiomics or clinical models alone.",,Calibration and decision-curve analysis supported the hybrid model (p<0.01 versus the single models).,REV-ALCIDES-AI,2026-09-23,complete,,no,canal-c-03
REC-AIBIOGU-000910,Song2025,Computed tomography-based radiomics predicts prognostic and treatment-related levels of immune infiltration in the immune microenvironment of clear cell renal cell carcinoma.,2025,BMC Med Imaging,10.1186/s12880-025-01749-3,kidney_renal,,Retrospective public-data study linking TCGA-KIRC transcriptomes to TCIA CT to classify immune infiltration.,multiple_public,"TCGA-KIRC (539 tumor samples; 470 with survival beyond 30 days) paired with TCIA CT. After quality filters, 163 cases entered the radiomics analysis.",NR,patients,radiology_imaging,Non-contrast CT radiomics. Immune labels came from TCGA RNA-seq single-sample gene-set enrichment and Boruta clustering.,classification_subtyping,"LASSO radiomic features with eight classifiers, including logistic regression, SVM, ExtraTrees, LightGBM, and a multilayer perceptron. ExtraTrees had the highest AUCs.","PyRadiomics features from resampled CT tumor regions, labeled by high versus low immune-infiltration groups.",CT radiomics classifier of immune-infiltration level in clear-cell RCC.,subtyping,AUC,ExtraTrees test-set AUC 1.000 and training-set AUC 0.753. Logistic regression and LightGBM had test-set sensitivity 0.615.,internal_holdout,Train and test performance is reported on the 163 paired TCIA/TCGA cases. The test-set size is not stated. There is no additional external cohort.,NR,NR,none_stated,NR,NR,"ExtraTrees is reported as the best CT radiomics classifier of clear-cell RCC immune-infiltration groups, with a test AUC of 1.000 and a training AUC of 0.753.",,Immune groups were also compared for survival and for immunotherapy response estimated with TIDE. Those analyses are secondary to the CT classifier.,REV-ALCIDES-AI,2026-09-23,needs_review,"The reported test AUC of 1.000 is higher than the training AUC of 0.753, and the test-set size is not stated.",yes,canal-c-03
REC-AIBIOGU-000914,Bao2025,Development and validation of a radiomics deep learning signature from MRI-guided transrectal ultrasound combined with ultrasound imaging parameters for prostate cancer prediction,2025,,10.21203/rs.3.rs-7653994/v1,prostate,,Retrospective two-hospital study of MRI-guided transrectal ultrasound and contrast-enhanced ultrasound. Research Square preprint.,own_cohort,"Inner Mongolia People's Hospital and Tongliao People's Hospital, November 2019 to September 2023. Methods list 443 patients (training 270, internal test 68, external 105). Results list 338 participants (188 cancers and 150 controls) split into training 270 and validation 68, and a table also shows a cohort of 108.",NR,patients,radiology_imaging,MRI-transrectal ultrasound fusion B-mode images plus contrast-enhanced ultrasound time-intensity parameters.,diagnostic_prediction,Radiomics deep-learning signature combining ultrasound images and contrast-enhanced ultrasound parameters. The network is not named.,"Transrectal ultrasound radiomics, contrast-ultrasound wash-in parameters, PSA, and prostate size.",Integrated MRI-guided ultrasound and contrast-enhanced ultrasound signature for prostate cancer.,diagnostic,NR,NR,external_cohort,"Methods describe a second-hospital external cohort of 105 patients. No model metric is printed for that cohort, and the methods and results cohort totals do not match.",NR,yes,none_stated,Science and Technology Program of the Joint Fund of Scientific Research for the Public Hospitals of Inner Mongolia Academy of Medical Sciences (2023GLLH0020).,none_declared,"The study sets out to predict prostate cancer from MRI-guided ultrasound radiomics and contrast-enhanced ultrasound in a two-hospital cohort, but no model performance number is printed.",,"In training, age, PSA, prostate diameters, resistive index, and contrast-ultrasound area differed between benign and malignant groups.",REV-ALCIDES-AI,2026-09-23,needs_review,"Methods and results give different cohort totals (443 versus 338), and no AUC, accuracy, or C-index is printed.",yes,canal-c-03
REC-AIBIOGU-000916,Cao2025,Development of a deep learning system for predicting biochemical recurrence in prostate cancer.,2025,BMC Cancer,10.1186/s12885-025-13628-9,prostate,,"Retrospective two-center digital-pathology cohort, with one hospital for training and another for testing.",own_cohort,"Training at Tianjin Medical University Cancer Institute and Hospital, 254 patients; testing at TBH, 63 patients. Overall 317 patients with five tumor-containing whole-slide images each (1585 images).",63,patients,digital_pathology,H&E prostate-biopsy whole-slide images. Inception-v3 patch features were pooled by multiple-instance learning.,prognostic_prediction,"Inception-v3 patch encoder, multiple-instance learning with average pooling, and patient-level multilayer perceptron, logistic regression, and random forest.","Deep features from tumor patches on biopsy slides, aggregated to the patient.",Biopsy whole-slide deep-learning system for biochemical recurrence before prostatectomy.,prognostic,AUC,Patient-level testing AUC 0.911 (95% CI 0.840-0.982). Patch-level Inception-v3 test AUC 0.803. Average-pooling patient-level AUC 0.908 with multilayer perceptron and logistic regression.,external_cohort,Training used 254 patients at one cancer hospital and testing used 63 patients at TBH. n_analytic is the external test cohort.,NR,NR,none_stated,NR,NR,"A biopsy whole-slide deep-learning system predicted biochemical recurrence with external AUC 0.911, and performance rose when more slides per patient were included.","Only patients with at least five tumor-containing biopsy cores were included, which introduces selection bias, and the cohort is retrospective.","Random-forest slide-level AUC was 0.848. Decision-curve analysis was reported, and deep features were compared with pathologic findings.",REV-ALCIDES-AI,2026-09-23,complete,,no,canal-c-03
REC-AIBIOGU-000918,Jafari2025,Efficacy of PSMA PET/CT radiomics analysis for risk stratification in newly diagnosed prostate cancer: a multicenter study.,2025,BMC Med Imaging,10.1186/s12880-025-01914-8,prostate,,"Retrospective four-center study, with development on two centers and a separate external set.",own_cohort,"243 men with newly diagnosed prostate cancer and [68Ga]Ga-PSMA-11 PET/CT from Razavi Hospital (Mashhad), Khatam Hospital (Tehran), the Persian Gulf Nuclear Medicine Research Center (Bushehr), and Shariati Hospital (Tehran). Development used 186 cases from two centers; the external set had 57 cases.",57,patients,radiology_imaging,"PSMA PET/CT radiomics from avid intraprostatic lesions, the whole prostate on PET, and the whole prostate on CT.",risk_stratification,"Principal-component reduction, then random forest, nearest centroid, SVM, a calibrated classifier with cross-validation, and logistic regression. Development used 10-fold cross-validation.","1746 radiomic features per contour (PSMA-avid PET lesion, whole-prostate PET, whole-prostate CT, and concatenated PET/CT).",PSMA PET/CT radiomics classifier for Gleason grade group (1-3 versus 4-5) and for PSA below versus at or above 20 ng/ml.,risk_stratification,other,External mean performance 73.8% for grade-group classification with random forest on PSMA-avid PET lesions; 73.7% for the calibrated classifier across internal and external sets. External mean performance for PSA classification was 76.4%.,external_cohort,Ten-fold cross-validation was used on 186 development cases from two centers. An external set of 57 cases supplied the external figure. The paper calls the quantity mean performance and does not name AUC or accuracy.,NR,NR,none_stated,NR,NR,"PSMA PET radiomics separated Gleason grade groups 1-3 from 4-5 with external mean performance 73.8%, and classifier differences were not statistically significant.","High Gleason scores above 7 were too few for subgroup analysis, and biopsy grade may not match the true tumor grade.",Internal mean performance was 78% for grade group and 75.4% for the PSA split. Model differences were not significant (p>0.05).,REV-ALCIDES-AI,2026-09-23,needs_review,"External results are given as mean performance (73.8% and 73.7%) without stating whether that figure is AUC, accuracy, or another score.",yes,canal-c-03
REC-AIBIOGU-000920,Du2025,Enhancing prediction accuracy for muscle invasion in bladder cancer using a dual-energy CT-based interpretable model incorporating habitat radiomics and deep learning.,2025,BMC Cancer,10.1186/s12885-025-15107-7,bladder_urothelial,,Retrospective single-center cohort with a 7:3 training-test split.,own_cohort,"One hospital; 200 patients with bladder urothelial carcinoma and dual-energy CT (141 non-muscle-invasive, 59 muscle-invasive), training n=140 and test n=60.",60,patients,radiology_imaging,"Dual-energy CT iodine maps, habitat radiomics, and 2.5D deep learning.",diagnostic_prediction,"ResNet18, ResNet50, ResNet101, and DenseNet121 2.5D networks, four K-means habitats, and logistic regression on dual-energy parameters. The selected model combines effective atomic number, habitat features, and ResNet101 (DECT-DLH).","Effective atomic number, habitat radiomic features, and ResNet101 deep features from iodine-based images.",DECT-DLH model for muscle-invasive bladder cancer.,diagnostic,AUC,DECT-DLH test AUC 0.874 (95% CI 0.785-0.964) and training AUC 0.981 (95% CI 0.963-0.998). ResNet101 alone had test AUC 0.833 (95% CI 0.730-0.935).,internal_holdout,Single-center 7:3 split (140/60). No external hospital cohort.,NR,NR,none_stated,NR,NR,"A dual-energy CT model combining effective atomic number, habitat radiomics, and ResNet101 features predicted muscle invasion with test AUC 0.874.",The 2.5D design is described as a compromise between 2D models that miss tumor context and 3D models that need more data.,"Effective atomic number was the only independent quantitative predictor (OR 0.619, 95% CI 0.424-0.902). SHAP was used to explain the model.",REV-ALCIDES-AI,2026-09-23,complete,,no,canal-c-03
REC-AIBIOGU-000921,Molin2025,Evaluating the prognostic value of radiomics and clinical features in metastatic prostate cancer using [&lt;sup&gt;68&lt;/sup&gt;Ga]Ga-PSMA-11 PET/CT.,2025,Phys Eng Sci Med,10.1007/s13246-024-01516-8,prostate,,Retrospective single-center prognostic cohort using bootstrap internal validation.,own_cohort,"Sir Charles Gairdner Hospital and the University of Western Australia. Of 238 patients enrolled, 180 with metastatic prostate cancer were analyzed using [68Ga]Ga-PSMA-11 PET/CT. Fifty-seven deaths were recorded.",180,patients,radiology_imaging,"PSMA PET/CT radiomics, mainly from the largest lesion, plus clinical variables.",prognostic_prediction,"Univariable Cox models and LASSO Cox models (radiomics only, clinical only, and combined). Each multivariable model used six features and 1000 bootstrap resamples with optimism correction.","Eighty-nine radiomic features and eight clinical features, including lesion count, age, PSA, and Gleason score.",Clinical Cox model for overall survival; radiomic features did not improve it.,prognostic,C-index,"Optimism-corrected C-index 0.722 (95% CI 0.653-0.784) for the clinical model, 0.681 (95% CI 0.616-0.745) for radiomics, and 0.704 (95% CI 0.648-0.768) for the combined model. Lesion count HR 1.31 (95% CI 1.12-1.54).",internal_split_only,"Concordance was estimated by 1000-bootstrap optimism correction on one cohort of 180 patients. There is no held-out split, k-fold cross-validation, or external cohort.",NR,NR,none_stated,NR,NR,"Many PSMA PET radiomic features were associated with overall survival, but adding them did not improve on the clinical model (C-index 0.722 versus 0.704 for the combined model).","Some radiomic features may reflect imaging artifacts, and features from one or a few lesions may not represent the whole metastatic burden.","The highest univariable radiomic C-indices were 0.707 for TLU, 0.704 for TLV, and 0.704 for GLDM dependence entropy. Lesion count had a clinical C-index of 0.654.",REV-ALCIDES-AI,2026-09-23,needs_review,"Validation is optimism-corrected bootstrap on a single cohort, which is neither a holdout split nor explicit k-fold cross-validation.",yes,canal-c-03
REC-AIBIOGU-000922,Du2025,Evaluation of a PSA and transrectal prostate ultrasound video-based machine learning model as a tool for prostate cancer diagnosis.,2025,Front Oncol,10.3389/fonc.2025.1590396,prostate,,Retrospective single-center cohort with a random 80:20 train-test split.,own_cohort,"Dongyang Hospital of Wenzhou Medical University, August 2021 to September 2023. 928 men (429 with prostate cancer and 499 without); training n=742 and test n=186.",186,patients,radiology_imaging,Transrectal prostate ultrasound video features plus serum PSA.,diagnostic_prediction,"LightGBM, logistic regression, decision tree, SVM, random forest, and XGBoost, with SHAP applied to XGBoost.","Seven ultrasound-video features plus age, prostate volume, total PSA, and free PSA.",XGBoost model using PSA and transrectal ultrasound video features for prostate-cancer diagnosis.,diagnostic,AUC,Test-set AUC 0.800-0.881 across six models; XGBoost was the best (P<0.05).,internal_holdout,Single-center random 80:20 split (742/186). No external cohort. The authors plan a later set from Zhejiang Cancer Hospital.,NR,NR,none_stated,NR,NR,"Models using PSA and transrectal ultrasound video features detected prostate cancer with test AUCs from 0.800 to 0.881, and XGBoost performed best.","The retrospective single-center sample limits generalizability, and prospective multicenter validation is still needed.","SHAP ranked PSA, prostate volume, age, a wavelet first-order median, wavelet zone entropy, and minor-axis length as the leading XGBoost features.",REV-ALCIDES-AI,2026-09-23,complete,The test AUC is reported as a range across models. XGBoost is identified as best without its own point estimate.,no,canal-c-03
REC-AIBIOGU-000923,Han2025,Fully automated segmentation and classification of renal tumors on CT scans via machine learning.,2025,BMC Cancer,10.1186/s12885-025-13582-6,kidney_renal,,"Single-center analysis of a prospectively enrolled nephrectomy registry, with separate training and test image sets.",own_cohort,"Seoul National University SUPER-RCC-Nx registry, March 2016 to December 2020. 561 renal masses: 233 clear-cell, 82 papillary, and 74 chromophobe RCCs, plus 172 angiomyolipomas. The subtype model used 389 RCCs; the benign-versus-malignant model used 391 masses of 4 cm or smaller.",NR,samples,radiology_imaging,"Contrast-enhanced CT in precontrast, corticomedullary, and excretory phases.",classification_subtyping,3D U-Net for automated segmentation and a random-forest classifier using radiomic and conventional CT features.,Hounsfield-unit measurements and radiomic features taken from the U-Net tumor mask.,Automated CT segmentation and random-forest classifier for RCC subtype and for benign versus malignant renal masses.,diagnostic,accuracy,Subtype accuracy 0.77 (95% CI 0.69-0.86) for tumors larger than 4 cm and 0.68 for smaller tumors; benign-versus-malignant accuracy 0.85 (95% CI 0.74-0.93).,internal_holdout,One center with designated training and test sets. The test-set count is not printed. Reader cross-checking of annotations is not model cross-validation.,NR,NR,none_stated,NR,NR,A fully automated CT pipeline classified RCC subtypes with accuracy 0.77 for masses larger than 4 cm and separated benign from malignant small masses with accuracy 0.85.,"Only three RCC subtypes and angiomyolipoma were included, and enrollment from one center limits generalizability.",Segmentation Dice was 0.83 above 4 cm and 0.65 below 4 cm. Adding conventional radiologic features changed benign-versus-malignant accuracy only from 0.83 to 0.85.,REV-ALCIDES-AI,2026-09-23,needs_review,"Accuracies are printed, but the training and test counts are not readable, so the sample size behind those accuracies is uncertain.",yes,canal-c-03
REC-AIBIOGU-000931,Li2025,Integration of multi-scale radiomics and deep learning for Ki-67 prediction in clear cell renal carcinoma.,2025,NPJ Precis Oncol,10.1038/s41698-025-01214-y,kidney_renal,,Retrospective three-center cohort with an internal split and a two-hospital external test set.,own_cohort,627 clear-cell RCC patients. First Hospital of Shanxi Medical University: training n=290 and internal validation n=125. Shanxi Bethune Hospital and Shanxi Provincial People's Hospital: external test n=212.,212,patients,radiology_imaging,"Preoperative CT multi-scale radiomics (intratumoral, habitat, and peritumoral) plus 2D/3D deep-learning features and clinical variables.",diagnostic_prediction,"Random forest, AdaBoost, XGBoost, LightGBM, and ExtraTrees unimodal models, stacked into a fusion model.","Intratumoral, peritumoral (1, 3, and 5 mm), and habitat CT radiomics, 2D/3D deep features, and clinical variables including platelet count, diameter, and hematuria.","Stacked CT radiomics and deep-learning model for high Ki-67 in clear-cell RCC, using a 5% threshold.",diagnostic,AUC,"Fusion-model external AUC 0.756 (95% CI 0.692-0.821). On internal comparison, the 1 mm peritumoral model reached AUC 0.836 and the intratumoral AdaBoost model AUC 0.787.",external_multicenter,"One hospital was split 7:3 into training and internal validation. Two other hospitals supplied the external test set of 212 patients, which is n_analytic.",yes,upon_request,none_stated,NR,none_declared,"A stacked CT radiomics and deep-learning model predicted high Ki-67 in clear-cell RCC with external AUC 0.756, with habitat radiomics the leading SHAP contributor.","All centers were in Shanxi Province, the 5% Ki-67 cutoff is not universal, and multi-regional prospective validation is still needed.","Internal peritumoral AUCs were 0.836 at 1 mm, 0.816 at 3 mm, and 0.782 at 5 mm. Platelet count, diameter, and hematuria were independent clinical predictors.",REV-ALCIDES-AI,2026-09-23,complete,Feature-selection and modeling code is linked to the Onekey AI platform (https://github.com/OnekeyAI-Platform). Other study code is available from the corresponding author on request.,no,canal-c-03
REC-AIBIOGU-000935,Zhou2025,"Interpretable multiparametric MRI radiomics-based machine learning model for preoperative differentiation between benign and malignant prostate masses: a diagnostic, multicenter study.",2025,Front Oncol,10.3389/fonc.2025.1541618,prostate,,Retrospective two-hospital diagnostic cohort with internal and external test sets.,own_cohort,"Two hospitals, May 2016 to May 2023. 567 patients: training n=352, internal test n=152, and external test n=63.",63,patients,radiology_imaging,Multiparametric MRI radiomics from T2-weighted and diffusion-weighted tumor regions.,diagnostic_prediction,"LASSO with five-fold cross-validation for feature selection, then five machine-learning models. Random forest was best. SHAP was used for interpretation. The other four algorithms are not named.","2632 PyRadiomics features from T2-weighted and diffusion-weighted images, reduced to 18.",Multiparametric MRI random-forest radiomics model for benign versus malignant prostate masses.,diagnostic,AUC,Random-forest AUC 0.929 (95% CI 0.885-0.963) on the internal test set and 0.852 (95% CI 0.758-0.934) on the external test set.,external_cohort,"Training and internal testing used the development hospital. The external test set had 63 patients from a second hospital, which is n_analytic. Five-fold cross-validation was used inside LASSO.",NR,NR,none_stated,NR,NR,An interpretable multiparametric MRI random-forest model distinguished benign from malignant prostate masses with external AUC 0.852.,,"Calibration and decision-curve analysis supported clinical use, and SHAP ranked the leading radiomic features.",REV-ALCIDES-AI,2026-09-23,complete,,no,canal-c-03
REC-AIBIOGU-000938,Ye2025,Intratumoral and peritumoral radiomics using multi-phase contrast-enhanced CT for diagnosis of renal oncocytoma and chromophobe renal cell carcinoma: a multicenter retrospective study.,2025,Front Oncol,10.3389/fonc.2025.1501084,kidney_renal,,Retrospective five-center cohort that was pooled and randomly split 70:30 into training and validation.,own_cohort,"Five centers; 92 patients (41 renal oncocytomas and 51 chromophobe RCCs). Training n=65 (29 oncocytoma, 36 chromophobe) and validation n=27 (12 oncocytoma, 15 chromophobe).",27,patients,radiology_imaging,"Corticomedullary and nephrographic contrast-enhanced CT, with intratumoral and 1-3 mm peritumoral radiomics.",diagnostic_prediction,LASSO feature selection and SVM. Cross-validation is mentioned as a safeguard against overfitting in addition to the 70:30 split.,Intratumoral and peritumoral radiomic features from corticomedullary and nephrographic CT.,SVM corticomedullary CT radiomics model (Model 4) separating renal oncocytoma from chromophobe RCC.,diagnostic,AUC,"Validation AUC 0.900 for Model 4 (sensitivity 88.89%, specificity 77.78%, accuracy 81.48%). Validation AUCs across models were 0.600-0.900; training AUCs were 0.828-0.942.",internal_holdout,"Five centers were pooled and randomly split 70:30, so the validation set is not an external-center holdout. The reported figure is that validation split (n=27).",NR,NR,none_stated,"Basic Research Project of the Shenzhen Science and Technology Innovation Bureau, 2025 (Natural Science Foundation JCYJ20240813114631042).",NR,"Corticomedullary CT radiomics SVM models separated renal oncocytoma from chromophobe RCC, with a best validation AUC of 0.900, above radiologist reads.","Only 92 patients and 41 oncocytomas were available, CT protocols differed across centers, and the authors plan further external centers.","Manual diagnosis accuracy was 52.27-59.78%. Clinical reports alone had no diagnostic value. Nephrographic and fusion models had lower validation AUCs, about 0.728-0.756.",REV-ALCIDES-AI,2026-09-23,complete,"Five centers contributed images, but they were pooled and randomly split, so validation is an internal holdout.",no,canal-c-03
REC-AIBIOGU-000942,Ayyldz2025,Machine learning models for discriminating clinically significant from clinically insignificant prostate cancer using bi-parametric magnetic resonance imaging,2025,Diagn Interv Radiol,10.4274/dir.2024.242856,prostate,,Retrospective single-institution lesion-level study with a training-test split made before augmentation.,own_cohort,"Istanbul University radiology practice, 2016-2022, with MRI/ultrasound fusion biopsy. Of 108 patients screened, 77 remained (47 clinically significant and 30 clinically insignificant cancers). Scanners were Siemens 1.5T and Philips 3.0T.",NR,patients,radiology_imaging,Biparametric MRI radiomics from axial T2-weighted and ADC images.,diagnostic_prediction,"Logistic regression and SVM after correlation filtering and wrapper-based sequential feature selection, using PyRadiomics with Laplacian-of-Gaussian filters.","Five T2-weighted features, five ADC features, and 15 combined features, drawn from 444 features per sequence.",Biparametric MRI radiomics models separating clinically significant from clinically insignificant prostate cancer.,diagnostic,AUC,Test AUC 0.86 (95% CI 0.85-0.88) for combined T2-weighted plus ADC features and 0.86 (95% CI 0.85-0.88) for ADC in one model series; logistic-regression combined test AUC 0.85 (95% CI 0.83-0.87).,internal_holdout,"Single institution, split into training and test groups before augmentation. The test-set size is not printed.",NR,NR,none_stated,NR,NR,"Biparametric MRI radiomics separated clinically significant from insignificant prostate cancer, with combined-model test AUC about 0.85-0.86.","Retrospective selection, manual segmentation, a small sample, and class imbalance that can favor the majority class.","Logistic-regression combined test accuracy was 77%, and SVM combined test accuracy was 72%. T2-weighted-only test AUC in the same series was 0.64.",REV-ALCIDES-AI,2026-09-23,needs_review,"Test AUCs are printed, but the training and test counts are not, so the N behind the test AUC is uncertain. The 0.86 combined figure is taken from the model series reported before the logistic-regression AUCs.",yes,canal-c-03
REC-AIBIOGU-000943,Lisson2025,Machine learning-based radiomics for bladder cancer staging: evaluating the role of imaging timing in differentiating T2 from T3 disease.,2025,Front Oncol,10.3389/fonc.2025.1591742,bladder_urothelial,,"Retrospective single-center cohort using CT radiomics to separate intravesical (≤T2) from extravesical (≥T3) bladder cancer, with a comparison by the interval between TURB and CT.",own_cohort,"University Hospital Ulm, 2012-2020; 97 patients after exclusions (51 with ≥T3 disease). The delayed-imaging cohort (TURB at least 14 days before CT) was 55 training and 24 test patients.",79,patients,radiology_imaging,Contrast-enhanced CT with full-volume 3D tumor segmentation and 77 IBSI radiomic features,diagnostic_prediction,"Random forest in scikit-learn, with grid-search tuning and the top 35 features retained","3D CT shape, first-order, and GLCM texture features, plus preoperative creatinine, hemoglobin, and tumor size in the combined model",CT radiomics and clinical-radiomics classifier of ≤T2 versus ≥T3 bladder cancer,diagnostic,AUC,Fivefold cross-validation: radiomics-only AUC 0.68±0.08 in the full cohort and 0.80±0.08 when TURB preceded CT by more than 14 days; combined clinical-radiomics AUC 0.76 and 0.82 in those cohorts,internal_cv,The printed AUCs come from fivefold cross-validation. A 70:30 split is also described (full cohort 67/30; delayed cohort 55/24). There is no external center.,NR,upon_request,none_stated,The authors declare that no financial support was received for the research or publication.,none_declared,"The combined clinical-radiomics CT model separated ≤T2 from ≥T3 bladder cancer with AUC 0.82 when imaging was delayed more than 14 days after TURB, higher than the radiomics-only AUC of 0.80 in that cohort.",Findings come from a retrospective single-center cohort. The authors call for multicenter prospective validation and note that the analysis used CT rather than MRI.,"Age- and sex-specific sensitivity and specificity were also reported. The abstract calls cohort 1 the ≤14-day subgroup, while the methods treat cohort 1 as all 97 patients.",REV-ALCIDES-AI,2026-09-23,needs_review,The abstract and methods disagree on whether cohort 1 is a timing subgroup or the full cohort. Analytic N follows the methods count for the delayed cohort (55+24) that supports AUC 0.82.,yes,canal-c-04
REC-AIBIOGU-000944,Zhan2025,Machine learning-based radiomics from multiparametric MRI for predicting aggressive pathology in clear cell renal cell carcinoma.,2025,BMC Med Imaging,10.1186/s12880-025-02046-9,kidney_renal,,Retrospective multicenter radiomics study distinguishing aggressive from indolent clear cell renal cell carcinoma on multiparametric MRI.,public_plus_own,"First Affiliated Hospital of Nanchang University, Central Hospital of Jiangmen, and TCIA, pooled (n=157; 114 indolent and 43 aggressive).",157,patients,radiology_imaging,"T1WI, T2WI, and corticomedullary, nephrographic, and excretory contrast-enhanced fat-suppressed T1WI",diagnostic_prediction,"Random forest with ICAP selection, chosen from 8 classifiers and 21 feature-selection methods; SMOTE was applied inside training folds","Multiparametric MRI radiomic features, dominated by T2WI shape features","T2WI radiomic classifier of aggressive ccRCC (WHO/ISUP grade 3-4, stage ≥pT3a, or sarcomatoid or dedifferentiated histology)",diagnostic,AUC,"RF+ICAP AUC 0.960 (accuracy 86.1%, sensitivity 86.4%, specificity 86.0%); the highest configuration, RF+CMIM on T2WI plus nephrographic and excretory phases, reached AUC 0.966 under fivefold cross-validation",internal_cv,Fivefold cross-validation on the pooled three-source cohort. TCIA was not held out as a separate external test.,NR,upon_request,none_stated,"National Natural Science Foundation of China (82371908, 82572381, 62262029), GuangDong Natural Science Foundation (2024A1515012177, 2024A1515012100), and Jiangxi provincial support including 20242BAB25546.",none_declared,"T2WI radiomics, especially shape features, separated aggressive from indolent ccRCC with a fivefold AUC of 0.960 for the RF+ICAP model.","The retrospective design and only 43 aggressive cases limit generalizability. Fivefold cross-validation and SMOTE do not remove the risk of overfitting, and diffusion-weighted imaging was not included.",Thirty-one sequence combinations were compared across 168 classifier-selector pairs. Three shape features each exceeded 75% unilateral accuracy at the median threshold.,REV-ALCIDES-AI,2026-09-23,complete,"Hospital MRI and TCIA cases were pooled in the same cross-validation, so the source is public plus own data.",no,canal-c-04
REC-AIBIOGU-000945,Sun2025,Multi-channel multiphase CT-based deep learning and radiomics fusion model for noninvasive pathological grading of clear cell renal cell carcinoma.,2025,Front Oncol,10.3389/fonc.2025.1710329,kidney_renal,,Retrospective single-center study of a multichannel multiphase CT deep-learning and radiomics model for WHO/ISUP grade in clear cell renal cell carcinoma.,own_cohort,"First Affiliated Hospital of Harbin Medical University, June 2021 to December 2024; 496 patients randomly split 347 training and 149 testing.",149,patients,radiology_imaging,"Arterial, medullary, and excretory CT stacked as a multichannel input, including a 5 mm peritumoral expansion",diagnostic_prediction,ResNet50 transfer learning fused with LASSO radiomics and a random-forest clinical-imaging model,"Deep features from the 5 mm expanded multichannel ROI, radiomic features, and clinical variables; age was the only independent clinical associate of grade",Clinical-radiomics-deep learning fusion model for high-grade (WHO/ISUP 3-4) versus low-grade ccRCC,diagnostic,AUC,Combined model AUC 0.855 in training and 0.849 in the test cohort; ResNet50 with the 5 mm ROI had AUC 0.791 (95% CI 0.740-0.842) in training and 0.780 (95% CI 0.700-0.859) in testing,internal_holdout,"One 70/30 random split. LASSO used 10-fold selection, but the reported AUCs are on a single held-out test set. There is no external center.",NR,upon_request,none_stated,"Foundation of the First Affiliated Hospital of Harbin Medical University (2023T01), provided by co-first author QC.",none_declared,"Fusing multichannel multiphase CT deep features with radiomics and clinical variables predicted ccRCC grade with a test AUC of 0.849, above the ResNet50-only test AUC of 0.780.",The cohort is retrospective and single-center. The authors state that multi-center external validation across scanners and protocols is still required.,A random-forest radiomics model had AUC 0.849 in training and 0.831 in testing. Decision-curve analysis favored the combined model.,REV-ALCIDES-AI,2026-09-23,complete,Analytic N is the 149-patient test set that supports the combined-model AUC of 0.849.,no,canal-c-04
REC-AIBIOGU-000947,Hu2025,Multicenter study demonstrates unsupervised learning derived from magnetic resonance images identify prognosis in prostate cancer patients after prostatectomy,2025,,10.21203/rs.3.rs-6337641/v1,prostate,,Retrospective three-center study using unsupervised clustering of preoperative MRI radiomics and clinical features to stratify progression-free survival after radical prostatectomy.,own_cohort,"Three centers totaling 400 patients: training n=212, external validation group 1 n=111, and external validation group 2 n=77.",212,patients,radiology_imaging,Preoperative MRI radiomics plus clinical variables; contrast-enhanced contours were not used,prognostic_prediction,LASSO-Cox feature selection followed by K-means clustering,Five clinical features and 13 MRI radiomic features,Radiomic-Clinical three-subgroup model for post-prostatectomy progression-free survival,prognostic,C-index,"Radiomic-Clinical C-index 0.82 in training, 0.78 in external group 1, and 0.79 in external group 2, compared with EAU 0.68/0.70/0.65, CAPRA 0.71/0.67/0.70, and PIPEN 0.71/0.70/0.68",external_multicenter,"Center 1 developed the clusters. Centers 2 and 3 were separate external validation sets, and 5-year progression-free survival differed across clusters in both.",NR,upon_request,none_stated,"National Cancer Center of China, grant NCC201909B03.",none_declared,"Unsupervised radiomic-clinical clustering separated post-prostatectomy progression-free survival with C-indices of 0.82, 0.78, and 0.79, above EAU, CAPRA, and PIPEN in the same cohorts.","The study is retrospective and may have selection bias. Enhanced images were not outlined, regions of interest were manual, and the external sets were relatively small.",Cluster 3 had the worst and cluster 1 the best 5-year progression-free survival in training and both external groups. This record is a Research Square preprint.,REV-ALCIDES-AI,2026-09-23,complete,Analytic N is the training cohort of 212 that supports the lead C-index of 0.82. External C-indices are reported with their own sample sizes.,no,canal-c-04
REC-AIBIOGU-000949,Ma2025,Multimodal deep learning framework integrating multiphase CT and histopathological whole slide imaging for predicting recurrence in ccRCC.,2025,Sci Rep,10.1038/s41598-025-25109-x,kidney_renal,,Retrospective single-center multimodal study predicting postoperative recurrence of clear cell renal cell carcinoma from multiphase CT and histopathology whole-slide images.,own_cohort,"Jiangmen Central Hospital; 274 patients split 164 training and 110 test (6:4), with at least 3 years of follow-up for recurrence versus non-recurrence.",110,patients,other,"Multiphase CT (precontrast, corticomedullary, and nephrographic) fused with H&E whole-slide images",prognostic_prediction,CPNet cross-modal fusion of CT and pathology deep features,Precontrast-phase CT features fused with histopathological whole-slide features,PCP-Pathology Fuse CPNet model for postoperative recurrence versus non-recurrence,prognostic,AUC,"Test-set PCP-Pathology Fuse AUC 0.8363, sensitivity 0.8611, specificity 0.7027, and accuracy 75.45% (83/110); the three-phase fusion model had test AUC 0.8341",internal_holdout,Single 6:4 split of one center. Table 2 labels these AUCs as test-set performance. The authors state that external multi-institutional validation is still required.,NR,upon_request,none_stated,Guangdong Basic and Applied Basic Research Foundation (2021A1515220080) and Jiangmen Science and Technology Plan Program (2024YL01033).,none_declared,"The precontrast CT plus pathology CPNet model predicted postoperative ccRCC recurrence on the internal test set with AUC 0.8363 and accuracy 75.45%, similar to a three-phase fusion model.","The retrospective single-center cohort is geographically homogeneous. Clinical comorbidities and molecular markers were omitted, and slide selection may introduce bias.",Test-set AUCs were 0.7965 for corticomedullary-pathology fusion and 0.798 for nephrographic-pathology fusion. CPNet improved on unimodal CT and whole-slide models.,REV-ALCIDES-AI,2026-09-23,complete,"Analytic N is the 110-patient test set in Table 2, which reports AUC 0.8363.",no,canal-c-04
REC-AIBIOGU-000950,Zhang2025,Multimodal fusion radiomic-immunologic scoring model: accurate identification of prostate cancer progression.,2025,BMC Med Imaging,10.1186/s12880-025-01869-w,prostate,,Retrospective single-center cohort combining mpMRI radiomics and CD3/CD8 immunohistochemistry to classify prostate cancer progression.,own_cohort,"Second Affiliated Hospital of Chongqing Medical University, diagnoses 2019-2022. The methods enroll 157 patients (43 with progression and 114 without). The performance table lists training n=141 and validation n=59.",59,patients,other,"mpMRI radiomics from T2WI, DWI, and ADC plus quantitative CD3-positive and CD8-positive immunohistochemistry",prognostic_prediction,"Logistic regression after AIC, mRMR, and LASSO; the limitations also mention SMOTE",Selected radiomic features and CD3/CD8 immunologic features combined as a radiomic-immunologic score,Radiomic-Immunologic Score (RDIS) for prostate cancer progression,prognostic,AUC,"Validation RDIS AUC 0.874 (sensitivity 0.960, specificity 0.765), versus radiomic AUC 0.844 and immunologic AUC 0.767; training RDIS AUC 0.911 (95% CI 0.866-0.956)",internal_holdout,A 7:3 stratified split produced the validation AUC. Tenfold cross-validation was used for LASSO selection rather than as the reported performance. There is no external cohort.,NR,upon_request,none_stated,"Science and Health Joint Medical Research Project of Chongqing (2024ZDXM004). Additional Chongqing Natural Science support is declared, but the grant number is not cleanly separated from the reference list.",none_declared,"The combined radiomic-immunologic score identified prostate cancer progression with a validation AUC of 0.874, above the radiomic-only (0.844) and immunologic-only (0.767) models.","This was a retrospective single-center study without external validation. Progression was a binary endpoint, and the median 36-month follow-up may miss later events.",Secondary RDIS AUCs were 0.642 for bone metastasis (n=12) and 0.605 for castration-resistant disease (n=11).,REV-ALCIDES-AI,2026-09-23,needs_review,"Enrollment is stated as 157 patients, but the performance table sums to 200 (141 training and 59 validation). Analytic N follows the validation column that reports AUC 0.874.",yes,canal-c-04
REC-AIBIOGU-000960,Shao2025,Radiogenomic correlation of hypoxia-related biomarkers in clear cell renal cell carcinoma.,2025,J Cancer Res Clin Oncol,10.1007/s00432-025-06240-8,kidney_renal,,Radiogenomic correlation study linking clinical CT texture to hypoxia-related gene expression in clear cell renal cell carcinoma.,TCGA,TCGA-KIRC expression with matched CT from The Cancer Imaging Archive; 190 patients with both imaging and genomic data.,190,patients,other,Clinical CT radiomics correlated with RNA expression of 13 hypoxia-related genes,biomarker_discovery_association,High-performance random forest in SAS Enterprise Miner 15.1,"388 robust radiomic features with ICC at least 0.70, especially GLDM and GLCM texture, drawn from 2,824 extracted features","CT radiomic correlates of KLF6, ETS1, BCL2, PLOD2, and PPARGC1A expression",other,other,"Unstratified random-forest Pearson r was 0.27 (95% CI 0.14-0.41) for KLF6, 0.25 (0.11-0.39) for ETS1, 0.19 (0.05-0.33) for BCL2, -0.19 for PLOD2, and -0.15 for PPARGC1A; high-grade KLF6 r was 0.35 (0.14-0.56)",internal_cv,Tenfold cross-validation inside the single TCGA-KIRC imaging cohort. There is no independent external cohort.,NR,yes,none_stated,The study received no research funding. Open-access charges were supported by SCELC.,"Vinay A. Duddalwar reports consulting fees from Radmetrix, Roche, Deeptek, and Westat. The other authors declared no relevant financial interests.","Random-forest models found modest correlations between CT texture and hypoxia-gene expression, strongest for KLF6 (r=0.27 overall and r=0.35 in high-grade tumors).","The sample is limited to TCGA-KIRC cases with usable imaging, is predominantly White and male, lacks external validation, and uses whole-tumor features without biopsy-site matching.","Stratified models improved prediction of RORA, BCL2, and KLF6 in high-grade tumors. The endpoint is expression correlation rather than a clinical classification AUC.",REV-ALCIDES-AI,2026-09-23,complete,"No AUC, C-index, accuracy, or sensitivity-specificity pair is printed. The performance field records the Pearson correlations from the random-forest model.",no,canal-c-04
REC-AIBIOGU-000965,Zarei2025,Reproducibility of MRI-derived radiomic features in prostate cancer detection: a methodological approach.,2025,Pol J Radiol,10.5114/pjr/201467,prostate,,Methodologic retrospective study of MRI radiomic reproducibility and machine-learning classification of prostate cancer versus controls.,own_cohort,"82 MRI examinations, 41 with prostate cancer and 41 controls.",82,patients,radiology_imaging,T2-weighted and ADC radiomic features extracted with SERA (215 features),diagnostic_prediction,"Ten classifiers, including SVM, random forest, neural networks, logistic regression, CatBoost, and AdaBoost, after PCA and other dimensionality-reduction methods","T2-weighted and ADC radiomic features with ICC above 0.75, reduced mainly by PCA",Reproducibility-filtered MRI radiomic classifier of cancer versus non-cancer prostate,diagnostic,AUC,"AUC up to 0.93 and accuracy 0.88-0.9 for SVM, neural networks, and logistic regression using good and excellent reproducibility features",internal_cv,Tenfold cross-validation on the 82-case cohort. There is no external test set.,NR,NR,none_stated,None. Financial support and sponsorship are stated as none.,none_declared,"Radiomic features with ICC above 0.75 classified prostate cancer versus controls with accuracy 0.88-0.9 and AUC up to 0.93, and PCA was the most stable reduction method.","The dataset has only 82 individuals, and clinical variables such as age, PSA, and prostate volume were excluded.","Some algorithm and reduction pairs were unstable, including accuracy of 0.10 for k-nearest neighbors with an autoencoder. Reproducibility is the paper's main theme.",REV-ALCIDES-AI,2026-09-23,complete,The peak AUC is reported as up to 0.93 rather than one model-specific point estimate.,no,canal-c-04
REC-AIBIOGU-000967,Lv2025,Subregion-based radiomics analysis for predicting the histological grade of clear cell renal cell carcinoma.,2025,Front Oncol,10.3389/fonc.2025.1554830,kidney_renal,,"Retrospective subregion radiomics study predicting histologic grade of clear cell renal cell carcinoma, with an internal split of public CT and a local external set.",public_plus_own,"TCIA discovery cohort of 186 patients, split 7:3 into training and internal test, plus a local-hospital external set (methods n=64, July 2016-December 2023; the abstract says 65).",64,patients,radiology_imaging,Parenchymal-phase contrast-enhanced CT radiomics from the whole tumor and two intratumoral subregions,diagnostic_prediction,Logistic regression and support vector machine on subregion radiomic scores,Subregion radiomic features; the radscore used three candidate features from subregion VOI1,"Subregion CT radscore for high-grade versus low-grade ccRCC, with cutoff 0.576",diagnostic,AUC,"Logistic regression and SVM AUCs 0.74 and 0.77 on the external set, and 0.78 and 0.77 on the internal test set",external_cohort,"TCIA was split internally 7:3. One local hospital supplied the external test. Those local cases validate the model, so the source is public plus own data.",NR,yes,none_stated,Internal Research Fund of The Third Affiliated Hospital of Chongqing Medical University (KY24041).,none_declared,"Subregion CT radiomics classified ccRCC histologic grade with external AUCs of 0.74 and 0.77, close to the internal-test AUCs of 0.78 and 0.77.","The sample is small, especially the external set. Differences in scanners, reconstruction, and contrast timing across centers may change the radiomic features.","Weighted gene co-expression analysis linked radiomic-feature genes to migration, adhesion, and signaling. The radscore also separated some overall-survival groups.",REV-ALCIDES-AI,2026-09-23,complete,Analytic N is the external set of 64 patients in the methods. The abstract states 65 local patients.,no,canal-c-04
REC-AIBIOGU-000970,Zhi2025,The interpretable CT-based vision transformer model for preoperative prediction of clear cell renal cell carcinoma SSIGN score and outcome.,2025,Insights Imaging,10.1186/s13244-025-01972-0,kidney_renal,,Retrospective multicenter study of an interpretable CT vision-transformer model for preoperative SSIGN score and progression-free survival in clear cell renal cell carcinoma.,own_cohort,845 patients: training 592 from five hospitals and test 253 from three hospitals.,253,patients,radiology_imaging,"Corticomedullary-phase and renal parenchymal-phase contrast-enhanced CT, using the largest cross-section resized to 224 by 224 pixels",prognostic_prediction,"Pretrained Google ViT-base-patch16-224 features in a combined two-phase model, interpreted with SHAP",768 vision-transformer features from each of the corticomedullary and renal parenchymal phases,Combined corticomedullary and renal parenchymal vision-transformer model (CRVM) for SSIGN and progression-free survival,prognostic,AUC,Test-cohort SSIGN AUC 0.895 for the combined model (0.859 corticomedullary-only and 0.883 parenchymal-only); test-cohort progression-free survival C-index 0.840 (0.719 and 0.773 for the single-phase models),external_multicenter,Test patients came from three hospitals and training patients from five hospitals. Cross-validation is not described for the reported test metrics.,NR,upon_request,none_stated,Taishan Scholar Foundation of Shandong Province (tsqn202408392) and the Science and Technology Project of the Southern District of Qingdao (2022-2-008-YY).,Y.W. is affiliated with GE Healthcare. The remaining authors declared no competing interests.,The combined CT vision-transformer model predicted SSIGN on the multicenter test set with AUC 0.895 and progression-free survival with C-index 0.840.,"The study is retrospective, and scans from different scanners may affect transformer features. Clinical and conventional CT features were not fully integrated.","The combined model also had training SSIGN AUC 0.895. Decision-curve analysis favored it over the single-phase models. The cited vision-transformer repository is the public backbone, not study code.",REV-ALCIDES-AI,2026-09-23,complete,"AUC for SSIGN is the primary metric, and the progression-free survival C-index is co-reported. Analytic N is the 253-patient test cohort.",no,canal-c-04
REC-AIBIOGU-000971,He2025,The predictive value of radiomics and deep learning for synchronous distant metastasis in clear cell renal cell carcinoma.,2025,Discov Oncol,10.1007/s12672-025-01806-x,kidney_renal,,Retrospective two-center study of CT radiomics and deep learning for synchronous distant metastasis in clear cell renal cell carcinoma.,own_cohort,"Training at Gansu Provincial People's Hospital, January 2019 to February 2024 (n=143, including 58 with synchronous metastasis). Validation at Gansu Second People's Hospital (n=62, including 19 with metastasis).",62,patients,radiology_imaging,"Contrast-enhanced CT, with 3D radiomics and a largest-cross-section deep-learning crop",diagnostic_prediction,"LASSO radiomics with a support vector machine, fused with ResNet101","15 LASSO-selected features from 944 CT radiomic features, plus ResNet101 image features",Combined CT radiomics and ResNet101 model for synchronous distant metastasis,diagnostic,AUC,SVM AUC 0.860 (95% CI 0.789-0.931) in training and 0.813 (0.694-0.931) in validation; ResNet101 AUC 0.815 and 0.743; combined model AUC 0.863 (95% CI 0.804-0.921),external_cohort,One external hospital supplied the 62-patient validation set. The combined AUC of 0.863 is not explicitly assigned to training or validation.,NR,yes,none_stated,Natural Science Foundation of Gansu Province (22JR5RA650) and Gansu Provincial Hospital Scientific Research Foundation (23GSSYD-12).,none_declared,"An SVM radiomics model predicted synchronous distant metastasis with validation AUC 0.813, and a fused radiomics-deep learning model reached AUC 0.863.","As a retrospective study, the model indicates whether metastasis is present rather than its probability. The validation sample is small, and CT parameter differences limit use across devices.",The authors thank the Onekey AI platform for technical support. Decision-curve analysis favored the combined model.,REV-ALCIDES-AI,2026-09-23,needs_review,"The validation SVM AUC is tied to 62 patients. The combined AUC of 0.863 has no cohort label, so the N for that headline figure is uncertain.",yes,canal-c-04
REC-AIBIOGU-000972,Cong2025,The role of endothelial cell-related gene COL1A1 in prostate cancer diagnosis and immunotherapy: insights from machine learning and single-cell analysis.,2025,Biol Direct,10.1186/s13062-024-00591-x,prostate,,"Bioinformatic machine-learning study of endothelial-cell genes in prostate adenocarcinoma, with a diagnostic model and orthogonal tissue staining.",multiple_public,"TCGA-PRAD training used 498 tumors and 52 normal samples. External sets were GSE14206, GSE46602, GSE6956, and GSE71016, with single-cell data from GSE141445. Immunofluorescence used 100 cancers and 50 adjacent samples from Shanghai Outdo Biotech.",550,samples,transcriptomics,"Bulk RNA-seq for the diagnostic model, with single-cell RNA-seq used to nominate endothelial genes",diagnostic_prediction,Screen of 108 machine-learning combinations; XGBoost and random forest highlighted COL1A1,"Endothelial-cell-related gene expression, reduced to a diagnostic panel in which COL1A1 was prominent",COL1A1-centered endothelial diagnostic signature for prostate adenocarcinoma,diagnostic,AUC,"TCGA-PRAD training AUC 0.917; external AUCs 0.693 (GSE14206), 0.742 (GSE46602), 0.808 (GSE6956), and 0.715 (GSE71016)",external_cohort,Four GEO cohorts externally tested the diagnostic model. Multiplex immunofluorescence and cell-line knockdown are orthogonal and were not used to train the model.,NR,yes,none_stated,"Nantong Health Commission (ONZ2023055, MS2023063, and MS2022041) and the Nantong University Clinical Medicine Special Research fund.",none_declared,"Endothelial-gene models diagnosed prostate adenocarcinoma with a TCGA AUC of 0.917, and external GEO AUCs ranged from 0.693 to 0.808, with COL1A1 as a leading gene.",,"Endothelial-gene clusters were associated with prognosis and immunotherapy response. Immunofluorescence linked COL1A1 with AR and EGFR, and knockdown reduced malignant behavior in cell lines.",REV-ALCIDES-AI,2026-09-23,complete,Analytic N is the TCGA diagnostic set of 498 tumors plus 52 normal samples that supports AUC 0.917. Source data are public even though the authors say no new datasets were generated.,no,canal-c-04
REC-AIBIOGU-000974,Wang2025,Unsupervised learning-based quantitative analysis of CT intratumoral subregions predicts risk stratification of bladder cancer patients.,2025,BMC Med,10.1186/s12916-025-04163-2,bladder_urothelial,,Retrospective two-center study using unsupervised CT subregion radiomics to predict muscle invasion and AJCC stage in bladder cancer.,own_cohort,"Center A training n=778 (2006-2022) and center B external validation n=239 (2018-2022), for 1,017 patients.",239,patients,radiology_imaging,Venous-phase CT radiomics of the whole tumor and three unsupervised intratumoral subregions,risk_stratification,"Unsupervised clustering of tumor subregions followed by nested cross-validated radiomics models, including a fusion model","Radiomic features from the whole tumor and three subregions, fused with clinicopathological variables",Fusion intratumoral-subregion CT model for muscle invasion and AJCC stage,risk_stratification,AUC,External fusion-model AUROC 0.884 (95% CI 0.842-0.926) for muscle invasion and 0.832 (95% CI 0.768-0.897) for AJCC stage,external_cohort,Nested cross-validation was used during development at center A. The reported AUROCs are from one independent external center.,yes,upon_request,none_stated,National Natural Science Foundation of China (82271993 and 82471978).,none_declared,An unsupervised CT subregion fusion model predicted muscle-invasive bladder cancer with external AUROC 0.884 and AJCC stage with external AUROC 0.832.,"The retrospective design may bias comparisons between centers. Venous-phase CT alone may miss intratumoral heterogeneity, and prospective confirmation is needed.",The merged subregion model outperformed the whole-tumor model. Code is available at https://github.com/Leon-skops/Unsupervised-learning-based-quantitative-analysis-for-bladder-cancer.,REV-ALCIDES-AI,2026-09-23,complete,Analytic N is the external cohort of 239 that supports both AUROCs. Muscle invasion is co-reported with the AJCC risk-stratification task named in the title.,no,canal-c-04
REC-AIBIOGU-000980,Peng2026,A perioperative multi-modal fusion and deep learning-based prognostic system for upper tract urothelial carcinoma: a multi-institutional study.,2026,Insights Imaging,10.1186/s13244-026-02337-x,bladder_urothelial,,Retrospective six-center study of a perioperative multimodal model for overall survival after radical nephroureterectomy for upper tract urothelial carcinoma.,own_cohort,623 patients: centers 1-2 split into training n=331 and internal validation n=142; external validation n=150 from centers 3-6.,150,patients,radiology_imaging,"Baseline CT urography radiomics and 2D and 2.5D deep-learning features, plus perioperative clinical data",prognostic_prediction,"Fusion of clinical, radiomics, 2D ResNet-50, and 2.5D ResNet-50 prognostic scores",Perioperative clinical variables and CT-urography radiomic and deep-learning features,Combined clinical-radiomics-deep learning score for overall survival in upper tract urothelial carcinoma,prognostic,C-index,External combined-model C-index 0.704 (95% CI 0.631-0.777); internal validation 0.725 (0.651-0.798); training 0.758 (0.712-0.804); external 3-year AUC 0.766,external_multicenter,"The external set came from four additional centers. In training, the 2.5D ResNet-50 C-index was 0.705 versus 0.681 for the 2D model.",NR,upon_request,none_stated,Graduate Education and Teaching Reform Project of the First Affiliated Hospital of Chongqing Medical University (jgxm-202502) and that hospital's Medical Health Care Ecosystem Innovation Team.,none_declared,"A fused clinical, radiomic, and CT deep-learning model predicted overall survival after nephroureterectomy with an external C-index of 0.704 and a 3-year AUC of 0.766.","All data were retrospective, CT urography protocols differed across centers, and adjuvant treatment and clinical N stage were too incomplete to include.",The combined model had higher decision-curve net benefit than single-modality models. The intended use is perioperative risk stratification for surveillance or adjuvant therapy.,REV-ALCIDES-AI,2026-09-23,complete,Analytic N is the external set of 150 that supports the external C-index of 0.704.,no,canal-c-04
REC-AIBIOGU-000987,Ma2026,CT-based radiogenomic prediction of ICAM1 and RAET1E as biomarkers of NK cytotoxicity in clear cell renal cell carcinoma.,2026,Front Immunol,10.3389/fimmu.2026.1773251,kidney_renal,,"Radiogenomic study predicting ICAM1 and RAET1E expression, as NK-cytotoxicity markers, from CT in clear cell renal cell carcinoma.",TCGA,"TCGA-KIRC provided 538 tumor transcriptomes, of which 143 had matched contrast-enhanced CT. Independent immunohistochemistry used 26 ccRCC cases.",143,patients,other,"PyRadiomics features (3,176 per tumor) from preoperative contrast-enhanced CT linked to TCGA RNA expression",biomarker_discovery_association,L1-regularized support vector machine with leave-one-out cross-validation,CT radiomic features selected for association with ICAM1 and RAET1E expression strata,CT radiogenomic predictors of ICAM1 and RAET1E,other,AUC,"ICAM1 AUC 0.757 and RAET1E AUC 0.673, also printed as AUROC 0.76 and 0.68 with accuracies 0.71 and 0.66; external IHC accuracy 76.92% (sensitivity 100%, specificity 53.85%) for ICAM1 and 73.08% (sensitivity 100%, specificity 46.15%) for RAET1E",external_cohort,Leave-one-out cross-validation was used on 143 TCGA cases with CT. An independent 26-patient immunohistochemistry cohort tested protein-level predictions and was not used for training.,NR,upon_request,none_stated,Financial support was declared from the Suzhou Key Laboratory for Integrated research. The grant identifiers are split across the PDF columns and are not recovered as a clean list.,NR,"CT radiomics predicted ICAM1 and RAET1E expression with AUCs of 0.757 and 0.673, and an independent immunohistochemistry set had accuracies of 76.92% and 73.08% with sensitivity of 100% and specificity near 50%.","The authors attribute the external result to the small validation sample of 26, class imbalance, and possible overfitting of an exploratory single-center set.",Both genes were linked to NK-cell context and survival differences in TCGA. Sensitivity of 100% with specificity near one half on 26 cases is unstable.,REV-ALCIDES-AI,2026-09-23,needs_review,The same AUCs are printed both as percentages (75.7% and 67.3%) and as proportions (0.76 and 0.68). External sensitivity of 100% on 26 cases needs review. Own immunohistochemistry does not change the model source from TCGA.,yes,canal-c-04
REC-AIBIOGU-000989,Antolin2026,"Combined radiomics, PI-RADS, and clinical model improve significant prostate cancer prediction and guide biopsy decision.",2026,Insights Imaging,10.1186/s13244-026-02295-4,prostate,,"Retrospective observational study combining MRI radiomics, PI-RADS, and clinical variables to detect significant prostate cancer and estimate avoided biopsies.",own_cohort,"1,497 MRI cases from 1,395 men, randomly split into training n=1,194 (80%) and test n=303 (20%). Biopsy was the reference, and significant cancer was Gleason grade group 2 or higher.",303,images,radiology_imaging,"Handcrafted radiomic features from automatically segmented prostate glands, plus the index-lesion PI-RADS score and six clinical variables",diagnostic_prediction,"Machine-learning comparison of radiomics, PI-RADS, PI-RADS plus radiomics, and the full clinical model, with SHAP explanation","Whole-gland MRI radiomics, PI-RADS, and clinical variables",Radiomics plus PI-RADS plus clinical model for significant prostate cancer,diagnostic,AUC,"Test AUC 0.891 (95% CI 0.853-0.930) for radiomics plus PI-RADS plus clinical variables, versus radiomics 0.838 (0.792-0.884) and PI-RADS 0.833 (0.788-0.878)",internal_holdout,One 80/20 random split. Cross-validation and an external cohort are not described for the reported AUCs.,NR,upon_request,none_stated,"European project FLUTE, funded under Horizon Europe HORIZON-HLTH2022-IND-13.","C.P.L., A.J.P., and A.N.I. are employed by Quibim S.L. A.J.P. is a member of the Scientific Editorial Board of Insights into Imaging.","Adding radiomics and clinical variables to PI-RADS raised significant-cancer discrimination to a test AUC of 0.891, above PI-RADS alone at 0.833.","Deep radiomics and lesion-mask features were not tested, and the differences in specificity and avoided biopsies were not statistically significant.","At a fixed sensitivity of 97.4%, specificity was 29.41% and the biopsy-avoidance rate was 18.15% (p=0.313). Part of the cohort overlaps a 2022 Barcelona clinical prediction model.",REV-ALCIDES-AI,2026-09-23,complete,"Analytic N is the 303-case test partition. The unit is images because 1,497 examinations came from 1,395 men.",no,canal-c-04
REC-AIBIOGU-000990,Juarez2026,Deep learning models built from PSMA PET of the primary tumor can predict synchronous and metachronous prostate cancer metastases.,2026,PLoS One,10.1371/journal.pone.0349825,prostate,,Retrospective single-center deep-learning study using primary-tumor PSMA PET to predict synchronous metastases and later metastatic progression.,own_cohort,"VA Greater Los Angeles; 94 patients split into training 47, validation 19, and test 28.",28,patients,radiology_imaging,"18F-DCFPyL PSMA PET of the primary tumor with auto-segmented intraprostatic lesions, plus clinicopathologic variables",prognostic_prediction,Modified 3D SqueezeNetv2 combined with clinicopathologic and imaging parameters,"Two-channel 3D cuboid of the prostate PET volume and lesion mask, plus clinical variables",Multimodal PSMA-PET model for synchronous and metachronous prostate cancer metastases,prognostic,AUC,"Multimodal AUC 0.839 (95% CI 0.676-1.000) for metachronous metastatic progression, versus CNN-only AUC 0.723 (0.497-0.949). Synchronous AUCs of 0.82 and 0.72 are printed with the CNN and multimodal labels swapped between sentences",internal_holdout,"Stratified 50/20/30 train, validation, and test split of one center. There is no cross-validation and no external cohort.",NR,upon_request,none_stated,Cooperative Research and Development Agreement between VA Greater Los Angeles and Lantheus. The funder supported salaries for authors who contributed to the CNN code.,"Dr. Nickols reported grants from Janssen, Lantheus, and Bayer and personal fees from PrimeFour. Dr. Rettig reported speaking or consulting relationships with several companies, including Amgen and Johnson & Johnson, outside the submitted work.",A multimodal model trained on primary-tumor PSMA PET predicted later metastatic progression with AUC 0.839 on the internal test set.,"The authors cite the modest sample, single-center source, and risk of overfitting, and they request validation in a larger cohort.","For metachronous progression, the multimodal AUC also exceeded CAPRA (0.742) and the UCLA PSMA Risk Score (0.677). Identifiable health information will not be shared.",REV-ALCIDES-AI,2026-09-23,needs_review,Two results sentences exchange which of the CNN and multimodal models has synchronous-metastasis AUC 0.82 versus 0.72. The metachronous AUC of 0.839 is consistent and is assigned to the 28-patient test set.,yes,canal-c-04
REC-AIBIOGU-000991,Yang2026,Developing an interpretable clinical-radiomics machine learning model using whole transition zone MRI analysis for improving diagnosis of transition zone prostate cancer.,2026,Front Oncol,10.3389/fonc.2026.1716482,prostate,,Retrospective two-center study of a biparametric-MRI clinical-radiomics model for transition-zone prostate cancer versus benign prostatic hyperplasia.,own_cohort,Center A in Hangzhou contributed 203 patients (training 142 and internal validation 61). Center B in Ningbo contributed external validation n=77.,77,patients,radiology_imaging,Whole transition-zone T2-weighted and ADC radiomics from biparametric MRI,diagnostic_prediction,Support vector machine radiomics model combined with clinical variables and interpreted with SHAP,Whole-transition-zone ADC and T2-weighted radiomic features plus clinical variables including total PSA,Clinical-radiomics model for transition-zone prostate cancer versus benign prostatic hyperplasia,diagnostic,AUC,"Clinical-radiomics AUC 0.963 (95% CI 0.897-1.000) in training, 0.889 (95% CI 0.786-0.991) in internal validation, and 0.829 in external validation; SVM using ADC plus T2WI had AUC 0.865 in training and 0.850 in internal validation",external_cohort,"Center A was randomly split, and that internal set was used for model selection. Center B is one independent external cohort. The authors emphasize the external AUC of 0.829.",NR,upon_request,none_stated,"Medical Health Science and Technology Project of the Zhejiang Provincial Health Commission (2025KY1161, 2025KY1160, 2025KY1217) and Zhejiang Traditional Chinese Medicine Science and Technology Program (2024ZL668).",none_declared,A whole-transition-zone clinical-radiomics model distinguished transition-zone prostate cancer from benign hyperplasia with an external AUC of 0.829.,"The retrospective two-center design may introduce selection bias. Segmentation was manual, stromal versus glandular hyperplasia was not analyzed, and internal-validation performance may be mildly optimistic because it was used for model selection.","On internal validation the combined AUC of 0.889 exceeded the clinical and radiomics-only models, which were about 0.850.",REV-ALCIDES-AI,2026-09-23,complete,Analytic N is the external set of 77 that supports AUC 0.829. The internal combined AUC confidence interval is 0.786-0.991 from the results table.,no,canal-c-04
REC-AIBIOGU-001001,Zhang2026,Integrating single-cell analysis and machine learning algorithms to explore lactylation-related molecular mechanisms and therapeutic responses in clear cell renal cell carcinoma and identifying CDT1 as a potential biomarker.,2026,Front Endocrinol (Lausanne),10.3389/fendo.2026.1883553,kidney_renal,,"Integrative single-cell and bulk-transcriptomic machine-learning study of lactylation-related prognosis in clear cell renal cell carcinoma, with experimental follow-up of CDT1.",multiple_public,TCGA-KIRC bulk RNA-seq from 529 patients for training; external GSE29609 and E-MTAB-1980; single-cell transcriptomes used to derive lactylation programs. In vitro and in vivo CDT1 assays are orthogonal.,529,patients,transcriptomics,Bulk RNA-seq prognostic modeling informed by single-cell lactylation scores,prognostic_prediction,"101 combinations of 10 algorithms, including LASSO, ridge, random survival forest, and elastic net, with 10-fold cross-validation for the penalty",Lactylation-related expression reduced to a 13-gene risk score centered on CDT1,Lactylation-related prognostic risk score with CDT1 as the core biomarker,prognostic,C-index,"Selected random survival forest plus elastic net (alpha 0.1) C-index 0.710 across cohorts (training 0.686; external range 0.672-0.771, with 0.771 in one independent set); a 50% TCGA internal split remained at C-index 0.677; TCGA time-dependent AUCs were 0.72, 0.71, and 0.70",external_cohort,"GEO and ArrayExpress ccRCC cohorts externally tested the score. Tenfold cross-validation chose the penalty, and a 50% TCGA holdout gave C-index 0.677. Knockdown experiments did not train the model.",NR,yes,none_stated,National Natural Science Foundation of China (82402695 and 82402683); the funding statement continues with additional grants.,none_declared,"A lactylation-related machine-learning score had a cross-cohort C-index of 0.710 and nominated CDT1, whose knockdown reduced invasion and changed intracellular lactate.","The score is inferred from transcriptomic programs. The authors note that direct lactylation assays, such as pan-lactyl-lysine or site-specific chromatin assays, were not the basis of the model.","LASSO and ridge had C-indices of 0.706 and 0.713, but random survival forest plus elastic net was preferred for balance across cohorts. GSE29609 time-dependent AUCs were about 0.68.",REV-ALCIDES-AI,2026-09-23,complete,C-index is the algorithm-selection metric. Analytic N is the 529-patient TCGA training set that supports the training C-index of 0.686 within the reported 0.710 summary.,no,canal-c-04
REC-AIBIOGU-001014,Yang2026,Multimodal deep learning for prediction of postoperative recurrence in clear cell renal cell carcinoma: a clinical-radiologic-pathologic approach.,2026,Front Oncol,10.3389/fonc.2026.1831252,kidney_renal,,"Retrospective multicenter clinical, radiologic, and pathologic deep-learning study of 5-year postoperative recurrence in clear cell renal cell carcinoma.",own_cohort,"270 patients from three hospitals: 215 from hospitals A and B for development and 55 from hospital C for independent testing. The characteristics table lists 175, 40, and 55 patients.",55,patients,other,"Clinical variables with non-enhanced CT, ultrasound, and pathology radiomics and ResNet features",prognostic_prediction,"Logistic regression, random forest, and boosting radiomics models plus ResNet, fused after 5-fold out-of-fold scoring","Radiomic and deep-learning scores from CT, ultrasound, and pathology, combined with clinical features",Multi-modality radiomics-deep learning model for 5-year postoperative ccRCC recurrence,prognostic,AUC,Independent-test AUROC 0.967 (95% CI 0.929-1.0) for the fused model; a non-enhanced fused model had AUROC 0.837 (95% CI 0.729-0.946),external_cohort,Hospital C (n=55) is an independent external test. Five-fold cross-validation generated out-of-fold scores during development.,NR,upon_request,none_stated,"Natural Science Foundation of Shandong Province (ZR2023MH042), Shandong Provincial Healthcare Workers' Technological Innovation Collaborative Project (SDYWZGKCJHLH202434), and Qingdao Key Clinical Specialty Project Fund (QDZDZK-2024-067).",Authors J.W. and F.S. are employed by United Imaging Intelligence. The remaining authors declared no commercial or financial conflict.,"A fused clinical, imaging, and pathology model predicted 5-year ccRCC recurrence with an independent-test AUROC of 0.967 (95% CI 0.929-1.0).","Acquisition limits differ by modality and center, and the authors note that the modeling choice has to be matched to the prediction task.",Single-modality AUROCs included 0.640 for an ultrasound model and 0.741 for a stronger single modality. A discussion comparison also cites a radiomics C-index of 0.924.,REV-ALCIDES-AI,2026-09-23,needs_review,The external AUROC of 0.967 on 55 patients has a confidence interval that reaches 1.0 and should be checked for overfitting or an unusually separable test set.,yes,canal-c-04
REC-AIBIOGU-001015,Muellner2026,Multiphase CT-Based Tumor and Peritumoral Radiomics for Characterization of Clear Cell Renal Cell Carcinoma.,2026,J Imaging Inform Med,10.1007/s10278-025-01797-9,kidney_renal,,"Retrospective single-center comparison of tumor, peritumoral, and combined multiphase CT radiomics for stage, grade, and aggressiveness of clear cell renal cell carcinoma.",own_cohort,Single-center cohort of 250 patients with pathologically confirmed ccRCC and four-phase CT.,250,patients,radiology_imaging,"Four-phase CT radiomics from the tumor and a 5 mm peritumoral shell, with 1,874 features per region per phase",diagnostic_prediction,Elastic-net logistic regression and random forest with tenfold stratified cross-validation,"Tumor-region radiomic features, with the nephrographic phase compared against peritumoral and multiphase sets","Nephrographic-phase tumor-region radiomic models for binarized stage, grade, and aggressiveness",diagnostic,AUC,"Best tumor-region elastic-net AUCs 0.915 (95% CI 0.881-0.949) for aggressiveness, 0.875 (0.822-0.928) for stage, and 0.697 (0.628-0.765) for grade",internal_cv,"Tenfold stratified cross-validation on one center, with feature selection inside each fold. There is no external cohort.",NR,upon_request,none_stated,No external research funding. Open-access charges were supported by SCELC.,"V. Duddalwar has consultancy engagements with Radmetrix, Roche, Deeptek, and Westat.","Tumor-only nephrographic CT radiomics outperformed peritumoral and combined regions, with cross-validated AUCs of 0.915 for aggressiveness, 0.875 for stage, and 0.697 for grade.","The single-center design and sample size limit generalizability, there is no external validation, clinical variables were omitted, and sensitivity for high-grade tumors was low (0.147 for the best grade model).",Peritumoral and multiphase inputs did not beat the tumor-region nephrographic model. Stage models had specificity above 0.94 and sensitivity of 0.34-0.44.,REV-ALCIDES-AI,2026-09-23,complete,Analytic N is the full 250-patient cohort used in tenfold cross-validation. Aggressiveness is listed first because it has the highest tumor-region AUC; stage and grade are co-reported.,no,canal-c-04
REC-AIBIOGU-001020,Zhou2026,Predicting Response to Neoadjuvant Hormonal Therapy and Prognostic Outcomes in High-Risk Prostate Cancer Using MRI-Based Radiomics,2026,,10.21203/rs.3.rs-8655062/v1,prostate,,"Retrospective single-center radiomics study predicting pathological complete response to neoadjuvant hormonal therapy, and related disease-free survival, in high-risk prostate cancer.",own_cohort,"Fudan University affiliated Huadong Hospital, January 2017 to January 2025; 140 patients split into training n=95 and internal validation n=45 (44 complete responses and 96 incomplete responses).",45,patients,radiology_imaging,Radiomic features from preoperative ADC maps,treatment_response_prediction,"Support vector machine radiomics signature (C=12, gamma=0.0012) combined with clinical MRI and pathology features; logistic regression and random forest were compared. Classifier choice used 10-fold cross-validation repeated 5 times","Eight ADC radiomic features, seminal-vesicle invasion, and cribriform adenocarcinoma",Combined ADC radiomics model for pathological complete response to neoadjuvant hormonal therapy,predictive_response,AUC,Combined model AUC 0.909 (95% CI 0.852-0.965) in training and 0.947 (95% CI 0.882-1.012) in internal validation; SVM radiomics AUC 0.872 in training and 0.923 in validation,internal_holdout,"One center was split 95/45. Repeated 10-fold cross-validation selected the classifier, while the reported AUCs are on the internal validation split. There is no external cohort.",NR,upon_request,other,"Not applicable, as stated by the authors.",none_declared,"A combined ADC radiomics model predicted pathological complete response with an internal-validation AUC of 0.947, and a higher predicted probability was associated with better disease-free survival.","The preprint presents a larger single-center series with internal validation, but it remains retrospective and single-center.",Clinical-feature AUCs were 0.723 in training and 0.784 in internal validation. This Research Square preprint was later published as REC-AIBIOGU-001023. The authors cite a high Radiomics Quality Score.,REV-ALCIDES-AI,2026-09-23,needs_review,"This is the same Huadong Hospital enrollment window as the published Zhou 2026 paper, with a different split and a validation confidence interval that exceeds 1 (1.012).",yes,canal-c-04
REC-AIBIOGU-001023,Zhou2026,Predicting response to neoadjuvant hormonal therapy and prognostic outcomes in high-risk prostate cancer using MRI-based radiomics.,2026,BMC Cancer,10.1186/s12885-026-16015-0,prostate,,"Retrospective single-center radiomics study predicting complete or minimal residual response to neoadjuvant hormonal therapy, and related disease-free survival, in high-risk prostate cancer.",own_cohort,"Fudan University affiliated Huadong Hospital, January 2017 to January 2025; 140 patients split into training n=98 and internal validation n=42.",42,patients,radiology_imaging,Radiomic features from preoperative ADC maps and T2-weighted MRI,treatment_response_prediction,Support vector machine radiomics signature combined with clinical MRI and pathological features; nested cross-validation checked feature-selection optimism,"Thirteen radiomic features (eight from ADC and five from T2-weighted images), seminal-vesicle invasion, and cribriform adenocarcinoma","Combined ADC and T2-weighted radiomics model for complete response, defined as pathological complete response or minimal residual disease",predictive_response,AUC,Combined model AUC 0.932 (95% CI 0.884-0.980) in training and 0.979 (0.939-1.000) in internal validation; ADC plus T2-weighted radiomics validation AUC 0.952 versus 0.923 for ADC alone,internal_holdout,One center was split 98/42. Tenfold and nested 5-fold checks were used during training; the headline AUC is the internal validation split. There is no external cohort.,NR,upon_request,other,Key Specialized Disease Construction Project of Huadong Hospital (ZDZB2222).,none_declared,"Adding T2-weighted features to ADC radiomics predicted complete response to neoadjuvant hormonal therapy with an internal-validation AUC of 0.979, and higher predicted probability tracked longer disease-free survival.","The series is larger than earlier work and uses internal validation, but it is still a single-center retrospective cohort without an external test.",Clinical-only AUCs were 0.723 in training and 0.784 in validation. This published paper shares the center and enrollment window with preprint REC-AIBIOGU-001020 but uses a different feature set and split. A high Radiomics Quality Score is cited.,REV-ALCIDES-AI,2026-09-23,needs_review,"This is the published counterpart of REC-AIBIOGU-001020. The shared cohort should be checked before synthesis, and the validation confidence interval reaches 1.000.",yes,canal-c-04
REC-AIBIOGU-001026,Yuan2026,Radiomics-based interpretable machine learning model from multiphasic CT imaging for predicting pathological grade in upper tract urothelial carcinoma: a multicenter study.,2026,Front Oncol,10.3389/fonc.2026.1844559,bladder_urothelial,,Retrospective multicenter radiomics study predicting pathological grade of upper tract urothelial carcinoma from multiphasic CT urography.,own_cohort,338 patients after radical nephroureterectomy: training n=236 at center 1 (June 2015-June 2024) and external test n=102 from centers 2 and 3 (June 2017-June 2024).,102,patients,radiology_imaging,"Multiphasic CT urography radiomics from non-contrast, arterial, and venous phases",diagnostic_prediction,"LightGBM, compared with XGBoost, SVM, and a multilayer perceptron; LASSO with five-fold cross-validation for feature selection and SHAP for interpretation","Sixteen LASSO-selected radiomic features (4 non-contrast, 9 arterial, and 3 venous), including wavelet NGTDM contrast",LightGBM multiphasic CT radiomics model for high-grade versus low-grade upper tract urothelial carcinoma,diagnostic,AUC,"LightGBM AUC 0.945 in training (sensitivity 84.5%, specificity 91.2%) and 0.829 in the external test set (sensitivity 71.8%, specificity 77.4%); XGBoost training AUC was 0.930",external_multicenter,The test patients came from two additional centers. Five-fold cross-validation selected the LASSO penalty and was not the reported test metric.,NR,upon_request,none_stated,"Medical Health Care Ecosystem Innovation Team of the First Affiliated Hospital of Chongqing Medical University (CYYY-DSTDXM-202409), Chongqing Municipal Education Commission 14th Five-Year Key Discipline Support Project (20240101), and an annual Chongqing research project.",none_declared,A LightGBM model of multiphasic CT urography predicted high-grade upper tract urothelial carcinoma with an external AUC of 0.829.,"Although the data are multi-center, the sample is still relatively small, and larger datasets from more diverse regions are needed.",LightGBM had the smallest drop from training to test among the compared algorithms. SHAP highlighted wavelet texture features linked to high-grade tissue.,REV-ALCIDES-AI,2026-09-23,complete,Analytic N is the 102-patient external test set that supports AUC 0.829.,no,canal-c-04
REC-AIBIOGU-001027,Feng2026,Radiomics-based tumor heterogeneity augments clinicopathological models for predicting recurrence in high-risk clear cell renal cell carcinoma after nephrectomy.,2026,Abdom Radiol (NY),10.1007/s00261-025-05108-2,kidney_renal,,Retrospective multicenter study of CT radiomic heterogeneity for recurrence-free survival after nephrectomy in high-risk clear cell renal cell carcinoma.,own_cohort,"194 high-risk non-metastatic ccRCC patients from hospitals including the First Affiliated Hospital of Zhejiang University School of Medicine, the Second People's Hospital of Yuhang District, and the First Affiliated Hospital of Ningbo University. Training n=147 and external test n=47.",47,patients,radiology_imaging,Preoperative corticomedullary-phase CT radiomics (107 IBSI features extracted with PyRadiomics),prognostic_prediction,"Random survival forest, with Boruta selection and 10-fold cross-validation on the training set, compared with the Leibovich score and a combined model","Corticomedullary-phase texture, shape, and intensity features, with tumor volume among the most important inputs","CT radiomics risk score for recurrence-free survival, alone and combined with the Leibovich score",prognostic,AUC,"External-test time-dependent radiomics AUC 0.882 at 1 year (95% CI 0.779-0.986), 0.865 at 2 years (0.707-1), and 0.793 at 3 years (0.616-0.969), versus Leibovich 0.781, 0.762, and 0.797; combined-model test AUCs 0.853, 0.851, and 0.780",external_cohort,The paper reports one external test cohort within a multicenter series. Tenfold cross-validation was limited to training-parameter selection. The test set is not described as several held-out centers.,NR,no,none_stated,Zhejiang Provincial Natural Science Foundation of China (LTGY24H180003) and the General Project of the Hangzhou Health Science and Technology Program (B20253445).,none_declared,A corticomedullary CT radiomics model predicted recurrence-free survival better than the Leibovich score at 1 and 2 years on the external test set (AUC 0.882 and 0.865).,"The sample is small, with selection bias and class imbalance. Predominance of high-stage tumors limits generalizability, and prospective validation is needed.","The combined model had the highest decision-curve net benefit at 2 and 3 years. Training radiomics AUCs were 0.929, 0.895, and 0.886 at 1, 2, and 3 years. The authors state that no datasets were generated or analyzed.",REV-ALCIDES-AI,2026-09-23,complete,Analytic N is the external test set of 47 patients in Table 2. Time-dependent AUC is the printed metric; a C-index is not given.,no,canal-c-04
REC-AIBIOGU-001030,Deza2026,Urinary volatilomics using liquid-liquid extraction and gas chromatography-mass spectrometry (GC-MS) combined with machine learning algorithms as a tool for diagnosis and surveillance of urothelial bladder cancer.,2026,BJC Rep,10.1038/s44276-026-00244-8,bladder_urothelial,,Case-control urinary volatilomics study using liquid-liquid extraction GC-MS and machine learning to diagnose urothelial bladder cancer.,own_cohort,"Urine from 50 patients with urothelial bladder cancer and 50 healthy controls. Among the patients, 36 had recurrence and 14 were new diagnoses. Sample collection was supported through Liverpool Biobank.",100,patients,other,Urinary volatile organic compounds measured by liquid-liquid extraction and gas chromatography-mass spectrometry,diagnostic_prediction,"XGBoost, compared with AdaBoost, gradient boosting, random forest, logistic regression, and naive Bayes",GC-MS volatile features reduced to an eight-metabolite panel,Eight-metabolite urinary volatile panel for urothelial bladder cancer versus controls,diagnostic,AUC,"XGBoost AUROC 0.869 (95% CI 0.740-0.988), versus a classical statistical AUROC of 0.752; the eight-metabolite panel had balanced sensitivity and specificity of 85%, or 95% sensitivity with 70% specificity at a screening threshold",internal_cv,"Five-fold cross-validation repeated 10 times, plus additional random splits. There is no external cohort.",NR,upon_request,none_stated,"Cancer Research UK grant C45856/A21068 (Chris Probert and Henry Lazarowicz), with support from the University of the West of England and the Bristol and Weston Hospitals Charity.",none_declared,"An XGBoost model of urinary volatiles separated bladder cancer from controls with AUROC 0.869, above a classical statistical model at AUROC 0.752.","The study is not longitudinal, so surveillance over time is untested. The authors recommend a longitudinal design to evaluate whether the markers track cancer progression.","AdaBoost, gradient boosting, and random forest had AUROCs of 0.846, 0.823, and 0.814. The recurrence subgroup of 36 patients is described but is not the primary diagnostic comparison.",REV-ALCIDES-AI,2026-09-23,complete,Analytic N is the 100-participant cross-validation cohort that supports AUROC 0.869.,no,canal-c-04
REC-AIBIOGU-001032,Azuaje2019,Connecting Histopathology Imaging and Proteomics in Kidney Cancer through Machine Learning.,2019,J Clin Med,10.3390/jcm8101535,kidney_renal,,CPTAC ccRCC proteomics and histology with random-forest and CNN classifiers of tumor versus normal.,CPTAC,"CPTAC clear-cell renal cell carcinoma discovery cohort; 194 samples (110 tumor, 84 normal) with 9964 proteins.",194,samples,proteomics,"TMT proteomics of the top 10% most variable proteins, paired with H&E images.",diagnostic_prediction,Random forest (500 trees) on proteomics; VGG16 CNN for histology.,997 most-variable proteins for the random forest; H&E image tiles for the CNN.,Proteomic panel used to separate ccRCC from normal kidney.,diagnostic,AUC,Proteomics random forest AUC 0.99 and accuracy 0.98 on 10-fold cross-validation; histology model accuracy 0.95 on the held-out image test set.,internal_cv,Ten-fold cross-validation for proteomics. Histology used a separate image test set from the same CPTAC cohort.,NR,yes,none_stated,NR,NR,"A proteomic random-forest classifier separated CPTAC ccRCC from normal kidney with AUC 0.99, and proteins correlated with the histology predictions mapped to immune, matrix, and metabolic pathways.",NR,"Histology CNN accuracy 0.95 on the test images, with sensitivity 1 and specificity 0.93.",REV-ALCIDES-AI,2026-09-23,needs_review,"The performance endpoint is tumor versus normal classification in one public cohort, not a prognostic or treatment-response biomarker.",yes,canal-c-maybe
REC-AIBIOGU-001033,Pasini2023,A Critical Analysis of the Robustness of Radiomics to Variations in Segmentation Methods in 18F-PSMA-1007 PET Images of Prostate Cancer.,2023,Diagnostics (Basel),10.3390/diagnostics13243640,prostate,,Single-center 18F-PSMA-1007 PET radiomics study of segmentation robustness and low- versus high-risk classification.,own_cohort,"78 patients (43 low risk, 35 high risk) with three segmentation methods.",78,patients,radiology_imaging,"18F-PSMA-1007 PET radiomics (original, LoG, and wavelet features).",risk_stratification,"Hybrid feature selection with KNN, SVM, and LDA classifiers.","1781 radiomic features extracted after manual, threshold, and region-growing segmentation.",Region-growing LDA radiomic model separating low- from high-risk prostate cancer.,risk_stratification,AUC,"Region-growing LDA: accuracy 74.49%, AUC 79.20%, sensitivity 84.38%.",internal_split_only,Performance is reported by segmentation method on the same 78-patient cohort. No external center is described.,NR,NR,none_stated,NR,NR,"PSMA-PET radiomics separated low- from high-risk prostate cancer, with the best LDA result after region-growing segmentation (AUC 79.20%). Shape features were the least robust to segmentation.",Radiomics reproducibility is limited by segmentation method.,GLCM features were the most robust feature class across the three segmentation methods.,REV-ALCIDES-AI,2026-09-23,needs_review,"The primary aim is segmentation robustness. The risk-model AUC is reported, but the split used for that AUC is not stated as an external cohort.",yes,canal-c-maybe
REC-AIBIOGU-001034,Tao2026,A disease-centric vision-language foundation model for precision oncology in kidney cancer.,2026,Nat Commun,10.1038/s41467-026-74175-w,kidney_renal,,"Multi-center kidney CT vision-language foundation model evaluated for anatomy, diagnosis, and survival.",public_plus_own,"Pretraining 21819 CT series from 6867 patients. Evaluation 1942 patients, including an internal test of 100, a five-center external cohort of 1017, and a TCIA cohort.",100,patients,radiology_imaging,Contrast and non-contrast kidney CT aligned with radiology-report text.,prognostic_prediction,RenalCLIP two-stage vision-language pretraining with task-specific fine-tuning.,Kidney CT volumes and paired report text.,"RenalCLIP imaging representation used for malignancy, aggressiveness, and survival.",prognostic,AUC,"Internal-test ROC AUC 0.908, 0.646, 0.857, 0.747, and 0.713 for R.E.N.A.L. features R, E, A, L, and N.",external_multicenter,"Fine-tuning on 400 internal patients, internal test n=100, combined external test n=1017 from five centers, plus a TCIA cohort.",NR,NR,none_stated,NR,NR,"RenalCLIP outperformed general-purpose foundation models on kidney CT anatomical, diagnostic, and survival tasks and kept performance on external centers.",NR,"External-test ROC AUC 0.902, 0.610, 0.715, and 0.727 for R, E, N, and L.",REV-ALCIDES-AI,2026-09-23,needs_review,n_analytic is the internal test set that supports the printed R.E.N.A.L. AUCs. Survival metrics are described but the printed numbers in the crop are the anatomical AUCs. Code and data availability were not in the first pages.,yes,canal-c-maybe
