hit_key	source	ext_id	title	pub_year	journal	doi	decision	exclusion_reason_code	note	screen_source
MED:1604756	MED	1604756	Segmenting ultrasound images of the prostate using neural networks.	1992	Ultrason Imaging	10.1177/016173469201400205	Excluded	wrong outcome	A neural network only segments prostate versus nonprostate ultrasound regions and does not derive a biomarker.	batch-01
MED:9683301	MED	9683301	Neural network analysis of combined conventional and experimental prognostic markers in prostate cancer: a pilot study.	1998	Br J Cancer	10.1038/bjc.1998.472	Excluded	wrong intervention	The network predicts outcome from routine clinical factors plus pre-specified bcl-2 and p53 staining rather than discovering a new biomarker.	batch-01
MED:9679892	MED	9679892	Novel staging tool for localized prostate cancer: a pilot study using genetic adaptive neural networks.	1998	J Urol	10.1016/s0022-5347(01)62916-1	Excluded	wrong intervention	The staging network uses only serum PSA, biopsy findings, and Gleason score to predict extracapsular disease.	batch-01
MED:11113746	MED	11113746	A neural network predicts progression for men with gleason score 3+4 versus 4+3 tumors after radical prostatectomy.	2000	Urology	10.1016/s0090-4295(00)00815-3	Excluded	wrong intervention	The network predicts biochemical recurrence from Gleason 3+4 versus 4+3 status and other routine pathologic and clinical variables.	batch-01
MED:11185421	MED	11185421	Machine learning for survival analysis: a case study on recurrence of prostate cancer.	2000	Artif Intell Med	10.1016/s0933-3657(00)00053-1	Excluded	wrong intervention	This methods paper applies machine learning to clinical recurrence prediction and does not discover a new biomarker.	batch-01
MED:10647699	MED	10647699	Neural network analysis of clinicopathological and molecular markers in bladder cancer.	2000	J Urol	10.1016/s0022-5347(05)67948-7	Not_recovered		Full text not recovered 2026-09-23. No open-access PDF (J Urol 2000).	maybe_ft_2026-09-23
MED:11113747	MED	11113747	Performance of a neural network in detecting prostate cancer in the prostate-specific antigen reflex range of 2.5 to 4.0 ng/mL.	2000	Urology	10.1016/s0090-4295(00)00830-x	Excluded	wrong intervention	The detection index combines age with established serum markers (PSA, free PSA, prostatic acid phosphatase, and creatine kinase) and does not discover a new biomarker.	batch-01
MED:11248624	MED	11248624	Artificial neural network model for the assessment of lymph node spread in patients with clinically localized prostate cancer.	2001	Urology	10.1016/s0090-4295(00)01039-6	Excluded	wrong intervention	Lymph-node prediction uses only clinical stage, biopsy Gleason sum, and PSA.	batch-01
TITLE:Evaluation of artificial neural networks for the prediction of pathologic stage in prostate carcinoma			Evaluation of artificial neural networks for the prediction of pathologic stage in prostate carcinoma	2001	Cancer	10.1002/1097-0142(20010415)91:8+<1661::aid-cncr1180>3.3.co;2-x	Excluded	wrong intervention	Pathologic-stage prediction uses age, PSA, clinical stage, and biopsy Gleason score, the same established inputs as a clinical nomogram.	batch-01
MED:11790278	MED	11790278	Genetic adaptive neural network to predict biochemical failure after radical prostatectomy: a multi-institutional study.	2001	Mol Urol	10.1089/10915360152745849	Excluded	wrong intervention	Biochemical-recurrence prediction uses routinely collected preoperative variables (age, race, PSA, biopsy stage, and Gleason score).	batch-01
MED:12012294	MED	12012294	Artificial neural networks for diagnosis and prognosis in prostate cancer.	2002	Semin Urol Oncol	10.1053/suro.2002.32492	Excluded	wrong publication type	This is a topical review of neural-network applications in prostate-cancer diagnosis and prognosis, kept for context rather than as an included primary study.	batch-01
MED:12508689	MED	12508689	Neural network-based segmentation and classification system for automated grading of histologic sections of bladder carcinoma.	2002	Anal Quant Cytol Histol		Excluded	wrong outcome	The system segments nuclei and assigns WHO grade to bladder-cancer sections without deriving a new biomarker.	batch-01
MED:11844812	MED	11844812	Novel artificial neural network for early detection of prostate cancer.	2002	J Clin Oncol	10.1200/jco.2002.20.4.921	Excluded	wrong intervention	Early-detection networks use standard PSA parameters to decide on biopsy and do not discover a new biomarker.	batch-01
MED:12946746	MED	12946746	An artificial neural network to predict the outcome of repeat prostate biopsies.	2003	Urology	10.1016/s0090-4295(03)00409-6	Excluded	wrong intervention	Repeat-biopsy prediction combines age, PSA derivatives, digital rectal examination, and ultrasound volumes rather than a new biomarker.	batch-01
MED:14519642	MED	14519642	Artificial intelligence in predicting bladder cancer outcome: a comparison of neuro-fuzzy modeling and artificial neural networks.	2003	Clin Cancer Res		Excluded	wrong intervention	Relapse models use pre-specified p53 and mismatch-repair immunostaining plus conventional clinicopathological variables.	batch-01
MED:16985612	MED	16985612	Artificial neural networks for decision-making in urologic oncology.	2003	Rev Urol	10.1016/s0302-2838(03)00133-7	Excluded	wrong publication type	This is a topical overview of neural networks for urologic-oncology decisions, kept for context rather than as an included primary study.	batch-01
MED:14989489	MED	14989489	Classification of prostatic carcinoma with artificial neural networks using comparative genomic hybridization and quantitative stereological data.	2003	Pathol Res Pract	10.1078/0344-0338-00496	Included		Support-vector and neural classifiers using comparative genomic hybridization and stereological tissue features predict pT2 versus pT3 prostate cancer with 74–80% accuracy and highlight gains and losses on 1q, 7p, and 8p.	batch-01
MED:14606364	MED	14606364	Combining artificial neural networks and transrectal ultrasound in the diagnosis of prostate cancer.	2003	Oncology (Williston Park)		Excluded	wrong publication type	This is a topical review of existing machine-learning models for prostate-biopsy prediction, kept for context rather than as an included primary study.	batch-01
MED:12576812	MED	12576812	Neural network using combined urine nuclear matrix protein-22, monocyte chemoattractant protein-1 and urinary intercellular adhesion molecule-1 to detect bladder cancer.	2003	J Urol	10.1097/01.ju.0000051322.60266.06	Excluded	wrong intervention	The network detects bladder cancer from pre-specified urine levels of NMP22, MCP-1, and ICAM-1 rather than discovering a new signature.	batch-01
MED:14518736	MED	14518736	Neural network-based assessment of prognostic markers and outcome prediction in bilharziasis-associated bladder cancer.	2003	IEEE Trans Inf Technol Biomed	10.1109/titb.2003.813796	Excluded	wrong intervention	Outcome models select among eight pre-specified clinical and pathological markers, including bilharziasis history and histologic type.	batch-01
TITLE:Urinary bladder tumor grade diagnosis using on-line trained neural networks			Urinary bladder tumor grade diagnosis using on-line trained neural networks	2003			Excluded	wrong outcome	The title describes neural-network diagnosis of urinary-bladder tumor grade, which is assisted grading without a derived biomarker.	batch-01
MED:15596191	MED	15596191	Preoperative neural network using combined magnetic resonance imaging variables, prostate-specific antigen, and gleason score for predicting prostate cancer biochemical recurrence after radical prostatectomy.	2004	Urology	10.1016/j.urology.2004.06.030	Excluded	wrong intervention	Biochemical-recurrence prediction combines reported pelvic-MRI findings with PSA and biopsy Gleason score rather than a new radiomic signature.	batch-01
MED:15066290	MED	15066290	Use of artificial neural networks to predict biological outcomes for patients receiving radical radiotherapy of the prostate.	2004	Radiother Oncol	10.1016/j.radonc.2003.03.001	Excluded	wrong intervention	The networks predict tumor control and rectal or bladder toxicity from radiotherapy dose-volume data and do not discover a biomarker.	batch-01
MED:22056212	MED	22056212	Outcome assessment of patients with metastatic renal cell carcinoma under systemic therapy using artificial neural networks.	2012	Clin Genitourin Cancer	10.1016/j.clgc.2011.10.001	Excluded	wrong intervention	Survival stratification in metastatic renal cell carcinoma uses routine clinical, pathologic, and treatment variables available at the start of systemic therapy.	batch-01
MED:26441442	MED	26441442	MAPS: A Quantitative Radiomics Approach for Prostate Cancer Detection.	2015	IEEE Trans Biomed Eng	10.1109/tbme.2015.2485779	Not_recovered		Full text not recovered 2026-09-23. No open-access PDF (IEEE TBME 2015).	maybe_ft_2026-09-23
MED:26362074	MED	26362074	Machine learning approaches to analyze histological images of tissues from radical prostatectomies.	2015	Comput Med Imaging Graph	10.1016/j.compmedimag.2015.08.002	Excluded	wrong outcome	Machine learning only labels stroma, benign epithelium, and cancer on prostatectomy images and does not derive a biomarker.	batch-01
MED:27542201	MED	27542201	An imaging-based approach predicts clinical outcomes in prostate cancer through a novel support vector machine classification.	2016	Oncotarget	10.18632/oncotarget.11293	Excluded	wrong intervention	Biochemical-recurrence prediction uses conventional MR findings, including ADC, together with clinicopathologic variables rather than a new radiomic signature.	batch-01
MED:29188191	MED	29188191	Prostate cancer radiomics and the promise of radiogenomics.	2016	Transl Cancer Res	10.21037/tcr.2016.06.20	Excluded	wrong publication type	This is a topical review of prostate MRI radiomics and radiogenomics, kept for context rather than as an included primary study.	batch-01
MED:26459038	MED	26459038	Use of Artificial Intelligence and Machine Learning Algorithms with Gene Expression Profiling to Predict Recurrent Nonmuscle Invasive Urothelial Carcinoma of the Bladder.	2016	J Urol	10.1016/j.juro.2015.09.090	Included		Genetic programming of whole-genome expression in non-muscle-invasive bladder cancer prioritized a 3- to 21-gene signature that predicted recurrence with reported sensitivity and specificity.	batch-01
MED:29854182	MED	29854182	A Multi-scale U-Net for Semantic Segmentation of Histological Images from Radical Prostatectomies.	2017	AMIA Annu Symp Proc		Excluded	wrong outcome	A U-Net segments prostatectomy histology into stroma, benign glands, and Gleason patterns and does not derive a biomarker.	batch-01
TITLE:Nuclear architecture analysis of prostate cancer via convolutional neural networks			Nuclear architecture analysis of prostate cancer via convolutional neural networks	2017	IEEE Access		Not_recovered		Full text not recovered 2026-09-23. No PMID or DOI; title search in Europe PMC returned no record.	maybe_ft_2026-09-23
MED:29133818	MED	29133818	Searching for prostate cancer by fully automated magnetic resonance imaging classification: deep learning versus non-deep learning.	2017	Sci Rep	10.1038/s41598-017-15720-y	Excluded	wrong outcome	Deep learning only distinguishes patients with prostate cancer from benign prostatic conditions on T2-weighted MRI.	batch-01
MED:30104757	MED	30104757	Automated Gleason grading of prostate cancer tissue microarrays via deep learning.	2018	Sci Rep	10.1038/s41598-018-30535-1	Excluded	wrong outcome	Deep learning assigns Gleason scores on prostate tissue microarrays, and survival separation follows that grade assignment rather than a new biomarker.	batch-01
MED:30167812	MED	30167812	Clear Cell Renal Cell Carcinoma: Machine Learning-Based Quantitative Computed Tomography Texture Analysis for Prediction of Fuhrman Nuclear Grade.	2018	Eur Radiol	10.1007/s00330-018-5698-2	Included		Machine-learning selection of CT texture features distinguished low- from high-grade clear cell renal cell carcinoma with an AUC of 0.860.	batch-01
MED:30527316	MED	30527316	Clear cell renal cell carcinoma: CT-based radiomics features for the prediction of Fuhrman grade.	2018	Eur J Radiol	10.1016/j.ejrad.2018.10.005	Included		CT radiomic features selected by LASSO discriminated low- from high-Fuhrman-grade clear cell renal cell carcinoma, with a combined-model AUC of 0.822.	batch-01
MED:29772101	MED	29772101	Computer-aided diagnosis of prostate cancer on magnetic resonance imaging using a convolutional neural network algorithm.	2018	BJU Int	10.1111/bju.14397	Excluded	wrong outcome	A convolutional network only detects prostate cancer on MRI as a computer-aided diagnosis tool.	batch-01
TITLE:H&E-stained whole slide image deep learning predicts SPOP mutation state in prostate cancer			H&E-stained whole slide image deep learning predicts SPOP mutation state in prostate cancer	2018	bioRxiv	10.1101/064279	Included		Deep learning on H&E whole slides predicted SPOP mutation in prostate cancer, with test AUROCs of 0.74 in TCGA and 0.86 in an independent cohort.	batch-01
MED:30169514	MED	30169514	Identifying the morphologic basis for radiomic features in distinguishing different Gleason grades of prostate cancer on MRI: Preliminary findings.	2018	PLoS One	10.1371/journal.pone.0200730	Included		MRI Gabor radiomic features and gland-lumen histomorphometry discriminated lower- from higher-Gleason prostate cancer, with AUCs of 0.69 and 0.75.	batch-01
MED:30332595	MED	30332595	Prediction of prostate cancer by deep learning with multilayer artificial neural network.	2018	Can Urol Assoc J	10.5489/cuaj.5526	Excluded	wrong intervention	Full text: the 22 inputs are clinical and MRI findings (age, DRE, PSA, prostate volume, DWI). LASSO selects among those predictors to detect cancer on biopsy. No new biomarker is derived.	maybe_ft_2026-09-23
MED:30840728	MED	30840728	Prostate cancer detection from multi-institution multiparametric MRIs using deep convolutional neural networks.	2018	J Med Imaging (Bellingham)	10.1117/1.jmi.5.4.044507	Excluded	wrong outcome	A convolutional network produces probability maps to localize prostate-cancer lesions on multiparametric MRI.	batch-01
MED:29908785	MED	29908785	Radio-pathomic Maps of Epithelium and Lumen Density Predict the Location of High-Grade Prostate Cancer.	2018	Int J Radiat Oncol Biol Phys	10.1016/j.ijrobp.2018.04.044	Included		Machine learning maps of epithelium and lumen density from MRI corresponded to pathologist-annotated high-grade prostate cancer.	batch-01
MED:29861410	MED	29861410	RankProd Combined with Genetic Algorithm Optimized Artificial Neural Network Establishes a Diagnostic and Prognostic Prediction Model that Revealed C1QTNF3 as a Biomarker for Prostate Cancer.	2018	EBioMedicine	10.1016/j.ebiom.2018.05.010	Included		A genetic-algorithm neural network built a 15-gene diagnostic and prognostic signature from microarray data and prioritized C1QTNF3, with reported AUCs in GEO and TCGA prostate-cancer cohorts.	batch-01
MED:31092914	MED	31092914	A new era: artificial intelligence and machine learning in prostate cancer.	2019	Nat Rev Urol	10.1038/s41585-019-0193-3	Excluded	wrong publication type	This is a topical review of artificial intelligence in prostate cancer, kept for context rather than as an included primary study.	batch-01
MED:31063138	MED	31063138	Artificial intelligence at the intersection of pathology and radiology in prostate cancer.	2019	Diagn Interv Radiol	10.5152/dir.2019.19125	Excluded	wrong publication type	This is a topical review of artificial intelligence in prostate MRI and digital pathology, kept for context rather than as an included primary study.	batch-01
MED:30914794	MED	30914794	Automated tumour budding quantification by machine learning augments TNM staging in muscle-invasive bladder cancer prognosis.	2019	Sci Rep	10.1038/s41598-019-41595-2	Included		Machine-learning quantification of tumour budding in muscle-invasive bladder cancer stratified disease-specific survival (HR 2.59) beyond TNM stage.	batch-01
MED:30919041	MED	30919041	CT-based machine learning model to predict the Fuhrman nuclear grade of clear cell renal cell carcinoma.	2019	Abdom Radiol (NY)	10.1007/s00261-019-01992-7	Included		A CT texture machine-learning classifier separated low- from high-Fuhrman-grade clear cell renal cell carcinoma, with a three-phase AUC of 0.87.	batch-01
MED:31756634	MED	31756634	Clear cell renal cell carcinoma: Machine learning-based computed tomography radiomics analysis for the prediction of WHO/ISUP grade.	2019	Eur J Radiol	10.1016/j.ejrad.2019.108738	Included		CT radiomic features predicted WHO/ISUP grade of clear cell renal cell carcinoma, with validation AUCs up to 0.978.	batch-01
MED:31238766	MED	31238766	Combination possibility and deep learning model as clinical decision-aided approach for prostate cancer.	2019	Health Informatics J	10.1177/1460458219855884	Excluded	wrong intervention	Deep learning groups patients by combinations of clinical variables to classify pT2 stage and Gleason-score change and does not discover a new biomarker.	batch-01
MED:30848813	MED	30848813	Comparison of Artificial Intelligence Techniques to Evaluate Performance of a Classifier for Automatic Grading of Prostate Cancer From Digitized Histopathologic Images.	2019	JAMA Netw Open	10.1001/jamanetworkopen.2019.0442	Excluded	wrong outcome	The classifier labels prostate-cancer histopathology patches as benign or by Gleason grade and does not derive a biomarker.	batch-01
MED:31557788	MED	31557788	Connecting Histopathology Imaging and Proteomics in Kidney Cancer through Machine Learning.	2019	J Clin Med	10.3390/jcm8101535	Included		Full text: random-forest proteomic classifier separates CPTAC ccRCC from normal kidney (AUC 0.99, 10-fold CV, 194 samples). Resolved as a diagnostic protein panel.	maybe_ft_2026-09-23
TITLE:Current and future applications of machine and deep learning in urology: a review of the literature on urolithiasis, renal cell carcinoma, and bladder and prostate cancer			Current and future applications of machine and deep learning in urology: a review of the literature on urolithiasis, renal cell carcinoma, and bladder and prostate cancer	2019	World J Urol	10.1007/s00345-019-03000-5	Excluded	wrong publication type	This is a topical review of machine learning in urolithiasis and in renal, bladder, and prostate cancer, kept for context rather than as an included primary study.	batch-01
MED:31691082	MED	31691082	Current and future applications of machine and deep learning in urology: a review of the literature on urolithiasis, renal cell carcinoma, and bladder and prostate cancer.	2019	World J Urol	10.1007/s00345-019-03000-5	Excluded	wrong publication type	This is a topical review of machine learning in urolithiasis and in renal, bladder, and prostate cancer, kept for context rather than as an included primary study.	batch-01
MED:31219658	MED	31219658	Current status of artificial intelligence applications in urology and their potential to influence clinical practice.	2019	BJU Int	10.1111/bju.14852	Excluded	wrong publication type	This is a topical review of artificial-intelligence applications in urology, kept for context rather than as an included primary study.	batch-01
MED:31098801	MED	31098801	Deep learning for automatic Gleason pattern classification for grade group determination of prostate biopsies.	2019	Virchows Arch	10.1007/s00428-019-02577-x	Excluded	wrong outcome	A convolutional network detects Gleason patterns and assigns grade group on prostate biopsies.	batch-01
TITLE:Deep learning-based Gleason grading of prostate cancer from histopathology images: role of multiscale decision aggregation and data augmentation			Deep learning-based Gleason grading of prostate cancer from histopathology images: role of multiscale decision aggregation and data augmentation	2019	IEEE J Biomed Health Inform	10.1109/jbhi.2019.2944643	Excluded	wrong outcome	Deep learning classifies benign versus cancerous prostate patches and low- versus high-grade Gleason patterns.	batch-01
MED:31304394	MED	31304394	Development and validation of a deep learning algorithm for improving Gleason scoring of prostate cancer.	2019	NPJ Digit Med	10.1038/s41746-019-0112-2	Excluded	wrong outcome	A deep-learning system scores Gleason grade on prostatectomy slides and does not report a biomarker beyond that grade.	batch-01
MED:31767543	MED	31767543	Development of a Deep Learning Algorithm for the Histopathologic Diagnosis and Gleason Grading of Prostate Cancer Biopsies: A Pilot Study.	2019	Eur Urol Focus	10.1016/j.euf.2019.11.003	Excluded	wrong outcome	A residual network classifies prostate-biopsy patches as benign or by Gleason grade.	batch-01
TITLE:Development of a deep learning algorithm for the histopathologic diagnosis and Gleason grading of prostate cancer biopsies: a pilot study			Development of a deep learning algorithm for the histopathologic diagnosis and Gleason grading of prostate cancer biopsies: a pilot study	2019	Eur Urol Focus	10.1016/j.euf.2019.11.003	Excluded	wrong outcome	The same pilot study trains a residual network to diagnose and Gleason-grade prostate-biopsy patches.	batch-01
MED:30696866	MED	30696866	Epithelium segmentation using deep learning in H&E-stained prostate specimens with immunohistochemistry as reference standard.	2019	Sci Rep	10.1038/s41598-018-37257-4	Excluded	wrong outcome	Deep learning segments epithelium on prostatectomy slides as a step toward grading and does not derive a biomarker.	batch-01
TITLE:Hybrid unified deep learning network for highly precise Gleason grading of prostate cancer			Hybrid unified deep learning network for highly precise Gleason grading of prostate cancer	2019	Conf Proc IEEE Eng Med Biol Soc	10.1109/embc.2019.8856912	Excluded	wrong outcome	A hybrid deep network grades prostate cancer on histology with a reported accuracy of about 0.98 and does not derive a biomarker.	batch-01
MED:31062459	MED	31062459	MRI-Based Radiomics Signature for the Preoperative Prediction of Extracapsular Extension of Prostate Cancer.	2019	J Magn Reson Imaging	10.1002/jmri.26777	Included		An MRI radiomics signature of 17 features predicted extracapsular extension of prostate cancer, with a validation AUC of 0.883.	batch-01
MED:31392526	MED	31392526	Machine learning applications in prostate cancer magnetic resonance imaging.	2019	Eur Radiol Exp	10.1186/s41747-019-0109-2	Excluded	wrong publication type	This is a topical review of machine learning for prostate MRI, kept for context rather than as an included primary study.	batch-01
MED:31187216	MED	31187216	Machine learning classifiers can predict Gleason pattern 4 prostate cancer with greater accuracy than experienced radiologists.	2019	Eur Radiol	10.1007/s00330-019-06244-2	Excluded	wrong intervention	Zone-specific classifiers predict a Gleason pattern 4 component from PSA density, ADC, and maximum enhancement, which are established quantitative predictors.	batch-01
MED:31808980	MED	31808980	Multiparametric MRI-Based Radiomics for Prostate Cancer Screening With PSA in 4-10 ng/mL to Reduce Unnecessary Biopsies.	2019	J Magn Reson Imaging	10.1002/jmri.27008	Included		A multiparametric-MRI radiomics signature, combined with clinical factors, predicted prostate cancer in the PSA 4–10 ng/mL range with validation AUC 0.933.	batch-01
MED:31324828	MED	31324828	Pan-Renal Cell Carcinoma classification and survival prediction from histopathology images using deep learning.	2019	Sci Rep	10.1038/s41598-019-46718-3	Included		Deep learning on renal cell carcinoma slides extracted tumor-shape and nuclear features whose risk index was associated with survival, alongside subtype classification accuracies above 87%.	batch-01
MED:31428684	MED	31428684	Prediction of Recurrence-associated Death from Localized Prostate Cancer with a Charlson Comorbidity Index-reinforced Machine Learning Model.	2019	Open Med (Wars)	10.1515/med-2019-0067	Excluded	wrong intervention	Survival models use the Charlson Comorbidity Index and administrative clinical variables and do not discover a tumor biomarker.	batch-01
MED:31553660	MED	31553660	Radiologic-Radiomic Machine Learning Models for Differentiation of Benign and Malignant Solid Renal Masses: Comparison With Expert-Level Radiologists.	2019	AJR Am J Roentgenol	10.2214/ajr.19.21617	Included		Radiomic machine-learning models differentiated benign from malignant solid renal masses, and clear cell from other renal cell carcinoma subtypes, with reported sensitivity and specificity.	batch-01
MED:31283771	MED	31283771	Radiomics and machine learning of multisequence multiparametric prostate MRI: Towards improved non-invasive prostate cancer characterization.	2019	PLoS One	10.1371/journal.pone.0217702	Included		Radiomic texture features from T2-weighted and diffusion MRI discriminated Gleason 3+3 from higher-grade prostate cancer with an AUC of 0.88.	batch-01
MED:31640781	MED	31640781	Random forest-based modelling to detect biomarkers for prostate cancer progression.	2019	Clin Epigenetics	10.1186/s13148-019-0736-8	Included		A random-forest methylation classifier predicted aggressive prostate cancer (test AUC 95%, external AUCs 77% and 69%) and prioritized ZIC2 loss, which was independently associated with biochemical recurrence.	batch-01
MED:31850202	MED	31850202	Study Progress of Radiomics With Machine Learning for Precision Medicine in Bladder Cancer Management.	2019	Front Oncol	10.3389/fonc.2019.01296	Excluded	wrong publication type	This is a topical review of radiomics and machine learning in bladder cancer, kept for context rather than as an included primary study.	batch-01
MED:31098732	MED	31098732	The Classification of Renal Cancer in 3-Phase CT Images Using a Deep Learning Method.	2019	J Digit Imaging	10.1007/s10278-019-00230-2	Excluded	wrong outcome	A deep network classifies clear cell, papillary, and chromophobe renal cell carcinoma on CT and does not derive a biomarker signature.	batch-01
MED:30973779	MED	30973779	Unenhanced CT Texture Analysis of Clear Cell Renal Cell Carcinomas: A Machine Learning-Based Study for Predicting Histopathologic Nuclear Grade.	2019	AJR Am J Roentgenol	10.2214/ajr.18.20742	Included		Machine-learning selection of unenhanced-CT texture features predicted nuclear grade of clear cell renal cell carcinoma with an AUC of 0.714.	batch-01
MED:32526669	MED	32526669	A CT-based deep learning model for predicting the nuclear grade of clear cell renal cell carcinoma.	2020	Eur J Radiol	10.1016/j.ejrad.2020.109079	Excluded	wrong outcome	A CT deep-learning model classifies high versus low nuclear grade of clear cell renal cell carcinoma and does not derive a biomarker signature.	batch-01
MED:32468251	MED	32468251	A CT-based radiomics model to detect prostate cancer lymph node metastases in PSMA radioguided surgery patients.	2020	Eur J Nucl Med Mol Imaging	10.1007/s00259-020-04864-1	Included		A CT radiomics model predicted histologic lymph-node metastasis in recurrent prostate cancer, with a test AUC of 0.95 that exceeded node size.	batch-01
MED:33235893	MED	33235893	A review of current advancements and limitations of artificial intelligence in genitourinary cancers.	2020	Am J Clin Exp Urol		Excluded	wrong publication type	This is a topical review of artificial intelligence in genitourinary cancers, kept for context rather than as an included primary study.	batch-01
MED:32898525	MED	32898525	An overview of advances in multi-omics analysis in prostate cancer.	2020	Life Sci	10.1016/j.lfs.2020.118376	Excluded	wrong publication type	This is a topical review of multi-omics analysis in prostate cancer, kept for context rather than as an included primary study.	batch-01
MED:32905456	MED	32905456	Applications of radiomics in genitourinary tumors.	2020	Am J Cancer Res		Excluded	wrong publication type	This is a topical review of radiomics in genitourinary tumors, kept for context rather than as an included primary study.	batch-01
MED:32479253	MED	32479253	Artificial intelligence (AI) in urology-Current use and future directions: An iTRUE study.	2020	Turk J Urol	10.5152/tud.2020.20117	Excluded	wrong publication type	This is a topical review of artificial intelligence in urology, kept for context rather than as an included primary study.	batch-01
MED:31833725	MED	31833725	Artificial intelligence and neural networks in urology: current clinical applications.	2020	Minerva Urol Nefrol	10.23736/s0393-2249.19.03613-0	Excluded	wrong publication type	This is a topical review of artificial intelligence and neural networks in urology, kept for context rather than as an included primary study.	batch-01
MED:32205581	MED	32205581	Artificial intelligence driven next-generation renal histomorphometry.	2020	Curr Opin Nephrol Hypertens	10.1097/mnh.0000000000000598	Excluded	wrong publication type	This is a topical review of artificial intelligence for renal histomorphometry, kept for context rather than as an included primary study.	batch-01
MED:31926806	MED	31926806	Artificial intelligence for diagnosis and grading of prostate cancer in biopsies: a population-based, diagnostic study.	2020	Lancet Oncol	10.1016/s1470-2045(19)30738-7	Excluded	wrong outcome	The system detects, localizes, and Gleason-grades prostate cancer on biopsy slides at expert level and does not derive a new biomarker.	batch-01
MED:31901213	MED	31901213	Automated differentiation of benign renal oncocytoma and chromophobe renal cell carcinoma on computed tomography using deep learning.	2020	BJU Int	10.1111/bju.14985	Excluded	wrong outcome	A network segments kidney and tumor so that an established peak-enhancement ratio can separate oncocytoma from chromophobe renal cell carcinoma.	batch-01
MED:32222054	MED	32222054	Deep Learning Based on MRI for Differentiation of Low- and High-Grade in Low-Stage Renal Cell Carcinoma.	2020	J Magn Reson Imaging	10.1002/jmri.27153	Excluded	wrong outcome	A residual network classifies low versus high histologic grade of stage I–II renal cell carcinoma on MRI and does not derive a biomarker signature.	batch-01
MED:33177576	MED	33177576	Differentiation of low and high grade renal cell carcinoma on routine MRI with an externally validated automatic machine learning algorithm.	2020	Sci Rep	10.1038/s41598-020-76132-z	Included		MRI radiomic features selected by automated and hand-tuned machine learning predicted Fuhrman grade of renal cell carcinoma, with external AUCs of about 0.60.	batch-01
MED:33335285	MED	33335285	Integrative multi-omics analysis of muscle-invasive bladder cancer identifies prognostic biomarkers for frontline chemotherapy and immunotherapy.	2020	Commun Biol	10.1038/s42003-020-01491-2	Included		Integrative clustering of muscle-invasive bladder-cancer multi-omics derived a 42-gene basal–luminal panel associated with survival and with response to chemotherapy and PD-L1 blockade.	batch-01
MED:32737518	MED	32737518	Machine learning-based analysis of [<sup>18</sup>F]DCFPyL PET radiomics for risk stratification in primary prostate cancer.	2020	Eur J Nucl Med Mol Imaging	10.1007/s00259-020-04971-z	Included		Random-forest models of PSMA PET radiomic features predicted lymph-node involvement, metastasis, Gleason score ≥8, and extracapsular extension, with AUCs of 0.76–0.86.	batch-01
MED:32462799	MED	32462799	Multiparametric MRI Radiomic Model for Preoperative Predicting WHO/ISUP Nuclear Grade of Clear Cell Renal Cell Carcinoma.	2020	J Magn Reson Imaging	10.1002/jmri.27182	Included		A multiparametric MRI radiomic signature predicted high-grade clear cell renal cell carcinoma with a validation AUC of 0.842.	batch-02
MED:32330067	MED	32330067	Multiresolution Application of Artificial Intelligence in Digital Pathology for Prediction of Positive Lymph Nodes From Primary Tumors in Bladder Cancer.	2020	JCO Clin Cancer Inform	10.1200/cci.19.00155	Included		A deep-learning pathomic score from primary bladder-tumor histology predicted lymph-node metastasis with an AUC of 0.866 and stayed independently associated after clinicopathologic adjustment.	batch-02
MED:32002635	MED	32002635	Predicting the ISUP grade of clear cell renal cell carcinoma with multiparametric MR and multiphase CT radiomics.	2020	Eur Radiol	10.1007/s00330-019-06601-1	Included		Machine-learning models using multiparametric MR and CT radiomic features distinguished high- from low-grade clear cell renal cell carcinoma on internal and external validation.	batch-02
MED:33374569	MED	33374569	Preoperative Predicting the WHO/ISUP Nuclear Grade of Clear Cell Renal Cell Carcinoma by Computed Tomography-Based Radiomics Features.	2020	J Pers Med	10.3390/jpm11010008	Included		A CT radiomics score predicted WHO/ISUP nuclear grade in clear cell renal cell carcinoma, with a validation AUC of 0.84.	batch-02
MED:31321651	MED	31321651	Preoperative Prediction of Extracapsular Extension: Radiomics Signature Based on Magnetic Resonance Imaging to Stage Prostate Cancer.	2020	Mol Imaging Biol	10.1007/s11307-019-01405-7	Included		A T2-weighted MRI radiomics signature of 17 features predicted side-specific extracapsular extension in prostate cancer with a validation AUC of 0.821.	batch-02
MED:32481542	MED	32481542	Radiomics Applications in Renal Tumor Assessment: A Comprehensive Review of the Literature.	2020	Cancers (Basel)	10.3390/cancers12061387	Excluded	wrong publication type	This is a topical review of radiomics applications in renal tumor assessment, kept for context and not as an included primary study.	batch-02
MED:32060715	MED	32060715	Radiomics of computed tomography and magnetic resonance imaging in renal cell carcinoma-a systematic review and meta-analysis.	2020	Eur Radiol	10.1007/s00330-020-06666-3	Excluded	wrong publication type	This is a topical systematic review and meta-analysis of radiomics in renal cell carcinoma, kept for context and not as an included primary study.	batch-02
MED:33254045	MED	33254045	Radiomics-based machine learning model to predict risk of death within 5-years in clear cell renal cell carcinoma patients.	2020	Comput Biol Med	10.1016/j.compbiomed.2020.104135	Included		A CT radiomics machine-learning classifier predicted 5-year death in clear cell renal cell carcinoma with an AUROC of 0.95 to 0.98.	batch-02
MED:32208009	MED	32208009	Three-Dimensional Convolutional Neural Network for Prostate MRI Segmentation and Comparison of Prostate Volume Measurements by Use of Artificial Neural Network and Ellipsoid Formula.	2020	AJR Am J Roentgenol	10.2214/ajr.19.22254	Excluded	wrong outcome	A 3D convolutional network segments the prostate and estimates volume, without deriving a biomarker.	batch-02
MED:31664486	MED	31664486	Value of radiomics in differential diagnosis of chromophobe renal cell carcinoma and renal oncocytoma.	2020	Abdom Radiol (NY)	10.1007/s00261-019-02269-9	Included		A CT radiomic machine-learning signature differentiated chromophobe renal cell carcinoma from oncocytoma with an SVM AUC of 0.964.	batch-02
MED:35096579	MED	35096579	A Novel Machine Learning Algorithm Combined With Multivariate Analysis for the Prognosis of Renal Collecting Duct Carcinoma.	2021	Front Oncol	10.3389/fonc.2021.777735	Excluded	wrong intervention	The XGBoost model predicts collecting-duct carcinoma survival from established clinical factors such as stage, grade, and treatment, without discovering a new biomarker.	batch-02
MED:34294092	MED	34294092	A systematic review of the applications of Expert Systems (ES) and machine learning (ML) in clinical urology.	2021	BMC Med Inform Decis Mak	10.1186/s12911-021-01585-9	Excluded	wrong publication type	This is a topical systematic review of expert systems and machine learning in clinical urology, kept for context and not as an included primary study.	batch-02
MED:33798819	MED	33798819	Application of deep learning as a noninvasive tool to differentiate muscle-invasive bladder cancer and non-muscle-invasive bladder cancer with CT.	2021	Eur J Radiol	10.1016/j.ejrad.2021.109666	Excluded	wrong outcome	The convolutional network classifies muscle-invasive versus non-muscle-invasive bladder cancer on CT as assisted staging, without deriving a biomarker.	batch-02
MED:33965983	MED	33965983	Applications of artificial intelligence in prostate cancer imaging.	2021	Curr Opin Urol	10.1097/mou.0000000000000887	Excluded	wrong publication type	This is a topical review of artificial intelligence in prostate cancer imaging, kept for context and not as an included primary study.	batch-02
MED:34073627	MED	34073627	Artificial Intelligence Based Algorithms for Prostate Cancer Classification and Detection on Magnetic Resonance Imaging: A Narrative Review.	2021	Diagnostics (Basel)	10.3390/diagnostics11060959	Excluded	wrong publication type	This is a topical narrative review of artificial-intelligence algorithms for prostate cancer detection and classification on MRI, kept for context and not as an included primary study.	batch-02
MED:34722318	MED	34722318	Artificial Intelligence Combined With Big Data to Predict Lymph Node Involvement in Prostate Cancer: A Population-Based Study.	2021	Front Oncol	10.3389/fonc.2021.763381	Excluded	wrong intervention	The model predicts prostate-cancer lymph-node involvement from established clinicopathologic predictors such as Gleason score, stage, and PSA, without a new biomarker.	batch-02
MED:34282762	MED	34282762	Artificial Intelligence Compared to Radiologists for the Initial Diagnosis of Prostate Cancer on Magnetic Resonance Imaging: A Systematic Review and Recommendations for Future Studies.	2021	Cancers (Basel)	10.3390/cancers13133318	Excluded	wrong publication type	This is a topical systematic review of artificial intelligence versus radiologists for the initial MRI diagnosis of prostate cancer, kept for context and not as an included primary study.	batch-02
MED:33925767	MED	33925767	Artificial Intelligence and Its Impact on Urological Diseases and Management: A Comprehensive Review of the Literature.	2021	J Clin Med	10.3390/jcm10091864	Excluded	wrong publication type	This is a topical review of artificial intelligence across urological diseases, kept for context and not as an included primary study.	batch-02
MED:33672608	MED	33672608	Artificial Intelligence and Machine Learning in Prostate Cancer Patient Management-Current Trends and Future Perspectives.	2021	Diagnostics (Basel)	10.3390/diagnostics11020354	Excluded	wrong publication type	This is a topical overview of artificial intelligence and machine learning in prostate cancer management, kept for context and not as an included primary study.	batch-02
MED:34024704	MED	34024704	Artificial intelligence in urological oncology: An update and future applications.	2021	Urol Oncol	10.1016/j.urolonc.2021.03.012	Excluded	wrong publication type	This is a topical review of artificial intelligence in renal, prostate, and bladder cancer and robotic surgery, kept for context and not as an included primary study.	batch-02
MED:34018011	MED	34018011	Artificial intelligence is a promising prospect for the detection of prostate cancer extracapsular extension with mpMRI: a two-center comparative study.	2021	Eur J Nucl Med Mol Imaging	10.1007/s00259-021-05381-5	Excluded	wrong outcome	The ResNeXt tool detects extracapsular extension on multiparametric MRI as assisted staging, without deriving a biomarker signature.	batch-02
MED:33915698	MED	33915698	Assessment of Immunological Features in Muscle-Invasive Bladder Cancer Prognosis Using Ensemble Learning.	2021	Cancers (Basel)	10.3390/cancers13071624	Included		An ensemble model using image-derived immune and spatial features stratified 5-year prognosis in muscle-invasive bladder cancer and classified more deaths than TNM staging.	batch-02
MED:34075559	MED	34075559	Bi-parametric magnetic resonance imaging based radiomics for the identification of benign and malignant prostate lesions: cross-vendor validation.	2021	Phys Eng Sci Med	10.1007/s13246-021-01022-1	Included		A biparametric MRI radiomics signature differentiated benign from malignant prostate lesions, with a mean AUC of 0.833.	batch-02
MED:33427908	MED	33427908	CT-based peritumoral radiomics signatures for malignancy grading of clear cell renal cell carcinoma.	2021	Abdom Radiol (NY)	10.1007/s00261-020-02890-z	Included		A CT peritumoral radiomics signature predicted clear cell renal cell carcinoma grade with a validation AUC of 0.848.	batch-02
MED:33585193	MED	33585193	Computed Tomography Radiomics for Predicting Pathological Grade of Renal Cell Carcinoma.	2021	Front Oncol	10.3389/fonc.2020.570396	Included		A CT machine-learning radiomic model differentiated low- from high-grade clear cell renal cell carcinoma with a validation AUC of 0.91.	batch-02
MED:33718124	MED	33718124	Computed Tomography-Based Radiomics Model for Predicting the WHO/ISUP Grade of Clear Cell Renal Cell Carcinoma Preoperatively: A Multicenter Study.	2021	Front Oncol	10.3389/fonc.2021.543854	Included		A multicenter CT radiomics model predicted WHO/ISUP grade of clear cell renal cell carcinoma with an external-validation AUC of 0.81.	batch-02
MED:34210685	MED	34210685	Deciphering Intratumoral Molecular Heterogeneity in Clear Cell Renal Cell Carcinoma with a Radiogenomics Platform.	2021	Clin Cancer Res	10.1158/1078-0432.ccr-21-0706	Excluded	wrong intervention	Percent enhancement on DCE-MRI was correlated with regional transcriptomes in clear cell renal cell carcinoma without a machine-learning biomarker pipeline.	batch-02
MED:34178641	MED	34178641	Deep Learning on Enhanced CT Images Can Predict the Muscular Invasiveness of Bladder Cancer.	2021	Front Oncol	10.3389/fonc.2021.654685	Excluded	wrong outcome	The deep-learning model classifies muscle-invasive bladder cancer on CT as assisted staging, without deriving a biomarker.	batch-02
MED:33706408	MED	33706408	Deep learning approach to predict lymph node metastasis directly from primary tumour histology in prostate cancer.	2021	BJU Int	10.1111/bju.15386	Included		A convolutional network derived a digital histology biomarker that predicted lymph-node metastasis in prostate cancer with a mean AUROC of 0.68 and independent prognostic value.	batch-02
MED:34079004	MED	34079004	Deep learning-based classification of blue light cystoscopy imaging during transurethral resection of bladder tumors.	2021	Sci Rep	10.1038/s41598-021-91081-x	Excluded	wrong outcome	Convolutional networks classify cystoscopic blue-light images for malignancy, invasion, and grade as assisted diagnosis, without a derived biomarker.	batch-02
MED:34657848	MED	34657848	Enhanced computed tomography radiomics-based machine-learning methods for predicting the Fuhrman grades of renal clear cell carcinoma.	2021	J Xray Sci Technol	10.3233/xst-210997	Included		An enhanced-CT radiomics model using a radial support-vector machine predicted Fuhrman grade of clear cell renal cell carcinoma with a cross-validated AUC of about 0.92.	batch-02
MED:34636962	MED	34636962	Fuhrman nuclear grade prediction of clear cell renal cell carcinoma: influence of volume of interest delineation strategies on machine learning-based dynamic enhanced CT radiomics analysis.	2021	Eur Radiol	10.1007/s00330-021-08322-w	Included		Dynamic CT radiomics features predicted high versus low Fuhrman grade in clear cell renal cell carcinoma with an AUC of 0.87.	batch-02
MED:34117103	MED	34117103	Future of biomarker evaluation in the realm of artificial intelligence algorithms: application in improved therapeutic stratification of patients with breast and prostate cancer.	2021	J Clin Pathol	10.1136/jclinpath-2020-207351	Excluded	wrong publication type	This is a topical review of artificial intelligence for biomarker evaluation in breast and prostate cancer, kept for context and not as an included primary study.	batch-02
MED:33882560	MED	33882560	Kidney cancer management 3.0: can artificial intelligence make us better?	2021	Curr Opin Urol	10.1097/mou.0000000000000881	Excluded	wrong publication type	This is a topical review of artificial intelligence in kidney cancer care, kept for context and not as an included primary study.	batch-02
MED:34660276	MED	34660276	MRI-Based Grading of Clear Cell Renal Cell Carcinoma Using a Machine Learning Classifier.	2021	Front Oncol	10.3389/fonc.2021.708655	Included		An MRI texture machine-learning classifier separated low- from high-grade clear cell renal cell carcinoma with a validation AUC of 0.758.	batch-02
MED:34225808	MED	34225808	MRI-based radiomics models to assess prostate cancer, extracapsular extension and positive surgical margins.	2021	Cancer Imaging	10.1186/s40644-021-00414-6	Included		MRI radiomics signatures discriminated benign from malignant prostate lesions and predicted extracapsular extension and positive surgical margins, with AUCs up to 0.863.	batch-02
MED:34155265	MED	34155265	MRI-derived radiomics model for baseline prediction of prostate cancer progression on active surveillance.	2021	Sci Rep	10.1038/s41598-021-92341-6	Included		Adding T2-weighted MRI radiomic features to clinical variables improved prediction of prostate cancer progression on active surveillance from an AUC of 0.61 to 0.75.	batch-02
MED:33919237	MED	33919237	Machine Learning for Prediction of Survival Outcomes with Immune-Checkpoint Inhibitors in Urothelial Cancer.	2021	Cancers (Basel)	10.3390/cancers13092001	Excluded	wrong intervention	Machine-learning survival models in atezolizumab-treated urothelial cancer reuse curated pretreatment variables rather than discovering a new biomarker.	batch-02
MED:34161092	MED	34161092	Machine Learning-Enabled Renal Cell Carcinoma Status Prediction Using Multiplatform Urine-Based Metabolomics.	2021	J Proteome Res	10.1021/acs.jproteome.1c00213	Included		Machine learning selected a seven-metabolite urine panel that detected renal cell carcinoma with an AUC of 0.98.	batch-02
MED:34800179	MED	34800179	Machine learning-based CT radiomics approach for predicting WHO/ISUP nuclear grade of clear cell renal cell carcinoma: an exploratory and comparative study.	2021	Insights Imaging	10.1186/s13244-021-01107-1	Included		A CT radiomics support-vector-machine model predicted WHO/ISUP nuclear grade of clear cell renal cell carcinoma with a testing AUC of 0.828.	batch-02
MED:34863282	MED	34863282	Magnetic resonance imaging-based radiomics signature for preoperative prediction of Ki67 expression in bladder cancer.	2021	Cancer Imaging	10.1186/s40644-021-00433-3	Included		An MRI radiomics signature predicted Ki67 status in bladder cancer with a validation AUC of 0.819 and was associated with disease-free survival.	batch-02
MED:34738881	MED	34738881	Multi-Omics analysis identifies a lncRNA-related prognostic signature to predict bladder cancer recurrence.	2021	Bioengineered	10.1080/21655979.2021.2000122	Included		A LASSO-derived ten-lncRNA signature from TCGA bladder cancer independently predicted recurrence-free survival and was checked by qRT-PCR.	batch-02
MED:33970517	MED	33970517	Multiparametric Magnetic Resonance Imaging-Based Peritumoral Radiomics for Preoperative Prediction of the Presence of Extracapsular Extension With Prostate Cancer.	2021	J Magn Reson Imaging	10.1002/jmri.27678	Included		Peritumoral multiparametric MRI radiomics predicted extracapsular extension in prostate cancer and outperformed intratumoral signatures on external validation.	batch-02
MED:33652727	MED	33652727	On Urinary Bladder Cancer Diagnosis: Utilization of Deep Convolutional Generative Adversarial Networks for Data Augmentation.	2021	Biology (Basel)	10.3390/biology10030175	Excluded	wrong outcome	Generative augmentation is used to improve convolutional classification of optical-biopsy images for bladder cancer diagnosis, without a derived biomarker.	batch-02
MED:34576134	MED	34576134	Prostate Cancer Radiogenomics-From Imaging to Molecular Characterization.	2021	Int J Mol Sci	10.3390/ijms22189971	Excluded	wrong publication type	This is a topical review of prostate cancer radiogenomics, kept for context and not as an included primary study.	batch-02
MED:34733275	MED	34733275	Radiogenomics Map Reveals the Landscape of m6A Methylation Modification Pattern in Bladder Cancer.	2021	Front Immunol	10.3389/fimmu.2021.722642	Included		Radiogenomics models predicted an m6A methylation score in bladder cancer with training and test AUCs of 0.887 and 0.762 and linked that score to outcome.	batch-02
MED:33615528	MED	33615528	Radiomics Analysis Based on Ultrasound Images to Distinguish the Tumor Stage and Pathological Grade of Bladder Cancer.	2021	J Ultrasound Med	10.1002/jum.15659	Included		Ultrasound radiomics models predicted bladder cancer stage and grade with validation AUCs of 0.84 and 0.75.	batch-02
MED:34460633	MED	34460633	Radiomics and Prostate MRI: Current Role and Future Applications.	2021	J Imaging	10.3390/jimaging7020034	Excluded	wrong publication type	This is a topical review of radiomics applied to prostate MRI, kept for context and not as an included primary study.	batch-02
MED:34790581	MED	34790581	Radiomics for Identification and Prediction in Metastatic Prostate Cancer: A Review of Studies.	2021	Front Oncol	10.3389/fonc.2021.771787	Excluded	wrong publication type	This is a topical review of radiomics in metastatic prostate cancer, kept for context and not as an included primary study.	batch-02
MED:34335978	MED	34335978	Radiomics in prostate cancer imaging for a personalized treatment approach - current aspects of methodology and a systematic review on validated studies.	2021	Theranostics	10.7150/thno.61207	Excluded	wrong publication type	This is a topical systematic review of validated radiomics studies in prostate cancer, kept for context and not as an included primary study.	batch-02
MED:33762138	MED	33762138	Radiomics-based model for predicting pathological complete response to neoadjuvant chemotherapy in muscle-invasive bladder cancer.	2021	Clin Radiol	10.1016/j.crad.2021.03.001	Included		A baseline CT radiomics signature predicted pathologic complete response to neoadjuvant chemotherapy in muscle-invasive bladder cancer with a validation AUC of 0.75.	batch-02
MED:34422643	MED	34422643	Robust Prognostic Subtyping of Muscle-Invasive Bladder Cancer Revealed by Deep Learning-Based Multi-Omics Data Integration.	2021	Front Oncol	10.3389/fonc.2021.689626	Included		An autoencoder integrated multi-omics data into two muscle-invasive bladder cancer subtypes with different overall survival and nominated KRT7 as a risk biomarker.	batch-02
MED:34099417	MED	34099417	Role of Radiomics in the Prediction of Muscle-invasive Bladder Cancer: A Systematic Review and Meta-analysis.	2021	Eur Urol Focus	10.1016/j.euf.2021.05.005	Excluded	wrong publication type	This is a topical systematic review and meta-analysis of radiomics for predicting muscle-invasive bladder cancer, kept for context and not as an included primary study.	batch-02
MED:34336691	MED	34336691	Study Progress of Noninvasive Imaging and Radiomics for Decoding the Phenotypes and Recurrence Risk of Bladder Cancer.	2021	Front Oncol	10.3389/fonc.2021.704039	Excluded	wrong publication type	This is a topical review of imaging and radiomics for bladder cancer phenotype and recurrence, kept for context and not as an included primary study.	batch-02
MED:33919299	MED	33919299	The Primacy of High B-Value 3T-DWI Radiomics in the Prediction of Clinically Significant Prostate Cancer.	2021	Diagnostics (Basel)	10.3390/diagnostics11050739	Included		A high-b-value DWI radiomic model predicted clinically significant prostate cancer with a holdout AUC of 0.84.	batch-02
MED:33573278	MED	33573278	The Role of Artificial Intelligence in the Diagnosis and Prognosis of Renal Cell Tumors.	2021	Diagnostics (Basel)	10.3390/diagnostics11020206	Excluded	wrong publication type	This is a topical review of artificial intelligence for diagnosis and prognosis of renal cell tumors, kept for context and not as an included primary study.	batch-02
MED:35094674	MED	35094674	A CT-based radiomics model for predicting renal capsule invasion in renal cell carcinoma.	2022	BMC Med Imaging	10.1186/s12880-022-00741-5	Included		A CT radiomics classifier predicted renal capsule invasion in renal cell carcinoma with an AUC of 0.81.	batch-02
MED:36249889	MED	36249889	A review of artificial intelligence in prostate cancer detection on imaging.	2022	Ther Adv Urol	10.1177/17562872221128791	Excluded	wrong publication type	This is a topical review of artificial intelligence for prostate cancer detection on imaging, kept for context and not as an included primary study.	batch-02
MED:35311142	MED	35311142	An Ultrasonic-Based Radiomics Nomogram for Distinguishing Between Benign and Malignant Solid Renal Masses.	2022	Front Oncol	10.3389/fonc.2022.847805	Included		An ultrasound radiomics score distinguished benign from malignant solid renal masses with a validation AUC of 0.874.	batch-02
MED:35494065	MED	35494065	Application Value of Radiomic Nomogram in the Differential Diagnosis of Prostate Cancer and Hyperplasia.	2022	Front Oncol	10.3389/fonc.2022.859625	Included		A T2-weighted MRI radiomic nomogram differentiated prostate cancer from hyperplasia with a testing AUC of 0.90.	batch-02
MED:36245985	MED	36245985	Artificial Intelligence Meets Whole Slide Images: Deep Learning Model Shapes an Immune-Hot Tumor and Guides Precision Therapy in Bladder Cancer.	2022	J Oncol	10.1155/2022/8213321	Included		A whole-slide deep-learning score stratified survival in bladder cancer and quantified an immune-hot phenotype with an AUC of 0.838.	batch-02
MED:34877870	MED	34877870	Artificial Intelligence for Automated Cancer Detection on Prostate MRI: Opportunities and Ongoing Challenges, From the <i>AJR</i> Special Series on AI Applications.	2022	AJR Am J Roentgenol	10.2214/ajr.21.26917	Excluded	wrong publication type	This is a topical review of artificial intelligence for automated prostate cancer detection on MRI, kept for context and not as an included primary study.	batch-02
MED:35430139	MED	35430139	Artificial intelligence in prostate cancer: Definitions, current research, and future directions.	2022	Urol Oncol	10.1016/j.urolonc.2022.03.003	Excluded	wrong publication type	This is a topical review of artificial intelligence in prostate cancer, kept for context and not as an included primary study.	batch-02
MED:35065220	MED	35065220	Artificial intelligence: A promising frontier in bladder cancer diagnosis and outcome prediction.	2022	Crit Rev Oncol Hematol	10.1016/j.critrevonc.2022.103601	Excluded	wrong publication type	This is a topical review of artificial intelligence for bladder cancer diagnosis and outcome prediction, kept for context and not as an included primary study.	batch-02
MED:36230788	MED	36230788	CD8A as a Prognostic and Immunotherapy Predictive Biomarker Can Be Evaluated by MRI Radiomics Features in Bladder Cancer.	2022	Cancers (Basel)	10.3390/cancers14194866	Included		An MRI radiomics signature predicted CD8A expression in bladder cancer with a validation AUC of 0.844.	batch-02
MED:35064316	MED	35064316	CT-based radiomics to predict muscle invasion in bladder cancer.	2022	Eur Radiol	10.1007/s00330-021-08426-3	Included		A CT radiomics model predicted muscle-invasive bladder cancer with an external-testing AUC of 0.784.	batch-02
MED:36249050	MED	36249050	CT-based transformer model for non-invasively predicting the Fuhrman nuclear grade of clear cell renal cell carcinoma.	2022	Front Oncol	10.3389/fonc.2022.961779	Excluded	wrong outcome	A transformer network classifies Fuhrman grade of clear cell renal cell carcinoma from CT as assisted grading, without deriving a biomarker signature.	batch-02
MED:35520623	MED	35520623	Classification of retinoblastoma-1 gene mutation with machine learning-based models in bladder cancer.	2022	Heliyon	10.1016/j.heliyon.2022.e09311	Included		Radiomic machine-learning models classified RB1 mutation status in bladder cancer, with an XGBoost AUC of 0.84.	batch-02
MED:36294928	MED	36294928	Comparative Performance of Deep Learning and Radiologists for the Diagnosis and Localization of Clinically Significant Prostate Cancer at MRI: A Systematic Review.	2022	Life (Basel)	10.3390/life12101490	Excluded	wrong publication type	This is a topical systematic review comparing deep learning with radiologists for clinically significant prostate cancer on MRI, kept for context and not as an included primary study.	batch-02
MED:35347462	MED	35347462	Comparative performance of fully-automated and semi-automated artificial intelligence methods for the detection of clinically significant prostate cancer on MRI: a systematic review.	2022	Insights Imaging	10.1186/s13244-022-01199-3	Excluded	wrong publication type	This is a topical systematic review of MRI artificial-intelligence methods for detecting clinically significant prostate cancer, kept for context and not as an included primary study.	batch-02
MED:35740487	MED	35740487	Computational Detection of Extraprostatic Extension of Prostate Cancer on Multiparametric MRI Using Deep Learning.	2022	Cancers (Basel)	10.3390/cancers14122821	Excluded	wrong outcome	A two-stage deep-learning pipeline detects extraprostatic extension on MRI as assisted staging, without deriving a biomarker signature.	batch-02
MED:36727079	MED	36727079	Construction and prognostic value of enhanced CT image omics model for noninvasive prediction of HRG in bladder cancer based on logistic regression and support vector machine algorithm.	2022	Front Oncol	10.3389/fonc.2022.966506	Included		CT radiomics models predicted HRG expression in bladder cancer, with support-vector-machine AUCs of 0.722 and 0.708.	batch-02
MED:34935652	MED	34935652	Deep Learning Algorithm for Fully Automated Detection of Small (≤4 cm) Renal Cell Carcinoma in Contrast-Enhanced Computed Tomography Using a Multicenter Database.	2022	Invest Radiol	10.1097/rli.0000000000000842	Excluded	wrong outcome	The deep-learning algorithm detects and segments small renal cell carcinomas on contrast-enhanced CT, without deriving a biomarker.	batch-02
MED:35681555	MED	35681555	Deep Learning Using CT Images to Grade Clear Cell Renal Cell Carcinoma: Development and Validation of a Prediction Model.	2022	Cancers (Basel)	10.3390/cancers14112574	Excluded	wrong outcome	End-to-end deep-learning networks grade clear cell renal cell carcinoma on CT as assisted grading, without deriving a biomarker signature.	batch-02
MED:36271252	MED	36271252	Deep learning diagnostics for bladder tumor identification and grade prediction using RGB method.	2022	Sci Rep	10.1038/s41598-022-22797-7	Excluded	wrong outcome	The cystoscopy network identifies bladder tumors and grades them from image color as assisted diagnosis, without a derived biomarker.	batch-02
MED:35140147	MED	35140147	Detection of ISUP ≥2 prostate cancers using multiparametric MRI: prospective multicentre assessment of the non-inferiority of an artificial intelligence system as compared to the PI-RADS V.2.1 score (CHANGE study).	2022	BMJ Open	10.1136/bmjopen-2021-051274	Excluded	wrong publication type	This is a trial protocol for a computer-aided detection system versus PI-RADS, with no primary results.	batch-02
MED:34289319	MED	34289319	Development and validation of a multiparametric MRI-based radiomics signature for distinguishing between indolent and aggressive prostate cancer.	2022	Br J Radiol	10.1259/bjr.20210191	Included		A nine-feature multiparametric MRI radiomics signature distinguished indolent from aggressive prostate cancer with a validation AUC of 0.901.	batch-02
MED:35697856	MED	35697856	Differentiating renal epithelioid angiomyolipoma from clear cell carcinoma: using a radiomics model combined with CT imaging characteristics.	2022	Abdom Radiol (NY)	10.1007/s00261-022-03571-9	Included		A CT radiomics model differentiated renal epithelioid angiomyolipoma from clear cell renal cell carcinoma with an AUC of 0.89.	batch-02
MED:35066342	MED	35066342	Discriminating malignant from benign testicular masses using machine-learning based radiomics signature of appearance diffusion coefficient maps: Comparing with conventional mean and minimum ADC values.	2022	Eur J Radiol	10.1016/j.ejrad.2022.110158	Included		An ADC radiomics signature discriminated malignant from benign testicular masses with a validation AUC of 0.868, outperforming minimum ADC.	batch-02
MED:35865467	MED	35865467	Evaluation of the Efficiency of MRI-Based Radiomics Classifiers in the Diagnosis of Prostate Lesions.	2022	Front Oncol	10.3389/fonc.2022.934108	Included		Multiparametric MRI radiomics classifiers diagnosed prostate lesions, with a lesion-level random-forest AUC of 0.931.	batch-02
MED:35719972	MED	35719972	Feasibility Study on Predicting Recurrence Risk of Bladder Cancer Based on Radiomics Features of Multiphase CT Images.	2022	Front Oncol	10.3389/fonc.2022.899897	Included		A multiphase CT radiomics-clinical model predicted bladder cancer recurrence within two years with a validation AUC of 0.838.	batch-02
MED:35219511	MED	35219511	Hyperechoic Renal Masses: Differentiation of Angiomyolipomas from Renal Cell Carcinomas using Tumor Size and Ultrasound Radiomics.	2022	Ultrasound Med Biol	10.1016/j.ultrasmedbio.2022.01.011	Included		Ultrasound texture features plus size differentiated hyperechoic angiomyolipoma from renal cell carcinoma with an AUC of 0.945.	batch-02
MED:35204380	MED	35204380	Machine Learning in Prostate MRI for Prostate Cancer: Current Status and Future Opportunities.	2022	Diagnostics (Basel)	10.3390/diagnostics12020289	Excluded	wrong publication type	This is a topical review of machine learning in prostate MRI, kept for context and not as an included primary study.	batch-02
MED:35524940	MED	35524940	Machine learning diagnosis by immunoglobulin N-glycan signatures for precision diagnosis of urological diseases.	2022	Cancer Sci	10.1111/cas.15395	Included		A supervised machine-learning model built disease-specific immunoglobulin N-glycan scores that discriminated prostate, renal, urothelial, and germ-cell tumors with AUCs of 0.78 to 1.00.	batch-02
MED:35523484	MED	35523484	Machine learning in predicting extracapsular extension (ECE) of prostate cancer with MRI: a protocol for a systematic literature review.	2022	BMJ Open	10.1136/bmjopen-2021-052342	Excluded	wrong publication type	This is a protocol for a systematic review of machine learning to predict extracapsular extension, with no primary data.	batch-02
MED:35066631	MED	35066631	Malignancy risk stratification of cystic renal lesions based on a contrast-enhanced CT-based machine learning model and a clinical decision algorithm.	2022	Eur Radiol	10.1007/s00330-021-08449-w	Included		A nephrographic-phase CT radiomics model distinguished malignant from benign cystic renal lesions with a testing AUC of 0.96.	batch-02
MED:35743766	MED	35743766	More than Meets the Eye: Using Textural Analysis and Artificial Intelligence as Decision Support Tools in Prostate Cancer Diagnosis-A Systematic Review.	2022	J Pers Med	10.3390/jpm12060983	Excluded	wrong publication type	Topical systematic review of texture analysis and artificial intelligence for prostate cancer diagnosis and staging, kept for context and not as an included primary study.	batch-03
MED:36544704	MED	36544704	Multi-omics profiles refine L-dopa decarboxylase (DDC) as a reliable biomarker for prognosis and immune microenvironment of clear cell renal cell carcinoma.	2022	Front Oncol	10.3389/fonc.2022.1079446	Excluded	wrong intervention	The study evaluates the prespecified gene DDC in human clear cell renal cell carcinoma cohorts with conventional survival and differential-expression analyses and does not use machine learning to discover a new biomarker.	batch-03
MED:35198452	MED	35198452	Multiparametric MRI and Machine Learning Based Radiomic Models for Preoperative Prediction of Multiple Biological Characteristics in Prostate Cancer.	2022	Front Oncol	10.3389/fonc.2022.839621	Included		Multiparametric MRI radiomics with machine-learning feature selection predicted Ki-67, S100, extracapsular extension, perineural invasion, and margin status in prostate cancer, with AUCs from 0.77 to 0.87.	batch-03
MED:35238971	MED	35238971	Multiparametric MRI-based radiomics model to predict pelvic lymph node invasion for patients with prostate cancer.	2022	Eur Radiol	10.1007/s00330-022-08625-6	Included		An MRI radiomics support-vector model predicted pelvic lymph-node invasion in prostate cancer and reached an AUC of 0.915 in the independent test set.	batch-03
MED:36713568	MED	36713568	Novel, alternative splicing signature to detect lymph node metastasis in prostate adenocarcinoma with machine learning.	2022	Front Oncol	10.3389/fonc.2022.1084403	Included		Machine learning derived a 96-event alternative-splicing signature that separated lymph-node metastasis from non-metastasis in TCGA prostate adenocarcinoma, with validation AUC 0.953.	batch-03
MED:36330197	MED	36330197	Performance variability of radiomics machine learning models for the detection of clinically significant prostate cancer in heterogeneous MRI datasets.	2022	Quant Imaging Med Surg	10.21037/qims-22-265	Included		Radiomics machine-learning models classified clinically significant prostate cancer on heterogeneous MRI with mean AUCs of 0.78 to 0.83.	batch-03
MED:34582343	MED	34582343	Predictive radiomics signature for treatment response to nivolumab in patients with advanced renal cell carcinoma.	2022	Can Urol Assoc J	10.5489/cuaj.7467	Included		A CT radiomics support-vector signature for nivolumab response in metastatic renal cell carcinoma achieved 69% accuracy on baseline scans and 66% on first post-treatment scans.	batch-03
MED:35676445	MED	35676445	Prostate cancer therapy personalization via multi-modal deep learning on randomized phase III clinical trials.	2022	NPJ Digit Med	10.1038/s41746-022-00613-w	Included		A multimodal deep-learning model using prostate biopsy histopathology and clinical data predicted long-term trial outcomes and improved discrimination by 9.2% to 14.6% over NCCN risk groups.	batch-03
MED:35565216	MED	35565216	Radiogenomics in Clear Cell Renal Cell Carcinoma: A Review of the Current Status and Future Directions.	2022	Cancers (Basel)	10.3390/cancers14092085	Excluded	wrong publication type	Topical review of radiogenomics in clear cell renal cell carcinoma, kept for context and not as an included primary study.	batch-03
MED:35837116	MED	35837116	Radiomic Machine Learning and External Validation Based on 3.0 T mpMRI for Prediction of Intraductal Carcinoma of Prostate With Different Proportion.	2022	Front Oncol	10.3389/fonc.2022.934291	Included		An mpMRI radiomics signature distinguished high-proportion intraductal prostate carcinoma from pure acinar adenocarcinoma, with an internal AUC of 0.88 and external AUC of 0.86.	batch-03
MED:36139609	MED	36139609	Radiomics for the Prediction of Overall Survival in Patients with Bladder Cancer Prior to Radical Cystectomy.	2022	Cancers (Basel)	10.3390/cancers14184449	Included		A preoperative CT radiomics model predicted overall survival before radical cystectomy for bladder cancer, with an integrated AUC of 0.771.	batch-03
MED:36362530	MED	36362530	Radiomics in PI-RADS 3 Multiparametric MRI for Prostate Cancer Identification: Literature Models Re-Implementation and Proposal of a Clinical-Radiological Model.	2022	J Clin Med	10.3390/jcm11216304	Included		Two mpMRI radiomic features combined with PSA density identified clinically significant cancer among PI-RADS 3 lesions with 80% sensitivity and 76% specificity.	batch-03
MED:35814914	MED	35814914	Radiomics in prostate cancer: an up-to-date review.	2022	Ther Adv Urol	10.1177/17562872221109020	Excluded	wrong publication type	Topical review of radiomics in prostate cancer, kept for context and not as an included primary study.	batch-03
MED:35806859	MED	35806859	Role of Deep Learning in Prostate Cancer Management: Past, Present and Future Based on a Comprehensive Literature Review.	2022	J Clin Med	10.3390/jcm11133575	Excluded	wrong publication type	Topical literature review of deep learning for prostate cancer diagnosis and treatment, kept for context and not as an included primary study.	batch-03
MED:36387261	MED	36387261	Stratification of malignant renal neoplasms from cystic renal lesions using deep learning and radiomics features based on a stacking ensemble CT machine learning algorithm.	2022	Front Oncol	10.3389/fonc.2022.1028577	Included		A stacking ensemble of CT deep-learning and radiomic features distinguished malignant renal neoplasms from cystic renal lesions and outperformed Bosniak 2019 classification on an external test set.	batch-03
MED:35159060	MED	35159060	The Next Paradigm Shift in the Management of Clear Cell Renal Cancer: Radiogenomics-Definition, Current Advances, and Future Directions.	2022	Cancers (Basel)	10.3390/cancers14030793	Excluded	wrong publication type	Topical review of radiogenomics for clear cell renal cancer, kept for context and not as an included primary study.	batch-03
MED:36358836	MED	36358836	The Potential of MicroRNAs as Non-Invasive Prostate Cancer Biomarkers: A Systematic Literature Review Based on a Machine Learning Approach.	2022	Cancers (Basel)	10.3390/cancers14215418	Excluded	wrong publication type	Topical systematic review of microRNA prostate cancer biomarkers that used topic modeling only to organize the literature, kept for context and not as a patient-level discovery study.	batch-03
MED:35703218	MED	35703218	The promise of artificial intelligence for kidney pathophysiology.	2022	Curr Opin Nephrol Hypertens	10.1097/mnh.0000000000000808	Excluded	wrong publication type	Topical review of artificial intelligence in kidney pathophysiology, mainly acute and chronic kidney disease, kept for context and not as an included primary study.	batch-03
MED:35344062	MED	35344062	The radiomics-based tumor heterogeneity adds incremental value to the existing prognostic models for predicting outcome in localized clear cell renal cell carcinoma: a multicenter study.	2022	Eur J Nucl Med Mol Imaging	10.1007/s00259-022-05773-1	Included		A CT radiomics signature of tumor heterogeneity predicted recurrence-free survival in localized clear cell renal cell carcinoma and raised the C-index above UISS and SSIGN.	batch-03
MED:36059618	MED	36059618	The role of radiomics with machine learning in the prediction of muscle-invasive bladder cancer: A mini review.	2022	Front Oncol	10.3389/fonc.2022.990176	Excluded	wrong publication type	Topical mini-review of radiomics for predicting muscle-invasive bladder cancer, kept for context and not as an included primary study.	batch-03
MED:36376157	MED	36376157	Ultrasound Image-Based Deep Features and Radiomics for the Discrimination of Small Fat-Poor Angiomyolipoma and Small Renal Cell Carcinoma.	2022	Ultrasound Med Biol	10.1016/j.ultrasmedbio.2022.10.009	Included		LASSO-selected ultrasound deep and radiomic features separated small fat-poor angiomyolipoma from small renal cell carcinoma with a test AUC of 0.85.	batch-03
MED:36515576	MED	36515576	A Brief Review of Artificial Intelligence in Genitourinary Oncological Imaging.	2023	Can Assoc Radiol J	10.1177/08465371221135782	Excluded	wrong publication type	Topical brief review of artificial intelligence in genitourinary oncologic imaging, kept for context and not as an included primary study.	batch-03
MED:36731307	MED	36731307	A CT-based radiomics nomogram for differentiation of benign and malignant small renal masses (≤4 cm).	2023	Transl Oncol	10.1016/j.tranon.2023.101627	Included		A three-phase CT radiomics nomogram differentiated benign from malignant small renal masses with a test AUC of 0.968.	batch-03
MED:38132224	MED	38132224	A Critical Analysis of the Robustness of Radiomics to Variations in Segmentation Methods in <sup>18</sup>F-PSMA-1007 PET Images of Patients Affected by Prostate Cancer.	2023	Diagnostics (Basel)	10.3390/diagnostics13243640	Included		Full text: PSMA-PET radiomic features and an LDA model separate low- from high-risk prostate cancer (AUC 79.20% with region-growing segmentation, n=78).	maybe_ft_2026-09-23
MED:37895393	MED	37895393	A Narrative Review of the Use of Artificial Intelligence in Breast, Lung, and Prostate Cancer.	2023	Life (Basel)	10.3390/life13102011	Excluded	wrong publication type	Topical narrative review of artificial intelligence for breast, lung, and prostate cancer detection, kept for context and not as an included primary study.	batch-03
MED:38095671	MED	38095671	A convolutional neural network-based system for fully automatic segmentation of whole-body [&lt;sup&gt;68&lt;/sup&gt;Ga]Ga-PSMA PET images in prostate cancer.	2023	Eur J Nucl Med Mol Imaging	10.1007/s00259-023-06555-z	Excluded	wrong outcome	The convolutional network detects and segments PSMA-PET lesions in prostate cancer and does not derive a new biomarker beyond standard volumetric uptake measures.	batch-03
MED:37492385	MED	37492385	A first look into radiomics application in testicular imaging: A systematic review.	2023	Front Radiol	10.3389/fradi.2023.1141499	Excluded	wrong publication type	Topical systematic review of radiomics in testicular imaging, kept for context and not as an included primary study.	batch-03
MED:37470826	MED	37470826	A machine learning model based on MRI for the preoperative prediction of bladder cancer invasion depth.	2023	Eur Radiol	10.1007/s00330-023-09960-y	Included		Full-sequence MRI radiomics with machine learning predicted pathologic and muscular invasion of bladder cancer, with AUCs of 0.808 to 0.857.	batch-03
MED:37009612	MED	37009612	A machine learning-based model for predicting the risk of early-stage inguinal lymph node metastases in patients with squamous cell carcinoma of the penis.	2023	Front Surg	10.3389/fsurg.2023.1095545	Excluded	wrong intervention	The penile squamous cell carcinoma model predicts early inguinal nodal metastasis from established clinical variables such as grade and treatment, without a new biomarker.	batch-03
MED:38010567	MED	38010567	A multi-model based on radiogenomics and deep learning techniques associated with histological grade and survival in clear cell renal cell carcinoma.	2023	Insights Imaging	10.1186/s13244-023-01557-9	Included		A radiomic, deep-learning, and transcriptomic model predicted histologic grade in clear cell renal cell carcinoma with a test AUC of 0.864 and was associated with survival.	batch-03
MED:37562222	MED	37562222	A preoperative CT-based deep learning radiomics model in predicting the stage, size, grade and necrosis score and outcome in localized clear cell renal cell carcinoma: A multicenter study.	2023	Eur J Radiol	10.1016/j.ejrad.2023.111018	Included		A preoperative CT deep-learning radiomics model predicted the SSIGN score and cancer-specific survival in localized clear cell renal cell carcinoma, with test C-indices of 0.827 and 0.824.	batch-03
MED:37568655	MED	37568655	Advancements in MRI-Based Radiomics and Artificial Intelligence for Prostate Cancer: A Comprehensive Review and Future Prospects.	2023	Cancers (Basel)	10.3390/cancers15153839	Excluded	wrong publication type	Topical review of MRI radiomics and artificial intelligence in prostate cancer, kept for context and not as an included primary study.	batch-03
MED:36691055	MED	36691055	An artificial intelligence model for the pathological diagnosis of invasion depth and histologic grade in bladder cancer.	2023	J Transl Med	10.1186/s12967-023-03888-z	Excluded	wrong outcome	The pathology deep-learning model assists diagnosis of invasion depth and histologic grade in bladder cancer and does not derive a separate biomarker.	batch-03
MED:37427103	MED	37427103	An integrative multi-omics analysis based on disulfidptosis-related prognostic signature and distinct subtypes of clear cell renal cell carcinoma.	2023	Front Oncol	10.3389/fonc.2023.1207068	Excluded	wrong intervention	The disulfidptosis-related clear cell renal cell carcinoma signature was built with conventional prognostic and clustering analyses, with no stated machine-learning discovery step.	batch-03
MED:37337101	MED	37337101	Anatomically guided self-adapting deep neural network for clinically significant prostate cancer detection on bi-parametric MRI: a multi-center study.	2023	Insights Imaging	10.1186/s13244-023-01439-0	Excluded	wrong outcome	The nnU-Net model detects clinically significant prostate cancer on bi-parametric MRI, with AUROCs near 0.89, and does not derive a biomarker beyond detection.	batch-03
MED:37760487	MED	37760487	Artificial Intelligence in Digital Pathology for Bladder Cancer: Hype or Hope? A Systematic Review.	2023	Cancers (Basel)	10.3390/cancers15184518	Excluded	wrong publication type	Topical systematic review of computational pathology in bladder cancer, kept for context and not as an included primary study.	batch-03
MED:37443687	MED	37443687	Artificial Intelligence in Renal Cell Carcinoma Histopathology: Current Applications and Future Perspectives.	2023	Diagnostics (Basel)	10.3390/diagnostics13132294	Excluded	wrong publication type	Topical review of artificial intelligence in renal cell carcinoma histopathology, kept for context and not as an included primary study.	batch-03
MED:37443700	MED	37443700	Artificial Intelligence in the Advanced Diagnosis of Bladder Cancer-Comprehensive Literature Review and Future Advancement.	2023	Diagnostics (Basel)	10.3390/diagnostics13132308	Excluded	wrong publication type	Topical comprehensive review of artificial intelligence for advanced bladder cancer diagnosis, kept for context and not as an included primary study.	batch-03
MED:38495038	MED	38495038	Artificial Intelligence-Based Organ Delineation for Radiation Treatment Planning of Prostate Cancer on Computed Tomography.	2023	Adv Radiat Oncol	10.1016/j.adro.2023.101383	Excluded	wrong outcome	The model delineates prostate, bladder, and rectum on CT for radiotherapy planning and reports segmentation agreement only.	batch-03
MED:36517398	MED	36517398	Artificial intelligence algorithms aimed at characterizing or detecting prostate cancer on MRI: How accurate are they when tested on independent cohorts? - A systematic review.	2023	Diagn Interv Imaging	10.1016/j.diii.2022.11.005	Excluded	wrong publication type	Topical systematic review of MRI artificial-intelligence algorithms for prostate cancer detection and characterization, kept for context and not as an included primary study.	batch-03
MED:37113657	MED	37113657	Artificial intelligence and radiomics in evaluation of kidney lesions: a comprehensive literature review.	2023	Ther Adv Urol	10.1177/17562872231164803	Excluded	wrong publication type	Topical literature review of radiomics and artificial intelligence for kidney-lesion evaluation, kept for context and not as an included primary study.	batch-03
MED:37524914	MED	37524914	Artificial intelligence and urology: ethical considerations for urologists and patients.	2023	Nat Rev Urol	10.1038/s41585-023-00796-1	Excluded	wrong publication type	Commentary on ethical issues in applying artificial intelligence to urology, with no primary patient cohort or biomarker result.	batch-03
MED:37740046	MED	37740046	Artificial intelligence as diagnostic aiding tool in cases of Prostate Imaging Reporting and Data System category 3: the results of retrospective multi-center cohort study.	2023	Abdom Radiol (NY)	10.1007/s00261-023-03989-9	Excluded	wrong outcome	The study tests an artificial-intelligence aid that helps radiologists reclassify PI-RADS 3 prostate MRI examinations and does not derive a new biomarker.	batch-03
MED:37488510	MED	37488510	Artificial intelligence for the diagnosis of clinically significant prostate cancer based on multimodal data: a multicenter study.	2023	BMC Med	10.1186/s12916-023-02964-x	Excluded	wrong intervention	The AutoML system diagnoses clinically significant prostate cancer from routine demographic, laboratory, and ultrasound-report variables rather than a newly discovered biomarker.	batch-03
MED:36893772	MED	36893772	Artificial intelligence-based model for lymph node metastases detection on whole slide images in bladder cancer: a retrospective, multicentre, diagnostic study.	2023	Lancet Oncol	10.1016/s1470-2045(23)00061-x	Excluded	wrong outcome	The model detects lymph-node metastases on whole-slide images of dissected nodes in bladder cancer and does not derive a biomarker from the primary tumor.	batch-03
MED:36635425	MED	36635425	Automatic segmentation of bladder cancer on MRI using a convolutional neural network and reproducibility of radiomics features: a two-center study.	2023	Sci Rep	10.1038/s41598-023-27883-y	Excluded	wrong outcome	The study is limited to automatic MRI segmentation of bladder cancer and reproducibility of radiomic features, without a clinical biomarker model.	batch-03
MED:36907973	MED	36907973	Beyond diagnosis: is there a role for radiomics in prostate cancer management?	2023	Eur Radiol Exp	10.1186/s41747-023-00321-4	Excluded	wrong publication type	Topical narrative review of radiomics for prostate cancer management beyond diagnosis, kept for context and not as an included primary study.	batch-03
MED:36517196	MED	36517196	Bladder Cancer Radiation Oncology of the Future: Prognostic Modelling, Radiomics, and Treatment Planning With Artificial Intelligence.	2023	Semin Radiat Oncol	10.1016/j.semradonc.2022.10.009	Excluded	wrong publication type	Topical review of prognostic modeling, radiomics, and artificial-intelligence planning in bladder cancer radiotherapy, kept for context and not as an included primary study.	batch-03
MED:36459898	MED	36459898	CT radiomics for differentiating oncocytoma from renal cell carcinomas: Systematic review and meta-analysis.	2023	Clin Imaging	10.1016/j.clinimag.2022.11.007	Excluded	wrong publication type	Topical systematic review and meta-analysis of CT radiomics for separating oncocytoma from renal cell carcinoma, kept for context and not as an included primary study.	batch-03
MED:38002646	MED	38002646	Can Machine Learning Models Detect and Predict Lymph Node Involvement in Prostate Cancer? A Comprehensive Systematic Review.	2023	J Clin Med	10.3390/jcm12227032	Excluded	wrong publication type	Topical systematic review of machine-learning models for lymph-node involvement in prostate cancer, kept for context and not as an included primary study.	batch-03
MED:38188340	MED	38188340	Comparison and analysis of multiple machine learning models for discriminating benign and malignant testicular lesions based on magnetic resonance imaging radiomics.	2023	Front Med (Lausanne)	10.3389/fmed.2023.1279622	Included		An MRI radiomics XGBoost model distinguished benign from malignant testicular lesions with a test AUC of 0.905.	batch-03
MED:38138870	MED	38138870	Computed Tomography-Based Radiomics for Long-Term Prognostication of High-Risk Localized Prostate Cancer Patients Received Whole Pelvic Radiotherapy.	2023	J Pers Med	10.3390/jpm13121643	Included		A planning-CT radiomics signature of two texture features predicted six-year progression-free survival after whole-pelvic radiotherapy for high-risk prostate cancer, with a test AUC of 0.71.	batch-03
MED:37809854	MED	37809854	Construction of 3D and 2D contrast-enhanced CT radiomics for prediction of CGB3 expression level and clinical prognosis in bladder cancer.	2023	Heliyon	10.1016/j.heliyon.2023.e20335	Included		Contrast-enhanced CT radiomics predicted CGB3 expression in bladder cancer, with validation AUCs of 0.815 for the 3D model and 0.754 for the 2D model.	batch-03
MED:36844540	MED	36844540	Data-Independent Acquisition Mass Spectrometry of EPS-Urine Coupled to Machine Learning: A Predictive Model for Prostate Cancer.	2023	ACS Omega	10.1021/acsomega.2c05487	Included		Machine learning on expressed-prostatic-secretion urine proteomics prioritized semaphorin-7A and SPARC and, with clinical variables, classified prostate cancer versus hyperplasia in 83% of validation samples.	batch-03
MED:37627935	MED	37627935	Deep Learning Methodologies Applied to Digital Pathology in Prostate Cancer: A Systematic Review.	2023	Diagnostics (Basel)	10.3390/diagnostics13162676	Excluded	wrong publication type	Topical systematic review of deep learning in prostate cancer digital pathology, kept for context and not as an included primary study.	batch-03
MED:36629980	MED	36629980	Deep learning and radiomic feature-based blending ensemble classifier for malignancy risk prediction in cystic renal lesions.	2023	Insights Imaging	10.1186/s13244-022-01349-7	Included		A fusion of CT deep-learning and radiomic features distinguished malignant from benign cystic renal lesions with an external AUC of 0.934.	batch-03
MED:38094161	MED	38094161	Deep learning signature based on multiphase enhanced CT for bladder cancer recurrence prediction: a multi-center study.	2023	EClinicalMedicine	10.1016/j.eclinm.2023.102352	Included		A multiphase CT deep-learning signature predicted postoperative bladder cancer recurrence with a validation concordance index of 0.869 and AUC of 0.889.	batch-03
MED:37558767	MED	37558767	Development and verification of a deep learning-based m&lt;sup&gt;6&lt;/sup&gt;A modification model for clinical prognosis prediction of renal cell carcinoma.	2023	J Cancer Res Clin Oncol	10.1007/s00432-023-05169-0	Included		A deep-learning m6A model predicted five-year survival status and separated high overall-survival risk in independent renal cell carcinoma cohorts.	batch-03
MED:38081101	MED	38081101	Early-stage diagnosis of bladder cancer using surface-enhanced Raman spectroscopy combined with machine learning algorithms in a rat model.	2023	Biosens Bioelectron	10.1016/j.bios.2023.115915	Excluded	wrong population	Surface-enhanced Raman spectroscopy with machine learning diagnosed bladder tumors only in a nitrosamine-induced rat model, with no human cohort.	batch-03
MED:38137421	MED	38137421	Equilibrium Optimization Algorithm with Deep Learning Enabled Prostate Cancer Detection on MRI Images.	2023	Biomedicines	10.3390/biomedicines11123200	Excluded	wrong outcome	The deep-learning pipeline detects and classifies prostate cancer on MRI and does not report a derived biomarker signature.	batch-03
MED:37895332	MED	37895332	Exploratory Analysis of the Role of Radiomic Features in the Differentiation of Oncocytoma and Chromophobe RCC in the Nephrographic CT Phase.	2023	Life (Basel)	10.3390/life13101950	Included		Two reproducible nephrographic-phase CT radiomic features separated chromophobe renal cell carcinoma from oncocytoma, and logistic regression reached 83% precision.	batch-03
MED:36969047	MED	36969047	Fully automated bladder tumor segmentation from T2 MRI images using 3D U-Net algorithm.	2023	Front Oncol	10.3389/fonc.2023.1096136	Excluded	wrong outcome	A 3D U-Net segments bladder wall and tumor on T2 MRI and reports Dice coefficients only, without a biomarker.	batch-03
MED:38094602	MED	38094602	Global research trends of the application of artificial intelligence in bladder cancer since the 21st century: a bibliometric analysis.	2023	Front Oncol	10.3389/fonc.2023.1227152	Excluded	wrong publication type	Bibliometric survey of artificial-intelligence research in bladder cancer, kept for context and not as an included primary study.	batch-03
MED:36646808	MED	36646808	High-throughput precision MRI assessment with integrated stack-ensemble deep learning can enhance the preoperative prediction of prostate cancer Gleason grade.	2023	Br J Cancer	10.1038/s41416-022-02134-5	Included		A stack-ensemble model of high-throughput MRI features predicted prostate cancer ISUP grade, with an external macro-AUC of 0.762, and was associated with biochemical recurrence-free survival.	batch-03
MED:37449047	MED	37449047	Integrated multiomics analysis and machine learning refine molecular subtypes and prognosis for muscle-invasive urothelial cancer.	2023	Mol Ther Nucleic Acids	10.1016/j.omtn.2023.06.001	Included		Machine learning on multiomics data produced a 12-gene consensus signature that predicted prognosis and immunotherapy responsiveness in muscle-invasive urothelial cancer.	batch-03
MED:37138354	MED	37138354	Integrative multi-omics analysis depicts the methylome and hydroxymethylome in recurrent bladder cancers and identifies biomarkers for predicting PD-L1 expression.	2023	Biomark Res	10.1186/s40364-023-00488-3	Excluded	wrong intervention	Methylome and hydroxymethylome profiling of human bladder cancers linked epigenetic changes to recurrence and PD-L1 without a stated machine-learning step.	batch-03
MED:37580840	MED	37580840	Interpretability of radiomics models is improved when using feature group selection strategies for predicting molecular and clinical targets in clear-cell renal cell carcinoma: insights from the TRACERx Renal study.	2023	Cancer Imaging	10.1186/s40644-023-00594-3	Included		CT radiomics models predicted molecular and clinical targets in clear cell renal cell carcinoma, with AUROCs above 0.8 for necrosis, vein invasion, stage, evolutionary subtype, and 9p21.3 loss.	batch-03
MED:37370799	MED	37370799	Kidney Cancer Diagnosis and Surgery Selection by Machine Learning from CT Scans Combined with Clinical Metadata.	2023	Cancers (Basel)	10.3390/cancers15123189	Included		Deep learning on contrast-enhanced CT classified clear cell, papillary, and chromophobe renal cell carcinoma and oncocytoma with about 86% accuracy.	batch-03
MED:37403801	MED	37403801	Lifestyle and occupational risks assessment of bladder cancer using machine learning-based prediction models.	2023	Cancer Rep (Hoboken)	10.1002/cnr2.1860	Excluded	wrong intervention	Machine learning predicts bladder cancer occurrence from lifestyle, occupational, and medical-history factors rather than a tumor biomarker.	batch-03
MED:37443692	MED	37443692	MRI-Based Radiomics in Bladder Cancer: A Systematic Review and Radiomics Quality Score Assessment.	2023	Diagnostics (Basel)	10.3390/diagnostics13132300	Excluded	wrong publication type	Topical systematic review of MRI radiomics in bladder cancer, kept for context and not as an included primary study.	batch-03
MED:37551554	MED	37551554	MRI-derived radiomics models for diagnosis, aggressiveness, and prognosis evaluation in prostate cancer.	2023	J Zhejiang Univ Sci B	10.1631/jzus.b2200619	Excluded	wrong publication type	Topical review of MRI radiomics models for prostate cancer diagnosis, aggressiveness, and prognosis, kept for context and not as an included primary study.	batch-03
MED:37948361	MED	37948361	Machine Learning-Based Magnetic Resonance Radiomics Analysis for Predicting Low- and High-Grade Clear Cell Renal Cell Carcinoma.	2023	J Comput Assist Tomogr	10.1097/rct.0000000000001453	Included		An MRI radiomics random-forest model distinguished high- from low-grade clear cell renal cell carcinoma with a test AUC of 0.82.	batch-03
MED:38074651	MED	38074651	Magnetic resonance imaging radiomics-based prediction of clinically significant prostate cancer in equivocal PI-RADS 3 lesions in the transitional zone.	2023	Front Oncol	10.3389/fonc.2023.1247682	Included		An MRI radiomics XGBoost signature predicted clinically significant prostate cancer in transitional-zone PI-RADS 3 lesions with a validation AUC of 0.913.	batch-03
MED:38068372	MED	38068372	Multi-Institutional Development and Validation of a Radiomic Model to Predict Prostate Cancer Recurrence Following Radical Prostatectomy.	2023	J Clin Med	10.3390/jcm12237322	Included		An mpMRI radiomic model of 14 features predicted prostate cancer recurrence after radical prostatectomy, with a training AUC of 0.89 and a test AUC of 0.78.	batch-03
MED:37423959	MED	37423959	Multi-center validation of an immune-related lncRNA signature for predicting survival and immune status of patients with renal cell carcinoma: an integrating machine learning-derived study.	2023	J Cancer Res Clin Oncol	10.1007/s00432-023-05107-0	Included		A machine-learning immune-related lncRNA signature independently predicted overall survival in renal cell carcinoma across five cohorts and tracked immune status.	batch-03
MED:37692840	MED	37692840	Multi-phase-combined CECT radiomics models for Fuhrman grade prediction of clear cell renal cell carcinoma.	2023	Front Oncol	10.3389/fonc.2023.1167328	Included		A multi-phase contrast-enhanced CT radiomics model predicted Fuhrman grade of clear cell renal cell carcinoma with a test AUC of 0.777.	batch-03
MED:38001728	MED	38001728	Multiparametric MRI in Era of Artificial Intelligence for Bladder Cancer Therapies.	2023	Cancers (Basel)	10.3390/cancers15225468	Excluded	wrong publication type	Topical review of multiparametric MRI and artificial intelligence for bladder cancer therapy, kept for context and not as an included primary study.	batch-03
MED:37444526	MED	37444526	Novel Multiparametric Magnetic Resonance Imaging-Based Deep Learning and Clinical Parameter Integration for the Prediction of Long-Term Biochemical Recurrence-Free Survival in Prostate Cancer after Radical Prostatectomy.	2023	Cancers (Basel)	10.3390/cancers15133416	Included		A multiparametric MRI deep-learning signature combined with clinical variables predicted long-term biochemical recurrence-free survival after radical prostatectomy, with a hazard ratio of 7.72.	batch-03
MED:37396490	MED	37396490	Novel radiomic analysis on bi-parametric MRI for characterizing differences between MR non-visible and visible clinically significant prostate cancer.	2023	Eur J Radiol Open	10.1016/j.ejro.2023.100496	Included		Intra- and peri-lesional bi-parametric MRI radiomic features distinguished MRI-invisible from visible clinically significant prostate cancer, with a validation AUC of 0.82.	batch-03
MED:37393175	MED	37393175	Peritumoral Radiomics Strategy Based on Ensemble Learning for the Prediction of Gleason Grade Group of Prostate Cancer.	2023	Acad Radiol	10.1016/j.acra.2023.06.011	Included		A peritumoral MRI radiomics ensemble predicted prostate cancer Gleason grade group with an AUC of 0.85.	batch-03
MED:37296961	MED	37296961	Predicting Lymph Node Metastasis Status from Primary Muscle-Invasive Bladder Cancer Histology Slides Using Deep Learning: A Retrospective Multicenter Study.	2023	Cancers (Basel)	10.3390/cancers15113000	Included		A weakly supervised deep-learning model predicted lymph-node metastasis from primary muscle-invasive bladder cancer slides, with a TCGA AUROC of 0.811 and external AUROCs of 0.762 and 0.746.	batch-03
MED:36409317	MED	36409317	Predicting clinically significant prostate cancer with a deep learning approach: a multicentre retrospective study.	2023	Eur J Nucl Med Mol Imaging	10.1007/s00259-022-06036-9	Excluded	wrong outcome	Biparametric MRI deep-learning models diagnose clinically significant prostate cancer relative to PI-RADS and do not derive a separate biomarker.	batch-03
MED:36964192	MED	36964192	Predicting prostate cancer in men with PSA levels of 4-10 ng/mL: MRI-based radiomics can help junior radiologists improve the diagnostic performance.	2023	Sci Rep	10.1038/s41598-023-31869-1	Included		An MRI radiomics model predicted prostate cancer in men with PSA 4–10 ng/mL, with a test AUC of 0.922.	batch-03
MED:37074425	MED	37074425	Predicting the recurrence risk of renal cell carcinoma after nephrectomy: potential role of CT-radiomics for adjuvant treatment decisions.	2023	Eur Radiol	10.1007/s00330-023-09551-x	Included		A preoperative CT radiomic feature added to clinicopathologic factors improved recurrence prediction after nephrectomy for non-metastatic renal cell carcinoma, with a C-statistic of 0.80.	batch-03
MED:38065776	MED	38065776	Prediction of Fuhrman grade of renal clear cell carcinoma by multimodal MRI radiomics: a retrospective study.	2023	Clin Radiol	10.1016/j.crad.2023.11.006	Included		A multimodal MRI radiomics model differentiated high- from low-grade clear cell renal cell carcinoma with an AUC of 0.74.	batch-03
MED:37198374	MED	37198374	Prediction of prostate tumour hypoxia using pre-treatment MRI-derived radiomics: preliminary findings.	2023	Radiol Med	10.1007/s11547-023-01644-3	Included		Whole-prostate MRI radiomics predicted biopsy-defined tumor hypoxia before radiotherapy, with a test AUC of 0.69.	batch-03
MED:36902045	MED	36902045	Radiogenomics in Renal Cancer Management-Current Evidence and Future Prospects.	2023	Int J Mol Sci	10.3390/ijms24054615	Excluded	wrong publication type	This is a topical review of radiogenomics in renal cancer management and is kept for context rather than as an included primary study.	batch-04
MED:36793772	MED	36793772	Radiogenomics study to predict the nuclear grade of renal clear cell carcinoma.	2023	Eur J Radiol Open	10.1016/j.ejro.2023.100476	Included		A multi-institutional study derived CT radiomic and hub-gene signatures that predicted nuclear grade in clear-cell renal cell carcinoma, with AUCs of 0.94 and 0.73.	batch-04
MED:36826118	MED	36826118	Radiomic Machine-Learning Analysis of Multiparametric Magnetic Resonance Imaging in the Diagnosis of Clinically Significant Prostate Cancer: New Combination of Textural and Clinical Features.	2023	Curr Oncol	10.3390/curroncol30020157	Included		Machine learning selected multiparametric MRI radiomic features that predicted clinically significant prostate cancer (Gleason score 7 or higher) with an AUC of 80.4%.	batch-04
MED:38135946	MED	38135946	Radiomics Prediction of Muscle Invasion in Bladder Cancer Using Semi-Automatic Lesion Segmentation of MRI Compared with Manual Segmentation.	2023	Bioengineering (Basel)	10.3390/bioengineering10121355	Included		A bladder MRI radiomics model distinguished muscle-invasive from non-muscle-invasive bladder cancer, with an external AUC of about 0.89.	batch-04
MED:36115774	MED	36115774	Radiomics Signature Using Manual Versus Automated Segmentation for Lymph Node Staging of Bladder Cancer.	2023	Eur Urol Focus	10.1016/j.euf.2022.08.015	Included		A CT radiomics signature discriminated lymph-node metastasis before cystectomy for bladder cancer, with a test AUC of 0.80.	batch-04
MED:37945101	MED	37945101	Radiomics and Artificial Intelligence: Renal Cell Carcinoma.	2023	Urol Clin North Am	10.1016/j.ucl.2023.06.007	Excluded	wrong publication type	This is a topical overview of radiomics and artificial intelligence in renal cell carcinoma without a primary cohort, kept for context rather than as an included study.	batch-04
MED:37064257	MED	37064257	Radiomics vs radiologist in bladder and renal cancer. Results from a systematic review.	2023	Cent European J Urol	10.5173/ceju.2023.252	Excluded	wrong publication type	This is a topical systematic review comparing radiomics with radiologist assessment in bladder and renal cancer, kept for context rather than as an included study.	batch-04
MED:36867239	MED	36867239	Radiomics vs radiologist in prostate cancer. Results from a systematic review.	2023	World J Urol	10.1007/s00345-023-04305-2	Excluded	wrong publication type	This is a topical systematic review of radiomics versus radiologist assessment in prostate cancer, kept for context rather than as an included study.	batch-04
MED:36670469	MED	36670469	Recognizing pathology of renal tumor from macroscopic cross-section image by deep learning.	2023	Biomed Eng Online	10.1186/s12938-023-01064-4	Excluded	wrong outcome	Convolutional networks classified known benign versus malignant renal-tumor subtypes on gross photographs, which is assisted diagnosis without a new biomarker signature.	batch-04
MED:37546423	MED	37546423	Research progress on deep learning in magnetic resonance imaging-based diagnosis and treatment of prostate cancer: a review on the current status and perspectives.	2023	Front Oncol	10.3389/fonc.2023.1189370	Excluded	wrong publication type	This is a topical review of deep learning for MRI-based prostate cancer diagnosis and treatment, kept for context rather than as an included study.	batch-04
MED:37345172	MED	37345172	Role of AI and Radiomic Markers in Early Diagnosis of Renal Cancer and Clinical Outcome Prediction: A Brief Review.	2023	Cancers (Basel)	10.3390/cancers15102835	Excluded	wrong publication type	This is a topical review of AI and radiomic markers for renal cancer diagnosis and outcome prediction, kept for context rather than as an included study.	batch-04
MED:37511785	MED	37511785	Stability of Multi-Parametric Prostate MRI Radiomic Features to Variations in Segmentation.	2023	J Pers Med	10.3390/jpm13071172	Excluded	wrong outcome	The study measures stability of prostate MRI radiomic features under simulated segmentation changes and does not link a signature to diagnosis, prognosis, or treatment response.	batch-04
MED:37760407	MED	37760407	T2-Weighted MRI Radiomic Features Predict Prostate Cancer Presence and Eventual Biochemical Recurrence.	2023	Cancers (Basel)	10.3390/cancers15184437	Included		T2-weighted MRI radiomic features predicted prostate cancer presence and biochemical recurrence, with an AUC of 0.97 for recurrence.	batch-04
MED:38001712	MED	38001712	The Development and External Validation of Artificial Intelligence-Driven MRI-Based Models to Improve Prediction of Lesion-Specific Extraprostatic Extension in Patients with Prostate Cancer.	2023	Cancers (Basel)	10.3390/cancers15225452	Included		An MRI radiomics model predicted lesion-specific extraprostatic extension in prostate cancer, with AUCs of 0.86 to 0.91 and higher external accuracy than radiological reporting.	batch-04
MED:36749494	MED	36749494	The Evidence for Using Artificial Intelligence to Enhance Prostate Cancer MR Imaging.	2023	Curr Oncol Rep	10.1007/s11912-023-01371-y	Excluded	wrong publication type	This is a topical review of artificial intelligence applied to prostate cancer MR imaging, kept for context rather than as an included study.	batch-04
MED:37568397	MED	37568397	The Present and Future of Artificial Intelligence in Urological Cancer.	2023	J Clin Med	10.3390/jcm12154995	Excluded	wrong publication type	This is a topical review of artificial intelligence across urological cancers, kept for context rather than as an included study.	batch-04
MED:36980436	MED	36980436	The Use of MRI-Derived Radiomic Models in Prostate Cancer Risk Stratification: A Critical Review of Contemporary Literature.	2023	Diagnostics (Basel)	10.3390/diagnostics13061128	Excluded	wrong publication type	This is a topical critical review of MRI radiomic models for prostate cancer risk stratification, kept for context rather than as an included study.	batch-04
MED:37968599	MED	37968599	The value of a dual-energy CT Iodine map radiomics model for the prediction of collagen fiber content in the ccRCC tumor microenvironment.	2023	BMC Med Imaging	10.1186/s12880-023-01127-x	Included		Dual-energy CT iodine-map radiomics predicted collagen-fiber content in the clear-cell renal cell carcinoma microenvironment, with a validation AUC up to 0.74.	batch-04
MED:37333662	MED	37333662	Three-dimensional convolutional neural network model to identify clinically significant prostate cancer in transrectal ultrasound videos: a prospective, multi-institutional, diagnostic study.	2023	EClinicalMedicine	10.1016/j.eclinm.2023.102027	Excluded	wrong outcome	A three-dimensional convolutional network identified clinically significant prostate cancer on transrectal ultrasound video as a detection tool, without deriving a biomarker signature.	batch-04
MED:36869574	MED	36869574	Transcriptome mapping of renal clear cell carcinoma revealed by machine learning algorithm based on enhanced computed tomography images.	2023	J Gene Med	10.1002/jgm.3494	Included		Machine learning built an inflammation-gene risk score and CT radiomic models associated with prognosis in clear-cell renal cell carcinoma using TCGA and imaging cohorts.	batch-04
MED:38071254	MED	38071254	Transfer learning with CNNs for efficient prostate cancer and BPH detection in transrectal ultrasound images.	2023	Sci Rep	10.1038/s41598-023-49159-1	Excluded	wrong outcome	Transfer-learning convolutional networks classified prostate cancer versus benign prostatic hyperplasia on ultrasound as an image-detection task, without a derived biomarker.	batch-04
MED:37069257	MED	37069257	Value of handcrafted and deep radiomic features towards training robust machine learning classifiers for prediction of prostate cancer disease aggressiveness.	2023	Sci Rep	10.1038/s41598-023-33339-0	Included		Handcrafted radiomic features trained classifiers of prostate cancer aggressiveness, and training on heterogeneous radiologist masks gave the lowest generalization error.	batch-04
MED:37357263	MED	37357263	What benefit can be obtained from magnetic resonance imaging diagnosis with artificial intelligence in prostate cancer compared with clinical assessments?	2023	Mil Med Res	10.1186/s40779-023-00464-w	Excluded	wrong publication type	This is a topical review comparing MRI artificial intelligence with clinical assessment in prostate cancer, kept for context rather than as an included study.	batch-04
MED:37942630	MED	37942630	[18F]FDG PET-TC radiomics and machine learning in the evaluation of prostate incidental uptake.	2023	Expert Rev Med Devices	10.1080/17434440.2023.2280685	Included		PET/CT radiomic features and machine learning discriminated prostate cancer from non-cancer incidental FDG uptake, with CT models reaching negative predictive values of 0.73 to 0.87.	batch-04
MED:39234248	MED	39234248	&lt;i&gt;LIG1&lt;/i&gt; is a novel marker for bladder cancer prognosis: evidence based on experimental studies, machine learning and single-cell sequencing.	2024	Front Immunol	10.3389/fimmu.2024.1419126	Included		Machine learning and co-expression analysis prioritized LIG1 as a bladder cancer biomarker whose higher expression was associated with worse overall survival.	batch-04
MED:39457484	MED	39457484	A Multi-Omics Prognostic Model Capturing Tumor Stemness and the Immune Microenvironment in Clear Cell Renal Cell Carcinoma.	2024	Biomedicines	10.3390/biomedicines12102171	Included		Multi-omics clustering and a prognostic model defined stemness-related clear-cell renal cell carcinoma subtypes that differed in stage and survival, and the model performed well in validation.	batch-04
MED:39457657	MED	39457657	A Transfer Learning-Based Framework for Classifying Lymph Node Metastasis in Prostate Cancer Patients.	2024	Biomedicines	10.3390/biomedicines12102345	Included		Deep and texture features from prostate MRI classified lymph-node metastasis, with a hybrid ResNet-18 model reaching 76% accuracy.	batch-04
MED:38704627	MED	38704627	A commentary on 'A CT-based deep learning model predicts overall survival in patients with muscle invasive bladder cancer after radical cystectomy: a multicenter retrospective cohort study'.	2024	Int J Surg	10.1097/js9.0000000000001510	Excluded	wrong publication type	This is a commentary on another bladder cancer deep-learning paper and contains no primary study data.	batch-04
MED:38174830	MED	38174830	A computed tomography urography-based machine learning model for predicting preoperative pathological grade of upper urinary tract urothelial carcinoma.	2024	Cancer Med	10.1002/cam4.6901	Included		A CT urography radiomics score and machine-learning models predicted high-grade upper-tract urothelial carcinoma, and the random-forest model showed excellent predictive performance.	batch-04
MED:38395827	MED	38395827	A nomogram based on peripheral lymphocyte for predicting 8-year survival in patients with prostate cancer: a single-center study using LASSO-cox regression.	2024	BMC Cancer	10.1186/s12885-024-11929-z	Included		LASSO-Cox regression prioritized peripheral lymphocyte subsets as prognostic biomarkers in a survival nomogram for prostate cancer, with AUCs of 0.73 to 0.81.	batch-04
MED:39466475	MED	39466475	A radiomics-based interpretable machine learning model to predict the HER2 status in bladder cancer: a multicenter study.	2024	Insights Imaging	10.1186/s13244-024-01840-3	Included		A multicenter CT radiomics model predicted HER2 status in bladder cancer, with the random-forest classifier reaching a test AUC of 0.815.	batch-04
MED:37909882	MED	37909882	AI-powered radiomics: revolutionizing detection of urologic malignancies.	2024	Curr Opin Urol	10.1097/mou.0000000000001144	Excluded	wrong publication type	This is a topical review of AI-powered radiomics for detecting urologic malignancies, kept for context rather than as an included study.	batch-04
MED:39172115	MED	39172115	Addressing intra- and inter-institution variability of a radiomic framework based on Apparent Diffusion Coefficient in prostate cancer.	2024	Med Phys	10.1002/mp.17355	Included		ADC radiomic features predicted Gleason score and T stage in prostate cancer, with hold-out AUCs of 0.75 and 0.70 and an externally harmonized Gleason AUC of 0.78.	batch-04
MED:38538287	MED	38538287	An Integrated Machine Learning Framework Identifies Prognostic Gene Pair Biomarkers Associated with Programmed Cell Death Modalities in Clear Cell Renal Cell Carcinoma.	2024	Front Biosci (Landmark Ed)	10.31083/j.fbl2903121	Included		An integrated machine-learning framework derived a programmed-cell-death gene-pair score that independently prognosticated survival in clear-cell renal cell carcinoma, and a CT radiomic score classified that status with an AUC of 0.813.	batch-04
MED:36639335	MED	36639335	Applications of artificial intelligence in prostate cancer histopathology.	2024	Urol Oncol	10.1016/j.urolonc.2022.12.002	Excluded	wrong publication type	This is a topical review of artificial intelligence in prostate cancer histopathology, kept for context rather than as an included study.	batch-04
MED:38714511	MED	38714511	Applications of artificial intelligence in urologic oncology.	2024	Investig Clin Urol	10.4111/icu.20230435	Excluded	wrong publication type	This is a topical review of artificial intelligence applications in urologic oncology, kept for context rather than as an included study.	batch-04
MED:37945102	MED	37945102	Artificial Intelligence in Pathomics and Genomics of Renal Cell Carcinoma.	2024	Urol Clin North Am	10.1016/j.ucl.2023.06.002	Excluded	wrong publication type	This is a topical review of artificial intelligence in pathomics and genomics of renal cell carcinoma, kept for context rather than as an included study.	batch-04
MED:39575423	MED	39575423	Artificial intelligence application in the diagnosis and treatment of bladder cancer: advance, challenges, and opportunities.	2024	Front Oncol	10.3389/fonc.2024.1487676	Excluded	wrong publication type	This is a topical review of artificial intelligence in the diagnosis and treatment of bladder cancer, kept for context rather than as an included study.	batch-04
MED:37296271	MED	37296271	Artificial intelligence applications in prostate cancer.	2024	Prostate Cancer Prostatic Dis	10.1038/s41391-023-00684-0	Excluded	wrong publication type	This is a topical review of artificial intelligence applications in prostate cancer, kept for context rather than as an included study.	batch-04
MED:39190175	MED	39190175	Artificial intelligence for predicting response to neoadjuvant chemotherapy for bladder cancer A comprehensive systematic review and meta-analysis.	2024	Can Urol Assoc J	10.5489/cuaj.8681	Excluded	wrong publication type	This is a topical systematic review and meta-analysis of machine learning for neoadjuvant chemotherapy response in bladder cancer, kept for context rather than as an included study.	batch-04
MED:39285354	MED	39285354	Assessing muscle invasion in bladder cancer via virtual biopsy: a study on quantitative parameters and classical radiomics features from dual-energy CT imaging.	2024	BMC Med Imaging	10.1186/s12880-024-01427-w	Included		Dual-energy CT radiomics predicted muscle invasion in bladder cancer, with the multi-image model reaching a test AUC of 0.867.	batch-04
MED:38099997	MED	38099997	Assessment of Prostate and Bladder Cancer Genomic Biomarkers Using Artificial Intelligence: a Systematic Review.	2024	Curr Urol Rep	10.1007/s11934-023-01193-2	Excluded	wrong publication type	This is a topical systematic review of artificial intelligence applied to genomic biomarkers in prostate and bladder cancer, kept for context rather than as an included study.	batch-04
MED:38212451	MED	38212451	CT-based radiomics: predicting early outcomes after percutaneous transluminal renal angioplasty in patients with severe atherosclerotic renal artery stenosis.	2024	Vis Comput Ind Biomed Art	10.1186/s42492-023-00152-5	Excluded	wrong population	The cohort is atherosclerotic renal artery stenosis treated by angioplasty, which is not a genitourinary neoplasm.	batch-04
MED:38507053	MED	38507053	Can we predict pathology without surgery? Weighing the added value of multiparametric MRI and whole prostate radiomics in integrative machine learning models.	2024	Eur Radiol	10.1007/s00330-024-10699-3	Included		Machine-learning models that added whole-prostate radiomic features to clinical and MRI variables predicted pathologic stage and ISUP grade, with AUCs from 0.73 to 0.96.	batch-04
MED:38331808	MED	38331808	Clinical application of machine learning models in patients with prostate cancer before prostatectomy.	2024	Cancer Imaging	10.1186/s40644-024-00666-y	Included		A model combining clinical, semantic, and T2-weighted radiomic features predicted extracapsular extension before prostatectomy and showed decision-curve net benefit in external data.	batch-04
MED:39325194	MED	39325194	Clinical application of radiomics for the prediction of treatment outcome and survival in patients with renal cell carcinoma: a systematic review.	2024	World J Urol	10.1007/s00345-024-05247-z	Excluded	wrong publication type	This is a topical systematic review of radiomics for treatment outcome and survival in renal cell carcinoma, kept for context rather than as an included study.	batch-04
MED:39443896	MED	39443896	Comparison in prostate cancer diagnosis with PSA 4-10 ng/mL: radiomics-based model VS. PI-RADS v2.1.	2024	BMC Urol	10.1186/s12894-024-01625-2	Included		ADC and T2 radiomic models diagnosed prostate cancer in men with PSA 4–10 ng/mL, with a combined validation AUC of 0.959.	batch-04
MED:39533250	MED	39533250	Comparison of MRI artificial intelligence-guided cognitive fusion-targeted biopsy versus routine cognitive fusion-targeted prostate biopsy in prostate cancer diagnosis: a randomized controlled trial.	2024	BMC Med	10.1186/s12916-024-03742-z	Excluded	wrong outcome	This randomized trial tests AI-guided targeting of prostate biopsy and reports cancer detection rates, without deriving a biomarker signature.	batch-04
MED:39452071	MED	39452071	Contemporary Update on Clinical and Experimental Prostate Cancer Biomarkers: A Multi-Omics-Focused Approach to Detection and Risk Stratification.	2024	Biology (Basel)	10.3390/biology13100762	Excluded	wrong publication type	This is a topical review of multi-omics prostate cancer biomarkers for detection and risk stratification, kept for context rather than as an included study.	batch-04
MED:39206159	MED	39206159	Contrast-enhanced computed tomography-based radiomics nomogram for predicting HER2 status in urothelial bladder carcinoma.	2024	Front Oncol	10.3389/fonc.2024.1427122	Included		A contrast-enhanced CT radiomics nomogram predicted HER2 status in urothelial bladder carcinoma, with a test AUC of 0.857.	batch-04
MED:38982018	MED	38982018	Current advances in the use of artificial intelligence in predicting and managing urological complications.	2024	Int Urol Nephrol	10.1007/s11255-024-04149-8	Excluded	wrong publication type	This is a topical review of artificial intelligence for predicting and managing urological surgical complications, kept for context rather than as an included study.	batch-04
MED:39011666	MED	39011666	Deciphering the tumour microenvironment of clear cell renal cell carcinoma: Prognostic insights from programmed death genes using machine learning.	2024	J Cell Mol Med	10.1111/jcmm.18524	Included		A machine-learning signature of programmed cell death-related genes prognosticated clear-cell renal cell carcinoma in TCGA and an external cohort and outperformed traditional clinical features.	batch-04
MED:38388243	MED	38388243	Deep learning model for the detection of prostate cancer and classification of clinically significant disease using multiparametric MRI in comparison to PI-RADs score.	2024	Urol Oncol	10.1016/j.urolonc.2024.01.021	Excluded	wrong outcome	An ensemble deep-learning model detected and classified clinically significant prostate cancer on multiparametric MRI, which is assisted diagnosis without a derived biomarker signature.	batch-04
MED:38445478	MED	38445478	Deep learning-based multi-model prediction for disease-free survival status of patients with clear cell renal cell carcinoma after surgery: a multicenter cohort study.	2024	Int J Surg	10.1097/js9.0000000000001222	Included		Deep-learning models from whole-slide images, cell segmentation, and CT formed a signature that predicted disease-free survival after surgery for clear-cell renal cell carcinoma, with AUCs up to 0.917.	batch-04
MED:38877591	MED	38877591	Deep learning-based pathological prediction of lymph node metastasis for patient with renal cell carcinoma from primary whole slide images.	2024	J Transl Med	10.1186/s12967-024-05382-6	Included		A pathomics deep-learning model predicted lymph-node metastasis from primary renal cell carcinoma slides, with AUCs of 0.81 to 0.87, and high scores were associated with worse prognosis.	batch-04
MED:38476369	MED	38476369	Deep learning-based radiomics model from pretreatment ADC to predict biochemical recurrence in advanced prostate cancer.	2024	Front Oncol	10.3389/fonc.2024.1342104	Included		A deep-learning radiomics model from pretreatment ADC maps predicted biochemical recurrence in advanced prostate cancer and outperformed clinical and conventional radiomics models.	batch-04
MED:37602942	MED	37602942	Detecting Adverse Pathology of Prostate Cancer With a Deep Learning Approach Based on a 3D Swin-Transformer Model and Biparametric MRI: A Multicenter Retrospective Study.	2024	J Magn Reson Imaging	10.1002/jmri.28963	Included		A biparametric-MRI Swin-Transformer signature detected adverse pathology after prostatectomy, and the integrated model reached an external AUC of 0.813.	batch-04
MED:39590134	MED	39590134	Detecting Clinically Significant Prostate Cancer in PI-RADS 3 Lesions Using T2w-Derived Radiomics Feature Maps in 3T Prostate MRI.	2024	Curr Oncol	10.3390/curroncol31110503	Included		T2-weighted radiomic feature maps distinguished clinically significant prostate cancer within PI-RADS 3 lesions, with single-feature AUCs of 0.70 to 0.84.	batch-04
MED:39043515	MED	39043515	Development and Validation of a Biparametric MRI Deep Learning Radiomics Model with Clinical Characteristics for Predicting Perineural Invasion in Patients with Prostate Cancer.	2024	Acad Radiol	10.1016/j.acra.2024.07.013	Included		A biparametric MRI deep-learning radiomics model combined with clinical features predicted perineural invasion in prostate cancer, with a validation AUC of 0.848.	batch-04
MED:38446042	MED	38446042	Development and Validation of a Deep Learning Model to Reduce the Interference of Rectal Artifacts in MRI-based Prostate Cancer Diagnosis.	2024	Radiol Artif Intell	10.1148/ryai.230362	Excluded	wrong outcome	The deep-learning model diagnoses clinically significant prostate cancer while resisting rectal artifacts, which is assisted diagnosis without a new biomarker.	batch-04
MED:39301494	MED	39301494	Diagnostic accuracy of deep learning in detection and prognostication of renal cell carcinoma: a systematic review and meta-analysis.	2024	Front Med (Lausanne)	10.3389/fmed.2024.1447057	Excluded	wrong publication type	This is a topical systematic review and meta-analysis of deep learning for detection and prognostication of renal cell carcinoma, kept for context rather than as an included study.	batch-04
MED:38398201	MED	38398201	Emerging Trends in AI and Radiomics for Bladder, Kidney, and Prostate Cancer: A Critical Review.	2024	Cancers (Basel)	10.3390/cancers16040810	Excluded	wrong publication type	This is a topical critical review of AI and radiomics in bladder, kidney, and prostate cancer, kept for context rather than as an included study.	batch-04
MED:39022227	MED	39022227	Enhancing automatic prediction of clinically significant prostate cancer with deep transfer learning 2.5-dimensional segmentation on bi-parametric magnetic resonance imaging (bp-MRI).	2024	Quant Imaging Med Surg	10.21037/qims-24-587	Excluded	wrong outcome	A 2.5-dimensional deep-transfer-learning segmentation model automatically detected clinically significant prostate cancer on biparametric MRI, without deriving a biomarker signature.	batch-04
PPR:PPR926125	PPR	PPR926125	Establishment and Validation of a Machine Learning Model Predicting Post-Radical Prostatectomy Gleason grading group upgrading Author’s information	2024		10.21203/rs.3.rs-4959347/v1	Excluded	wrong intervention	The model predicts Gleason upgrading after prostatectomy from age, PSA, biopsy grade, and core counts, which are established clinical predictors rather than a newly discovered biomarker.	batch-04
MED:38031792	MED	38031792	External Validation of Ultrasound Radiomics for Small (≤ 4 cm) Renal Mass Differentiation: A Comparison with Radiologists	2024	Curr Med Imaging	10.2174/0115734056268527231117074443	Included		An externally validated ultrasound radiomics model differentiated benign from malignant small renal masses, with a radiomics AUC of 0.942.	batch-04
MED:38125666	MED	38125666	From molecular mechanisms of prostate cancer to translational applications: based on multi-omics fusion analysis and intelligent medicine.	2024	Health Inf Sci Syst	10.1007/s13755-023-00264-5	Excluded	wrong publication type	This is a topical review of multi-omics and intelligent-medicine approaches in prostate cancer, kept for context rather than as an included study.	batch-04
MED:39105640	MED	39105640	Fully Automated Deep Learning Model to Detect Clinically Significant Prostate Cancer at MRI.	2024	Radiology	10.1148/radiol.232635	Excluded	wrong outcome	A fully automated convolutional network detected clinically significant prostate cancer on MRI at the patient level, which is assisted diagnosis without a derived biomarker.	batch-04
MED:37945100	MED	37945100	Genomics and Artificial Intelligence: Prostate Cancer.	2024	Urol Clin North Am	10.1016/j.ucl.2023.06.006	Excluded	wrong publication type	This is a topical overview of artificial intelligence in prostate cancer genomics without a primary cohort, kept for context rather than as an included study.	batch-04
MED:38585207	MED	38585207	Harnessing Artificial Intelligence for Enhanced Renal Analysis: Automated Detection of Hydronephrosis and Precise Kidney Segmentation.	2024	Eur Urol Open Sci	10.1016/j.euros.2024.01.017	Excluded	wrong population	The study detects hydronephrosis and segments kidneys on ultrasound, which is not a genitourinary neoplasm cohort.	batch-04
MED:38593808	MED	38593808	Harnessing artificial intelligence for prostate cancer management.	2024	Cell Rep Med	10.1016/j.xcrm.2024.101506	Excluded	wrong publication type	This is a topical review of artificial intelligence for prostate cancer pathology and management, kept for context rather than as an included study.	batch-04
MED:39868377	MED	39868377	Harnessing machine learning to predict prostate cancer survival: a review.	2024	Front Oncol	10.3389/fonc.2024.1502629	Excluded	wrong publication type	This is a topical review of machine learning for prostate cancer survival prediction, kept for context rather than as an included study.	batch-04
MED:39267762	MED	39267762	Identification of cancer stem cell-related genes through single cells and machine learning for predicting prostate cancer prognosis and immunotherapy.	2024	Front Immunol	10.3389/fimmu.2024.1464698	Included		Single-cell analysis and machine learning prioritized stem-cell-related genes including HSPE1, whose expression in prostate cancer tissue was associated with poorer prognosis.	batch-04
MED:38841440	MED	38841440	Identification of clear cell renal cell carcinoma subtypes by integrating radiomics and transcriptomics.	2024	Heliyon	10.1016/j.heliyon.2024.e31816	Included		Unsupervised clustering of CT radiomics and transcriptomes defined clear-cell renal cell carcinoma subtypes with distinct survival and molecular features in training and validation cohorts.	batch-04
MED:39524931	MED	39524931	Improve clinical feature-based bladder cancer survival prediction models through integration with gene expression profiles and machine learning techniques.	2024	Heliyon	10.1016/j.heliyon.2024.e38242	Included		Machine-learning models that integrated gene-expression sets with clinical variables predicted bladder cancer survival better than clinical features alone, and higher scores were associated with poorer survival.	batch-04
MED:38824904	MED	38824904	Integrated analysis of multiple transcriptomic approaches and machine learning integration algorithms reveals high endothelial venules as a prognostic immune-related biomarker in bladder cancer.	2024	Int Immunopharmacol	10.1016/j.intimp.2024.112184	Included		Transcriptomic machine-learning models identified high endothelial venules and LDLRAD3 as immune-related biomarkers associated with immunotherapy response and prognosis in bladder cancer.	batch-04
MED:39736623	MED	39736623	Interpretable machine learning model for predicting clinically significant prostate cancer: integrating intratumoral and peritumoral radiomics with clinical and metabolic features.	2024	BMC Med Imaging	10.1186/s12880-024-01548-2	Included		Intratumoral and peritumoral MRI radiomic scores, combined with clinical and spectroscopic features, predicted clinically significant prostate cancer with a temporal-validation AUC of 0.940.	batch-04
MED:38456745	MED	38456745	MRI-Based Machine Learning Radiomics for Preoperative Assessment of Human Epidermal Growth Factor Receptor 2 Status in Urothelial Bladder Carcinoma.	2024	J Magn Reson Imaging	10.1002/jmri.29342	Included		MRI radiomics machine learning noninvasively assessed HER2 status in urothelial bladder carcinoma, with a support-vector-machine test AUC of 0.712.	batch-04
MED:37658139	MED	37658139	MRI-based automated machine learning model for preoperative identification of variant histology in muscle-invasive bladder carcinoma.	2024	Eur Radiol	10.1007/s00330-023-10137-w	Included		An automated MRI radiomics model differentiated squamous differentiation from pure urothelial carcinoma in muscle-invasive bladder cancer, with a test AUC of 0.932.	batch-04
MED:38520649	MED	38520649	MRI-based radiomics for prediction of extraprostatic extension of prostate cancer: a systematic review and meta-analysis.	2024	Radiol Med	10.1007/s11547-024-01810-1	Excluded	wrong publication type	This is a topical systematic review and meta-analysis of MRI radiomics for extraprostatic extension, kept for context rather than as an included study.	batch-04
MED:39525508	MED	39525508	MRI-based radiomics machine learning model to differentiate non-clear cell renal cell carcinoma from benign renal tumors.	2024	Eur J Radiol Open	10.1016/j.ejro.2024.100608	Included		An MRI radiomics model differentiated non-clear-cell renal cell carcinoma from benign renal tumors, with a test AUC of 0.936.	batch-04
MED:39703069	MED	39703069	Machine Learning-Based Pathomics Model to Predict the Prognosis in Clear Cell Renal Cell Carcinoma.	2024	Technol Cancer Res Treat	10.1177/15330338241307686	Included		A pathomics model from H&E slides split clear-cell renal cell carcinoma into subtypes, and one subtype was associated with worse overall survival in TCGA.	batch-04
MED:38993563	MED	38993563	Machine Learning-based Framework Develops a Tumor Thrombus Coagulation Signature in Multicenter Cohorts for Renal Cancer.	2024	Int J Biol Sci	10.7150/ijbs.94555	Included		A multicenter machine-learning signature of ten coagulation-related genes predicted survival in renal cell carcinoma with tumor thrombus and outperformed published signatures.	batch-04
MED:39678498	MED	39678498	Machine learning approaches for spatial omics data analysis in digital pathology: tools and applications in genitourinary oncology.	2024	Front Oncol	10.3389/fonc.2024.1465098	Excluded	wrong publication type	This is a topical review of machine-learning tools for spatial omics in genitourinary oncology, kept for context rather than as an included study.	batch-04
MED:39296076	MED	39296076	Machine learning based androgen receptor regulatory gene-related random forest survival model for precise treatment decision in prostate cancer.	2024	Heliyon	10.1016/j.heliyon.2024.e37256	Included		A machine-learning signature of androgen-receptor regulatory genes independently predicted biochemical recurrence and metastasis in prostate cancer and was compared with 44 prior signatures.	batch-04
MED:37796326	MED	37796326	Machine learning based on radiomics features combing B-mode transrectal ultrasound and contrast-enhanced ultrasound to improve peripheral zone prostate cancer detection.	2024	Abdom Radiol (NY)	10.1007/s00261-023-04050-5	Included		Radiomic signatures from B-mode and contrast-enhanced transrectal ultrasound were combined with clinical features to detect peripheral-zone prostate cancer in a prospective biopsy cohort.	batch-04
MED:38767747	MED	38767747	Machine learning identifies the role of SMAD6 in the prognosis and drug susceptibility in bladder cancer.	2024	J Cancer Res Clin Oncol	10.1007/s00432-024-05798-z	Included		Machine-learning classifiers of TGF-beta pathway genes identified SMAD6 as a hub biomarker separating bladder cancer subtypes that differed in prognosis and drug sensitivity in TCGA.	batch-04
MED:38584282	MED	38584282	Machine learning pipeline to analyze clinical and proteomics data: experiences on a prostate cancer case.	2024	BMC Med Inform Decis Mak	10.1186/s12911-024-02491-6	Included		Machine learning with feature selection identified serum and urine peptides that distinguished prostate cancer from benign prostatic hyperplasia, with AUCs of 0.87 and 0.88.	batch-05
MED:38977273	MED	38977273	Machine learning-based CT radiomics enhances bladder cancer staging predictions: A comparative study of clinical, radiomics, and combined models.	2024	Med Phys	10.1002/mp.17288	Included		A CT radiomics signature predicted muscle-invasive bladder cancer, with a support-vector-machine test AUC of 0.857.	batch-05
MED:39073679	MED	39073679	Machine learning-based integration develops a mitophagy-related lncRNA signature for predicting the progression of prostate cancer: a bioinformatic analysis.	2024	Discov Oncol	10.1007/s12672-024-01189-5	Included		Machine learning built a four-lncRNA mitophagy signature and risk score on TCGA prostate cancer that was linked to progression, immune context, and treatment outcome.	batch-05
MED:38947325	MED	38947325	Multi-omics analysis and experimental validation of the value of monocyte-associated features in prostate cancer prognosis and immunotherapy.	2024	Front Immunol	10.3389/fimmu.2024.1426474	Included		Machine-learning and LASSO models derived a monocyte-related gene signature in TCGA prostate cancer, and CCNA2 was associated with prognosis.	batch-05
MED:39333970	MED	39333970	Multi-sequence MRI-based radiomics model to preoperatively predict the WHO/ISUP grade of clear Cell Renal Cell Carcinoma: a two-center study.	2024	BMC Cancer	10.1186/s12885-024-12930-2	Included		A multi-sequence MRI radiomics model predicted WHO/ISUP grade in clear-cell renal cell carcinoma, with an external-validation AUC of 0.834.	batch-05
MED:38879708	MED	38879708	Multimodal data integration using machine learning to predict the risk of clear cell renal cancer metastasis: a retrospective multicentre study.	2024	Abdom Radiol (NY)	10.1007/s00261-024-04418-1	Included		A combined clinical–radiomics model predicted lymph-node metastasis in clear-cell renal cell carcinoma, with an external-test AUC of 0.849.	batch-05
MED:38113804	MED	38113804	Multimodal deep learning for personalized renal cell carcinoma prognosis: Integrating CT imaging and clinical data.	2024	Comput Methods Programs Biomed	10.1016/j.cmpb.2023.107978	Included		A 3D convolutional network extracted CT features that, together with clinical data, predicted renal cell carcinoma survival with a concordance index of 0.84.	batch-05
MED:37672052	MED	37672052	Non-invasive differential diagnosis of teratomas from other intracranial germ cell tumours using MRI-based fractal and radiomic analyses.	2024	Eur Radiol	10.1007/s00330-023-10177-2	Excluded	wrong population	The study concerns intracranial germ-cell tumors rather than a genitourinary neoplasm.	batch-05
MED:39495422	MED	39495422	Optimizing radiomics for prostate cancer diagnosis: feature selection strategies, machine learning classifiers, and MRI sequences.	2024	Insights Imaging	10.1186/s13244-024-01783-9	Included		Biparametric-MRI radiomic models diagnosed clinically significant prostate cancer in two multicenter cohorts, with a best AUC of 0.71.	batch-05
MED:38218433	MED	38218433	Patterns of cortical oxygenation may predict the response to stenting in subjects with renal artery stenosis: A radiomics-based model.	2024	J Cardiovasc Magn Reson	10.1016/j.jocmr.2024.100993	Excluded	wrong population	The work is a swine model of renal artery stenosis and does not study a human genitourinary neoplasm.	batch-05
MED:39448755	MED	39448755	Precise grading of non-muscle invasive bladder cancer with multi-scale pyramidal CNN.	2024	Sci Rep	10.1038/s41598-024-77101-6	Excluded	wrong outcome	A convolutional network grades non-muscle-invasive bladder cancer on digital slides and does not derive a biomarker signature.	batch-05
MED:39518036	MED	39518036	Predicting Biochemical Recurrence of Prostate Cancer Post-Prostatectomy Using Artificial Intelligence: A Systematic Review.	2024	Cancers (Basel)	10.3390/cancers16213596	Excluded	wrong publication type	This is a topical systematic review of artificial intelligence for biochemical recurrence after prostatectomy, kept for context and not as an included study.	batch-05
MED:39145002	MED	39145002	Predicting CTLA4 expression and prognosis in clear cell renal cell carcinoma using a pathomics signature of histopathological images and machine learning.	2024	Heliyon	10.1016/j.heliyon.2024.e34877	Included		A machine-learning pathomics signature from histopathology predicted CTLA4 expression and prognosis in clear-cell renal cell carcinoma, with a validation AUC of 0.737.	batch-05
MED:39735606	MED	39735606	Predicting distant metastasis of bladder cancer using multiple machine learning models: a study based on the SEER database with external validation.	2024	Front Oncol	10.3389/fonc.2024.1477166	Excluded	wrong intervention	The models predict distant metastasis from established variables such as age, chemotherapy, tumor size, and nodal assessment, without a new biomarker.	batch-05
MED:39529158	MED	39529158	Predicting first-line VEGFR-TKI resistance and survival in metastatic clear cell renal cell carcinoma using a clinical-radiomic nomogram.	2024	Cancer Imaging	10.1186/s40644-024-00792-7	Included		A CT radiomic score plus clinical factors predicted early VEGFR-TKI resistance and survival in metastatic clear-cell renal cell carcinoma, with a test AUC of 0.88.	batch-05
MED:38637674	MED	38637674	Predicting non-muscle invasive bladder cancer outcomes using artificial intelligence: a systematic review using APPRAISE-AI.	2024	NPJ Digit Med	10.1038/s41746-024-01088-7	Excluded	wrong publication type	This is a topical systematic review of artificial intelligence for non-muscle-invasive bladder cancer outcomes, kept for context and not as an included study.	batch-05
MED:39114306	MED	39114306	Prediction of clear cell renal cell carcinoma ≤ 4cm: visual assessment of ultrasound characteristics versus ultrasonographic radiomics analysis.	2024	Front Oncol	10.3389/fonc.2024.1298710	Included		Ultrasound radiomics distinguished small clear-cell renal cell carcinoma from angiomyolipoma, with an external AUC of 0.89.	batch-05
MED:38625419	MED	38625419	Prediction of prostate cancer aggressiveness using magnetic resonance imaging radiomics: a dual-center study.	2024	Discov Oncol	10.1007/s12672-024-00980-8	Included		MRI radiomics models predicted Gleason score and positive systematic-biopsy cores in prostate cancer, with external AUCs of 0.717 and 0.791.	batch-05
MED:40177755	MED	40177755	Preoperative CT radiomics&lt;b&gt;-&lt;/b&gt;based model for predicting Ki&lt;b&gt;-&lt;/b&gt;67 expression in clear cell renal cell carcinoma patients.	2024	Zhong Nan Da Xue Xue Bao Yi Xue Ban	10.11817/j.issn.1672-7347.2024.240455	Included		A CT radiomics model predicted Ki-67 expression in clear-cell renal cell carcinoma, with validation AUCs up to 0.857.	batch-05
MED:39003377	MED	39003377	Preoperative Prediction of Muscle Invasiveness in Bladder Cancer: The Role of 3D Volumetric Radiomics Using Diffusion-Weighted MRI, the VI-RADS Score, or a Combination of Both.	2024	Ann Surg Oncol	10.1245/s10434-024-15760-5	Included		A diffusion-MRI radiomics signature predicted muscle-invasive bladder cancer, with a cross-validated AUC of 0.83 and 0.92 when combined with VI-RADS.	batch-05
MED:38791977	MED	38791977	Prostate-Specific Membrane Antigen Positron Emission Tomography/Computed Tomography-Derived Radiomic Models in Prostate Cancer Prognostication.	2024	Cancers (Basel)	10.3390/cancers16101897	Excluded	wrong publication type	This is a topical review of PSMA PET/CT radiomic models in prostate cancer, kept for context and not as an included study.	batch-05
MED:38554673	MED	38554673	Radiogenomic analysis based on lipid metabolism-related subset for non-invasive prediction for prognosis of renal clear cell carcinoma.	2024	Eur J Radiol	10.1016/j.ejrad.2024.111433	Included		A 13-gene lipid-metabolism signature and a linked CT radiogenomic signature predicted overall survival in clear-cell renal cell carcinoma, with a hazard ratio of 4.98.	batch-05
MED:38791417	MED	38791417	Radiogenomics Map-Based Molecular and Imaging Phenotypical Characterization in Localised Prostate Cancer Using Pre-Biopsy Biparametric MR Imaging.	2024	Int J Mol Sci	10.3390/ijms25105379	Included		Radiomic texture features correlated with apoptosis, hypoxia, and androgen-receptor copy-number changes and improved prediction of clinically significant prostate cancer to an AUC of 0.95.	batch-05
MED:39684226	MED	39684226	Radiogenomics Pilot Study: Association Between Radiomics and Single Nucleotide Polymorphism-Based Microarray Copy Number Variation in Diagnosing Renal Oncocytoma and Chromophobe Renal Cell Carcinoma.	2024	Int J Mol Sci	10.3390/ijms252312512	Included		Selected CT radiomic features were strongly associated with genomic cytobands that separated chromophobe renal cell carcinoma from oncocytoma.	batch-05
MED:38999473	MED	38999473	Radiomic Pipelines for Prostate Cancer in External Beam Radiation Therapy: A Review of Methods and Future Directions.	2024	J Clin Med	10.3390/jcm13133907	Excluded	wrong publication type	This is a topical review of radiomic pipelines for prostate cancer radiotherapy, kept for context and not as an included study.	batch-05
MED:38763807	MED	38763807	Radiomic nomogram based on bi-parametric magnetic resonance imaging to predict the International Society of Urological Pathology grading ≥ 3 prostate cancer: a multicenter study.	2024	Clin Radiol	10.1016/j.crad.2024.04.011	Included		A biparametric-MRI radiomic nomogram predicted ISUP grade group 3 or higher prostate cancer, with external AUCs of 0.81.	batch-05
MED:37940428	MED	37940428	Radiomics Model for Predicting FOXP3 Expression Level and Survival in Clear Cell Renal Carcinoma.	2024	Acad Radiol	10.1016/j.acra.2023.10.008	Included		A CT radiomics score predicted FOXP3 expression and overall survival in clear-cell renal cell carcinoma, with validation AUC 0.809 and hazard ratio 3.41.	batch-05
MED:37955670	MED	37955670	Radiomics for the identification of extraprostatic extension with prostate MRI: a systematic review and meta-analysis.	2024	Eur Radiol	10.1007/s00330-023-10427-3	Excluded	wrong publication type	This is a topical systematic review and meta-analysis of MRI radiomics for extraprostatic extension, kept for context and not as an included study.	batch-05
MED:39285496	MED	39285496	Radiomics predicts the prognosis of patients with clear cell renal cell carcinoma by reflecting the tumor heterogeneity and microenvironment.	2024	Cancer Imaging	10.1186/s40644-024-00768-7	Included		A CT deep-learning radiomics score was an independent predictor of overall survival in clear-cell renal cell carcinoma and tracked tumor heterogeneity, with 5-year AUC 0.831.	batch-05
MED:38275002	MED	38275002	Robustness of magnetic resonance imaging and positron emission tomography radiomic features in prostate cancer: Impact on recurrence prediction after radiation therapy.	2024	Phys Imaging Radiat Oncol	10.1016/j.phro.2023.100530	Included		Robust MRI and PSMA-PET radiomic features predicted biochemical recurrence after radiotherapy, with a mean AUC of 0.89.	batch-05
MED:39388841	MED	39388841	Role of [&lt;sup&gt;18&lt;/sup&gt;F]-PSMA-1007 PET radiomics for seminal vesicle invasion prediction in primary prostate cancer.	2024	Comput Biol Med	10.1016/j.compbiomed.2024.109249	Included		PSMA PET radiomics predicted seminal-vesicle invasion in primary prostate cancer, with test AUCs of 0.85 and 0.96, and selected features correlated with progression-free survival.	batch-05
MED:38256682	MED	38256682	Scientific Status Quo of Small Renal Lesions: Diagnostic Assessment and Radiomics.	2024	J Clin Med	10.3390/jcm13020547	Excluded	wrong publication type	This is a topical review of small renal lesions and radiomics, kept for context and not as an included study.	batch-05
MED:39671594	MED	39671594	Survival After Radical Cystectomy for Bladder Cancer: Development of a Fair Machine Learning Model.	2024	JMIR Med Inform	10.2196/63289	Excluded	wrong intervention	The survival classifier uses National Cancer Database clinical records after cystectomy and does not discover a new biomarker.	batch-05
MED:37672362	MED	37672362	The Application of CT Radiomics in the Diagnosis of Vein Wall Invasion in Patients With Renal Cell Carcinoma Combined With Tumor Thrombus.	2024	Oncologist	10.1093/oncolo/oyad243	Included		CT radiomics models were built to diagnose venous-wall invasion in renal cell carcinoma with tumor thrombus, and test-set discrimination was reported.	batch-05
MED:37945095	MED	37945095	The Novel Green Learning Artificial Intelligence for Prostate Cancer Imaging: A Balanced Alternative to Deep Learning and Radiomics.	2024	Urol Clin North Am	10.1016/j.ucl.2023.08.001	Excluded	wrong publication type	This is a topical narrative review of artificial intelligence for prostate MRI, kept for context and not as an included study.	batch-05
MED:39272809	MED	39272809	The Role of Radiomics in the Prediction of Clinically Significant Prostate Cancer in the PI-RADS v2 and v2.1 Era: A Systematic Review.	2024	Cancers (Basel)	10.3390/cancers16172951	Excluded	wrong publication type	This is a topical systematic review of radiomics for clinically significant prostate cancer, kept for context and not as an included study.	batch-05
MED:39090234	MED	39090234	The accuracy and quality of image-based artificial intelligence for muscle-invasive bladder cancer prediction.	2024	Insights Imaging	10.1186/s13244-024-01780-y	Excluded	wrong publication type	This is a topical review and meta-analysis of image-based artificial intelligence for muscle-invasive bladder cancer, kept for context and not as an included study.	batch-05
MED:38740709	MED	38740709	The influence of manual segmentation strategies and different phases selection on machine learning-based computed tomography in renal tumors: a systematic review and meta-analysis.	2024	Radiol Med	10.1007/s11547-024-01825-8	Excluded	wrong publication type	This is a topical systematic review and meta-analysis of CT machine-learning methods in renal tumors, kept for context and not as an included study.	batch-05
MED:38505597	MED	38505597	The radiomics-clinical nomogram for predicting the response to initial superselective arterial embolization in renal angiomyolipoma, a preliminary study.	2024	Front Oncol	10.3389/fonc.2024.1334706	Excluded	wrong population	The cohort is renal angiomyolipoma, a mesenchymal tumor outside the epithelial genitourinary neoplasms in scope.	batch-05
MED:39570474	MED	39570474	The value of radiomics based on 2-[18 F]FDG PET/CT in predicting WHO/ISUP grade of clear cell renal cell carcinoma.	2024	EJNMMI Res	10.1186/s13550-024-01182-7	Included		FDG PET/CT radiomics predicted WHO/ISUP grade in clear-cell renal cell carcinoma, with test AUCs of about 0.87–0.88.	batch-05
MED:38844837	MED	38844837	Ultrasound contrast-enhanced radiomics model for preoperative prediction of the tumor grade of clear cell renal cell carcinoma: an exploratory study.	2024	BMC Med Imaging	10.1186/s12880-024-01317-1	Included		Contrast-enhanced ultrasound radiomics predicted WHO/ISUP nuclear grade in clear-cell renal cell carcinoma, with a test AUC of 0.811.	batch-05
MED:38240867	MED	38240867	Ultrasound-based deep learning radiomics nomogram for risk stratification of testicular masses: a two-center study.	2024	J Cancer Res Clin Oncol	10.1007/s00432-023-05549-6	Included		An ultrasound deep-learning radiomics nomogram stratified malignant versus benign testicular masses, with external AUCs of 0.835 and 0.834.	batch-05
MED:38189174	MED	38189174	Unraveling neoantigen-associated genes in bladder cancer: An in-depth analysis employing 101 machine learning algorithms.	2024	Environ Toxicol	10.1002/tox.24123	Included		A 101-algorithm screen produced a nine-gene neoantigen-related prognostic signature in bladder cancer that was validated in an independent cohort.	batch-05
MED:38255812	MED	38255812	Use of Multiple Machine Learning Approaches for Selecting Urothelial Cancer-Specific DNA Methylation Biomarkers in Urine.	2024	Int J Mol Sci	10.3390/ijms25020738	Included		Random forest, boosted trees, and LASSO prioritized urine DNA-methylation markers for urothelial cancer, and the ALOX5–TRPS1 pair reached 61% sensitivity at 95% specificity.	batch-05
MED:39736546	MED	39736546	Using apparent diffusion coefficient maps and radiomics to predict pathological grade in upper urinary tract urothelial carcinoma.	2024	BMC Med Imaging	10.1186/s12880-024-01540-w	Included		An ADC-map radiomics model predicted high-grade upper-tract urothelial carcinoma, with a test AUC of 0.786.	batch-05
MED:38872141	MED	38872141	Using machine learning to develop preoperative model for lymph node metastasis in patients with bladder urothelial carcinoma.	2024	BMC Cancer	10.1186/s12885-024-12467-4	Excluded	wrong intervention	The preoperative lymph-node model uses routine demographic, pathologic, imaging, and laboratory variables, led by imaging-positive nodes, rather than a new biomarker.	batch-05
MED:41277127	MED	41277127	A CT-based deep learning radiomics model for predicting HER2 expression and prognosis in non-muscle-invasive bladder cancer.	2025	Biomark Med	10.1080/17520363.2025.2590778	Included		A CT deep-learning radiomics signature predicted HER2 status in non-muscle-invasive bladder cancer with a test AUC of 0.894 and was an independent factor for recurrence-free survival.	batch-05
MED:40103464	MED	40103464	A Machine Learning Model Based on Multi-Phase Contrast-enhanced CT for the Preoperative Prediction of the Muscle-Invasive Status of Bladder Cancer.	2025	Curr Med Imaging	10.2174/0115734056377754250304040058	Included		A multiphase CT radiomics model predicted muscle-invasive bladder cancer, with AUCs of 0.80 internally and 0.87 on external testing.	batch-05
MED:40361482	MED	40361482	A Multiparametric MRI and Baseline-Clinical-Feature-Based Dense Multimodal Fusion Artificial Intelligence (MFAI) Model to Predict Castration-Resistant Prostate Cancer Progression.	2025	Cancers (Basel)	10.3390/cancers17091556	Included		A multiparametric-MRI radiomics fusion model predicted progression to castration-resistant prostate cancer within 12 months, with an AUC of 0.945.	batch-05
MED:39349786	MED	39349786	A Robust [<sup>18</sup>F]-PSMA-1007 Radiomics Ensemble Model for Prostate Cancer Risk Stratification.	2025	J Imaging Inform Med	10.1007/s10278-024-01281-w	Included		An ensemble of PSMA PET radiomic features separated high- from low-risk prostate cancer, with an average AUC of 85.75%.	batch-05
PPR:PPR1064626	PPR	PPR1064626	A Systematic Review of Multimodal Deep Learning and Machine Learning Fusion Techniques for Prostate Cancer Classification	2025		10.1101/2025.08.07.25333235	Excluded	wrong publication type	This is a topical systematic review of multimodal deep learning for prostate cancer classification, kept for context and not as an included study.	batch-05
PPR:PPR1050843	PPR	PPR1050843	A multi-modal deep learning framework for predicting PSA progression-free survival in metastatic prostate cancer using PSMA PET/CT imaging	2025		10.1101/2025.07.12.25331141	Included		A deep-learning imaging biomarker from PSMA PET/CT predicted PSA progression-free survival in metastatic prostate cancer, with cross-validated concordance indices of 0.75–0.94.	batch-05
MED:40803139	MED	40803139	A multimodal automated deep learning-based model for predicting biochemical recurrence of prostate cancer following prostatectomy from baseline MRI, Presurgical clinical covariates.	2025	Clin Imaging	10.1016/j.clinimag.2025.110579	Included		Quantitative MRI features combined with clinical covariates predicted biochemical recurrence after prostatectomy, with an AUROC of 0.74.	batch-05
MED:39690281	MED	39690281	A multimodal deep-learning model based on multichannel CT radiomics for predicting pathological grade of bladder cancer.	2025	Abdom Radiol (NY)	10.1007/s00261-024-04748-0	Included		A CT deep-learning radiomics model differentiated high- from low-grade bladder cancer, with a test AUC of 0.824 for the combined model.	batch-05
MED:41324013	MED	41324013	A non-invasive MRI-based multimodal fusion deep learning model (MF-DLM) for predicting overall survival in bladder cancer: a multicentre retrospective study.	2025	EClinicalMedicine	10.1016/j.eclinm.2025.103640	Included		An MRI deep-learning radiomics fusion score predicted overall survival in bladder cancer, with a training concordance index of 0.902.	batch-05
MED:40849663	MED	40849663	A novel MRI-based habitat analysis and deep learning for predicting perineural invasion in prostate cancer: a two-center study.	2025	BMC Cancer	10.1186/s12885-025-14759-9	Included		MRI habitat deep-learning radiomics predicted perineural invasion in prostate cancer, with external AUCs of 0.859–0.939.	batch-05
MED:40597030	MED	40597030	A predictive model for WHO/ISUP pathologic grading of renal clear cell carcinoma based on CT radiomics: a multicenter study.	2025	BMC Nephrol	10.1186/s12882-025-04268-z	Included		A CT radiomics model predicted WHO/ISUP grade in clear-cell renal cell carcinoma, with a training AUC of 0.895 for the combined model.	batch-05
MED:41233664	MED	41233664	A radiomics-driven machine learning model for predicting bladder cancer prognosis identifies genes associated with radiomic features.	2025	Clin Exp Metastasis	10.1007/s10585-025-10383-w	Included		A radiomics support-vector model predicted 5-year overall survival in muscle-invasive bladder cancer with an AUC of 0.861 and linked that risk score to associated genes.	batch-05
MED:40914722	MED	40914722	AI-driven and Traditional Radiomic Model for Predicting Muscle Invasion in Bladder Cancer via Multi-parametric Imaging: A Systematic Review and Meta-analysis.	2025	Acad Radiol	10.1016/j.acra.2025.08.035	Excluded	wrong publication type	This is a topical systematic review and meta-analysis of radiomics for muscle-invasive bladder cancer, kept for context and not as an included study.	batch-05
MED:41220353	MED	41220353	AI-driven radiogenomic analysis of clear cell renal cell carcinoma: perinephric adipose tissue stranding as a key feature of the NIPAL4-associated imaging pattern.	2025	Can J Urol	10.32604/cju.2025.068390	Excluded	wrong intervention	Full text: penalized logistic regression uses established semantic CT signs (perinephric stranding, margins) to predict NIPAL4. No new radiomic signature is derived.	maybe_ft_2026-09-23
MED:40527677	MED	40527677	Accuracy of CT-Based Radiomics Models for Preoperative Grading of Clear Cell Renal Cell Carcinoma: A Systematic Review and Meta-analysis.	2025	Acad Radiol	10.1016/j.acra.2025.05.049	Excluded	wrong publication type	This is a topical systematic review and meta-analysis of CT radiomics for grading clear-cell renal cell carcinoma, kept for context and not as an included study.	batch-05
MED:41158862	MED	41158862	Advances in imaging and artificial intelligence for precision diagnosis and biopsy guidance in prostate cancer.	2025	Front Oncol	10.3389/fonc.2025.1614891	Excluded	wrong publication type	This is a topical review of imaging and artificial intelligence for prostate cancer diagnosis and biopsy guidance, kept for context and not as an included study.	batch-05
MED:39753478	MED	39753478	An Automatic Deep-Radiomics Framework for Prostate Cancer Diagnosis and Stratification in Patients with Serum Prostate-Specific Antigen of 4.0-10.0 ng/mL: A Multicenter Retrospective Study.	2025	Acad Radiol	10.1016/j.acra.2024.12.012	Included		An automatic deep-radiomics model diagnosed and stratified prostate cancer in the PSA gray zone, with external AUCs of 0.79–0.82.	batch-05
MED:39931089	MED	39931089	An MRI radiomics model for predicting a prostate-specific antigen response following abiraterone treatment in patients with metastatic castration-resistant prostate cancer.	2025	Front Oncol	10.3389/fonc.2025.1491848	Included		A biparametric-MRI radiomics score predicted PSA response to abiraterone in metastatic castration-resistant prostate cancer, with a validation AUC of 0.875 and hazard ratio 2.21.	batch-05
MED:40741274	MED	40741274	An improved random forest algorithm for tracing the origin of metastatic renal cancer tissues.	2025	Arch Med Sci	10.5114/aoms/168973	Excluded	wrong population	The classifier traces tissue of origin across kidney, lung, liver, and pancreatic cancers rather than studying a genitourinary neoplasm biomarker.	batch-05
MED:40819151	MED	40819151	An interpretable CT-based deep learning model for predicting overall survival in patients with bladder cancer: a multicenter study.	2025	NPJ Precis Oncol	10.1038/s41698-025-01083-5	Included		A preoperative CT deep-learning score stratified overall survival in bladder cancer and identified high-risk patients who benefited from adjuvant therapy.	batch-05
MED:41174567	MED	41174567	An interpretable contrast-enhanced CT radiomics-based pipeline incorporating automatic segmentation for predicting ISUP grade group in ccRCC.	2025	BMC Med Imaging	10.1186/s12880-025-01984-8	Included		A contrast-enhanced CT radiomics pipeline predicted ISUP grade group in clear-cell renal cell carcinoma, with a combined-model AUC of 0.907.	batch-05
MED:41462442	MED	41462442	An interpretable machine learning model based on CT imaging for predicting lymphovascular invasion and survival in bladder urothelial carcinoma: a multicenter study.	2025	BMC Med Imaging	10.1186/s12880-025-02060-x	Included		A CT radiomics signature predicted lymphovascular invasion in bladder urothelial carcinoma, with a test AUC of 0.872, and was tied to survival.	batch-05
MED:40056148	MED	40056148	An overview of utilizing artificial intelligence in localized prostate cancer imaging.	2025	Expert Rev Med Devices	10.1080/17434440.2025.2477601	Excluded	wrong publication type	This is a topical review of artificial intelligence for localized prostate cancer imaging, kept for context and not as an included study.	batch-05
PPR:PPR970360	PPR	PPR970360	An unsupervised learning model that integrates clinical and MRI radiomics features outperforms existing models in predicting the 5-year progression-free survival of prostate cancer patients after prostatectomy: a multicenter study	2025		10.21203/rs.3.rs-5864691/v1	Included		Unsupervised clustering of MRI radiomic and clinical features defined prognostic subgroups after prostatectomy, with concordance indices of 0.78–0.82 for 5-year progression-free survival.	batch-05
MED:40620716	MED	40620716	Application of radiomics-based prediction model to predict preoperative lymph node metastasis in prostate cancer: a systematic review and meta-analysis.	2025	Front Oncol	10.3389/fonc.2025.1577794	Excluded	wrong publication type	This is a topical systematic review and meta-analysis of radiomics for prostate cancer lymph-node metastasis, kept for context and not as an included study.	batch-05
MED:40428881	MED	40428881	Artificial Intelligence and Novel Technologies for the Diagnosis of Upper Tract Urothelial Carcinoma.	2025	Medicina (Kaunas)	10.3390/medicina61050923	Excluded	wrong publication type	This is a topical review of artificial intelligence for diagnosing upper-tract urothelial carcinoma, kept for context and not as an included study.	batch-05
MED:41426936	MED	41426936	Artificial Intelligence in MRI for Urologic Oncology: A Systematic Review of Diagnostic Accuracy and Clinical Utility.	2025	Cureus	10.7759/cureus.97160	Excluded	wrong publication type	This is a topical systematic review of artificial intelligence on MRI in urologic oncology, kept for context and not as an included study.	batch-05
MED:41150011	MED	41150011	Artificial Intelligence in Prostate MRI: Current Evidence and Clinical Translation Challenges-A Narrative Review.	2025	J Imaging	10.3390/jimaging11100335	Excluded	wrong publication type	This is a topical narrative review of artificial intelligence in prostate MRI, kept for context and not as an included study.	batch-05
MED:40532127	MED	40532127	Artificial Intelligence-Based Digital Histologic Classifier for Prostate Cancer Risk Stratification: Independent Blinded Validation in Patients Treated With Radical Prostatectomy.	2025	JCO Clin Cancer Inform	10.1200/cci-24-00292	Included		The PATHOMIQ_PRAD histologic artificial-intelligence score independently predicted biochemical recurrence and distant metastasis after prostatectomy, with a metastasis hazard ratio of 10.10.	batch-05
MED:41364797	MED	41364797	Artificial Intelligence-Enabled Imaging for Predicting Preoperative Extraprostatic Extension in Prostate Cancer: Systematic Review and Meta-Analysis.	2025	J Med Internet Res	10.2196/80981	Excluded	wrong publication type	This is a topical systematic review and meta-analysis of imaging artificial intelligence for extraprostatic extension, kept for context and not as an included study.	batch-05
MED:40765429	MED	40765429	Artificial intelligence in muscle-invasive bladder cancer: opportunities, challenges, and clinical impact.	2025	Curr Opin Urol	10.1097/mou.0000000000001309	Excluded	wrong publication type	This is a topical review of artificial intelligence in muscle-invasive bladder cancer, kept for context and not as an included study.	batch-05
MED:40146270	MED	40146270	Artificial intelligence-based multimodal prediction for nuclear grading status and prognosis of clear cell renal cell carcinoma: a multicenter cohort study.	2025	Int J Surg	10.1097/js9.0000000000002368	Included		A multimodal imaging and pathology model predicted ISUP nuclear grade in clear-cell renal cell carcinoma with AUCs of 0.93–0.95 and was associated with overall survival.	batch-05
MED:41157181	MED	41157181	Beyond PSA: The Future of Prostate Cancer Diagnosis Using Artificial Intelligence, Novel Biomarkers, and Advanced Imagery.	2025	Life (Basel)	10.3390/life15101508	Excluded	wrong publication type	This is a topical review of artificial intelligence, biomarkers, and imaging beyond PSA for prostate cancer diagnosis, kept for context and not as an included study.	batch-05
MED:39967033	MED	39967033	Bi-parametric MRI radiomic model for prostate cancer diagnosis: value of intralesional and perilesional radiomics.	2025	Acta Radiol	10.1177/02841851251317646	Included		A biparametric-MRI radiomic model using intralesional and perilesional features diagnosed prostate cancer, with a test AUC of 0.905.	batch-05
MED:40095016	MED	40095016	Bi-parametric MRI-based quantification radiomics model for the noninvasive prediction of histopathology and biochemical recurrence after prostate cancer surgery: a multicenter study.	2025	Abdom Radiol (NY)	10.1007/s00261-025-04873-4	Included		Biparametric-MRI radiomics models predicted Gleason grade group, extracapsular extension, nodal metastasis, and biochemical recurrence after prostatectomy, with test AUCs of 0.698–0.896.	batch-05
MED:41155123	MED	41155123	Biological Interpretable Machine Learning Model for Predicting Pathological Grading in Clear Cell Renal Cell Carcinoma Based on CT Urography Peritumoral Radiomics Features.	2025	Bioengineering (Basel)	10.3390/bioengineering12101125	Included		Peritumoral CT-urography radiomics predicted ISUP grade in clear-cell renal cell carcinoma, with an external AUC of 0.92.	batch-05
MED:40188349	MED	40188349	Biparametric MRI-based radiomics for prediction of clinically significant prostate cancer of PI-RADS category 3 lesions.	2025	BMC Cancer	10.1186/s12885-025-14022-1	Included		A biparametric-MRI radiomics signature predicted clinically significant prostate cancer among PI-RADS 3 lesions, with a validation AUC of 0.810.	batch-05
MED:41081139	MED	41081139	Biparametric magnetic resonance imaging-based radiomics model can improve the detection of dense and sparse prostate cancers.	2025	Quant Imaging Med Surg	10.21037/qims-2024-2912	Included		Biparametric-MRI radiomics separated dense prostate cancer, sparse prostate cancer, and noncancerous tissue, with external AUCs of 0.88–0.98.	batch-05
MED:40410301	MED	40410301	Bladder lesion detection using EfficientNet and hybrid attention transformer through attention transformation.	2025	Sci Rep	10.1038/s41598-025-02767-5	Excluded	wrong outcome	The network detects bladder lesions on cystoscopic images and does not derive a biomarker.	batch-05
MED:39895776	MED	39895776	CT Urography-Based Radiomics to Predict ISUP Grading of Clear Cell Renal Cell Carcinoma.	2025	J Cancer	10.7150/jca.105173	Included		CT-urography radiomics predicted ISUP grade in clear-cell renal cell carcinoma, with a training AUC up to 0.96.	batch-05
MED:41209213	MED	41209213	CT radiomics for predicting postoperative disease specific survival in clear cell renal cell carcinoma: a multi-center study.	2025	Quant Imaging Med Surg	10.21037/qims-24-2284	Included		A multicenter CT radiomics signature predicted postoperative disease-specific survival in clear-cell renal cell carcinoma, with fusion-model C-indices of about 0.80 to 0.86.	batch-06
MED:40842580	MED	40842580	Clinical-radiomics hybrid modeling outperforms conventional models: machine learning enhances stratification of adverse prognostic features in prostate cancer.	2025	Front Oncol	10.3389/fonc.2025.1625158	Included		Biparametric MRI radiomics models predicted adverse pathologic features in prostate cancer, and the clinical-radiomics hybrid model reached a validation AUC of 0.909.	batch-06
MED:41054593	MED	41054593	Combination of prostate cancer antigen 3 (PCA3), sarcosine, glypican-1 (GPC1), urokinase plasminogen activator receptor (uPAR), and thymidine kinase 1 (TK1), and T2WI and DWI radiomics model for distinguishing benign prostatic hyperplasia, prostate cancer, and prostatitis.	2025	J Med Biochem	10.5937/jomb0-57639	Included		A T2-weighted and diffusion radiomics signature, combined with selected molecular markers, distinguished prostate cancer from benign prostatic hyperplasia and prostatitis better than PI-RADS.	batch-06
PPR:PPR1080941	PPR	PPR1080941	Combined radiomics and liquid biopsy reflect tumor biology towards multimodal non-invasive prostate cancer risk stratification	2025		10.1101/2025.09.06.25335220	Excluded	wrong intervention	The pilot correlates routine ADC and lesion volume with cell-free DNA by Spearman analysis and does not use machine learning to derive a biomarker signature.	batch-06
MED:41096834	MED	41096834	Comparative Analysis of CT and MRI Combined with RNA Sequencing for Radiogenomic Staging of Bladder Cancer.	2025	Int J Mol Sci	10.3390/ijms26199570	Included		CT and MRI radiogenomic signatures were derived to stage bladder cancer, and MRI radiomic features stratified advanced T stage in a small prospective cohort.	batch-06
MED:41595557	MED	41595557	Comparison of Artificial Intelligence and Radiologists in MRI-Based Prostate Cancer Diagnosis: A Meta-Analysis of Accuracy and Effectiveness.	2025	Biomedicines	10.3390/biomedicines14010020	Excluded	wrong publication type	This is a topical meta-analysis comparing artificial intelligence with radiologists for MRI detection of prostate cancer, kept for context rather than as a primary study.	batch-06
MED:39232875	MED	39232875	Comparison of Pathologist and Artificial Intelligence-based Grading for Prediction of Metastatic Outcomes After Radical Prostatectomy.	2025	Eur Urol Oncol	10.1016/j.euo.2024.08.004	Excluded	wrong intervention	The deep-learning system assigns Gleason grade, an established predictor, and compares that grade with metastasis rather than discovering a new biomarker.	batch-06
MED:40976756	MED	40976756	Comparison of Prostate-Specific Membrane Antigen Positron Emission Tomography and Conventional Imaging Modalities in the Detection of Biochemical Recurrence of Prostate Cancer and Assessment of the Role of Artificial Intelligence: A Systematic Review and Meta-analysis.	2025	Acad Radiol	10.1016/j.acra.2025.09.004	Excluded	wrong publication type	This is a topical systematic review and meta-analysis of PSMA PET, conventional imaging, and artificial intelligence in biochemical recurrence, kept for context.	batch-06
MED:40542213	MED	40542213	Comprehensive multi-omics analysis of nucleotide metabolism: elucidating the role and prognostic significance of UCK2 in bladder cancer.	2025	Funct Integr Genomics	10.1007/s10142-025-01642-w	Excluded	wrong intervention	UCK2 is associated with bladder-cancer prognosis in public multi-omics data, but the abstract does not use artificial intelligence or machine learning to discover it.	batch-06
MED:40506937	MED	40506937	Computed Tomography-Based Radiomics Diagnostic Model for Fat-Poor Small Renal Tumor Subtypes.	2025	Diagnostics (Basel)	10.3390/diagnostics15111365	Included		CT radiomics classifiers separated fat-poor renal tumor subtypes, including clear-cell, papillary, and chromophobe renal cell carcinoma, with an angiomyolipoma AUROC of 0.824.	batch-06
MED:41635296	MED	41635296	Computed Tomography-Based Radiomics Prediction of Biochemical Failure and Distant Metastasis in Patients With High- and Very High-Risk Localized Prostate Cancer.	2025	Adv Radiat Oncol	10.1016/j.adro.2025.101916	Included		Planning-CT radiomics features predicted biochemical failure in high-risk prostate cancer, and the hybrid model reached a test C-index of 0.687.	batch-06
MED:40024922	MED	40024922	Computed tomography-based delta-radiomics analysis for preoperative prediction of ISUP pathological nuclear grading in clear cell renal cell carcinoma.	2025	Abdom Radiol (NY)	10.1007/s00261-025-04857-4	Included		CT delta-radiomics models predicted ISUP nuclear grade in clear-cell renal cell carcinoma, with a delta model AUC of 0.911 in training and 0.771 on external verification.	batch-06
MED:40596969	MED	40596969	Computed tomography-based radiomics predicts prognostic and treatment-related levels of immune infiltration in the immune microenvironment of clear cell renal cell carcinoma.	2025	BMC Med Imaging	10.1186/s12880-025-01749-3	Included		CT radiomics machine-learning models predicted immune-infiltration levels in clear-cell renal cell carcinoma that differed in survival and anti-PD-1 response.	batch-06
MED:40939431	MED	40939431	Construction and multi-omics analysis of ccRCC mitochondrial related gene machine learning model and validate of key gene FKBP10.	2025	Int Immunopharmacol	10.1016/j.intimp.2025.115527	Included		An ensemble machine-learning model prioritized a seven-gene mitochondrial signature that separated high- and low-risk prognostic groups in clear-cell renal cell carcinoma.	batch-06
MED:40908816	MED	40908816	Construction of a gene-metabolite-microbiome regulatory network reveals novel therapeutic targets in bladder cancer through multi-omics analysis.	2025	Ann Med	10.1080/07853890.2025.2553220	Excluded	wrong intervention	Bladder-cancer genes, metabolites, and microbes were prioritized by multi-omics integration without a stated artificial-intelligence or machine-learning method.	batch-06
MED:40841351	MED	40841351	Deep learning model for predicting extraprostatic extension of prostate cancer based on H&amp;E-stained biopsy digital images.	2025	Ann Med	10.1080/07853890.2025.2547094	Included		A deep-learning pathomic model predicted extraprostatic extension from prostate biopsy slides with a test AUC of 0.886, and the predicted probability correlated with biochemical recurrence.	batch-06
MED:40426115	MED	40426115	Deep learning network enhances imaging quality of low-b-value diffusion-weighted imaging and improves lesion detection in prostate cancer.	2025	BMC Cancer	10.1186/s12885-025-14354-y	Excluded	wrong outcome	The network reconstructs high-b-value diffusion images to improve lesion detection and does not derive a biomarker.	batch-06
MED:40098034	MED	40098034	Deep learning-based fully automated detection and segmentation of pelvic lymph nodes on diffusion-weighted images for prostate cancer: a multicenter study.	2025	Cancer Imaging	10.1186/s40644-025-00840-w	Excluded	wrong outcome	The 3D V-Net study is limited to detection and segmentation of pelvic lymph nodes and does not derive a biomarker.	batch-06
MED:40361501	MED	40361501	Detection of Local Prostate Cancer Recurrence from PET/CT Scans Using Deep Learning.	2025	Cancers (Basel)	10.3390/cancers17091575	Excluded	wrong outcome	Neural networks were trained only to detect local recurrence on PSMA PET/CT and do not derive a biomarker.	batch-06
MED:39792014	MED	39792014	Development and Validation of a Deep Learning Model Based on MRI and Clinical Characteristics to Predict Risk of Prostate Cancer Progression.	2025	Radiol Imaging Cancer	10.1148/rycan.240078	Included		A deep-learning MRI score predicted later progression to clinically significant prostate cancer, with an internal hazard ratio of 1.97, beyond standard clinical risk calculators.	batch-06
MED:41474500	MED	41474500	Development and validation of a deep learning-based model for predicting prostate cancer in patients with gray-zone PSA levels: a comparative study with clinician observations.	2025	World J Urol	10.1007/s00345-025-06174-3	Excluded	wrong outcome	The convolutional model detects prostate cancer on MRI in men with gray-zone PSA and does not derive a biomarker.	batch-06
MED:40381672	MED	40381672	Development and validation of a machine learning model based on complete blood counts to predict clinical outcomes in urothelial carcinoma patients.	2025	Clin Chim Acta	10.1016/j.cca.2025.120367	Excluded	wrong intervention	The prognostic model uses routine white-cell count and lymphocyte percentage rather than a newly discovered biomarker.	batch-06
PPR:PPR1131458	PPR	PPR1131458	Development and validation of a radiomics deep learning signature from MRI-guided transrectal ultrasound combined with ultrasound imaging parameters for prostate cancer prediction	2025		10.21203/rs.3.rs-7653994/v1	Included		An ultrasound radiomics deep-learning signature predicted prostate cancer, and the integrated model reached a validation AUC of 0.889.	batch-06
MED:39871101	MED	39871101	Development of a CT radiomics prognostic model for post renal tumor resection overall survival based on transformer enhanced K-means clustering.	2025	Med Phys	10.1002/mp.17639	Included		A CT radiomics model predicted 1-, 3-, and 5-year overall survival after kidney-tumor resection, with AUCs of 0.889, 0.841, and 0.926.	batch-06
MED:39930342	MED	39930342	Development of a deep learning system for predicting biochemical recurrence in prostate cancer.	2025	BMC Cancer	10.1186/s12885-025-13628-9	Included		A deep-learning pathomic system predicted biochemical recurrence from preoperative prostate biopsy images with a test AUC of 0.911.	batch-06
MED:40107091	MED	40107091	Development of an artificial intelligence-generated, explainable treatment recommendation system for urothelial carcinoma and renal cell carcinoma to support multidisciplinary cancer conferences.	2025	Eur J Cancer	10.1016/j.ejca.2025.115367	Excluded	wrong intervention	The model recommends treatments for urothelial and renal-cell carcinoma from clinical variables and does not discover a biomarker.	batch-06
MED:40058989	MED	40058989	Diagnostic Performance of Artificial Intelligence Based on Biparametric MRI for Clinically Significant Prostate Cancer: A Systematic Review and Meta-analysis.	2025	Acad Radiol	10.1016/j.acra.2025.02.044	Excluded	wrong publication type	This is a topical systematic review and meta-analysis of artificial intelligence on biparametric MRI for clinically significant prostate cancer, kept for context.	batch-06
MED:40777161	MED	40777161	Diagnostic accuracy of MRI radiomics in predicting lymph node metastasis in prostate cancer: A systematic review.	2025	Eur J Radiol Open	10.1016/j.ejro.2025.100673	Excluded	wrong publication type	This is a topical systematic review of MRI radiomics for predicting pelvic lymph-node metastasis in prostate cancer, kept for context.	batch-06
MED:41436663	MED	41436663	Diagnostic performance of artificial intelligence in detecting bladder carcinoma.	2025	World J Urol	10.1007/s00345-025-06144-9	Excluded	wrong publication type	This is a topical systematic review and meta-analysis of artificial intelligence for detecting and staging bladder carcinoma, kept for context.	batch-06
MED:39926279	MED	39926279	Digital pathology and artificial intelligence in renal cell carcinoma focusing on feature extraction: a literature review.	2025	Front Oncol	10.3389/fonc.2025.1516264	Excluded	wrong publication type	This is a topical literature review of digital pathology and artificial intelligence in renal cell carcinoma, kept for context.	batch-06
MED:40450509	MED	40450509	Discriminating Clear Cell From Non-Clear Cell Renal Cell Carcinoma: A Machine Learning Approach Using Contrast-enhanced Ultrasound Radiomics.	2025	Ultrasound Med Biol	10.1016/j.ultrasmedbio.2025.05.006	Included		Contrast-enhanced ultrasound radiomics distinguished clear-cell from non-clear-cell renal cell carcinoma with a validation AUC of 0.927.	batch-06
MED:41013451	MED	41013451	Efficacy of PSMA PET/CT radiomics analysis for risk stratification in newly diagnosed prostate cancer: a multicenter study.	2025	BMC Med Imaging	10.1186/s12880-025-01914-8	Included		PSMA PET/CT radiomic features stratified Gleason grade group and PSA category in newly diagnosed prostate cancer across internal and external cohorts.	batch-06
MED:40651921	MED	40651921	Enhanced Detection of Prostate Cancer Lesions on Biparametric MRI Using Artificial Intelligence: A Multicenter, Fully-crossed, Multi-reader Multi-case Trial.	2025	Acad Radiol	10.1016/j.acra.2025.06.038	Excluded	wrong outcome	This multi-reader trial evaluates artificial intelligence for detecting prostate-cancer lesions on MRI and does not derive a biomarker.	batch-06
MED:40047870	MED	40047870	Enhanced ISUP grade prediction in prostate cancer using multi-center radiomics data.	2025	Abdom Radiol (NY)	10.1007/s00261-025-04858-3	Included		Radiomic features from prostate zonal anatomy predicted ISUP grade, and the combined model reached a test AUC of 0.928.	batch-06
MED:40613800	MED	40613800	Enhancing Prostate Cancer Classification: A Comprehensive Review of Multiparametric MRI and Deep Learning Integration.	2025	J Magn Reson Imaging	10.1002/jmri.70004	Excluded	wrong publication type	This is a topical review of deep learning with multiparametric MRI for prostate-cancer classification, kept for context.	batch-06
MED:41327160	MED	41327160	Enhancing prediction accuracy for muscle invasion in bladder cancer using a dual-energy CT-based interpretable model incorporating habitat radiomics and deep learning.	2025	BMC Cancer	10.1186/s12885-025-15107-7	Included		A dual-energy CT habitat radiomics and deep-learning signature predicted muscle invasion in bladder cancer with a test AUC of 0.874.	batch-06
MED:41079095	MED	41079095	Ensemble machine learning models for predicting bone metastasis in bladder cancer.	2025	Front Oncol	10.3389/fonc.2025.1653506	Excluded	wrong intervention	Bone-metastasis models use established stage, grade, and metastasis variables and do not discover a new biomarker.	batch-06
MED:39786674	MED	39786674	Evaluating the prognostic value of radiomics and clinical features in metastatic prostate cancer using [&lt;sup&gt;68&lt;/sup&gt;Ga]Ga-PSMA-11 PET/CT.	2025	Phys Eng Sci Med	10.1007/s13246-024-01516-8	Included		PSMA PET radiomic features were associated with overall survival in metastatic prostate cancer, with an optimism-corrected radiomics C-index of 0.681.	batch-06
MED:40989701	MED	40989701	Evaluation of a PSA and transrectal prostate ultrasound video-based machine learning model as a tool for prostate cancer diagnosis.	2025	Front Oncol	10.3389/fonc.2025.1590396	Included		Machine-learning models using features extracted from transrectal ultrasound video plus PSA diagnosed prostate cancer, with test AUCs up to 0.881.	batch-06
MED:41595937	MED	41595937	Explainable Computational Imaging for Precision Oncology: An Interpretable Deep Learning Framework for Bladder Cancer Histopathology Diagnosis.	2025	Bioengineering (Basel)	10.3390/bioengineering13010004	Excluded	wrong outcome	The YOLO model classifies bladder histopathology as carcinoma, inflammation, or invalid tissue and does not derive a biomarker.	batch-06
MED:41044205	MED	41044205	Exploiting deep transfer learning based precise classification and grading of renal cell carcinoma using histopathological images.	2025	Sci Rep	10.1038/s41598-025-17923-0	Excluded	wrong outcome	The transfer-learning network is built for histologic detection, classification, and grading of renal cell carcinoma and does not derive a separate biomarker.	batch-06
MED:40282346	MED	40282346	Failure to Suppress Progression in Clear Cell Renal Cell Carcinoma Associated with NCOA7 Low Expression Revealed Through Radiogenomic Analysis.	2025	Genes (Basel)	10.3390/genes16040386	Excluded	wrong intervention	NCOA7 expression was linked to semantic CT findings with conventional statistical tests, without an artificial-intelligence or radiomics machine-learning step.	batch-06
MED:41405787	MED	41405787	From Radiomics to Radiogenomics: Decoding Renal Cell Carcinoma Biology for Precision Medicine-a narrative review.	2025	Insights Imaging	10.1186/s13244-025-02164-6	Excluded	wrong publication type	This is a topical narrative review of radiomics and radiogenomics in renal cell carcinoma, kept for context.	batch-06
MED:39881216	MED	39881216	Fully automated segmentation and classification of renal tumors on CT scans via machine learning.	2025	BMC Cancer	10.1186/s12885-025-13582-6	Included		Radiomic features from automated CT segmentations classified renal-tumor subtypes, including benign-versus-malignant separation with accuracy of 0.85.	batch-06
MED:40781767	MED	40781767	Habitat-based radiomic model for predicting muscle invasion in bladder cancer: A multi-center study using enhanced-CT and machine learning.	2025	Med Phys	10.1002/mp.18021	Included		A habitat radiomics model predicted muscle-invasive bladder cancer with an external-test AUC of 0.825.	batch-06
MED:41412890	MED	41412890	Harnessing Artificial Intelligence for Risk Stratification and Outcome Prediction in Urologic Cancers: A Systematic Review.	2025	Eur Urol Focus	10.1016/j.euf.2025.12.007	Excluded	wrong publication type	This is a topical systematic review of digital-pathology artificial-intelligence biomarkers in urologic cancers, kept for context.	batch-06
MED:39643184	MED	39643184	Harnessing machine learning and multi-omics to explore tumor evolutionary characteristics and the role of AMOTL1 in prostate cancer.	2025	Int J Biol Macromol	10.1016/j.ijbiomac.2024.138402	Included		A machine-learning multi-omic score prognosticated prostate cancer better than clinical predictors and identified patients more likely to benefit from immunotherapy or targeted therapy.	batch-06
MED:40282537	MED	40282537	Identification of Molecular Subtypes of Clear-Cell Renal Cell Carcinoma in Patient-Derived Xenografts Using Multi-Omics.	2025	Cancers (Basel)	10.3390/cancers17081361	Excluded	wrong population	The study compares molecular subtypes in patient-derived xenografts and does not discover a biomarker in a human cohort.	batch-06
MED:39841063	MED	39841063	Impact of Scanner Manufacturer, Endorectal Coil Use, and Clinical Variables on Deep Learning-assisted Prostate Cancer Classification Using Multiparametric MRI.	2025	Radiol Artif Intell	10.1148/ryai.230555	Not_recovered		Full text not recovered 2026-09-23. Unpaywall listed an OA location, but the PDF download returned HTTP 403.	maybe_ft_2026-09-23
MED:39907976	MED	39907976	Impact of contrast enhancement phase on CT-based radiomics analysis for predicting post-surgical recurrence in renal cell carcinoma.	2025	Jpn J Radiol	10.1007/s11604-025-01740-6	Included		Corticomedullary-phase CT radiomics predicted recurrence after surgery for clear-cell renal cell carcinoma, with a C-index up to 0.74 after feature selection.	batch-06
MED:40815224	MED	40815224	Improving Clinically Significant Prostate Cancer Detection with a Multimodal Machine Learning Approach: A Large-Scale Multicenter Study.	2025	Radiol Imaging Cancer	10.1148/rycan.240507	Included		A biparametric MRI radiomics model predicted clinically significant prostate cancer and outperformed PI-RADS in retrospective and prospective validation.	batch-06
MED:41300965	MED	41300965	Improving the Potential for Predicting Prostate Cancer Progression in Patients on Active Surveillance Using Explainable Artificial Intelligence.	2025	Cancers (Basel)	10.3390/cancers17223598	Included		Serial MRI radiomics plus PSA density predicted histologic progression on active surveillance, with a time-series model AUC of 0.917.	batch-06
MED:40804076	MED	40804076	In vivo variability of MRI radiomics features in prostate lesions assessed by a test-retest study with repositioning.	2025	Sci Rep	10.1038/s41598-025-09989-7	Excluded	wrong outcome	The study only tests repeatability of prostate MRI radiomic features and does not link a signature to diagnosis, prognosis, or treatment response.	batch-06
PPR:PPR971538	PPR	PPR971538	Integrated multi-omics analysis reveals key genetic, metabolic, and microbial drivers in bladder cancer insights into molecular subtyping and therapeutic approaches: A tumor marker prognostic study	2025		10.21203/rs.3.rs-5898970/v1	Excluded	wrong intervention	The preprint nominates bladder-cancer genes, metabolites, and microbes from multi-omics data without a stated machine-learning discovery method.	batch-06
MED:40259382	MED	40259382	Integrating machine learning models with multi-omics analysis to decipher the prognostic significance of mitotic catastrophe heterogeneity in bladder cancer.	2025	Biol Direct	10.1186/s13062-025-00650-x	Included		Machine learning built a 16-gene mitotic-catastrophe signature that stratified bladder-cancer prognosis, with ANLN identified as a core adverse gene.	batch-06
MED:41202964	MED	41202964	Integrating multi-omics and machine learning to decipher the role of GSTP1 in endocrine-disrupting chemical-induced prostate cancer pathogenesis.	2025	Eur J Pharmacol	10.1016/j.ejphar.2025.178335	Included		An ensemble machine-learning screen prioritized GSTP1 in prostate cancer, and Mendelian randomization linked higher GSTP1 to lower disease risk (OR 0.880).	batch-06
MED:39905119	MED	39905119	Integrating radiological and clinical data for clinically significant prostate cancer detection with machine learning techniques.	2025	Sci Rep	10.1038/s41598-025-88297-6	Excluded	wrong intervention	The models predict clinically significant prostate cancer from PSA, PI-RADS, and other routine clinical variables without discovering a new biomarker.	batch-06
MED:41186865	MED	41186865	Integrating single-cell transcriptomics and machine learning reveals 4-aminobiphenyl exposure signatures and novel diagnostic biomarkers in bladder cancer.	2025	Discov Oncol	10.1007/s12672-025-03819-y	Excluded	wrong outcome	LASSO, SVM, and random forest prioritize 4-aminobiphenyl-related genes in bladder cancer, but the abstract reports no diagnostic or prognostic performance and states that survival analysis was not possible.	batch-06
MED:40400999	MED	40400999	Integration of magnetic resonance imaging and deep learning for prostate cancer detection: a systematic review.	2025	Am J Clin Exp Urol	10.62347/csij8326	Excluded	wrong publication type	This is a topical systematic review of deep learning with MRI for prostate-cancer detection, kept for context.	batch-06
MED:41353523	MED	41353523	Integration of multi-scale radiomics and deep learning for Ki-67 prediction in clear cell renal carcinoma.	2025	NPJ Precis Oncol	10.1038/s41698-025-01214-y	Included		A stacked CT radiomics and deep-learning model predicted Ki-67 expression in clear-cell renal cell carcinoma with an external AUC of 0.756.	batch-06
MED:40819002	MED	40819002	Integrative machine learning models predict prostate cancer diagnosis and biochemical recurrence risk: Advancing precision oncology.	2025	NPJ Digit Med	10.1038/s41746-025-01930-6	Included		Machine-learning models derived gene signatures for prostate-cancer diagnosis and biochemical recurrence, and COMP was supported as a candidate biomarker.	batch-06
MED:41390891	MED	41390891	Integrative molecular-radiopathomic characterization of AIRE-driven immune subtypes in bladder cancer.	2025	NPJ Digit Med	10.1038/s41746-025-02091-2	Included		Lasso and related algorithms defined RNA-editing immune subtypes of bladder cancer with different immune infiltration and immunotherapy responses.	batch-06
MED:41351667	MED	41351667	Integrative multi-omics profiling for early diagnosis, stratification and personalized management of chronic kidney disease: a new paradigm.	2025	Clin Exp Med	10.1007/s10238-025-01989-1	Excluded	wrong publication type	This is a topical review of multi-omics for chronic kidney disease, not a primary genitourinary cancer study, kept for context.	batch-06
MED:40458476	MED	40458476	Integrative multi-omics study identifies sex-specific molecular signatures and immune modulation in bladder cancer.	2025	Front Bioinform	10.3389/fbinf.2025.1575790	Excluded	wrong intervention	Sex-specific bladder-cancer hub genes were tied to survival by enrichment and correlation analyses without a stated artificial-intelligence or machine-learning method.	batch-06
MED:39788813	MED	39788813	Interpretable CT Radiomics-based Machine Learning Model for Preoperative Prediction of Ki-67 Expression in Clear Cell Renal Cell Carcinoma.	2025	Acad Radiol	10.1016/j.acra.2024.11.072	Included		A CT radiomics random-forest model predicted Ki-67 expression in clear-cell renal cell carcinoma with an external AUC of 0.885, and high predicted Ki-67 was associated with recurrence.	batch-06
MED:40391155	MED	40391155	Interpretable multiparametric MRI radiomics-based machine learning model for preoperative differentiation between benign and malignant prostate masses: a diagnostic, multicenter study.	2025	Front Oncol	10.3389/fonc.2025.1541618	Included		An mpMRI radiomics random-forest signature distinguished benign from malignant prostate masses with an external AUC of 0.852.	batch-06
MED:40216577	MED	40216577	Interpretable Machine Learning Radiomics Model Predicts 5-year Recurrence-Free Survival in Non-metastatic Clear Cell Renal Cell Carcinoma: A Multicenter and Retrospective Cohort Study.	2025	Acad Radiol	10.1016/j.acra.2025.03.042	Included		A CT radiomics score predicted 5-year recurrence-free survival in non-metastatic clear-cell renal cell carcinoma, with AUCs of 0.734 to 0.836.	batch-06
MED:40106107	MED	40106107	Intra- and Peritumoral CT-Based Radiomics for Assessing Pathologic T-Staging in Clear Cell Renal Cell Carcinoma: A Multicenter Study.	2025	Ann Surg Oncol	10.1245/s10434-025-17111-4	Included		Intra- and peritumoral CT radiomics distinguished high from low pathologic T stage in clear-cell renal cell carcinoma with a test AUC of 0.873.	batch-06
MED:39975590	MED	39975590	Intratumoral and peritumoral radiomics using multi-phase contrast-enhanced CT for diagnosis of renal oncocytoma and chromophobe renal cell carcinoma: a multicenter retrospective study.	2025	Front Oncol	10.3389/fonc.2025.1501084	Included		Corticomedullary-phase CT radiomics distinguished renal oncocytoma from chromophobe renal cell carcinoma, with a validation AUC up to 0.900.	batch-06
MED:39615194	MED	39615194	Investigation of radiomic features on MRI images to identify extraprostatic extension in prostate cancer.	2025	Comput Methods Programs Biomed	10.1016/j.cmpb.2024.108528	Included		Eighteen MRI radiomic features predicted extraprostatic extension in prostate cancer with an AUC of 0.82.	batch-06
MED:40186648	MED	40186648	Kidney cancer diagnosis and surgery selection by double decker convolutional neural network from CT scans combined with great wall construction algorithm.	2025	Abdom Radiol (NY)	10.1007/s00261-025-04900-4	Excluded	wrong outcome	The convolutional network classifies kidney CT scans as cancer versus normal and does not derive a biomarker.	batch-06
MED:39743477	MED	39743477	MRI-based Radiomics for Predicting Prostate Cancer Grade Groups: A Systematic Review and Meta-analysis of Diagnostic Test Accuracy Studies.	2025	Acad Radiol	10.1016/j.acra.2024.12.006	Excluded	wrong publication type	This is a topical systematic review and meta-analysis of MRI radiomics for prostate-cancer grade groups, kept for context.	batch-06
MED:40382483	MED	40382483	MRI-based radiomics for differentiating high-grade from low-grade clear cell renal cell carcinoma: a systematic review and meta-analysis.	2025	Abdom Radiol (NY)	10.1007/s00261-025-04982-0	Excluded	wrong publication type	This is a topical systematic review and meta-analysis of MRI radiomics for grading clear-cell renal cell carcinoma, kept for context.	batch-06
MED:40146313	MED	40146313	MRI-based radiomics for prediction of biochemical recurrence in prostate cancer: a systematic review and meta-analysis.	2025	Abdom Radiol (NY)	10.1007/s00261-025-04892-1	Excluded	wrong publication type	This is a topical systematic review and meta-analysis of MRI radiomics for biochemical recurrence after prostate-cancer treatment, kept for context.	batch-06
PPR:PPR1016159	PPR	PPR1016159	Machine Learning-Based Prediction of Consistency and Histological Characteristics in Renal Cell Carcinoma Venous Tumor Thrombus Through Volumetric Radiomics	2025		10.21203/rs.3.rs-6254932/v1	Included		Volumetric ADC radiomics predicted histologic vessel caliber in renal-cell carcinoma venous tumor thrombus, with an AUC of 0.930 for entropy.	batch-06
MED:40376513	MED	40376513	Machine learning based on automated 3D radiomics features to classify prostate cancer in patients with prostate-specific antigen levels of 4-10 ng/mL.	2025	Transl Androl Urol	10.21037/tau-2024-731	Included		An automated three-dimensional MRI radiomics model predicted prostate cancer when PSA was 4 to 10 ng/mL, with an AUC of 0.938.	batch-06
MED:39354727	MED	39354727	Machine learning models for discriminating clinically significant from clinically insignificant prostate cancer using bi-parametric magnetic resonance imaging	2025	Diagn Interv Radiol	10.4274/dir.2024.242856	Included		Bi-parametric MRI radiomics models separated clinically significant from insignificant prostate cancer with an AUC of 0.86.	batch-06
MED:41368246	MED	41368246	Machine learning studies for predicting 5-year renal cell cancer survival: a multicenter study.	2025	Transl Androl Urol	10.21037/tau-2025-438	Excluded	wrong intervention	Five-year renal-cell carcinoma survival models use clinical registry factors and do not discover a new biomarker.	batch-06
MED:40721879	MED	40721879	Machine learning-based MRI imaging for prostate cancer diagnosis: systematic review and meta-analysis.	2025	Prostate Cancer Prostatic Dis	10.1038/s41391-025-00997-2	Excluded	wrong publication type	This is a topical systematic review and meta-analysis of machine-learning MRI for prostate-cancer diagnosis, kept for context.	batch-06
MED:41079089	MED	41079089	Machine learning-based radiomics for bladder cancer staging: evaluating the role of imaging timing in differentiating T2 from T3 disease.	2025	Front Oncol	10.3389/fonc.2025.1591742	Included		CT radiomics distinguished T2 from T3 bladder cancer, and adding clinical variables raised the AUC to 0.82 when imaging was performed more than 14 days after resection.	batch-06
MED:41462135	MED	41462135	Machine learning-based radiomics from multiparametric MRI for predicting aggressive pathology in clear cell renal cell carcinoma.	2025	BMC Med Imaging	10.1186/s12880-025-02046-9	Included		Multiparametric MRI radiomics models distinguished aggressive from indolent clear-cell renal cell carcinoma, with T2-weighted features showing the strongest separation.	batch-06
MED:41626167	MED	41626167	Multi-channel multiphase CT-based deep learning and radiomics fusion model for noninvasive pathological grading of clear cell renal cell carcinoma.	2025	Front Oncol	10.3389/fonc.2025.1710329	Included		A multiphase CT deep-learning and radiomics model predicted pathologic grade in clear-cell renal cell carcinoma with a test AUC of 0.849.	batch-06
MED:41053452	MED	41053452	Multi-omic analysis constructs ferroptosis subtypes and risk signature and reveals that PEBP1 is an important tumor suppressor in kidney cancer.	2025	Hum Cell	10.1007/s13577-025-01303-x	Excluded	wrong intervention	A nine-gene ferroptosis score was prognostic in kidney cancer, but the abstract does not describe an artificial-intelligence or machine-learning discovery method.	batch-06
MED:40263498	MED	40263498	Multi-omics analysis constructs a novel neuroendocrine prostate cancer classifier and classification system.	2025	Sci Rep	10.1038/s41598-025-96683-3	Included		A random-forest multi-omic classifier (NEP100) identified neuroendocrine prostate-cancer phenotypes with diagnostic and prognostic associations, including treatment-resistant subtypes.	batch-06
MED:41091247	MED	41091247	Multi-omics analysis identified LGALS1 (Galectin-1) as a novel therapeutic target for clear cell renal cell carcinoma via targeting epithelial or endothelial cells.	2025	Discov Oncol	10.1007/s12672-025-03750-2	Excluded	wrong intervention	LGALS1 was associated with stage and survival in clear-cell renal cell carcinoma by expression and immunohistochemistry analyses without a stated machine-learning method.	batch-06
PPR:PPR1016236	PPR	PPR1016236	Multicenter study demonstrates unsupervised learning derived from magnetic resonance images identify prognosis in prostate cancer patients after prostatectomy	2025		10.21203/rs.3.rs-6337641/v1	Included		Unsupervised MRI radiomics clustering defined prognostic subgroups after prostatectomy, with C-indices of 0.78 to 0.82 that exceeded standard clinical models.	batch-06
MED:41107801	MED	41107801	Multicenter study of CT-based deep learning for predicting preoperative T staging and TNM staging in clear cell renal cell carcinoma.	2025	BMC Cancer	10.1186/s12885-025-14836-z	Excluded	wrong outcome	A CT deep-learning model predicts preoperative T and TNM stage in clear cell renal cell carcinoma and does not derive a biomarker.	batch-07
MED:41307988	MED	41307988	Multimodal Fusion of mpMRI Radiomics, Clinical Features, and Hematological Biomarkers Enhances Machine Learning-Based Prediction of Biochemical Recurrence in Prostate Cancer Patients.	2025	Chem Biol Drug Des	10.1111/cbdd.70206	Included		LASSO-selected multiparametric MRI radiomic features, fused with clinical and hematologic variables, predict biochemical recurrence in prostate cancer with a validation AUC of 0.820.	batch-07
MED:41271870	MED	41271870	Multimodal deep learning framework integrating multiphase CT and histopathological whole slide imaging for predicting recurrence in ccRCC.	2025	Sci Rep	10.1038/s41598-025-25109-x	Included		A deep-learning fusion of multiphase CT and whole-slide images predicts postoperative recurrence in clear cell renal cell carcinoma and is reported as a bioimaging prognostic marker (AUC 0.836).	batch-07
MED:40796801	MED	40796801	Multimodal fusion radiomic-immunologic scoring model: accurate identification of prostate cancer progression.	2025	BMC Med Imaging	10.1186/s12880-025-01869-w	Included		A LASSO-derived radiomic-immunologic score distinguishes prostate cancer progression, with a validation AUC of 0.874.	batch-07
MED:39167019	MED	39167019	Multiparametric MRI-Based Deep Learning Radiomics Model for Assessing 5-Year Recurrence Risk in Non-Muscle Invasive Bladder Cancer.	2025	J Magn Reson Imaging	10.1002/jmri.29574	Included		A multiparametric MRI radiomics and deep-learning signature predicts 5-year recurrence in non-muscle-invasive bladder cancer (testing AUC 0.909).	batch-07
MED:40105553	MED	40105553	Multisequence combined magnetic resonance imaging radiomics model to noninvasively predict nuclear grade of clear cell renal cell carcinoma: interpretable model development.	2025	Rev Assoc Med Bras (1992)	10.1590/1806-9282.20241012	Included		A multisequence MRI radiomics model noninvasively classifies nuclear grade in clear cell renal cell carcinoma, with a combined-sequence AUC of 0.93.	batch-07
MED:39966980	MED	39966980	Navigating advanced renal cell carcinoma in the era of artificial intelligence.	2025	Cancer Imaging	10.1186/s40644-025-00835-7	Excluded	wrong publication type	Topical review of artificial intelligence for staging and treatment response in advanced renal cell carcinoma, kept for context rather than as an included study.	batch-07
MED:41295107	MED	41295107	Next-Generation Advances in Prostate Cancer Imaging and Artificial Intelligence Applications.	2025	J Imaging	10.3390/jimaging11110390	Excluded	wrong publication type	Topical review of artificial intelligence for prostate cancer imaging detection, segmentation, and biopsy guidance, kept for context rather than as an included study.	batch-07
MED:41417975	MED	41417975	Optimizing recurrence prediction and risk stratification in prostate cancer using a 2.5D deep learning model: a multicenter MRI-based study.	2025	Int J Surg	10.1097/js9.0000000000004584	Included		A multicenter MRI deep-learning score predicts biochemical recurrence after prostatectomy and stratifies recurrence risk, with an external AUC of 0.935.	batch-07
MED:41024245	MED	41024245	Precision medicine in prostate cancer: individualized treatment through radiomics, genomics, and biomarkers.	2025	Cancer Imaging	10.1186/s40644-025-00938-1	Excluded	wrong publication type	Topical review of radiomics, genomics, and biomarkers in prostate cancer precision medicine, kept for context rather than as an included study.	batch-07
MED:41607542	MED	41607542	Predicting HER2 overexpression in prostate cancer using machine learning: implications for personalized therapy.	2025	Front Oncol	10.3389/fonc.2025.1707946	Included		An MRI radiomics score predicts HER2 overexpression in prostate cancer, with a test-set AUC of 0.841 for the combined model.	batch-07
MED:40172658	MED	40172658	Predicting clinically significant prostate cancer in PI-RADS 3 lesions using MRI-based radiomics: a literature review of methodological variations and performance.	2025	Abdom Radiol (NY)	10.1007/s00261-025-04914-y	Excluded	wrong publication type	Topical review of MRI radiomics for clinically significant prostate cancer in PI-RADS 3 lesions, kept for context rather than as an included study.	batch-07
MED:41249564	MED	41249564	Predicting distant metastasis in early-onset kidney cancer using machine learning: a SEER database study with external validation.	2025	Clin Exp Med	10.1007/s10238-025-01886-7	Excluded	wrong intervention	Machine learning predicts distant metastasis in early-onset kidney cancer from stage, grade, and tumor size rather than a newly discovered biomarker.	batch-07
MED:39834512	MED	39834512	Prediction of Distant Metastasis of Renal Cell Carcinoma Based on Interpretable Machine Learning: A Multicenter Retrospective Study.	2025	J Multidiscip Healthc	10.2147/jmdh.s480747	Excluded	wrong intervention	An interpretable registry model predicts distant metastasis in renal cell carcinoma from clinical variables, with chemotherapy as the leading feature, and does not discover a new biomarker.	batch-07
MED:39969539	MED	39969539	Prediction of adverse pathology in prostate cancer using a multimodal deep learning approach based on [&lt;sup&gt;18&lt;/sup&gt;F]PSMA-1007 PET/CT and multiparametric MRI.	2025	Eur J Nucl Med Mol Imaging	10.1007/s00259-025-07134-0	Included		A deep-learning signature from PSMA PET/CT and multiparametric MRI predicts adverse pathology in prostate cancer, with an AUC of 0.955 for the integrated model.	batch-07
MED:40129915	MED	40129915	Prediction of bone metastasis of prostate cancer based on intratumoral and peritumoral radiomics of MRI T2WI combined with ADC images.	2025	Front Oncol	10.3389/fonc.2025.1555315	Included		Intratumoral and peritumoral MRI radiomics predict bone metastasis in prostate cancer, with a clinic-imaging AUC of 0.893 in the test set.	batch-07
PPR:PPR1101152	PPR	PPR1101152	Prediction of distant metastasis in renal cell carcinoma using machine learning algorithms on the basis of the SEER database and a Chinese population	2025		10.21203/rs.3.rs-7531291/v1	Excluded	wrong intervention	Full text: distant-metastasis models use SEER and CNCC registry variables (age, sex, grade, TNM, surgery), not a new biomarker. Same study as the published paper MED:41779635.	maybe_ft_2026-09-23
MED:40676748	MED	40676748	Prognostic and Predictive Value of Machine Learning-Based Biomarker and Pathomics Signatures in Patients With Prostate Cancer.	2025	Cancer Sci	10.1111/cas.70149	Included		Machine learning derives a metastasis-associated transcriptomic risk score and a pathomics score that predict recurrence-free survival after prostatectomy.	batch-07
MED:40002572	MED	40002572	Promising Results About the Possibility to Identify Prostate Cancer Patients Employing a Random Forest Classifier: A Preliminary Study Preoperative Patients Selection.	2025	Diagnostics (Basel)	10.3390/diagnostics15040421	Included		Random-forest radiomic features from multiparametric MRI predict lymph-node involvement in prostate cancer, with accuracy of 84% to 87% by zone.	batch-07
MED:41449174	MED	41449174	Prostate cancer diagnosis using sensitive and sophisticated machine learning classifiers based on non-invasive urinary RNA biomarkers (PCASSO).	2025	Sci Rep	10.1038/s41598-025-32334-x	Included		Machine learning prioritizes a nine-marker urinary RNA panel that diagnoses prostate cancer versus benign hyperplasia, with an AUC of 0.99.	batch-07
MED:40500522	MED	40500522	Radiogenomic correlation of hypoxia-related biomarkers in clear cell renal cell carcinoma.	2025	J Cancer Res Clin Oncol	10.1007/s00432-025-06240-8	Included		CT radiomic texture features are associated with hypoxia-related gene expression, including KLF6, BCL2, ETS1, and PLOD2, in clear cell renal cell carcinoma.	batch-07
MED:40756160	MED	40756160	Radiomic Profiling of Tumor Thrombus for Predicting Recurrence in Renal Cell Carcinoma.	2025	Eur Urol Open Sci	10.1016/j.euros.2025.06.005	Included		A tumor-thrombus radiomic signature predicts disease-free survival in clear cell renal cell carcinoma with thrombus, with an integrated AUC of 0.78.	batch-07
MED:40506909	MED	40506909	Radiomics-Based Classification of Clear Cell Renal Cell Carcinoma ISUP Grade: A Machine Learning Approach with SHAP-Enhanced Explainability.	2025	Diagnostics (Basel)	10.3390/diagnostics15111337	Included		A CT radiomics classifier distinguishes ISUP grade in clear cell renal cell carcinoma, with an AUC of 0.86.	batch-07
MED:41150018	MED	41150018	Radiomics-Based Preoperative Assessment of Muscle-Invasive Bladder Cancer Using Combined T2 and ADC MRI: A Multicohort Validation Study.	2025	J Imaging	10.3390/jimaging11100342	Included		A combined T2 and ADC radiomic descriptor predicts muscle-invasive urothelial carcinoma, with a validation AUC of 0.871.	batch-07
MED:40539890	MED	40539890	Radiomics-Based Unsupervised Clustering Identifies Subtypes Associated With Prognosis and Immune Microenvironment in Clear Cell Renal Cell Carcinoma: A Multicenter Study.	2025	Adv Sci (Weinh)	10.1002/advs.202506165	Included		Unsupervised CT radiomic clustering defines clear cell renal cell carcinoma subtypes with different recurrence risk (adjusted HR 2.75) and immune-microenvironment features.	batch-07
MED:40221553	MED	40221553	Recent Advances in Artificial Intelligence for Precision Diagnosis and Treatment of Bladder Cancer: A Review.	2025	Ann Surg Oncol	10.1245/s10434-025-17228-6	Excluded	wrong publication type	Topical review of artificial intelligence for bladder cancer detection, staging, grading, and prognosis, kept for context rather than as an included study.	batch-07
MED:40416516	MED	40416516	Reproducibility of MRI-derived radiomic features in prostate cancer detection: a methodological approach.	2025	Pol J Radiol	10.5114/pjr/201467	Included		Reproducible MRI radiomic features classify prostate cancer versus non-cancer tissue, with model AUCs up to 0.93.	batch-07
MED:39923922	MED	39923922	Revolutionizing prostate cancer therapy: Artificial intelligence - Based nanocarriers for precision diagnosis and treatment.	2025	Crit Rev Oncol Hematol	10.1016/j.critrevonc.2025.104653	Excluded	wrong publication type	Topical review of artificial intelligence for nanocarrier design in prostate cancer therapy, kept for context rather than as an included study.	batch-07
MED:40963986	MED	40963986	Role of DECT-Based Imaging Biomarkers and Machine Learning to Predict Renal Cell Carcinoma Subtypes.	2025	Indian J Radiol Imaging	10.1055/s-0045-1806751	Excluded	wrong intervention	Machine learning classifies renal cell carcinoma subtype and grade from predefined dual-energy CT iodine measurements rather than discovering a new biomarker.	batch-07
MED:39147643	MED	39147643	Sub-regional Radiomics Analysis for Predicting Metastasis Risk in Clear Cell Renal Cell Carcinoma: A Multicenter Retrospective Study.	2025	Acad Radiol	10.1016/j.acra.2024.08.006	Included		Subregional CT habitat radiomics predicts metastasis risk in clear cell renal cell carcinoma, with an independent-test AUC of about 0.90.	batch-07
MED:40496617	MED	40496617	Subregion-based radiomics analysis for predicting the histological grade of clear cell renal cell carcinoma.	2025	Front Oncol	10.3389/fonc.2025.1554830	Included		Subregion radiomics scores predict histologic grade and overall survival in clear cell renal cell carcinoma and are linked to CTNNB1 and KDR, with external AUCs of 0.74 to 0.77.	batch-07
MED:41409300	MED	41409300	Targeting PSMB5-induced PANoptosis in bladder cancer: multi-omics insights and TCM candidate discovery.	2025	Front Immunol	10.3389/fimmu.2025.1656682	Included		LASSO and machine learning prioritize a PANoptosis-related prognostic signature and PSMB5 as a risk gene in human bladder cancer cohorts.	batch-07
MED:40863460	MED	40863460	The Role of Radiomic Analysis and Different Machine Learning Models in Prostate Cancer Diagnosis.	2025	J Imaging	10.3390/jimaging11080250	Included		Biparametric MRI radiomic features fed to machine-learning models separate prostate cancer grades, with AUCs of 0.703 to 0.807 before PSA is added.	batch-07
MED:40429314	MED	40429314	The Role of Radiomics and Artificial Intelligence Applied to Staging PSMA PET in Assessing Prostate Cancer Aggressiveness.	2025	J Clin Med	10.3390/jcm14103318	Excluded	wrong publication type	Topical review of radiomics and artificial intelligence on staging PSMA PET for prostate cancer aggressiveness, kept for context rather than as an included study.	batch-07
MED:40860646	MED	40860646	The Use of Artificial Intelligence in Urologic Oncology: Current Insights and Challenges.	2025	Res Rep Urol	10.2147/rru.s526184	Excluded	wrong publication type	Topical review of artificial intelligence across urologic oncology imaging, grading, and risk stratification, kept for context rather than as an included study.	batch-07
MED:40346303	MED	40346303	The interpretable CT-based vision transformer model for preoperative prediction of clear cell renal cell carcinoma SSIGN score and outcome.	2025	Insights Imaging	10.1186/s13244-025-01972-0	Included		A CT vision-transformer signature predicts the SSIGN score and progression-free survival in clear cell renal cell carcinoma and is reported as a noninvasive biomarker (C-index 0.840).	batch-07
MED:39862356	MED	39862356	The predictive value of radiomics and deep learning for synchronous distant metastasis in clear cell renal cell carcinoma.	2025	Discov Oncol	10.1007/s12672-025-01806-x	Included		Fifteen CT radiomic features and a deep-learning model predict synchronous distant metastasis in clear cell renal cell carcinoma, with a combined AUC of 0.863.	batch-07
MED:39780278	MED	39780278	The role of endothelial cell-related gene COL1A1 in prostate cancer diagnosis and immunotherapy: insights from machine learning and single-cell analysis.	2025	Biol Direct	10.1186/s13062-024-00591-x	Included		Machine learning prioritizes endothelial-related genes, highlighting COL1A1, as a diagnostic and prognostic marker in human prostate cancer cohorts.	batch-07
MED:41361155	MED	41361155	Trends in artificial intelligence and machine learning for renal cancer.	2025	Discov Oncol	10.1007/s12672-025-04089-4	Excluded	wrong publication type	Bibliometric survey of artificial intelligence publications in renal cancer rather than a primary biomarker study.	batch-07
MED:40165905	MED	40165905	Tumour habitat-based radiomics analysis enhances the ability to predict prostate cancer aggressiveness with biparametric MRI-derived features.	2025	Front Oncol	10.3389/fonc.2025.1504132	Included		Habitat radiomics from biparametric MRI distinguishes clinically significant prostate cancer, with a test AUC of 0.93.	batch-07
MED:40949469	MED	40949469	Unlocking artificial intelligence, machine learning and deep learning to combat therapeutic resistance in metastatic castration-resistant prostate cancer: a comprehensive review.	2025	Ecancermedicalscience	10.3332/ecancer.2025.1953	Excluded	wrong publication type	Topical review of artificial intelligence for therapeutic resistance in metastatic castration-resistant prostate cancer, kept for context rather than as an included study.	batch-07
MED:40457401	MED	40457401	Unsupervised learning-based quantitative analysis of CT intratumoral subregions predicts risk stratification of bladder cancer patients.	2025	BMC Med	10.1186/s12916-025-04163-2	Included		Unsupervised CT subregion radiomics predicts muscle invasion and AJCC stage in bladder cancer, with external AUROCs of 0.884 and 0.832.	batch-07
MED:41514540	MED	41514540	Using Artificial Intelligence as a Risk Prediction Model in Patients with Equivocal Multiparametric Prostate MRI Findings.	2025	Cancers (Basel)	10.3390/cancers18010028	Excluded	wrong publication type	Topical review of artificial intelligence for risk prediction in equivocal PI-RADS 3 prostate MRI, kept for context rather than as an included study.	batch-07
MED:42260809	MED	42260809	A CT-based radiomics model for noninvasive prediction of MMP9 expression and prognostic evaluation in renal cell carcinoma.	2026	Medicine (Baltimore)	10.1097/md.0000000000048992	Included		A three-feature CT radiomics score noninvasively predicts MMP9 expression in renal cell carcinoma (AUC 0.865) and is an independent prognostic factor.	batch-07
MED:42196432	MED	42196432	A Multi-Omics Framework Reveals Tumor Heterogeneity and Predicts Therapeutic Targets in Renal Cell Carcinoma.	2026	Int J Mol Sci	10.3390/ijms27104456	Excluded	wrong intervention	A multi-omics computational framework links cell states to prognosis in renal cell carcinoma but does not use machine learning to derive a biomarker.	batch-07
MED:42352513	MED	42352513	A Multimodal Artificial Intelligence Model to Guide Use of Whole-Pelvic Radiation Therapy in Patients with Localized Prostate Cancer: Exploratory Analysis of RTOG 9413.	2026	Cancers (Basel)	10.3390/cancers18121982	Excluded	wrong intervention	This exploratory trial analysis applies a previously validated multimodal artificial intelligence score and does not discover a new biomarker.	batch-07
MED:42015962	MED	42015962	A Novel Radiomics-based Interpretable Model for Bladder Cancer Grade Prediction Using White-Light Cystoscopy Images.	2026	Eur Urol Open Sci	10.1016/j.euros.2026.03.018	Included		White-light cystoscopy radiomics predicts bladder cancer grade and identifies channel-specific imaging patterns, with an external AUC of 0.79.	batch-07
MED:41266221	MED	41266221	A Transformer-Based Model Integrating Intratumoral Habitats and Peritumoral Radiomics for Detecting Pelvic Lymph Node Metastasis in Prostate Cancer.	2026	Acad Radiol	10.1016/j.acra.2025.10.059	Included		Habitat and peritumoral radiomics in a transformer model predict pelvic lymph-node metastasis in prostate cancer, with AUCs of 0.824 to 0.917.	batch-07
MED:41606245	MED	41606245	A comprehensive multi-task deep learning model for kidney cancer: histological subtyping, clinical staging, and anatomical complexity grading.	2026	Eur Radiol	10.1007/s00330-026-12322-z	Excluded	wrong outcome	A multi-task CT deep-learning model performs histologic subtyping, clinical staging, and anatomical complexity grading without deriving a biomarker.	batch-07
MED:42259830	MED	42259830	A disease-centric vision-language foundation model for precision oncology in kidney cancer.	2026	Nat Commun	10.1038/s41467-026-74175-w	Included		Full text: RenalCLIP is trained on kidney CT and evaluated for malignancy, aggressiveness, and survival on internal and external cohorts, beyond anatomical detection alone.	maybe_ft_2026-09-23
MED:42101624	MED	42101624	A multicenter study of automatic segmentation-based multimodal fusion integrating radiomics, deep learning, and clinical parameters for prostate cancer detection.	2026	Abdom Radiol (NY)	10.1007/s00261-026-05548-4	Included		Automated-segmentation MRI radiomics and deep-learning features detect prostate cancer in a multicenter cohort, with an external combined-model AUC of 0.902.	batch-07
MED:41706247	MED	41706247	A pathomics-based pyroptosis signature predicts survival in clear cell renal cell carcinoma.	2026	Discov Oncol	10.1007/s12672-026-04685-y	Included		A pathomics signature tied to pyroptosis-related genes independently predicts survival in clear cell renal cell carcinoma, with 1-year AUC 0.744.	batch-07
MED:42342957	MED	42342957	A perioperative multi-modal fusion and deep learning-based prognostic system for upper tract urothelial carcinoma: a multi-institutional study.	2026	Insights Imaging	10.1186/s13244-026-02337-x	Included		Fused clinical, radiomic, and deep-learning CT features predict overall survival in upper-tract urothelial carcinoma, with an external 3-year AUC of 0.766.	batch-07
MED:41196458	MED	41196458	A radiogenomics biomarker based on tumor angiogenesis for non-invasive prognosis of clear cell renal cell carcinoma.	2026	Clin Transl Oncol	10.1007/s12094-025-04109-3	Included		An eight-gene angiogenesis signature and six linked CT radiomic features stratify survival in clear cell renal cell carcinoma, with a testing AUC of 0.814 for the imaging correlate.	batch-07
MED:42194817	MED	42194817	Advancing Genitourinary Cancer Surgery: The Role of Artificial Intelligence and Robotics.	2026	J Clin Med	10.3390/jcm15103856	Excluded	wrong publication type	Topical review of artificial intelligence and robotics in genitourinary cancer surgery, kept for context rather than as an included study.	batch-07
MED:41827703	MED	41827703	Angiogenesis-Informed Preoperative CT Radiogenomics Predicts Overall Survival in Clear Cell Renal Cell Carcinoma: Development and External Validation.	2026	Cancers (Basel)	10.3390/cancers18050768	Included		An angiogenesis-related five-gene radiogenomic signature predicts overall survival in clear cell renal cell carcinoma, with external C-indexes of 0.800, 0.726, and 0.703 at 1, 3, and 5 years.	batch-07
MED:42285048	MED	42285048	Application Value of Radiomics-Based Machine Learning for Preoperative Risk Stratification of Bladder Cancer: Systematic Review and Meta-Analysis.	2026	J Med Internet Res	10.2196/81084	Excluded	wrong publication type	Topical systematic review and meta-analysis of radiomics machine learning for preoperative bladder cancer risk stratification, kept for context rather than as an included study.	batch-07
PPR:PPR1187693	PPR	PPR1187693	Application of Deep Learning for Preoperative prostate MRI segmentation in Postoperative Inguinal Hernia Prediction after robot-assisted radical prostatectomy	2026		10.21203/rs.3.rs-9224900/v1	Excluded	wrong outcome	Deep learning is used only to segment the prostate so that size measurements can predict postoperative inguinal hernia, not a cancer biomarker.	batch-07
MED:41918861	MED	41918861	Application of adaptive deep learning-based automatic segmentation in radiomics model for preoperative WHO/ISUP grading of clear cell renal cell carcinoma: a retrospective comparative study with manual segmentation.	2026	PeerJ	10.7717/peerj.21022	Included		CT radiomics, whether tumors are segmented manually or by nnU-Net, predicts WHO/ISUP grade in clear cell renal cell carcinoma, with an automatic-segmentation AUC of 0.865.	batch-07
MED:41928166	MED	41928166	Application of contrast-enhanced CT-based radiomics with machine learning to predict WHO/ISUP grading in clear cell renal cell carcinoma.	2026	BMC Cancer	10.1186/s12885-026-15794-w	Included		Contrast-enhanced CT radiomics machine-learning models distinguish high-grade from low-grade clear cell renal cell carcinoma, with several classifiers reporting perfect test-set AUCs in a small cohort.	batch-07
MED:41388186	MED	41388186	Artificial Intelligence (AI)-based tools in the diagnosis and management of prostate cancer: a systematic review and meta-analysis.	2026	Prostate Cancer Prostatic Dis	10.1038/s41391-025-01060-w	Excluded	wrong publication type	Topical systematic review and meta-analysis of artificial intelligence tools for prostate cancer diagnosis and prognosis, kept for context rather than as an included study.	batch-07
MED:42483695	MED	42483695	Artificial Intelligence Versus Conventional Methods for NCCN Risk Stratification in Localized Prostate Cancer (2020-2025): A Systematic Review.	2026	Prostate Cancer	10.1155/proc/9923959	Excluded	wrong publication type	Topical systematic review comparing artificial intelligence with NCCN risk groups in localized prostate cancer, kept for context rather than as an included study.	batch-07
MED:41348934	MED	41348934	Artificial Intelligence in Prostate MRI: Addressing Current Limitations Through Emerging Technologies.	2026	J Magn Reson Imaging	10.1002/jmri.70189	Excluded	wrong publication type	Topical review of artificial intelligence for prostate MRI acquisition, detection, and prognosis, kept for context rather than as an included study.	batch-07
MED:41892179	MED	41892179	Artificial Intelligence in Prostate MRI: Comparison of an AI-Based Software and an Experienced Radiologist for Detecting Clinically Significant Prostate Cancer.	2026	Curr Oncol	10.3390/curroncol33030151	Excluded	wrong outcome	An artificial intelligence software package is compared with a radiologist for detecting clinically significant prostate cancer and no biomarker is derived.	batch-07
MED:42571542	MED	42571542	Artificial Intelligence in the Detection, Characterization, and Management of Renal Masses: A Narrative Review.	2026	Cureus	10.7759/cureus.112349	Excluded	wrong publication type	Topical narrative review of artificial intelligence for detection, characterization, and management of renal masses, kept for context rather than as an included study.	batch-07
MED:42122119	MED	42122119	Artificial Intelligence-Enhanced Multiparametric MRI and VI-RADS in Bladder Cancer: Current Evidence, Clinical Opportunities and Barriers to Translation.	2026	Cancers (Basel)	10.3390/cancers18091322	Excluded	wrong publication type	Topical review of artificial intelligence with multiparametric MRI and VI-RADS for bladder cancer staging, kept for context rather than as an included study.	batch-07
MED:41874614	MED	41874614	Artificial intelligence and radiomics in bladder cancer MRI: a scoping review of applications, performance, and barriers to clinical translation.	2026	Abdom Radiol (NY)	10.1007/s00261-026-05457-6	Excluded	wrong publication type	Topical scoping review of artificial intelligence and radiomics in bladder cancer MRI, kept for context rather than as an included study.	batch-07
MED:41808601	MED	41808601	Artificial intelligence for detection, grading, and prognostication in prostate cancer pathology: A scoping review.	2026	Histol Histopathol	10.14670/hh-25-059	Excluded	wrong publication type	Topical scoping review of artificial intelligence for detection, grading, and prognosis in prostate cancer pathology, kept for context rather than as an included study.	batch-07
MED:41483979	MED	41483979	Artificial intelligence in diagnostic, prognostic, and predictive genomic biomarkers for prostate cancer: Ready for prime time?	2026	Urol Oncol	10.1016/j.urolonc.2025.12.001	Excluded	wrong publication type	Topical systematic review of artificial intelligence for genomic biomarkers in prostate cancer, kept for context rather than as an included study.	batch-07
MED:41384695	MED	41384695	Artificial intelligence in genitourinary pathology.	2026	Histopathology	10.1111/his.70020	Excluded	wrong publication type	Topical review of artificial intelligence in genitourinary pathology, kept for context rather than as an included study.	batch-07
MED:42290155	MED	42290155	Artificial intelligence in kidney cancer: a review of clinical applications across the disease spectrum.	2026	Curr Opin Urol	10.1097/mou.0000000000001416	Excluded	wrong publication type	Topical review of artificial intelligence applications across the kidney cancer care spectrum, kept for context rather than as an included study.	batch-07
MED:41208283	MED	41208283	Artificial intelligence in kidney disease and dialysis: from data mining to clinical impact.	2026	Curr Opin Nephrol Hypertens	10.1097/mnh.0000000000001132	Excluded	wrong publication type	Review of artificial intelligence in non-neoplastic kidney disease and dialysis, not a primary genitourinary oncology study.	batch-07
MED:42582183	MED	42582183	Artificial intelligence in prostate biopsy: diagnostic applications, risk stratification, and precision oncology.	2026	Front Oncol	10.3389/fonc.2026.1915581	Excluded	wrong publication type	Topical review of artificial intelligence for prostate biopsy detection, grading, and risk stratification, kept for context rather than as an included study.	batch-07
MED:42545470	MED	42545470	Artificial intelligence in the radiologic diagnosis of major urological cancers: a meta-analysis.	2026	World J Urol	10.1007/s00345-026-06635-3	Excluded	wrong publication type	Topical meta-analysis of artificial intelligence for radiologic diagnosis of major urological cancers, kept for context rather than as an included study.	batch-07
MED:41800500	MED	41800500	Artificial intelligence in urological malignancy diagnosis and prognosis: current status and future prospects.	2026	Can J Urol	10.32604/cju.2026.076084	Excluded	wrong publication type	Topical review of artificial intelligence for diagnosis and prognosis of prostate, bladder, and kidney cancers, kept for context rather than as an included study.	batch-07
MED:41423376	MED	41423376	Artificial intelligence-driven prostate cancer diagnosis: Enhancing accuracy and personalizing patient care.	2026	Urol Oncol	10.1016/j.urolonc.2025.11.013	Excluded	wrong publication type	Topical narrative review of artificial intelligence for prostate cancer imaging and pathology diagnosis, kept for context rather than as an included study.	batch-07
MED:42506161	MED	42506161	B-Mode Ultrasound Radiomics for Differentiating Benign and Malignant Small Hyperechoic Renal Masses: An Exploratory Single-Center Experience.	2026	J Imaging	10.3390/jimaging12070315	Included		B-mode ultrasound radiomics separates small hyperechoic renal cell carcinomas from angiomyolipomas, with first-order variance reaching an AUC of 0.837.	batch-07
MED:41398999	MED	41398999	Biparametric MRI-Based Habitat Analysis Integrated With Deep Learning for Predicting Clinically Significant Prostate Cancer in PI-RADS Category 3 Lesions.	2026	J Magn Reson Imaging	10.1002/jmri.70205	Included		Habitat deep-learning features from biparametric MRI predict clinically significant prostate cancer in PI-RADS 3 lesions, with an external combined-model AUC of 0.949.	batch-07
MED:42315441	MED	42315441	"Bridging the Gap from ""Paper"" to ""Patient"": An Overview and Quality Assessment of PET/CT-Based Radiomics for Prostate Cancer Using the Updated RQS 2.0."	2026	Acad Radiol	10.1016/j.acra.2026.05.016	Excluded	wrong publication type	Topical systematic review scoring the methodological quality of PET radiomics studies in prostate cancer, kept for context rather than as an included study.	batch-07
MED:42512891	MED	42512891	CT-Based Radiomics for Prediction of Molecular Markers in Clear Cell Renal Cell Carcinoma: A Comprehensive Review.	2026	Medicina (Kaunas)	10.3390/medicina62071349	Excluded	wrong publication type	Topical review of CT radiomics for predicting molecular markers in clear cell renal cell carcinoma, kept for context rather than as an included study.	batch-07
MED:42279340	MED	42279340	CT-Based Radiomics in the Characterization of Solid Renal Tumors: A Systematic Review.	2026	Cancers (Basel)	10.3390/cancers18111758	Excluded	wrong publication type	Topical systematic review of CT radiomics for characterizing solid renal tumors, kept for context rather than as an included study.	batch-07
MED:42317355	MED	42317355	CT-based radiogenomic prediction of ICAM1 and RAET1E as biomarkers of NK cytotoxicity in clear cell renal cell carcinoma.	2026	Front Immunol	10.3389/fimmu.2026.1773251	Included		CT radiomics estimates ICAM1 and RAET1E expression as natural-killer cytotoxicity biomarkers in clear cell renal cell carcinoma, with accuracies of 76.9% and 73.1%.	batch-07
MED:42431796	MED	42431796	"Clinical-Radiomics Model Based on T2-Weighted and Diffusion-Weighted Magnetic Resonance Images on Predicting ""Double Gray Zone"" Prostate Cancer of PSA and PI-RADS."	2026	Acad Radiol	10.1016/j.acra.2026.06.033	Included		A T2-weighted and diffusion radiomics signature identifies prostate cancer in the PSA and PI-RADS double gray zone, with a validation combined-model AUC of 0.867.	batch-07
MED:42034832	MED	42034832	Combined radiomics, PI-RADS, and clinical model improve significant prostate cancer prediction and guide biopsy decision.	2026	Insights Imaging	10.1186/s13244-026-02295-4	Included		Handcrafted MRI radiomics discriminates significant prostate cancer and, combined with PI-RADS and clinical variables, reaches a validation AUC of 0.891.	batch-07
MED:41892194	MED	41892194	Current Applications and Future Directions of Artificial Intelligence in Prostate Cancer Diagnosis: A Narrative Review.	2026	Curr Oncol	10.3390/curroncol33030166	Excluded	wrong publication type	Topical narrative review of artificial intelligence in prostate cancer diagnosis, kept for context rather than as an included study.	batch-07
MED:42247403	MED	42247403	Deep learning models built from PSMA PET of the primary tumor can predict synchronous and metachronous prostate cancer metastases.	2026	PLoS One	10.1371/journal.pone.0349825	Included		A convolutional network trained on primary-tumor PSMA PET uptake predicts synchronous and metachronous prostate cancer metastases, with a multimodal AUC of 0.82.	batch-07
MED:41756314	MED	41756314	Developing an interpretable clinical-radiomics machine learning model using whole transition zone MRI analysis for improving diagnosis of transition zone prostate cancer.	2026	Front Oncol	10.3389/fonc.2026.1716482	Included		An MRI radiomics model derived a transition-zone signature that distinguished prostate cancer from benign hyperplasia, with AUCs reported.	batch-08
MED:42214056	MED	42214056	Development and External Validation of a Machine Learning-Based Risk Classification Score for Prostate Cancer-Specific Cardiovascular Risk.	2026	JCO Oncol Pract	10.1200/op-26-00131	Excluded	wrong intervention	The score predicts cardiovascular events from established variables such as age, smoking, and Gleason score and does not discover a new cancer biomarker.	batch-08
MED:41760414	MED	41760414	Development and Validation of Radiomics and Clinical Models for Predicting Gleason Grades in Prostate Cancer Across Tumor Subregions and Clinical Factors: A Dual-Center Study.	2026	Acad Radiol	10.1016/j.acra.2026.02.006	Included		A dual-center radiomics signature predicted high versus low Gleason grade in prostate cancer, with an external AUC reported.	batch-08
MED:41972042	MED	41972042	Development and validation of a deep learning radiomics model for predicting capsular invasion in small renal masses: a multicenter retrospective study.	2026	Quant Imaging Med Surg	10.21037/qims-2025-1-2539	Included		A CT deep-learning radiomics model predicted renal capsular invasion in small renal masses, with an external AUC reported.	batch-08
MED:42293856	MED	42293856	Development and validation of a machine learning-based radiomics model using 45-keV virtual monoenergetic images for differentiating fat-poor angiomyolipoma from clear cell renal cell carcinoma.	2026	Transl Androl Urol	10.21037/tau-2026-1-0020	Included		A machine-learning radiomics signature on virtual monoenergetic CT differentiated fat-poor angiomyolipoma from clear-cell renal cell carcinoma, with a validation AUC reported.	batch-08
MED:41839858	MED	41839858	Development and validation of machine learning prognostic models for overall survival in non-surgical prostate cancer patients with bone metastases.	2026	Aging Male	10.1080/13685538.2026.2644725	Excluded	wrong intervention	Overall survival was modeled from established clinical factors such as Gleason score, stage, and age, without a new biomarker.	batch-08
MED:41937989	MED	41937989	Diagnostic performance of magnetic resonance imaging-based radiomics for detecting prostate cancer: A systematic review and meta-analysis.	2026	World J Radiol	10.4329/wjr.v18.i3.116826	Excluded	wrong publication type	This is a topical systematic review and meta-analysis of MRI radiomics for prostate cancer detection, kept for context and not as an included study.	batch-08
MED:41546827	MED	41546827	Diagnostic performance of radiomics for detecting and characterising upper tract urothelial carcinoma (UTUC): a systematic review.	2026	World J Urol	10.1007/s00345-026-06191-w	Excluded	wrong publication type	This is a topical systematic review of radiomics for upper-tract urothelial carcinoma, kept for context and not as an included study.	batch-08
MED:41639828	MED	41639828	Differentiation of venous thrombus consistency in patients with renal cell carcinoma using volumetric analysis of computed tomography first-order radiomic features.	2026	BMC Cancer	10.1186/s12885-026-15700-4	Excluded	wrong intervention	Venous-thrombus consistency was linked to univariate CT density statistics, without a machine-learning or feature-selection radiomics model.	batch-08
MED:41698677	MED	41698677	Digital pathology-based artificial intelligence algorithms in prostate cancer: inside the 'black box'.	2026	BJU Int	10.1111/bju.70164	Excluded	wrong publication type	This is a topical review of digital-pathology artificial intelligence in prostate cancer, kept for context and not as an included study.	batch-08
MED:42668540	MED	42668540	Enhanced CT-based deep learning radiomics for bladder cancer prognosis.	2026	Mil Med Res	10.1016/j.mmr.2026.100065	Excluded	wrong publication type	Full text is a commentary on another group's bladder CT model, not a primary study.	maybe_ft_2026-09-23
MED:42049617	MED	42049617	Evaluating Clinically Significant Prostate Cancer with Pathology-Registered Radiomics: A Multi-Reader Assessment Using Lesion Diameter-based Simplified Segmentations on MRI.	2026	Acad Radiol	10.1016/j.acra.2026.04.017	Included		A pathology-registered MRI radiomics signature detected clinically significant prostate cancer, with AUC reported.	batch-08
MED:42122046	MED	42122046	Explainable Machine Learning-Based Overall Survival Classification in Prostate Adenocarcinoma Using Integrated Clinical and Transcriptomic Features.	2026	Diagnostics (Basel)	10.3390/diagnostics16091345	Excluded	wrong intervention	Survival classification reused established clinical and precomputed molecular scores, including progression-free survival and hypoxia scores, rather than a newly derived biomarker.	batch-08
PPR:PPR1150475	PPR	PPR1150475	Explainable and Visualizable Machine Learning Model Development and Validation for 5-Year Postoperative Survival Prediction in Prostate Cancer Patients Aged ≥ 65 Years	2026		10.21203/rs.3.rs-8665949/v1	Excluded	wrong intervention	Five-year postoperative survival was predicted from routine laboratory and clinicopathologic variables such as PSA, Gleason score, and stage, without a new biomarker.	batch-08
MED:42082925	MED	42082925	Explainable and visualizable machine learning model development and validation for 5-year postoperative survival prediction in prostate cancer patients aged ≥ 65 years.	2026	BMC Geriatr	10.1186/s12877-026-07551-2	Excluded	wrong intervention	Five-year postoperative survival was predicted from routine laboratory and clinicopathologic variables such as PSA, Gleason score, and stage, without a new biomarker.	batch-08
MED:41427530	MED	41427530	Ferroptosis in renal cell carcinoma: integrative multi-omics insights and therapeutic perspectives.	2026	Int J Surg	10.1097/js9.0000000000004583	Excluded	wrong publication type	This is a topical review of ferroptosis and multi-omics in renal cell carcinoma, kept for context and not as an included study.	batch-08
MED:42294344	MED	42294344	From AI-based image analysis to surgical decision support in prostate cancer: interdisciplinary application of the international radiomics platform.	2026	Front Oncol	10.3389/fonc.2026.1816463	Included		MRI radiomics models were developed and tested for extracapsular extension and surgical-margin risk in prostate cancer, with AUCs reported.	batch-08
MED:41969325	MED	41969325	From prostate-specific antigen to precision: The future of prostate cancer diagnosis with artificial intelligence, biomarkers, and imaging.	2026	Curr Urol	10.1097/cu9.0000000000000326	Excluded	wrong publication type	This is a topical review of artificial intelligence, biomarkers, and imaging for prostate cancer diagnosis, kept for context and not as an included study.	batch-08
MED:41547629	MED	41547629	Generalizable Deep Learning for Prostate Cancer Risk Stratification: Multicenter Study Integrating &lt;sup&gt;18&lt;/sup&gt;F-PSMA-1007 PET/CT and mpMRI.	2026	Acad Radiol	10.1016/j.acra.2025.12.050	Excluded	wrong outcome	A deep-learning classifier predicted known labels of ISUP grade, extracapsular extension, and margins from PET/MRI without deriving a biomarker signature.	batch-08
MED:42012493	MED	42012493	Habitat-based radiomics-clinical analysis for early prediction of bladder cancer recurrence: a retrospective cohort study.	2026	Abdom Radiol (NY)	10.1007/s00261-026-05516-y	Included		A habitat radiomics signature predicted bladder cancer recurrence, with a validation AUC reported.	batch-08
MED:42419189	MED	42419189	Identification and verification of immunogenic cell death-related signatures derived from bone metastasis of prostate cancer based on multi-omics and machine learning algorithms.	2026	Comput Biol Chem	10.1016/j.compbiolchem.2026.109230	Included		Machine learning derived an eight-gene immunogenic-cell-death signature associated with prognosis and immunotherapy response in metastatic prostate cancer.	batch-08
MED:41882722	MED	41882722	In-silico study of machine learning discovers de novo lipogenesis for predicting prognosis and immunotherapy responses in kidney renal clear cell carcinoma.	2026	Biol Direct	10.1186/s13062-026-00757-9	Included		A machine-learning de novo lipogenesis gene score predicted survival and immunotherapy response in clear-cell renal cell carcinoma, with C-index and AUC reported.	batch-08
MED:41882853	MED	41882853	Integrating Artificial Intelligence into Prostate MR Imaging: Technical Foundations, Clinical Applications, and Workflow Implications.	2026	Magn Reson Med Sci	10.2463/mrms.rev.2025-0209	Excluded	wrong publication type	This is a topical narrative review of artificial intelligence for prostate MRI detection, segmentation, and workflow, kept for context and not as an included study.	batch-08
MED:41390951	MED	41390951	Integrating artificial intelligence across the bladder cancer continuum: progress, promise, and pitfalls.	2026	Expert Rev Anticancer Ther	10.1080/14737140.2025.2604617	Excluded	wrong publication type	This is a topical review of artificial intelligence across the bladder cancer care pathway, kept for context and not as an included study.	batch-08
MED:41706814	MED	41706814	Integrating machine learning and Mendelian randomization for identifying genetic biomarkers in bladder cancer: implications for early diagnosis and targeted therapies.	2026	Int J Surg	10.1097/js9.0000000000003833	Included		Machine learning on human bladder cancer transcriptomes prioritized FAM107A as a diagnostic genetic biomarker, with AUC reported.	batch-08
MED:42625671	MED	42625671	Integrating single-cell analysis and machine learning algorithms to explore lactylation-related molecular mechanisms and therapeutic responses in clear cell renal cell carcinoma and identifying CDT1 as a potential biomarker.	2026	Front Endocrinol (Lausanne)	10.3389/fendo.2026.1883553	Included		Machine learning built a 13-gene lactylation signature for prognosis and treatment response in clear-cell renal cell carcinoma and nominated CDT1.	batch-08
MED:41268830	MED	41268830	Integrative Deep Learning from H&amp;E Images Reveals Prognostically Distinct Pathology-Based Subtypes in Bladder Cancer.	2026	Curr Cancer Drug Targets	10.2174/0115680096434051251113094536	Included		Deep-learning features from bladder cancer histology defined pathomic subtypes with distinct survival and molecular profiles.	batch-08
MED:41203263	MED	41203263	Integrative Machine Learning Model Leveraging DCE-MRI and PSA Values for Advanced Risk Stratification in Prostate Cancer.	2026	J Clin Ultrasound	10.1002/jcu.70129	Excluded	wrong intervention	The model combines established DCE-MRI pharmacokinetic parameters with PSA to predict ISUP grade and does not discover a new biomarker.	batch-08
MED:42251607	MED	42251607	Integrative multi-omics identifies a glycosylation-based prognostic framework and nominates ALG3 for targeted therapy in bladder cancer.	2026	Discov Oncol	10.1007/s12672-026-05387-1	Included		LASSO derived a nine-gene glycosylation signature that stratified bladder cancer survival, with AUC reported, and nominated ALG3.	batch-08
MED:42406147	MED	42406147	Interpretable machine learning model of contrast-enhanced CT radiomics for predicting post-BCG recurrence in high-grade non-muscle-invasive bladder cancer.	2026	World J Urol	10.1007/s00345-026-06595-8	Included		A contrast-enhanced CT radiomics score predicted five-year recurrence after BCG in high-grade non-muscle-invasive bladder cancer, with AUC reported.	batch-08
MED:41549273	MED	41549273	Interpretable machine learning using CT radiomics predicts pathological upgrading after secondary resection in non-muscle-invasive bladder cancer.	2026	BMC Cancer	10.1186/s12885-026-15554-w	Included		A CT radiomics model predicted pathologic upgrading after repeat resection of non-muscle-invasive bladder cancer, with internal and external AUCs reported.	batch-08
MED:41711878	MED	41711878	MRI-based habitat radiomics for assessing synchronous metastatic risk in renal cell carcinoma: a multicenter study.	2026	Abdom Radiol (NY)	10.1007/s00261-026-05422-3	Included		An MRI habitat radiomics signature assessed synchronous metastatic risk in renal cell carcinoma, with external AUC reported.	batch-08
MED:41768252	MED	41768252	Machine learning approaches for predicting progression in hormone-sensitive prostate cancer patients.	2026	Front Oncol	10.3389/fonc.2026.1704671	Excluded	wrong intervention	Progression to castration resistance was predicted from baseline clinical data, without discovery of a new biomarker.	batch-08
MED:41809788	MED	41809788	Machine learning identifies a DNA repair-related risk model for bladder cancer and functionally characterizes ZWINT as a potential oncogenic factor.	2026	Transl Androl Urol	10.21037/tau-2025-710	Included		Machine learning derived a DNA-repair gene risk score that stratified bladder cancer survival and treatment response and highlighted ZWINT.	batch-08
MED:42164390	MED	42164390	Machine learning integration of multi-omics data develops a sarcomatoid-related renal cell carcinoma score (SARS) for prognosis stratification and guiding therapy.	2026	Transl Androl Urol	10.21037/tau-2025-1-905	Included		A machine-learning multi-omics score from sarcomatoid-associated genes stratified survival and therapy benefit in clear-cell renal cell carcinoma.	batch-08
MED:42240645	MED	42240645	Machine learning of multiparametric MRI radiomics preoperatively distinguishes testicular seminoma from non-seminoma: a multicenter study.	2026	Abdom Radiol (NY)	10.1007/s00261-026-05550-w	Included		An MRI radiomics signature distinguished testicular seminoma from non-seminoma, with an external AUC reported.	batch-08
MED:41568074	MED	41568074	Machine learning-based multi-class classification of bladder pathologies using fused 3D CT radiomic and 3D auto-encoder deep features.	2026	Eur J Radiol Open	10.1016/j.ejro.2026.100728	Included		LASSO-selected CT radiomic and deep features formed a signature that classified bladder cancer among other bladder pathologies, with AUROCs reported.	batch-08
MED:42582947	MED	42582947	Machine learning-derived mast cell-associated angiogenesis features can serve as prognostic targets for clear cell renal cell carcinoma.	2026	Transl Androl Urol	10.21037/tau-2026-0248	Included		Machine learning derived a mast-cell angiogenesis score with reported prognostic accuracy in clear-cell renal cell carcinoma and nominated TIMP1 and EMCN.	batch-08
MED:42412916	MED	42412916	Magnetic Resonance Imaging-Based Artificial Intelligence in Predicting Prostate Cancer Biochemical Recurrence: Systematic Review and Meta-Analysis.	2026	J Med Internet Res	10.2196/85360	Excluded	wrong publication type	This is a topical systematic review and meta-analysis of MRI-based artificial intelligence for biochemical recurrence, kept for context and not as an included study.	batch-08
MED:41231645	MED	41231645	Mapping the application landscape of artificial intelligence in prostate cancer: a global bibliometric analysis.	2026	Int J Surg	10.1097/js9.0000000000003828	Excluded	wrong publication type	This is a bibliometric survey of artificial intelligence in prostate cancer, kept for context and not as an included primary study.	batch-08
MED:42702836	MED	42702836	Multi-Omics Integration Identifies a Five-Gene Metabolic Signature With Experimental Validation in Clear Cell Renal Cell Carcinoma.	2026	Cancer Rep (Hoboken)	10.1002/cnr2.70673	Included		A machine-learning model prioritized a five-gene metabolic signature that predicted clear-cell renal cell carcinoma outcome beyond clinical stage.	batch-08
MED:41846032	MED	41846032	Multi-omics analysis and preliminary experimental validation of acetyl tributyl citrate (ATBC) promoting bladder cancer progression via the AKR1B1/EMT axis.	2026	Environ Pollut	10.1016/j.envpol.2026.127970	Excluded	wrong intervention	AKR1B1 was prioritized by target prediction, differential expression, and docking, without a stated machine-learning biomarker model.	batch-08
MED:41790354	MED	41790354	Multi-omics analysis suggests ZDHHC18 as a potential risk factor for clear cell renal cell carcinoma linked to myeloid DC morphology.	2026	Discov Oncol	10.1007/s12672-026-04627-8	Excluded	wrong intervention	ZDHHC18 was linked to clear-cell renal cell carcinoma by differential expression and Mendelian randomization, without a machine-learning signature.	batch-08
MED:41411923	MED	41411923	Multi-omics characterization identifies AHCY as a prognostic biomarker driving immunometabolic reprogramming in bladder cancer.	2026	Transl Oncol	10.1016/j.tranon.2025.102652	Excluded	wrong intervention	AHCY was associated with bladder cancer survival by multi-omics correlation and Cox analysis, without a machine-learning discovery model.	batch-08
MED:41863682	MED	41863682	Multi-omics profiling identifies ectopic olfactory receptors as putative drivers of tumor progression and prognostic indicators in clear cell renal cell carcinoma.	2026	Clin Exp Med	10.1007/s10238-026-02118-2	Excluded	wrong intervention	Olfactory-receptor associations and clustering in clear-cell renal cell carcinoma are described without a stated machine-learning or feature-selection model.	batch-08
MED:42283020	MED	42283020	Multicenter Study Suggests Unsupervised Learning Derived From MRI Identifies Prognostic Subgroups in Prostate Cancer Patients After Prostatectomy.	2026	Radiol Res Pract	10.1155/rrp/6424056	Included		Unsupervised learning on MRI radiomics and clinical features defined prognostic subgroups after prostatectomy, with C-indices above standard risk models.	batch-08
MED:42635792	MED	42635792	Multimodal artificial intelligence in prostate cancer: integrating multiparametric MRI with clinicopathological, molecular, and functional imaging data.	2026	Abdom Radiol (NY)	10.1007/s00261-026-05723-7	Excluded	wrong publication type	This is a topical review of multimodal artificial intelligence in prostate cancer imaging, kept for context and not as an included study.	batch-08
MED:42052446	MED	42052446	Multimodal artificial intelligence in urologic precision oncology: from algorithm to translational medicine (a systemized narrative review).	2026	Front Oncol	10.3389/fonc.2026.1763359	Excluded	wrong publication type	This is a topical narrative review of multimodal artificial intelligence in prostate, bladder, and kidney cancer, kept for context and not as an included study.	batch-08
MED:42250604	MED	42250604	Multimodal artificial intelligence prediction of abiraterone efficacy in two STAMPEDE phase III trials of nonmetastatic very high-risk prostate cancer.	2026	Ann Oncol	10.1016/j.annonc.2026.05.708	Excluded	wrong intervention	The analysis applies a previously locked digital-pathology score together with PSA, stage, and age, rather than discovering a new biomarker.	batch-08
MED:42625638	MED	42625638	Multimodal deep learning for prediction of postoperative recurrence in clear cell renal cell carcinoma: a clinical-radiologic-pathologic approach.	2026	Front Oncol	10.3389/fonc.2026.1831252	Included		A fused radiomics and deep-learning signature predicted five-year recurrence after surgery for clear-cell renal cell carcinoma, with AUROC reported.	batch-08
MED:42366825	MED	42366825	Multiomics empowers predictive drug resistance in advanced prostate cancer.	2026	Urologia	10.1177/03915603261457521	Excluded	wrong publication type	This is a topical review of multiomics and drug resistance in advanced prostate cancer, kept for context and not as an included study.	batch-08
MED:41491739	MED	41491739	Multiphase CT-Based Tumor and Peritumoral Radiomics for Characterization of Clear Cell Renal Cell Carcinoma.	2026	J Imaging Inform Med	10.1007/s10278-025-01797-9	Included		CT radiomics of the tumor predicted stage, grade, and aggressiveness in clear-cell renal cell carcinoma, with AUCs reported.	batch-08
MED:42265018	MED	42265018	Multiscale Prediction of Tumor Micronecrosis and Progression in Clear Cell Renal Cell Carcinoma Based on Artificial Intelligence: A Multicenter Cohort Study.	2026	Acad Radiol	10.1016/j.acra.2026.04.051	Included		A stacked radiomics and deep-learning signature predicted tumor micronecrosis and progression in clear-cell renal cell carcinoma, with test-set AUC reported.	batch-08
MED:42415786	MED	42415786	NephroNet: a calibration-aware, patient-disjoint benchmark for multiclass kidney CT classification with a compact depthwise-separable CNN.	2026	Front Med (Lausanne)	10.3389/fmed.2026.1827704	Excluded	wrong outcome	NephroNet is an end-to-end CNN that classifies kidney CT as normal, cyst, tumor, or stone and does not derive a biomarker.	batch-08
MED:40495027	MED	40495027	Non-invasive prediction of nuclear grade in renal cell carcinoma using CT-Based radiomics: a systematic review and meta-analysis.	2026	Abdom Radiol (NY)	10.1007/s00261-025-05056-x	Excluded	wrong publication type	This is a topical systematic review and meta-analysis of CT radiomics for renal cell carcinoma nuclear grade, kept for context and not as an included study.	batch-08
MED:41513575	MED	41513575	Noninvasive Prediction of Perineural Invasion and Lymphovascular Invasion in Prostate Cancer Using bpMRI Radiomic Signatures.	2026	Acad Radiol	10.1016/j.acra.2025.11.033	Included		Biparametric MRI radiomic signatures predicted perineural and lymphovascular invasion in prostate cancer, with external AUCs reported.	batch-08
MED:41741858	MED	41741858	Optimizing renal mass histology prediction with artificial intelligence using handcrafted radiomics.	2026	World J Urol	10.1007/s00345-026-06296-2	Included		A handcrafted CT radiomics model distinguished clear-cell renal cell carcinoma from other renal-mass histologies, with hold-out AUC reported.	batch-08
MED:41943522	MED	41943522	Outsmarting Metastatic Prostate Cancer: Integration of Imaging, Liquid Biopsies and Biomarkers With Artificial Intelligence.	2026	Technol Cancer Res Treat	10.1177/15330338261440434	Excluded	wrong publication type	This is a topical review of imaging, liquid biopsy, and artificial intelligence in metastatic prostate cancer, kept for context and not as an included study.	batch-08
MED:41975810	MED	41975810	Peritumoral Fat Radiomics for Dual Prediction of TNM Stage and Histological Grade in Clear Cell Renal Cell Carcinoma: Discovery of Target-Specific Optimal Imaging Distances.	2026	Diagnostics (Basel)	10.3390/diagnostics16071099	Included		Peritumoral-fat radiomics signatures predicted TNM stage and histologic grade in clear-cell renal cell carcinoma, with AUCs reported.	batch-08
MED:42488630	MED	42488630	Perspective on the integration of radiomics and spatial omics in the analysis of the tumor microenvironment of bladder cancer and prospects for precision diagnosis and treatment.	2026	Front Immunol	10.3389/fimmu.2026.1821743	Excluded	wrong publication type	This is a topical review of radiomics and spatial omics in the bladder cancer microenvironment, kept for context and not as an included study.	batch-08
PPR:PPR1154772	PPR	PPR1154772	Predicting Response to Neoadjuvant Hormonal Therapy and Prognostic Outcomes in High-Risk Prostate Cancer Using MRI-Based Radiomics	2026		10.21203/rs.3.rs-8655062/v1	Included		An MRI radiomics signature predicted pathologic response to neoadjuvant hormonal therapy in high-risk prostate cancer and was associated with disease-free survival.	batch-08
MED:42016705	MED	42016705	Predicting recurrence of prostate cancer after radical treatment using AI models based on PET/CT radiomics: a dual-center study.	2026	Front Oncol	10.3389/fonc.2026.1733046	Included		PET/CT radiomics models predicted prostate cancer recurrence after radical treatment, with the best model reporting an AUC of 0.910.	batch-08
MED:41667901	MED	41667901	Predicting renal-cell carcinoma recurrence after partial nephrectomy: a CT-radiomics approach.	2026	Int Urol Nephrol	10.1007/s11255-026-05048-w	Included		A CT radiomics model predicted renal cell carcinoma recurrence after partial nephrectomy, with ROC-AUC reported.	batch-08
MED:42050490	MED	42050490	Predicting response to neoadjuvant hormonal therapy and prognostic outcomes in high-risk prostate cancer using MRI-based radiomics.	2026	BMC Cancer	10.1186/s12885-026-16015-0	Included		An MRI radiomics signature predicted complete response to neoadjuvant hormonal therapy in high-risk prostate cancer and was associated with disease-free survival.	batch-08
MED:41779635	MED	41779635	Prediction of Distant Metastasis in Renal Cell Carcinoma Using Machine Learning Algorithms: A Multicenter Cohort Study.	2026	Cancer Control	10.1177/10732748261432272	Excluded	wrong intervention	Full text: predictors are registry variables (race, sex, age, marital status, size, histology, grade, TNM, surgery). Same study as preprint PPR:PPR1101152.	maybe_ft_2026-09-23
MED:42501097	MED	42501097	Preoperative prediction of positive surgical margins in prostate cancer using multimodal deep learning model: a multicenter study.	2026	Abdom Radiol (NY)	10.1007/s00261-026-05672-1	Included		A multicenter deep-learning model derived an MRI imaging signature that predicted positive surgical margins, with external AUC reported.	batch-08
MED:42404222	MED	42404222	Radiomics and deep learning in upper tract urothelial carcinoma: advancing preoperative risk stratification and clinical decision-making.	2026	Front Oncol	10.3389/fonc.2026.1838755	Excluded	wrong publication type	This is a topical narrative review of radiomics and deep learning in upper-tract urothelial carcinoma, kept for context and not as an included study.	batch-08
MED:41520314	MED	41520314	Radiomics as a tool for predicting biochemical recurrence after total prostatectomy: a systematic review and meta-analysis.	2026	Int Urol Nephrol	10.1007/s11255-026-05011-9	Excluded	wrong publication type	This is a topical systematic review and meta-analysis of radiomics for biochemical recurrence after prostatectomy, kept for context and not as an included study.	batch-08
MED:41627644	MED	41627644	Radiomics to Differentiate Renal Oncocytoma from Clear Cell Renal Cell Carcinoma on Contrast-Enhanced CT: A Preliminary Study.	2026	J Imaging Inform Med	10.1007/s10278-026-01851-0	Included		A multiphase CT radiomics classifier differentiated renal oncocytoma from clear-cell renal cell carcinoma, with AUC above 0.9.	batch-08
MED:42415871	MED	42415871	Radiomics-based interpretable machine learning model from multiphasic CT imaging for predicting pathological grade in upper tract urothelial carcinoma: a multicenter study.	2026	Front Oncol	10.3389/fonc.2026.1844559	Included		A multiphasic CT radiomics model predicted pathologic grade in upper-tract urothelial carcinoma, with a test-set AUC reported.	batch-08
MED:40646324	MED	40646324	Radiomics-based tumor heterogeneity augments clinicopathological models for predicting recurrence in high-risk clear cell renal cell carcinoma after nephrectomy.	2026	Abdom Radiol (NY)	10.1007/s00261-025-05108-2	Included		A CT radiomics heterogeneity signature improved prediction of recurrence after nephrectomy for high-risk clear-cell renal cell carcinoma, with time-dependent AUCs reported.	batch-08
MED:40753031	MED	40753031	Shaping the Future of Personalized Therapy in Bladder Cancer Using Artificial Intelligence.	2026	Eur Urol Focus	10.1016/j.euf.2025.07.011	Excluded	wrong publication type	This is a topical mini-review of artificial intelligence for personalized bladder cancer therapy, kept for context and not as an included study.	batch-08
MED:42449671	MED	42449671	The Central Role of Imaging in Renal Cell Carcinoma: A Comprehensive Review of Tumor Aggressiveness, Histology, and Radiomics.	2026	Cancers (Basel)	10.3390/cancers18132129	Excluded	wrong publication type	This is a topical review of CT imaging and radiomics for renal cell carcinoma aggressiveness and histology, kept for context and not as an included study.	batch-08
MED:42003902	MED	42003902	The Quartet of Core Oncogenic Drivers in Neuroendocrine Prostate Cancer: Multi-Omics Dataset Integration to Forge a Translational Link Between Biology and Precision Therapy.	2026	Int J Biol Sci	10.7150/ijbs.129521	Excluded	wrong publication type	This is a topical review of neuroendocrine prostate cancer biology, kept for context and not as an included study.	batch-08
MED:42188703	MED	42188703	The Role of Artificial Intelligence in the Characterization and Outcome Prediction of Prostate Cancer: A Systematic Review.	2026	Tomography	10.3390/tomography12050062	Excluded	wrong publication type	This is a topical systematic review of artificial intelligence for prostate cancer characterization and outcome prediction, kept for context and not as an included study.	batch-08
MED:42129415	MED	42129415	The impact of tissue detection on diagnostic artificial intelligence algorithms in prostate digital pathology.	2026	Sci Rep	10.1038/s41598-026-52148-9	Excluded	wrong outcome	The study compares tissue-detection methods for a Gleason-grading algorithm and does not derive a biomarker.	batch-08
MED:40760335	MED	40760335	The state of the art in artificial intelligence and digital pathology in prostate cancer.	2026	Nat Rev Urol	10.1038/s41585-025-01070-2	Excluded	wrong publication type	This is a topical review of artificial intelligence and digital pathology in prostate cancer, kept for context and not as an included study.	batch-08
MED:41186168	MED	41186168	Towards Precision Oncology: A New Predictive Machine Learning Model for Early Progression to Castration Resistant Prostate Cancer.	2026	Prostate	10.1002/pros.70088	Not_recovered		Full text not recovered 2026-09-23. No open-access PDF (Wiley, The Prostate).	maybe_ft_2026-09-23
MED:41352233	MED	41352233	Tumor and Perirenal Adipose Tissue Radiomic Models for Pathological T-Stage Prediction and Biological Exploration in Clear Cell Renal Cell Carcinoma.	2026	Eur J Radiol	10.1016/j.ejrad.2025.112592	Included		Combined tumor and perirenal-fat radiomics predicted pathologic T stage in clear-cell renal cell carcinoma, with external AUC reported.	batch-08
MED:42443785	MED	42443785	Unlocking the prognostic power of pathomics in bladder cancer: a machine learning odyssey across multiple centers.	2026	BMC Med Imaging	10.1186/s12880-026-02353-9	Included		A multicenter pathomic fingerprint from bladder cancer histology was associated with prognosis, with C-indices reported.	batch-08
MED:42567887	MED	42567887	Urinary volatilomics using liquid-liquid extraction and gas chromatography-mass spectrometry (GC-MS) combined with machine learning algorithms as a tool for diagnosis and surveillance of urothelial bladder cancer.	2026	BJC Rep	10.1038/s44276-026-00244-8	Included		Machine learning selected an eight-metabolite urinary volatilomic panel for bladder cancer diagnosis, with AUROC reported.	batch-08
MED:42142521	MED	42142521	Use of Artificial Intelligence in prostate MRI: A rapid scoping review highlighting limited evidence in screening context.	2026	Eur J Radiol	10.1016/j.ejrad.2026.112930	Excluded	wrong publication type	This is a topical scoping review of artificial intelligence for prostate MRI in screening, kept for context and not as an included study.	batch-08
MED:41289721	MED	41289721	mpMRI-based interpretable machine learning model for predicting castration-resistant prostate cancer risk.	2026	Eur J Radiol	10.1016/j.ejrad.2025.112521	Included		An mpMRI radiomics model predicted progression to castration-resistant prostate cancer, with internal and external AUCs reported.	batch-08
MED:19945780	MED	19945780	Novel use of a combined artificial intelligence approach to identify patients with noninvasive urothelial cell carcinoma of the urinary bladder who are at greatest risk for progression to muscle-invasive disease: a step forward.				Excluded	wrong publication type	Europe PMC publication type is editorial, letter, or comment.	citation_type
MED:38420669	MED	38420669	"Editorial for ""Development and Validation of Interpretable Machine Learning Models for Clinically Significant Prostate Cancer Diagnosis in Patients With Lesions of PI-RADS v2.1 Score ≥3""."				Excluded	wrong publication type	Europe PMC publication type is editorial, letter, or comment.	citation_type
MED:39095604	MED	39095604	From data to decisions: deep learning is shaping prostate cancer diagnostics.				Excluded	wrong publication type	Europe PMC publication type is editorial, letter, or comment.	citation_type
MED:40266714	MED	40266714	Beyond the &lt;i&gt;AJR&lt;/i&gt;: Artificial Intelligence for CT Characterization of Benign Indolent, Malignant Indolent, and Malignant Aggressive Renal Masses.				Excluded	wrong publication type	Europe PMC publication type is editorial, letter, or comment.	citation_type
MED:42203611	MED	42203611	Re: Navid Roessler, Marcin Miszczyk, Keiichiro Miyajima, et al. Harnessing Artificial Intelligence for Risk Stratification and Outcome Prediction in Urologic Cancers: A Systematic Review. Eur Urol Focus 2025; S2405-4569(25)00362-1. In press. http://dx.doi.org/10.1016/j.euf.2025.12.007.				Excluded	wrong publication type	Europe PMC publication type is editorial, letter, or comment.	citation_type
