source	ext_id	title	pub_year	journal	authors	citation_type	direction	n_seeds	seed_record_ids	dedup_status	matched_record_id	pcc_gu	pcc_ai	pcc_pass
MED	1604756	Segmenting ultrasound images of the prostate using neural networks.	1992	Ultrason Imaging	Prater JS, Richard WD.	JOURNAL ARTICLE	backward	1	REC-AIBIOGU-000629	new		yes	yes	yes
MED	9683301	Neural network analysis of combined conventional and experimental prognostic markers in prostate cancer: a pilot study.	1998	Br J Cancer	Naguib RN, Robinson MC, Neal DE, Hamdy FC.	JOURNAL ARTICLE	backward	1	REC-AIBIOGU-000629	new		yes	yes	yes
MED	9679892	Novel staging tool for localized prostate cancer: a pilot study using genetic adaptive neural networks.	1998	J Urol	Tewari A, Narayan P.	JOURNAL ARTICLE	backward	1	REC-AIBIOGU-000629	new		yes	yes	yes
MED	11113746	A neural network predicts progression for men with gleason score 3+4 versus 4+3 tumors after radical prostatectomy.	2000	Urology	Han M, Snow PB, Epstein JI, Chan TY, Jones KA, Walsh PC, Partin AW.	JOURNAL ARTICLE	backward	1	REC-AIBIOGU-000629	new		yes	yes	yes
MED	11185421	Machine learning for survival analysis: a case study on recurrence of prostate cancer.	2000	Artif Intell Med	Zupan B, Demsar J, Kattan MW, Beck JR, Bratko I.	JOURNAL ARTICLE	backward	1	REC-AIBIOGU-000012	new		yes	yes	yes
MED	10647699	Neural network analysis of clinicopathological and molecular markers in bladder cancer.	2000	J Urol	Qureshi KN, Naguib RN, Hamdy FC, Neal DE, Mellon JK.	JOURNAL ARTICLE	backward	1	REC-AIBIOGU-000629	new		yes	yes	yes
MED	11113747	Performance of a neural network in detecting prostate cancer in the prostate-specific antigen reflex range of 2.5 to 4.0 ng/mL.	2000	Urology	Babaian RJ, Fritsche H, Ayala A, Bhadkamkar V, Johnston DA, Naccarato W, Zhang Z.	JOURNAL ARTICLE	backward	1	REC-AIBIOGU-000629	new		yes	yes	yes
MED	11248624	Artificial neural network model for the assessment of lymph node spread in patients with clinically localized prostate cancer.	2001	Urology	Batuello JT, Gamito EJ, Crawford ED, Han M, Partin AW, McLeod DG, ODonnell C.	JOURNAL ARTICLE	backward	1	REC-AIBIOGU-000629	new		yes	yes	yes
		Evaluation of artificial neural networks for the prediction of pathologic stage in prostate carcinoma	2001	Cancer	Han		backward	1	REC-AIBIOGU-000629	new		yes	yes	yes
MED	11790278	Genetic adaptive neural network to predict biochemical failure after radical prostatectomy: a multi-institutional study.	2001	Mol Urol	Tewari A, Issa M, El-Galley R, Stricker H, Peabody J, Pow-Sang J, Shukla A, Wajsman Z, Rubin M, Wei J, Montie J, Demers R, Johnson CC, Lamerato L, Divine GW, Crawford ED, Gamito EJ, Farah R, Narayan P, Carlson G, Menon M.	JOURNAL ARTICLE	backward	1	REC-AIBIOGU-000629	new		yes	yes	yes
MED	12012294	Artificial neural networks for diagnosis and prognosis in prostate cancer.	2002	Semin Urol Oncol	Schwarzer G, Schumacher M.	JOURNAL ARTICLE	backward	1	REC-AIBIOGU-000629	new		yes	yes	yes
MED	12508689	Neural network-based segmentation and classification system for automated grading of histologic sections of bladder carcinoma.	2002	Anal Quant Cytol Histol	Spyridonos P, Cavouras D, Ravazoula P, Nikiforidis G.	JOURNAL ARTICLE	backward	1	REC-AIBIOGU-000629	new		yes	yes	yes
MED	11844812	Novel artificial neural network for early detection of prostate cancer.	2002	J Clin Oncol	Djavan B, Remzi M, Zlotta A, Seitz C, Snow P, Marberger M.	JOURNAL ARTICLE	backward	1	REC-AIBIOGU-000629	new		yes	yes	yes
MED	12946746	An artificial neural network to predict the outcome of repeat prostate biopsies.	2003	Urology	Remzi M, Anagnostou T, Ravery V, Zlotta A, Stephan C, Marberger M, Djavan B.	JOURNAL ARTICLE	backward	1	REC-AIBIOGU-000629	new		yes	yes	yes
MED	14519642	Artificial intelligence in predicting bladder cancer outcome: a comparison of neuro-fuzzy modeling and artificial neural networks.	2003	Clin Cancer Res	Catto JW, Linkens DA, Abbod MF, Chen M, Burton JL, Feeley KM, Hamdy FC.	JOURNAL ARTICLE	backward	1	REC-AIBIOGU-000629	new		yes	yes	yes
MED	16985612	Artificial neural networks for decision-making in urologic oncology.	2003	Rev Urol	Anagnostou T, Remzi M, Djavan B.	JOURNAL ARTICLE	backward	1	REC-AIBIOGU-000629	new		yes	yes	yes
MED	14989489	Classification of prostatic carcinoma with artificial neural networks using comparative genomic hybridization and quantitative stereological data.	2003	Pathol Res Pract	Mattfeldt T, Gottfried HW, Wolter H, Schmidt V, Kestler HA, Mayer J.	JOURNAL ARTICLE	backward	1	REC-AIBIOGU-000629	new		yes	yes	yes
MED	14606364	Combining artificial neural networks and transrectal ultrasound in the diagnosis of prostate cancer.	2003	Oncology (Williston Park)	Porter CR, Crawford ED.	JOURNAL ARTICLE	backward	1	REC-AIBIOGU-000629	new		yes	yes	yes
MED	12576812	Neural network using combined urine nuclear matrix protein-22, monocyte chemoattractant protein-1 and urinary intercellular adhesion molecule-1 to detect bladder cancer.	2003	J Urol	Parekattil SJ, Fisher HA, Kogan BA.	JOURNAL ARTICLE	backward	1	REC-AIBIOGU-000629	new		yes	yes	yes
MED	14518736	Neural network-based assessment of prognostic markers and outcome prediction in bilharziasis-associated bladder cancer.	2003	IEEE Trans Inf Technol Biomed	Ji W, Naguib RN, Ghoneim MA.	JOURNAL ARTICLE	backward	1	REC-AIBIOGU-000629	new		yes	yes	yes
		Urinary bladder tumor grade diagnosis using on-line trained neural networks	2003		Tasoulis		backward	1	REC-AIBIOGU-000629	new		yes	yes	yes
MED	15596191	Preoperative neural network using combined magnetic resonance imaging variables, prostate-specific antigen, and gleason score for predicting prostate cancer biochemical recurrence after radical prostatectomy.	2004	Urology	Poulakis V, Witzsch U, de Vries R, Emmerlich V, Meves M, Altmannsberger HM, Becht E.	JOURNAL ARTICLE	backward	1	REC-AIBIOGU-000629	new		yes	yes	yes
MED	15066290	Use of artificial neural networks to predict biological outcomes for patients receiving radical radiotherapy of the prostate.	2004	Radiother Oncol	Gulliford SL, Webb S, Rowbottom CG, Corne DW, Dearnaley DP.	JOURNAL ARTICLE	backward	1	REC-AIBIOGU-000629	new		yes	yes	yes
MED	19945780	Novel use of a combined artificial intelligence approach to identify patients with noninvasive urothelial cell carcinoma of the urinary bladder who are at greatest risk for progression to muscle-invasive disease: a step forward.	2010	Eur Urol	DeGraff DJ.	comment; editorial	forward	1	REC-AIBIOGU-000370	new		yes	yes	yes
MED	22056212	Outcome assessment of patients with metastatic renal cell carcinoma under systemic therapy using artificial neural networks.	2012	Clin Genitourin Cancer	Buchner A, Kendlbacher M, Nuhn P, Tüllmann C, Haseke N, Stief CG, Staehler M.	clinical trial; journal article	forward	1	REC-AIBIOGU-000370	new		yes	yes	yes
MED	26441442	MAPS: A Quantitative Radiomics Approach for Prostate Cancer Detection.	2015	IEEE Trans Biomed Eng	Cameron A, Khalvati F, Haider MA, Wong A.	JOURNAL ARTICLE	backward	1	REC-AIBIOGU-000148	new		yes	yes	yes
MED	26362074	Machine learning approaches to analyze histological images of tissues from radical prostatectomies.	2015	Comput Med Imaging Graph	Gertych A, Ing N, Ma Z, Fuchs TJ, Salman S, Mohanty S, Bhele S, Velasquez-Vacca A, Amin MB, Knudsen BS.	JOURNAL ARTICLE	backward	1	REC-AIBIOGU-000623	new		yes	yes	yes
MED	27542201	An imaging-based approach predicts clinical outcomes in prostate cancer through a novel support vector machine classification.	2016	Oncotarget	Zhang YD, Wang J, Wu CJ, Bao ML, Li H, Wang XN, Tao J, Shi HB.	JOURNAL ARTICLE	backward	1	REC-AIBIOGU-000623	new		yes	yes	yes
MED	29188191	Prostate cancer radiomics and the promise of radiogenomics.	2016	Transl Cancer Res	Stoyanova R, Takhar M, Tschudi Y, Ford JC, Solorzano G, Erho N, Balagurunathan Y, Punnen S, Davicioni E, Gillies RJ, Pollack A.	JOURNAL ARTICLE	backward	1	REC-AIBIOGU-000102	new		yes	yes	yes
MED	26459038	Use of Artificial Intelligence and Machine Learning Algorithms with Gene Expression Profiling to Predict Recurrent Nonmuscle Invasive Urothelial Carcinoma of the Bladder.	2016	J Urol	Bartsch G, Mitra AP, Mitra SA, Almal AA, Steven KE, Skinner DG, Fry DW, Lenehan PF, Worzel WP, Cote RJ.	journal article; research support, n.i.h., extramural	forward	1	REC-AIBIOGU-000370	new		yes	yes	yes
MED	29854182	A Multi-scale U-Net for Semantic Segmentation of Histological Images from Radical Prostatectomies.	2017	AMIA Annu Symp Proc	Li J, Sarma KV, Chung Ho K, Gertych A, Knudsen BS, Arnold CW.	JOURNAL ARTICLE	backward	1	REC-AIBIOGU-000623	new		yes	yes	yes
		Nuclear architecture analysis of prostate cancer via convolutional neural networks	2017	IEEE Access	Kwak		backward	1	REC-AIBIOGU-000623	new		yes	yes	yes
MED	29133818	Searching for prostate cancer by fully automated magnetic resonance imaging classification: deep learning versus non-deep learning.	2017	Sci Rep	Wang X, Yang W, Weinreb J, Han J, Li Q, Kong X, Yan Y, Ke Z, Luo B, Liu T, Wang L.	JOURNAL ARTICLE	backward	1	REC-AIBIOGU-000623	new		yes	yes	yes
MED	30104757	Automated Gleason grading of prostate cancer tissue microarrays via deep learning.	2018	Sci Rep	Arvaniti E, Fricker KS, Moret M, Rupp N, Hermanns T, Fankhauser C, Wey N, Wild PJ, Ruschoff JH, Claassen M.	JOURNAL ARTICLE	backward	1	REC-AIBIOGU-000623	new		yes	yes	yes
MED	30167812	Clear Cell Renal Cell Carcinoma: Machine Learning-Based Quantitative Computed Tomography Texture Analysis for Prediction of Fuhrman Nuclear Grade.	2018	Eur Radiol	Bektas CT, Kocak B, Yardimci AH, Turkcanoglu MH, Yucetas U, Koca SB, Erdim C, Kilickesmez O.	JOURNAL ARTICLE	backward	1	REC-AIBIOGU-000372	new		yes	yes	yes
MED	30527316	Clear cell renal cell carcinoma: CT-based radiomics features for the prediction of Fuhrman grade.	2018	Eur J Radiol	Shu J, Tang Y, Cui J, Yang R, Meng X, Cai Z, Zhang J, Xu W, Wen D, Yin H.	JOURNAL ARTICLE	backward	1	REC-AIBIOGU-000372	new		yes	yes	yes
MED	29772101	Computer-aided diagnosis of prostate cancer on magnetic resonance imaging using a convolutional neural network algorithm.	2018	BJU Int	Ishioka J, Matsuoka Y, Uehara S, Yasuda Y, Kijima T, Yoshida S, Yokoyama M, Saito K, Kihara K, Numao N, Kimura T, Kudo K, Kumazawa I, Fujii Y.	JOURNAL ARTICLE	backward	1	REC-AIBIOGU-000194	new		yes	yes	yes
		H&E-stained whole slide image deep learning predicts SPOP mutation state in prostate cancer	2018	bioRxiv	Schaumberg		backward	1	REC-AIBIOGU-000623	new		yes	yes	yes
MED	30169514	Identifying the morphologic basis for radiomic features in distinguishing different Gleason grades of prostate cancer on MRI: Preliminary findings.	2018	PLoS One	Penzias G, Singanamalli A, Elliott R, Gollamudi J, Shih N, Feldman M, Stricker PD, Delprado W, Tiwari S, Bohm M, Haynes AM, Ponsky L, Fu P, Tiwari P, Viswanath S, Madabhushi A.	JOURNAL ARTICLE	backward	1	REC-AIBIOGU-000148	new		yes	yes	yes
MED	30332595	Prediction of prostate cancer by deep learning with multilayer artificial neural network.	2018	Can Urol Assoc J	Takeuchi T, Hattori-Kato M, Okuno Y, Iwai S, Mikami K.	JOURNAL ARTICLE	backward	1	REC-AIBIOGU-000623	new		yes	yes	yes
MED	30840728	Prostate cancer detection from multi-institution multiparametric MRIs using deep convolutional neural networks.	2018	J Med Imaging (Bellingham)	Sumathipala Y, Lay N, Turkbey B, Smith C, Choyke PL, Summers RM.	research-article; journal article	forward	1	REC-AIBIOGU-000201	new		yes	yes	yes
MED	29908785	Radio-pathomic Maps of Epithelium and Lumen Density Predict the Location of High-Grade Prostate Cancer.	2018	Int J Radiat Oncol Biol Phys	McGarry SD, Hurrell SL, Iczkowski KA, Hall W, Kaczmarowski AL, Banerjee A, Keuter T, Jacobsohn K, Bukowy JD, Nevalainen MT, Hohenwalter MD, See WA, LaViolette PS.	JOURNAL ARTICLE	backward	1	REC-AIBIOGU-000623	new		yes	yes	yes
MED	29861410	RankProd Combined with Genetic Algorithm Optimized Artificial Neural Network Establishes a Diagnostic and Prognostic Prediction Model that Revealed C1QTNF3 as a Biomarker for Prostate Cancer.	2018	EBioMedicine	Hou Q, Bing ZT, Hu C, Li MY, Yang KH, Mo Z, Xie XW, Liao JL, Lu Y, Horie S, Lou MW.	meta-analysis; research-article; journal article	forward	1	REC-AIBIOGU-000201	new		yes	yes	yes
MED	31092914	A new era: artificial intelligence and machine learning in prostate cancer.	2019	Nat Rev Urol	Goldenberg SL, Nir G, Salcudean SE.	JOURNAL ARTICLE	backward	2	REC-AIBIOGU-000194;REC-AIBIOGU-000569	new		yes	yes	yes
MED	31063138	Artificial intelligence at the intersection of pathology and radiology in prostate cancer.	2019	Diagn Interv Radiol	Harmon SA, Tuncer S, Sanford T, Choyke PL, Turkbey B.	JOURNAL ARTICLE	backward	1	REC-AIBIOGU-000194	new		yes	yes	yes
MED	30914794	Automated tumour budding quantification by machine learning augments TNM staging in muscle-invasive bladder cancer prognosis.	2019	Sci Rep	Brieu N, Gavriel CG, Nearchou IP, Harrison DJ, Schmidt G, Caie PD.	JOURNAL ARTICLE	both	2	REC-AIBIOGU-000199;REC-AIBIOGU-000623	new		yes	yes	yes
MED	30919041	CT-based machine learning model to predict the Fuhrman nuclear grade of clear cell renal cell carcinoma.	2019	Abdom Radiol (NY)	Lin F, Cui EM, Lei Y, Luo LP.	JOURNAL ARTICLE	backward	1	REC-AIBIOGU-000372	new		yes	yes	yes
MED	31756634	Clear cell renal cell carcinoma: Machine learning-based computed tomography radiomics analysis for the prediction of WHO/ISUP grade.	2019	Eur J Radiol	Shu J, Wen D, Xi Y, Xia Y, Cai Z, Xu W, Meng X, Liu B, Yin H.	JOURNAL ARTICLE	backward	1	REC-AIBIOGU-000372	new		yes	yes	yes
MED	31238766	Combination possibility and deep learning model as clinical decision-aided approach for prostate cancer.	2019	Health Informatics J	Eminaga O, Al-Hamad O, Boegemann M, Breil B, Semjonow A.	JOURNAL ARTICLE	backward	1	REC-AIBIOGU-000194	new		yes	yes	yes
MED	30848813	Comparison of Artificial Intelligence Techniques to Evaluate Performance of a Classifier for Automatic Grading of Prostate Cancer From Digitized Histopathologic Images.	2019	JAMA Netw Open	Nir G, Karimi D, Goldenberg SL, Fazli L, Skinnider BF, Tavassoli P, Turbin D, Villamil CF, Wang G, Thompson DJS, Black PC, Salcudean SE.	JOURNAL ARTICLE	backward	2	REC-AIBIOGU-000194;REC-AIBIOGU-000623	new		yes	yes	yes
MED	31557788	Connecting Histopathology Imaging and Proteomics in Kidney Cancer through Machine Learning.	2019	J Clin Med	Azuaje F, Kim SY, Perez Hernandez D, Perez Hernandez D, Dittmar G.	research-article; journal article	forward	2	REC-AIBIOGU-000563;REC-AIBIOGU-000564	new		yes	yes	yes
		Current and future applications of machine and deep learning in urology: a review of the literature on urolithiasis, renal cell carcinoma, and bladder and prostate cancer	2019	World J Urol	Suarez-Ibarrola		backward	1	REC-AIBIOGU-000623	new		yes	yes	yes
MED	31691082	Current and future applications of machine and deep learning in urology: a review of the literature on urolithiasis, renal cell carcinoma, and bladder and prostate cancer.	2019	World J Urol	Suarez-Ibarrola R, Hein S, Reis G, Gratzke C, Miernik A.	JOURNAL ARTICLE	backward	1	REC-AIBIOGU-000569	new		yes	yes	yes
MED	31219658	Current status of artificial intelligence applications in urology and their potential to influence clinical practice.	2019	BJU Int	Chen J, Remulla D, Nguyen JH, Dua A, Liu Y, Dasgupta P, Hung AJ.	review; journal article	forward	1	REC-AIBIOGU-000199	new		yes	yes	yes
MED	31098801	Deep learning for automatic Gleason pattern classification for grade group determination of prostate biopsies.	2019	Virchows Arch	Lucas M, Jansen I, Savci-Heijink CD, Meijer SL, de Boer OJ, van Leeuwen TG, de Bruin DM, Marquering HA.	JOURNAL ARTICLE	backward	1	REC-AIBIOGU-000623	new		yes	yes	yes
		Deep learning-based Gleason grading of prostate cancer from histopathology images: role of multiscale decision aggregation and data augmentation	2019	IEEE J Biomed Health Inform	Karimi		backward	1	REC-AIBIOGU-000623	new		yes	yes	yes
MED	31304394	Development and validation of a deep learning algorithm for improving Gleason scoring of prostate cancer.	2019	NPJ Digit Med	Nagpal K, Foote D, Liu Y, Chen PC, Wulczyn E, Tan F, Olson N, Smith JL, Mohtashamian A, Wren JH, Corrado GS, MacDonald R, Peng LH, Amin MB, Evans AJ, Sangoi AR, Mermel CH, Hipp JD, Stumpe MC.	JOURNAL ARTICLE	backward	1	REC-AIBIOGU-000623	new		yes	yes	yes
MED	31767543	Development of a Deep Learning Algorithm for the Histopathologic Diagnosis and Gleason Grading of Prostate Cancer Biopsies: A Pilot Study.	2019	Eur Urol Focus	Kott O, Linsley D, Amin A, Karagounis A, Jeffers C, Golijanin D, Serre T, Gershman B.	JOURNAL ARTICLE	backward	1	REC-AIBIOGU-000569	new		yes	yes	yes
		Development of a deep learning algorithm for the histopathologic diagnosis and Gleason grading of prostate cancer biopsies: a pilot study	2019	Eur Urol Focus	Kott		backward	1	REC-AIBIOGU-000623	new		yes	yes	yes
MED	30696866	Epithelium segmentation using deep learning in H&E-stained prostate specimens with immunohistochemistry as reference standard.	2019	Sci Rep	Bulten W, Bandi P, Hoven J, Loo RV, Lotz J, Weiss N, Laak JV, Ginneken BV, Hulsbergen-van de Kaa C, Litjens G.	JOURNAL ARTICLE	backward	1	REC-AIBIOGU-000623	new		yes	yes	yes
		Hybrid unified deep learning network for highly precise Gleason grading of prostate cancer	2019	Conf Proc IEEE Eng Med Biol Soc	Poojitha		backward	1	REC-AIBIOGU-000623	new		yes	yes	yes
MED	31062459	MRI-Based Radiomics Signature for the Preoperative Prediction of Extracapsular Extension of Prostate Cancer.	2019	J Magn Reson Imaging	Ma S, Xie H, Wang H, Han C, Yang J, Lin Z, Li Y, He Q, Wang R, Cui Y, Zhang X, Wang X.	JOURNAL ARTICLE	backward	2	REC-AIBIOGU-000102;REC-AIBIOGU-000148	new		yes	yes	yes
MED	31392526	Machine learning applications in prostate cancer magnetic resonance imaging.	2019	Eur Radiol Exp	Cuocolo R, Cipullo MB, Stanzione A, Ugga L, Romeo V, Radice L, Brunetti A, Imbriaco M.	JOURNAL ARTICLE	backward	2	REC-AIBIOGU-000102;REC-AIBIOGU-000148	new		yes	yes	yes
MED	31187216	Machine learning classifiers can predict Gleason pattern 4 prostate cancer with greater accuracy than experienced radiologists.	2019	Eur Radiol	Antonelli M, Johnston EW, Dikaios N, Cheung KK, Sidhu HS, Appayya MB, Giganti F, Simmons LAM, Freeman A, Allen C, Ahmed HU, Atkinson D, Ourselin S, Punwani S.	JOURNAL ARTICLE	backward	1	REC-AIBIOGU-000569	new		yes	yes	yes
MED	31808980	Multiparametric MRI-Based Radiomics for Prostate Cancer Screening With PSA in 4-10 ng/mL to Reduce Unnecessary Biopsies.	2019	J Magn Reson Imaging	Qi Y, Zhang S, Wei J, Zhang G, Lei J, Yan W, Xiao Y, Yan S, Xue H, Feng F, Sun H, Tian J, Jin Z.	JOURNAL ARTICLE	backward	1	REC-AIBIOGU-000148	new		yes	yes	yes
MED	31324828	Pan-Renal Cell Carcinoma classification and survival prediction from histopathology images using deep learning.	2019	Sci Rep	Tabibu S, Vinod PK, Jawahar CV.	JOURNAL ARTICLE	backward	2	REC-AIBIOGU-000569;REC-AIBIOGU-000623	new		yes	yes	yes
MED	31428684	Prediction of Recurrence-associated Death from Localized Prostate Cancer with a Charlson Comorbidity Index-reinforced Machine Learning Model.	2019	Open Med (Wars)	Lin YT, Lee MT, Huang YC, Liu CK, Li YT, Chen M.	JOURNAL ARTICLE	backward	1	REC-AIBIOGU-000194	new		yes	yes	yes
MED	31553660	Radiologic-Radiomic Machine Learning Models for Differentiation of Benign and Malignant Solid Renal Masses: Comparison With Expert-Level Radiologists.	2019	AJR Am J Roentgenol	Sun XY, Feng QX, Xu X, Zhang J, Zhu FP, Yang YH, Zhang YD.	JOURNAL ARTICLE	backward	1	REC-AIBIOGU-000373	new		yes	yes	yes
MED	31283771	Radiomics and machine learning of multisequence multiparametric prostate MRI: Towards improved non-invasive prostate cancer characterization.	2019	PLoS One	Toivonen J, Montoya Perez I, Movahedi P, Merisaari H, Pesola M, Taimen P, Bostrom PJ, Pohjankukka J, Kiviniemi A, Pahikkala T, Aronen HJ, Jambor I.	JOURNAL ARTICLE	backward	1	REC-AIBIOGU-000102	new		yes	yes	yes
MED	31640781	Random forest-based modelling to detect biomarkers for prostate cancer progression.	2019	Clin Epigenetics	Toth R, Schiffmann H, Hube-Magg C, Buscheck F, Hoflmayer D, Weidemann S, Lebok P, Fraune C, Minner S, Schlomm T, Sauter G, Plass C, Assenov Y, Simon R, Meiners J, Gerhauser C.	JOURNAL ARTICLE	backward	1	REC-AIBIOGU-000194	new		yes	yes	yes
MED	31850202	Study Progress of Radiomics With Machine Learning for Precision Medicine in Bladder Cancer Management.	2019	Front Oncol	Ge L, Chen Y, Yan C, Zhao P, Zhang P, A R, Liu J.	review-article; review; journal article	forward	2	REC-AIBIOGU-000365;REC-AIBIOGU-000367	new		yes	yes	yes
MED	31098732	The Classification of Renal Cancer in 3-Phase CT Images Using a Deep Learning Method.	2019	J Digit Imaging	Han S, Hwang SI, Lee HJ.	JOURNAL ARTICLE	backward	1	REC-AIBIOGU-000491	new		yes	yes	yes
MED	30973779	Unenhanced CT Texture Analysis of Clear Cell Renal Cell Carcinomas: A Machine Learning-Based Study for Predicting Histopathologic Nuclear Grade.	2019	AJR Am J Roentgenol	Kocak B, Durmaz ES, Ates E, Kaya OK, Kilickesmez O.	JOURNAL ARTICLE	backward	1	REC-AIBIOGU-000372	new		yes	yes	yes
MED	32526669	A CT-based deep learning model for predicting the nuclear grade of clear cell renal cell carcinoma.	2020	Eur J Radiol	Lin F, Ma C, Xu J, Lei Y, Li Q, Lan Y, Sun M, Long W, Cui E.	JOURNAL ARTICLE	backward	1	REC-AIBIOGU-000372	new		yes	yes	yes
MED	32468251	A CT-based radiomics model to detect prostate cancer lymph node metastases in PSMA radioguided surgery patients.	2020	Eur J Nucl Med Mol Imaging	Peeken JC, Shouman MA, Kroenke M, Rauscher I, Maurer T, Gschwend JE, Eiber M, Combs SE.	JOURNAL ARTICLE	backward	1	REC-AIBIOGU-000138	new		yes	yes	yes
MED	33235893	A review of current advancements and limitations of artificial intelligence in genitourinary cancers.	2020	Am J Clin Exp Urol	Pai RK, Van Booven DJ, Parmar M, Lokeshwar SD, Shah K, Ramasamy R, Arora H.	JOURNAL ARTICLE	backward	1	REC-AIBIOGU-000040	new		yes	yes	yes
MED	32898525	An overview of advances in multi-omics analysis in prostate cancer.	2020	Life Sci	Zhang E, Zhang M, Shi C, Sun L, Shan L, Zhang H, Song Y.	review; journal article	forward	1	REC-AIBIOGU-000197	new		yes	yes	yes
MED	32905456	Applications of radiomics in genitourinary tumors.	2020	Am J Cancer Res	Liu L, Yi X, Lu C, Qi L, Zhang Y, Li M, Xiao Q, Wang C, Zhang L, Pang Y, Wang Y, Guan X.	JOURNAL ARTICLE	both	6	REC-AIBIOGU-000365;REC-AIBIOGU-000367;REC-AIBIOGU-000368;REC-AIBIOGU-000566;REC-AIBIOGU-000695;REC-AIBIOGU-000696	new		yes	yes	yes
MED	32479253	Artificial intelligence (AI) in urology-Current use and future directions: An iTRUE study.	2020	Turk J Urol	Shah M, Naik N, Somani BK, Hameed BMZ.	review-article; review; journal article	forward	1	REC-AIBIOGU-000561	new		yes	yes	yes
MED	31833725	Artificial intelligence and neural networks in urology: current clinical applications.	2020	Minerva Urol Nefrol	Checcucci E, Autorino R, Cacciamani GE, Amparore D, De Cillis S, Piana A, Piazzolla P, Vezzetti E, Fiori C, Veneziano D, Tewari A, Dasgupta P, Hung A, Gill I, Porpiglia F, Uro-technology and SoMe Working Group of the Young Academic Urologists Working Party of the European Association of Urology.	review; journal article	forward	1	REC-AIBIOGU-000370	new		yes	yes	yes
MED	32205581	Artificial intelligence driven next-generation renal histomorphometry.	2020	Curr Opin Nephrol Hypertens	Santo BA, Rosenberg AZ, Sarder P.	research support, non-u.s. gov't; research-article; review; journal article; research support, n.i.h., extramural	forward	1	REC-AIBIOGU-000201	new		yes	yes	yes
MED	31926806	Artificial intelligence for diagnosis and grading of prostate cancer in biopsies: a population-based, diagnostic study.	2020	Lancet Oncol	Strom P, Kartasalo K, Olsson H, Solorzano L, Delahunt B, Berney DM, Bostwick DG, Evans AJ, Grignon DJ, Humphrey PA, Iczkowski KA, Kench JG, Kristiansen G, van der Kwast TH, Leite KRM, McKenney JK, Oxley J, Pan CC, Samaratunga H, Srigley JR, Takahashi H, Tsuzuki T, Varma M, Zhou M, Lindberg J, Lindskog C, Ruusuvuori P, Wahlby C, Gronberg H, Rantalainen M, Egevad L, Eklund M.	JOURNAL ARTICLE	backward	1	REC-AIBIOGU-000623	new		yes	yes	yes
MED	31901213	Automated differentiation of benign renal oncocytoma and chromophobe renal cell carcinoma on computed tomography using deep learning.	2020	BJU Int	Baghdadi A, Aldhaam NA, Elsayed AS, Hussein AA, Cavuoto LA, Kauffman E, Guru KA.	JOURNAL ARTICLE	backward	1	REC-AIBIOGU-000623	new		yes	yes	yes
MED	32222054	Deep Learning Based on MRI for Differentiation of Low- and High-Grade in Low-Stage Renal Cell Carcinoma.	2020	J Magn Reson Imaging	Zhao Y, Chang M, Wang R, Xi IL, Chang K, Huang RY, Vallieres M, Habibollahi P, Dagli MS, Palmer M, Zhang PJ, Silva AC, Yang L, Soulen MC, Zhang Z, Bai HX, Stavropoulos SW.	JOURNAL ARTICLE	backward	1	REC-AIBIOGU-000372	new		yes	yes	yes
MED	33177576	Differentiation of low and high grade renal cell carcinoma on routine MRI with an externally validated automatic machine learning algorithm.	2020	Sci Rep	Purkayastha S, Zhao Y, Wu J, Hu R, McGirr A, Singh S, Chang K, Huang RY, Zhang PJ, Silva A, Soulen MC, Stavropoulos SW, Zhang Z, Bai HX.	JOURNAL ARTICLE	backward	1	REC-AIBIOGU-000372	new		yes	yes	yes
MED	33335285	Integrative multi-omics analysis of muscle-invasive bladder cancer identifies prognostic biomarkers for frontline chemotherapy and immunotherapy.	2020	Commun Biol	Mo Q, Li R, Adeegbe DO, Peng G, Chan KS.	JOURNAL ARTICLE	backward	1	REC-AIBIOGU-000268	new		yes	yes	yes
MED	32737518	Machine learning-based analysis of [<sup>18</sup>F]DCFPyL PET radiomics for risk stratification in primary prostate cancer.	2020	Eur J Nucl Med Mol Imaging	Cysouw MCF, Jansen BHE, van de Brug T, Oprea-Lager DE, Pfaehler E, de Vries BM, van Moorselaar RJA, Hoekstra OS, Vis AN, Boellaard R.	JOURNAL ARTICLE	backward	1	REC-AIBIOGU-000138	new		yes	yes	yes
MED	32462799	Multiparametric MRI Radiomic Model for Preoperative Predicting WHO/ISUP Nuclear Grade of Clear Cell Renal Cell Carcinoma.	2020	J Magn Reson Imaging	Li Q, Liu YJ, Dong D, Bai X, Huang QB, Guo AT, Ye HY, Tian J, Wang HY.	JOURNAL ARTICLE	backward	1	REC-AIBIOGU-000372	new		yes	yes	yes
MED	32330067	Multiresolution Application of Artificial Intelligence in Digital Pathology for Prediction of Positive Lymph Nodes From Primary Tumors in Bladder Cancer.	2020	JCO Clin Cancer Inform	Harmon SA, Sanford TH, Brown GT, Yang C, Mehralivand S, Jacob JM, Valera VA, Shih JH, Agarwal PK, Choyke PL, Turkbey B.	JOURNAL ARTICLE	backward	1	REC-AIBIOGU-000623	new		yes	yes	yes
MED	32002635	Predicting the ISUP grade of clear cell renal cell carcinoma with multiparametric MR and multiphase CT radiomics.	2020	Eur Radiol	Cui E, Li Z, Ma C, Li Q, Lei Y, Lan Y, Yu J, Zhou Z, Li R, Long W, Lin F.	JOURNAL ARTICLE	backward	1	REC-AIBIOGU-000372	new		yes	yes	yes
MED	33374569	Preoperative Predicting the WHO/ISUP Nuclear Grade of Clear Cell Renal Cell Carcinoma by Computed Tomography-Based Radiomics Features.	2020	J Pers Med	Moldovanu CG, Boca B, Lebovici A, Tamas-Szora A, Feier DS, Crisan N, Andras I, Buruian MM.	JOURNAL ARTICLE	backward	1	REC-AIBIOGU-000372	new		yes	yes	yes
MED	31321651	Preoperative Prediction of Extracapsular Extension: Radiomics Signature Based on Magnetic Resonance Imaging to Stage Prostate Cancer.	2020	Mol Imaging Biol	Ma S, Xie H, Wang H, Yang J, Han C, Wang X, Zhang X.	JOURNAL ARTICLE	backward	2	REC-AIBIOGU-000102;REC-AIBIOGU-000148	new		yes	yes	yes
MED	32481542	Radiomics Applications in Renal Tumor Assessment: A Comprehensive Review of the Literature.	2020	Cancers (Basel)	Suarez-Ibarrola R, Basulto-Martinez M, Heinze A, Gratzke C, Miernik A.	review-article; review; journal article	forward	2	REC-AIBIOGU-000561;REC-AIBIOGU-000563	new		yes	yes	yes
MED	32060715	Radiomics of computed tomography and magnetic resonance imaging in renal cell carcinoma-a systematic review and meta-analysis.	2020	Eur Radiol	Ursprung S, Beer L, Bruining A, Woitek R, Stewart GD, Gallagher FA, Sala E.	JOURNAL ARTICLE	backward	1	REC-AIBIOGU-000148	new		yes	yes	yes
MED	33254045	Radiomics-based machine learning model to predict risk of death within 5-years in clear cell renal cell carcinoma patients.	2020	Comput Biol Med	Nazari M, Shiri I, Zaidi H.	JOURNAL ARTICLE	backward	1	REC-AIBIOGU-000372	new		yes	yes	yes
MED	32208009	Three-Dimensional Convolutional Neural Network for Prostate MRI Segmentation and Comparison of Prostate Volume Measurements by Use of Artificial Neural Network and Ellipsoid Formula.	2020	AJR Am J Roentgenol	Lee DK, Sung DJ, Kim CS, Heo Y, Lee JY, Park BJ, Kim MJ.	JOURNAL ARTICLE	backward	1	REC-AIBIOGU-000012	new		yes	yes	yes
MED	31664486	Value of radiomics in differential diagnosis of chromophobe renal cell carcinoma and renal oncocytoma.	2020	Abdom Radiol (NY)	Li Y, Huang X, Xia Y, Long L.	JOURNAL ARTICLE	backward	1	REC-AIBIOGU-000569	new		yes	yes	yes
MED	35096579	A Novel Machine Learning Algorithm Combined With Multivariate Analysis for the Prognosis of Renal Collecting Duct Carcinoma.	2021	Front Oncol	Wei L, Huang Y, Chen Z, Li J, Huang G, Qin X, Cui L, Zhuo Y.	research-article; journal article	forward	1	REC-AIBIOGU-000352	new		yes	yes	yes
MED	34294092	A systematic review of the applications of Expert Systems (ES) and machine learning (ML) in clinical urology.	2021	BMC Med Inform Decis Mak	Salem H, Soria D, Lund JN, Awwad A.	research-article; systematic review; journal article	forward	1	REC-AIBIOGU-000370	new		yes	yes	yes
MED	33798819	Application of deep learning as a noninvasive tool to differentiate muscle-invasive bladder cancer and non-muscle-invasive bladder cancer with CT.	2021	Eur J Radiol	Yang Y, Zou X, Wang Y, Ma X.	journal article	forward	1	REC-AIBIOGU-000365	new		yes	yes	yes
MED	33965983	Applications of artificial intelligence in prostate cancer imaging.	2021	Curr Opin Urol	Baltzer PAT, Clauser P.	review; journal article	forward	1	REC-AIBIOGU-000191	new		yes	yes	yes
MED	34073627	Artificial Intelligence Based Algorithms for Prostate Cancer Classification and Detection on Magnetic Resonance Imaging: A Narrative Review.	2021	Diagnostics (Basel)	Twilt JJ, van Leeuwen KG, Huisman HJ, Fütterer JJ, de Rooij M.	review-article; review; journal article	forward	1	REC-AIBIOGU-000190	new		yes	yes	yes
MED	34722318	Artificial Intelligence Combined With Big Data to Predict Lymph Node Involvement in Prostate Cancer: A Population-Based Study.	2021	Front Oncol	Wei L, Huang Y, Chen Z, Lei H, Qin X, Cui L, Zhuo Y.	JOURNAL ARTICLE	backward	1	REC-AIBIOGU-000138	new		yes	yes	yes
MED	34282762	Artificial Intelligence Compared to Radiologists for the Initial Diagnosis of Prostate Cancer on Magnetic Resonance Imaging: A Systematic Review and Recommendations for Future Studies.	2021	Cancers (Basel)	Syer T, Mehta P, Antonelli M, Mallett S, Atkinson D, Ourselin S, Punwani S.	JOURNAL ARTICLE	backward	1	REC-AIBIOGU-000102	new		yes	yes	yes
MED	33925767	Artificial Intelligence and Its Impact on Urological Diseases and Management: A Comprehensive Review of the Literature.	2021	J Clin Med	Hameed BMZ, S Dhavileswarapu AVL, Raza SZ, Karimi H, Khanuja HS, Shetty DK, Ibrahim S, Shah MJ, Naik N, Paul R, Rai BP, Somani BK.	review-article; review; journal article	forward	1	REC-AIBIOGU-000199	new		yes	yes	yes
MED	33672608	Artificial Intelligence and Machine Learning in Prostate Cancer Patient Management-Current Trends and Future Perspectives.	2021	Diagnostics (Basel)	Tataru OS, Vartolomei MD, Rassweiler JJ, Virgil O, Lucarelli G, Porpiglia F, Amparore D, Manfredi M, Carrieri G, Falagario U, Terracciano D, de Cobelli O, Busetto GM, Del Giudice F, Ferro M.	JOURNAL ARTICLE	backward	1	REC-AIBIOGU-000569	new		yes	yes	yes
MED	34024704	Artificial intelligence in urological oncology: An update and future applications.	2021	Urol Oncol	Brodie A, Dai N, Teoh JY, Decaestecker K, Dasgupta P, Vasdev N.	JOURNAL ARTICLE	both	4	REC-AIBIOGU-000365;REC-AIBIOGU-000368;REC-AIBIOGU-000561;REC-AIBIOGU-000569	new		yes	yes	yes
MED	34018011	Artificial intelligence is a promising prospect for the detection of prostate cancer extracapsular extension with mpMRI: a two-center comparative study.	2021	Eur J Nucl Med Mol Imaging	Hou Y, Zhang YH, Bao J, Bao ML, Yang G, Shi HB, Song Y, Zhang YD.	JOURNAL ARTICLE	backward	1	REC-AIBIOGU-000148	new		yes	yes	yes
MED	33915698	Assessment of Immunological Features in Muscle-Invasive Bladder Cancer Prognosis Using Ensemble Learning.	2021	Cancers (Basel)	Gavriel CG, Dimitriou N, Brieu N, Nearchou IP, Arandjelović O, Schmidt G, Harrison DJ, Caie PD.	research-article; journal article	forward	1	REC-AIBIOGU-000199	new		yes	yes	yes
MED	34075559	Bi-parametric magnetic resonance imaging based radiomics for the identification of benign and malignant prostate lesions: cross-vendor validation.	2021	Phys Eng Sci Med	Ji X, Zhang J, Shi W, He D, Bao J, Wei X, Huang Y, Liu Y, Chen JC, Gao X, Tang Y, Xia W.	journal article	forward	1	REC-AIBIOGU-000184	new		yes	yes	yes
MED	33427908	CT-based peritumoral radiomics signatures for malignancy grading of clear cell renal cell carcinoma.	2021	Abdom Radiol (NY)	Zhou Z, Qian X, Hu J, Ma X, Zhou S, Dai Y, Zhu J.	JOURNAL ARTICLE	backward	1	REC-AIBIOGU-000372	new		yes	yes	yes
MED	33585193	Computed Tomography Radiomics for Predicting Pathological Grade of Renal Cell Carcinoma.	2021	Front Oncol	Yi X, Xiao Q, Zeng F, Yin H, Li Z, Qian C, Wang C, Lei G, Xu Q, Li C, Li M, Gong G, Zee C, Guan X, Liu L, Chen BT.	JOURNAL ARTICLE	backward	1	REC-AIBIOGU-000372	new		yes	yes	yes
MED	33718124	Computed Tomography-Based Radiomics Model for Predicting the WHO/ISUP Grade of Clear Cell Renal Cell Carcinoma Preoperatively: A Multicenter Study.	2021	Front Oncol	Wang R, Hu Z, Shen X, Wang Q, Zhang L, Wang M, Feng Z, Chen F.	JOURNAL ARTICLE	backward	1	REC-AIBIOGU-000372	new		yes	yes	yes
MED	34210685	Deciphering Intratumoral Molecular Heterogeneity in Clear Cell Renal Cell Carcinoma with a Radiogenomics Platform.	2021	Clin Cancer Res	Udayakumar D, Zhang Z, Xi Y, Dwivedi DK, Fulkerson M, Haldeman S, McKenzie T, Yousuf Q, Joyce A, Hajibeigi A, Notgrass H, de Leon AD, Yuan Q, Lewis MA, Madhuranthakam AJ, Sibley RC, Elias R, Guo J, Christie A, McKay RM, Cadeddu JA, Bagrodia A, Margulis V, Brugarolas J, Wang T, Kapur P, Pedrosa I.	JOURNAL ARTICLE	backward	1	REC-AIBIOGU-000373	new		yes	yes	yes
MED	34178641	Deep Learning on Enhanced CT Images Can Predict the Muscular Invasiveness of Bladder Cancer.	2021	Front Oncol	Zhang G, Wu Z, Xu L, Zhang X, Zhang D, Mao L, Li X, Xiao Y, Guo J, Ji Z, Sun H, Jin Z.	research-article; journal article	forward	1	REC-AIBIOGU-000365	new		yes	yes	yes
MED	33706408	Deep learning approach to predict lymph node metastasis directly from primary tumour histology in prostate cancer.	2021	BJU Int	Wessels F, Schmitt M, Krieghoff-Henning E, Jutzi T, Worst TS, Waldbillig F, Neuberger M, Maron RC, Steeg M, Gaiser T, Hekler A, Utikal JS, von Kalle C, Frohling S, Michel MS, Nuhn P, Brinker TJ.	JOURNAL ARTICLE	backward	1	REC-AIBIOGU-000138	new		yes	yes	yes
MED	34079004	Deep learning-based classification of blue light cystoscopy imaging during transurethral resection of bladder tumors.	2021	Sci Rep	Ali N, Bolenz C, Todenhofer T, Stenzel A, Deetmar P, Kriegmair M, Knoll T, Porubsky S, Hartmann A, Popp J, Kriegmair MC, Bocklitz T.	JOURNAL ARTICLE	backward	1	REC-AIBIOGU-000268	new		yes	yes	yes
MED	34657848	Enhanced computed tomography radiomics-based machine-learning methods for predicting the Fuhrman grades of renal clear cell carcinoma.	2021	J Xray Sci Technol	Yin RH, Yang YC, Tang XQ, Shi HF, Duan SF, Pan CJ.	JOURNAL ARTICLE	backward	1	REC-AIBIOGU-000372	new		yes	yes	yes
MED	34636962	Fuhrman nuclear grade prediction of clear cell renal cell carcinoma: influence of volume of interest delineation strategies on machine learning-based dynamic enhanced CT radiomics analysis.	2021	Eur Radiol	Luo S, Wei R, Lu S, Lai S, Wu J, Wu Z, Pang X, Wei X, Jiang X, Zhen X, Yang R.	JOURNAL ARTICLE	backward	1	REC-AIBIOGU-000372	new		yes	yes	yes
MED	34117103	Future of biomarker evaluation in the realm of artificial intelligence algorithms: application in improved therapeutic stratification of patients with breast and prostate cancer.	2021	J Clin Pathol	Fitzgerald J, Higgins D, Mazo Vargas C, Watson W, Mooney C, Rahman A, Aspell N, Connolly A, Aura Gonzalez C, Gallagher W.	review; journal article	forward	1	REC-AIBIOGU-000199	new		yes	yes	yes
MED	33882560	Kidney cancer management 3.0: can artificial intelligence make us better?	2021	Curr Opin Urol	Lee M, Wei S, Anaokar J, Uzzo R, Kutikov A.	review; journal article	forward	2	REC-AIBIOGU-000555;REC-AIBIOGU-000561	new		yes	yes	yes
MED	34660276	MRI-Based Grading of Clear Cell Renal Cell Carcinoma Using a Machine Learning Classifier.	2021	Front Oncol	Chen XY, Zhang Y, Chen YX, Huang ZQ, Xia XY, Yan YX, Xu MP, Chen W, Wang XL, Chen QL.	JOURNAL ARTICLE	backward	1	REC-AIBIOGU-000372	new		yes	yes	yes
MED	34225808	MRI-based radiomics models to assess prostate cancer, extracapsular extension and positive surgical margins.	2021	Cancer Imaging	He D, Wang X, Fu C, Wei X, Bao J, Ji X, Bai H, Xia W, Gao X, Huang Y, Hou J.	JOURNAL ARTICLE	backward	1	REC-AIBIOGU-000102	new		yes	yes	yes
MED	34155265	MRI-derived radiomics model for baseline prediction of prostate cancer progression on active surveillance.	2021	Sci Rep	Sushentsev N, Rundo L, Blyuss O, Gnanapragasam VJ, Sala E, Barrett T.	research support, non-u.s. gov't; research-article; journal article	forward	1	REC-AIBIOGU-000191	new		yes	yes	yes
MED	33919237	Machine Learning for Prediction of Survival Outcomes with Immune-Checkpoint Inhibitors in Urothelial Cancer.	2021	Cancers (Basel)	Abuhelwa AY, Kichenadasse G, McKinnon RA, Rowland A, Hopkins AM, Sorich MJ.	JOURNAL ARTICLE	backward	1	REC-AIBIOGU-000258	new		yes	yes	yes
MED	34161092	Machine Learning-Enabled Renal Cell Carcinoma Status Prediction Using Multiplatform Urine-Based Metabolomics.	2021	J Proteome Res	Bifarin OO, Gaul DA, Sah S, Arnold RS, Ogan K, Master VA, Roberts DL, Bergquist SH, Petros JA, Fernandez FM, Edison AS.	JOURNAL ARTICLE	backward	1	REC-AIBIOGU-000040	new		yes	yes	yes
MED	34800179	Machine learning-based CT radiomics approach for predicting WHO/ISUP nuclear grade of clear cell renal cell carcinoma: an exploratory and comparative study.	2021	Insights Imaging	Xv Y, Lv F, Guo H, Zhou X, Tan H, Xiao M, Zheng Y.	JOURNAL ARTICLE	both	2	REC-AIBIOGU-000372;REC-AIBIOGU-000557	new		yes	yes	yes
MED	34863282	Magnetic resonance imaging-based radiomics signature for preoperative prediction of Ki67 expression in bladder cancer.	2021	Cancer Imaging	Zheng Z, Gu Z, Xu F, Maskey N, He Y, Yan Y, Xu T, Liu S, Yao X.	JOURNAL ARTICLE	both	5	REC-AIBIOGU-000274;REC-AIBIOGU-000354;REC-AIBIOGU-000365;REC-AIBIOGU-000367;REC-AIBIOGU-000368	new		yes	yes	yes
MED	34738881	Multi-Omics analysis identifies a lncRNA-related prognostic signature to predict bladder cancer recurrence.	2021	Bioengineered	Xu Z, Chen H, Sun J, Mao W, Chen S, Chen M.	research support, non-u.s. gov't; research-article; journal article	forward	1	REC-AIBIOGU-000358	new		yes	yes	yes
MED	33970517	Multiparametric Magnetic Resonance Imaging-Based Peritumoral Radiomics for Preoperative Prediction of the Presence of Extracapsular Extension With Prostate Cancer.	2021	J Magn Reson Imaging	Bai H, Xia W, Ji X, He D, Zhao X, Bao J, Zhou J, Wei X, Huang Y, Li Q, Gao X.	JOURNAL ARTICLE	backward	2	REC-AIBIOGU-000102;REC-AIBIOGU-000148	new		yes	yes	yes
MED	33652727	On Urinary Bladder Cancer Diagnosis: Utilization of Deep Convolutional Generative Adversarial Networks for Data Augmentation.	2021	Biology (Basel)	Lorencin I, Baressi Segota S, Anđelic N, Mrzljak V, Cabov T, Spanjol J, Car Z.	JOURNAL ARTICLE	backward	1	REC-AIBIOGU-000569	new		yes	yes	yes
MED	34576134	Prostate Cancer Radiogenomics-From Imaging to Molecular Characterization.	2021	Int J Mol Sci	Ferro M, de Cobelli O, Vartolomei MD, Lucarelli G, Crocetto F, Barone B, Sciarra A, Del Giudice F, Muto M, Maggi M, Carrieri G, Busetto GM, Falagario U, Terracciano D, Cormio L, Musi G, Tataru OS.	JOURNAL ARTICLE	both	2	REC-AIBIOGU-000040;REC-AIBIOGU-000190	new		yes	yes	yes
MED	34733275	Radiogenomics Map Reveals the Landscape of m6A Methylation Modification Pattern in Bladder Cancer.	2021	Front Immunol	Ye F, Hu Y, Gao J, Liang Y, Liu Y, Ou Y, Cheng Z, Jiang H.	research support, non-u.s. gov't; research-article; journal article	forward	1	REC-AIBIOGU-000365	new		yes	yes	yes
MED	33615528	Radiomics Analysis Based on Ultrasound Images to Distinguish the Tumor Stage and Pathological Grade of Bladder Cancer.	2021	J Ultrasound Med	Gao RZ, Wen R, Wen DY, Huang J, Qin H, Li X, Wang XR, He Y, Yang H.	randomized controlled trial; journal article	forward	2	REC-AIBIOGU-000365;REC-AIBIOGU-000368	new		yes	yes	yes
MED	34460633	Radiomics and Prostate MRI: Current Role and Future Applications.	2021	J Imaging	Cutaia G, La Tona G, Comelli A, Vernuccio F, Agnello F, Gagliardo C, Salvaggio L, Quartuccio N, Sturiale L, Stefano A, Calamia M, Arnone G, Midiri M, Salvaggio G.	review-article; review; journal article	forward	1	REC-AIBIOGU-000191	new		yes	yes	yes
MED	34790581	Radiomics for Identification and Prediction in Metastatic Prostate Cancer: A Review of Studies.	2021	Front Oncol	Kendrick J, Francis R, Hassan GM, Rowshanfarzad P, Jeraj R, Kasisi C, Rusanov B, Ebert M.	review-article; review; journal article	forward	1	REC-AIBIOGU-000183	new		yes	yes	yes
MED	34335978	Radiomics in prostate cancer imaging for a personalized treatment approach - current aspects of methodology and a systematic review on validated studies.	2021	Theranostics	Spohn SKB, Bettermann AS, Bamberg F, Benndorf M, Mix M, Nicolay NH, Fechter T, Hölscher T, Grosu R, Chiti A, Grosu AL, Zamboglou C.	systematic review; review-article; journal article	forward	2	REC-AIBIOGU-000190;REC-AIBIOGU-000191	new		yes	yes	yes
MED	33762138	Radiomics-based model for predicting pathological complete response to neoadjuvant chemotherapy in muscle-invasive bladder cancer.	2021	Clin Radiol	Choi SJ, Park KJ, Heo C, Park BW, Kim M, Kim JK.	JOURNAL ARTICLE	backward	1	REC-AIBIOGU-000274	new		yes	yes	yes
MED	34422643	Robust Prognostic Subtyping of Muscle-Invasive Bladder Cancer Revealed by Deep Learning-Based Multi-Omics Data Integration.	2021	Front Oncol	Zhang X, Wang J, Lu J, Su L, Wang C, Huang Y, Zhang X, Zhu X.	JOURNAL ARTICLE	backward	1	REC-AIBIOGU-000268	new		yes	yes	yes
MED	34099417	Role of Radiomics in the Prediction of Muscle-invasive Bladder Cancer: A Systematic Review and Meta-analysis.	2021	Eur Urol Focus	Kozikowski M, Suarez-Ibarrola R, Osiecki R, Bilski K, Gratzke C, Shariat SF, Miernik A, Dobruch J.	JOURNAL ARTICLE	both	4	REC-AIBIOGU-000274;REC-AIBIOGU-000365;REC-AIBIOGU-000368;REC-AIBIOGU-000372	new		yes	yes	yes
MED	34336691	Study Progress of Noninvasive Imaging and Radiomics for Decoding the Phenotypes and Recurrence Risk of Bladder Cancer.	2021	Front Oncol	Xu X, Wang H, Guo Y, Zhang X, Li B, Du P, Liu Y, Lu H.	review-article; review; journal article	forward	3	REC-AIBIOGU-000365;REC-AIBIOGU-000367;REC-AIBIOGU-000368	new		yes	yes	yes
MED	33919299	The Primacy of High B-Value 3T-DWI Radiomics in the Prediction of Clinically Significant Prostate Cancer.	2021	Diagnostics (Basel)	Bevilacqua A, Mottola M, Ferroni F, Rossi A, Gavelli G, Barone D.	research-article; journal article	forward	1	REC-AIBIOGU-000190	new		yes	yes	yes
MED	33573278	The Role of Artificial Intelligence in the Diagnosis and Prognosis of Renal Cell Tumors.	2021	Diagnostics (Basel)	Giulietti M, Cecati M, Sabanovic B, Scirè A, Cimadamore A, Santoni M, Montironi R, Piva F.	review-article; review; journal article	forward	2	REC-AIBIOGU-000555;REC-AIBIOGU-000561	new		yes	yes	yes
MED	35094674	A CT-based radiomics model for predicting renal capsule invasion in renal cell carcinoma.	2022	BMC Med Imaging	Yang L, Gao L, Arefan D, Tan Y, Dan H, Zhang J.	research support, non-u.s. gov't; research-article; journal article	forward	1	REC-AIBIOGU-000563	new		yes	yes	yes
MED	36249889	A review of artificial intelligence in prostate cancer detection on imaging.	2022	Ther Adv Urol	Bhattacharya I, Khandwala YS, Vesal S, Shao W, Yang Q, Soerensen SJC, Fan RE, Ghanouni P, Kunder CA, Brooks JD, Hu Y, Rusu M, Sonn GA.	review-article; review; journal article	forward	2	REC-AIBIOGU-000180;REC-AIBIOGU-000190	new		yes	yes	yes
MED	35311142	An Ultrasonic-Based Radiomics Nomogram for Distinguishing Between Benign and Malignant Solid Renal Masses.	2022	Front Oncol	Li C, Qiao G, Li J, Qi L, Wei X, Zhang T, Li X, Deng S, Wei X, Ma W.	JOURNAL ARTICLE	backward	1	REC-AIBIOGU-000373	new		yes	yes	yes
MED	35494065	Application Value of Radiomic Nomogram in the Differential Diagnosis of Prostate Cancer and Hyperplasia.	2022	Front Oncol	Gui S, Lan M, Wang C, Nie S, Fan B.	research-article; journal article	forward	1	REC-AIBIOGU-000190	new		yes	yes	yes
MED	36245985	Artificial Intelligence Meets Whole Slide Images: Deep Learning Model Shapes an Immune-Hot Tumor and Guides Precision Therapy in Bladder Cancer.	2022	J Oncol	Jiang Y, Huang S, Zhu X, Cheng L, Cheng L, Liu W, Chen Q, Yang D.	research-article; journal article	forward	1	REC-AIBIOGU-000526	new		yes	yes	yes
MED	34877870	Artificial Intelligence for Automated Cancer Detection on Prostate MRI: Opportunities and Ongoing Challenges, From the <i>AJR</i> Special Series on AI Applications.	2022	AJR Am J Roentgenol	Turkbey B, Haider MA.	review; journal article	forward	1	REC-AIBIOGU-000180	new		yes	yes	yes
MED	35430139	Artificial intelligence in prostate cancer: Definitions, current research, and future directions.	2022	Urol Oncol	George RS, Htoo A, Cheng M, Masterson TM, Huang K, Adra N, Kaimakliotis HZ, Akgul M, Cheng L.	journal article	forward	1	REC-AIBIOGU-000180	new		yes	yes	yes
MED	35065220	Artificial intelligence: A promising frontier in bladder cancer diagnosis and outcome prediction.	2022	Crit Rev Oncol Hematol	Borhani S, Borhani R, Kajdacsy-Balla A.	review; journal article	forward	2	REC-AIBIOGU-000356;REC-AIBIOGU-000367	new		yes	yes	yes
MED	36230788	CD8A as a Prognostic and Immunotherapy Predictive Biomarker Can Be Evaluated by MRI Radiomics Features in Bladder Cancer.	2022	Cancers (Basel)	Zheng Z, Guo Y, Huang X, Liu J, Wang R, Qiu X, Liu S.	research-article; journal article	forward	1	REC-AIBIOGU-000354	new		yes	yes	yes
MED	35064316	CT-based radiomics to predict muscle invasion in bladder cancer.	2022	Eur Radiol	Zhang G, Wu Z, Zhang X, Xu L, Mao L, Li X, Xiao Y, Ji Z, Sun H, Jin Z.	journal article	forward	1	REC-AIBIOGU-000365	new		yes	yes	yes
MED	36249050	CT-based transformer model for non-invasively predicting the Fuhrman nuclear grade of clear cell renal cell carcinoma.	2022	Front Oncol	Yang M, He X, Xu L, Liu M, Deng J, Cheng X, Wei Y, Li Q, Wan S, Zhang F, Wu L, Wang X, Song B, Liu M.	JOURNAL ARTICLE	backward	1	REC-AIBIOGU-000372	new		yes	yes	yes
MED	35520623	Classification of retinoblastoma-1 gene mutation with machine learning-based models in bladder cancer.	2022	Heliyon	İnce O, Yıldız H, Kisbet T, Ertürk ŞM, Önder H.	research-article; journal article	forward	1	REC-AIBIOGU-000367	new		yes	yes	yes
MED	36294928	Comparative Performance of Deep Learning and Radiologists for the Diagnosis and Localization of Clinically Significant Prostate Cancer at MRI: A Systematic Review.	2022	Life (Basel)	Roest C, Fransen SJ, Kwee TC, Yakar D.	review-article; review; journal article	forward	1	REC-AIBIOGU-000180	new		yes	yes	yes
MED	35347462	Comparative performance of fully-automated and semi-automated artificial intelligence methods for the detection of clinically significant prostate cancer on MRI: a systematic review.	2022	Insights Imaging	Sushentsev N, Moreira Da Silva N, Yeung M, Barrett T, Sala E, Roberts M, Rundo L.	review-article; review; journal article	forward	1	REC-AIBIOGU-000180	new		yes	yes	yes
MED	35740487	Computational Detection of Extraprostatic Extension of Prostate Cancer on Multiparametric MRI Using Deep Learning.	2022	Cancers (Basel)	Moroianu ŞL, Bhattacharya I, Seetharaman A, Shao W, Kunder CA, Sharma A, Ghanouni P, Fan RE, Sonn GA, Rusu M.	research-article; journal article	forward	1	REC-AIBIOGU-000191	new		yes	yes	yes
MED	36727079	Construction and prognostic value of enhanced CT image omics model for noninvasive prediction of HRG in bladder cancer based on logistic regression and support vector machine algorithm.	2022	Front Oncol	Li Q, Luo Y, Liu D, Li B, Liu Y, Wang T.	research-article; journal article	forward	1	REC-AIBIOGU-000351	new		yes	yes	yes
MED	34935652	Deep Learning Algorithm for Fully Automated Detection of Small (≤4 cm) Renal Cell Carcinoma in Contrast-Enhanced Computed Tomography Using a Multicenter Database.	2022	Invest Radiol	Toda N, Hashimoto M, Arita Y, Haque H, Akita H, Akashi T, Gobara H, Nishie A, Yakami M, Nakamoto A, Watadani T, Oya M, Jinzaki M.	JOURNAL ARTICLE	backward	1	REC-AIBIOGU-000372	new		yes	yes	yes
MED	35681555	Deep Learning Using CT Images to Grade Clear Cell Renal Cell Carcinoma: Development and Validation of a Prediction Model.	2022	Cancers (Basel)	Xu L, Yang C, Zhang F, Cheng X, Wei Y, Fan S, Liu M, He X, Deng J, Xie T, Wang X, Liu M, Song B.	JOURNAL ARTICLE	backward	1	REC-AIBIOGU-000372	new		yes	yes	yes
MED	36271252	Deep learning diagnostics for bladder tumor identification and grade prediction using RGB method.	2022	Sci Rep	Yoo JW, Koo KC, Chung BH, Baek SY, Lee SJ, Park KH, Lee KS.	JOURNAL ARTICLE	backward	1	REC-AIBIOGU-000268	new		yes	yes	yes
MED	35140147	Detection of ISUP ≥2 prostate cancers using multiparametric MRI: prospective multicentre assessment of the non-inferiority of an artificial intelligence system as compared to the PI-RADS V.2.1 score (CHANGE study).	2022	BMJ Open	Rouviere O, Souchon R, Lartizien C, Mansuy A, Magaud L, Colom M, Dubreuil-Chambardel M, Debeer S, Jaouen T, Duran A, Rippert P, Riche B, Monini C, Vlaeminck-Guillem V, Haesebaert J, Rabilloud M, Crouzet S.	JOURNAL ARTICLE	backward	1	REC-AIBIOGU-000012	new		yes	yes	yes
MED	34289319	Development and validation of a multiparametric MRI-based radiomics signature for distinguishing between indolent and aggressive prostate cancer.	2022	Br J Radiol	Zhang L, Jiang D, Chen C, Yang X, Lei H, Kang Z, Huang H, Pang J.	research-article; validation study; journal article	forward	3	REC-AIBIOGU-000190;REC-AIBIOGU-000201;REC-AIBIOGU-000368	new		yes	yes	yes
MED	35697856	Differentiating renal epithelioid angiomyolipoma from clear cell carcinoma: using a radiomics model combined with CT imaging characteristics.	2022	Abdom Radiol (NY)	Kim TM, Ahn H, Lee HJ, Kim MG, Cho JY, Hwang SI, Kim SY.	journal article	forward	1	REC-AIBIOGU-000547	new		yes	yes	yes
MED	35066342	Discriminating malignant from benign testicular masses using machine-learning based radiomics signature of appearance diffusion coefficient maps: Comparing with conventional mean and minimum ADC values.	2022	Eur J Radiol	Fan C, Sun K, Min X, Cai W, Lv W, Ma X, Li Y, Chen C, Zhao P, Qiao J, Lu J, Guo Y, Xia L.	JOURNAL ARTICLE	both	2	REC-AIBIOGU-000585;REC-AIBIOGU-000695	new		yes	yes	yes
MED	35865467	Evaluation of the Efficiency of MRI-Based Radiomics Classifiers in the Diagnosis of Prostate Lesions.	2022	Front Oncol	Li L, Gu L, Kang B, Yang J, Wu Y, Liu H, Lai S, Wu X, Jiang J.	research-article; journal article	forward	2	REC-AIBIOGU-000176;REC-AIBIOGU-000191	new		yes	yes	yes
MED	35719972	Feasibility Study on Predicting Recurrence Risk of Bladder Cancer Based on Radiomics Features of Multiphase CT Images.	2022	Front Oncol	Qian J, Yang L, Hu S, Gu S, Ye J, Li Z, Du H, Shen H.	JOURNAL ARTICLE	both	3	REC-AIBIOGU-000274;REC-AIBIOGU-000367;REC-AIBIOGU-000368	new		yes	yes	yes
MED	35219511	Hyperechoic Renal Masses: Differentiation of Angiomyolipomas from Renal Cell Carcinomas using Tumor Size and Ultrasound Radiomics.	2022	Ultrasound Med Biol	Habibollahi P, Sultan LR, Bialo D, Nazif A, Faizi NA, Sehgal CM, Chauhan A.	JOURNAL ARTICLE	backward	1	REC-AIBIOGU-000373	new		yes	yes	yes
MED	35204380	Machine Learning in Prostate MRI for Prostate Cancer: Current Status and Future Opportunities.	2022	Diagnostics (Basel)	Li H, Lee CH, Chia D, Lin Z, Huang W, Tan CH.	review-article; review; journal article	forward	2	REC-AIBIOGU-000178;REC-AIBIOGU-000191	new		yes	yes	yes
MED	35524940	Machine learning diagnosis by immunoglobulin N-glycan signatures for precision diagnosis of urological diseases.	2022	Cancer Sci	Iwamura H, Mizuno K, Akamatsu S, Hatakeyama S, Tobisawa Y, Narita S, Narita T, Yamashita S, Kawamura S, Sakurai T, Fujita N, Kodama H, Noro D, Kakizaki I, Nakaji S, Itoh K, Tsuchiya N, Ito A, Habuchi T, Ohyama C, Yoneyama T.	research-article; journal article	forward	1	REC-AIBIOGU-000356	new		yes	yes	yes
MED	35523484	Machine learning in predicting extracapsular extension (ECE) of prostate cancer with MRI: a protocol for a systematic literature review.	2022	BMJ Open	Guerra A, Negrao E, Papanikolaou N, Donato H.	JOURNAL ARTICLE	backward	1	REC-AIBIOGU-000102	new		yes	yes	yes
MED	35066631	Malignancy risk stratification of cystic renal lesions based on a contrast-enhanced CT-based machine learning model and a clinical decision algorithm.	2022	Eur Radiol	Dana J, Lefebvre TL, Savadjiev P, Bodard S, Gauvin S, Bhatnagar SR, Forghani R, Helenon O, Reinhold C.	JOURNAL ARTICLE	backward	1	REC-AIBIOGU-000372	new		yes	yes	yes
MED	35743766	More than Meets the Eye: Using Textural Analysis and Artificial Intelligence as Decision Support Tools in Prostate Cancer Diagnosis-A Systematic Review.	2022	J Pers Med	Telecan T, Andras I, Crisan N, Giurgiu L, Căta ED, Caraiani C, Lebovici A, Boca B, Balint Z, Diosan L, Lupsor-Platon M.	review-article; review; journal article	forward	2	REC-AIBIOGU-000183;REC-AIBIOGU-000191	new		yes	yes	yes
MED	36544704	Multi-omics profiles refine L-dopa decarboxylase (DDC) as a reliable biomarker for prognosis and immune microenvironment of clear cell renal cell carcinoma.	2022	Front Oncol	Chang K, Su J, Li C, Anwaier A, Liu W, Xu W, Qu Y, Zhang H, Ye D.	research-article; journal article	forward	1	REC-AIBIOGU-000520	new		yes	yes	yes
MED	35198452	Multiparametric MRI and Machine Learning Based Radiomic Models for Preoperative Prediction of Multiple Biological Characteristics in Prostate Cancer.	2022	Front Oncol	Fan X, Xie N, Chen J, Li T, Cao R, Yu H, He M, Wang Z, Wang Y, Liu H, Wang H, Yin X.	JOURNAL ARTICLE	backward	1	REC-AIBIOGU-000102	new		yes	yes	yes
MED	35238971	Multiparametric MRI-based radiomics model to predict pelvic lymph node invasion for patients with prostate cancer.	2022	Eur Radiol	Zheng H, Miao Q, Liu Y, Mirak SA, Hosseiny M, Scalzo F, Raman SS, Sung K.	JOURNAL ARTICLE	backward	1	REC-AIBIOGU-000138	new		yes	yes	yes
MED	36713568	Novel, alternative splicing signature to detect lymph node metastasis in prostate adenocarcinoma with machine learning.	2022	Front Oncol	Xie P, Batur J, An X, Yasen M, Fu X, Jia L, Luo Y.	research-article; journal article	forward	1	REC-AIBIOGU-000181	new		yes	yes	yes
MED	36330197	Performance variability of radiomics machine learning models for the detection of clinically significant prostate cancer in heterogeneous MRI datasets.	2022	Quant Imaging Med Surg	Gresser E, Schachtner B, Stüber AT, Solyanik O, Schreier A, Huber T, Froelich MF, Magistro G, Kretschmer A, Stief C, Ricke J, Ingrisch M, Nörenberg D.	research-article; journal article	forward	1	REC-AIBIOGU-000190	new		yes	yes	yes
MED	34582343	Predictive radiomics signature for treatment response to nivolumab in patients with advanced renal cell carcinoma.	2022	Can Urol Assoc J	Malone ER, Sim HW, Stundzia A, Pierre S, Metser U, O'Malley M, Sacher AG, Sridhar SS, Hansen AR.	research-article; journal article	forward	1	REC-AIBIOGU-000696	new		yes	yes	yes
MED	35676445	Prostate cancer therapy personalization via multi-modal deep learning on randomized phase III clinical trials.	2022	NPJ Digit Med	Esteva A, Feng J, van der Wal D, Huang SC, Simko JP, DeVries S, Chen E, Schaeffer EM, Morgan TM, Sun Y, Ghorbani A, Naik N, Nathawani D, Socher R, Michalski JM, Roach M 3rd, Pisansky TM, Monson JM, Naz F, Wallace J, Ferguson MJ, Bahary JP, Zou J, Lungren M, Yeung S, Ross AE; NRG Prostate Cancer AI Consortium, Sandler HM, Tran PT, Spratt DE, Pugh S, Feng FY, Mohamad O, Kucharczyk M, Souhami L, Ballas L, Peters CA, Liu S, Balogh AG, Randolph-Jackson PD, Schwartz DL, Girvigian MR, Saito NG, Raben A, Rabinovitch RA, Katato K.	JOURNAL ARTICLE	backward	1	REC-AIBIOGU-000566	new		yes	yes	yes
MED	35565216	Radiogenomics in Clear Cell Renal Cell Carcinoma: A Review of the Current Status and Future Directions.	2022	Cancers (Basel)	Khaleel S, Katims A, Cumarasamy S, Rosenzweig S, Attalla K, Hakimi AA, Mehrazin R.	review-article; review; journal article	forward	2	REC-AIBIOGU-000545;REC-AIBIOGU-000563	new		yes	yes	yes
MED	35837116	Radiomic Machine Learning and External Validation Based on 3.0 T mpMRI for Prediction of Intraductal Carcinoma of Prostate With Different Proportion.	2022	Front Oncol	Yang L, Li Z, Liang X, Xu J, Cai Y, Huang C, Zhang M, Yao J, Song B.	research-article; journal article	forward	1	REC-AIBIOGU-000191	new		yes	yes	yes
MED	36139609	Radiomics for the Prediction of Overall Survival in Patients with Bladder Cancer Prior to Radical Cystectomy.	2022	Cancers (Basel)	Woznicki P, Laqua FC, Messmer K, Kunz WG, Stief C, Norenberg D, Schreier A, Wojcik J, Ruebenthaler J, Ingrisch M, Ricke J, Buchner A, Schulz GB, Gresser E.	JOURNAL ARTICLE	both	4	REC-AIBIOGU-000274;REC-AIBIOGU-000356;REC-AIBIOGU-000365;REC-AIBIOGU-000367	new		yes	yes	yes
MED	36362530	Radiomics in PI-RADS 3 Multiparametric MRI for Prostate Cancer Identification: Literature Models Re-Implementation and Proposal of a Clinical-Radiological Model.	2022	J Clin Med	Corsi A, De Bernardi E, Bonaffini PA, Franco PN, Nicoletta D, Simonini R, Ippolito D, Perugini G, Occhipinti M, Da Pozzo LF, Roscigno M, Sironi S.	research-article; journal article	forward	1	REC-AIBIOGU-000174	new		yes	yes	yes
MED	35814914	Radiomics in prostate cancer: an up-to-date review.	2022	Ther Adv Urol	Ferro M, de Cobelli O, Musi G, Del Giudice F, Carrieri G, Busetto GM, Falagario UG, Sciarra A, Maggi M, Crocetto F, Barone B, Caputo VF, Marchioni M, Lucarelli G, Imbimbo C, Mistretta FA, Luzzago S, Vartolomei MD, Cormio L, Autorino R, Tătaru OS.	review-article; review; journal article	forward	2	REC-AIBIOGU-000190;REC-AIBIOGU-000191	new		yes	yes	yes
MED	35806859	Role of Deep Learning in Prostate Cancer Management: Past, Present and Future Based on a Comprehensive Literature Review.	2022	J Clin Med	Naik N, Tokas T, Shetty DK, Hameed BMZ, Shastri S, Shah MJ, Ibrahim S, Rai BP, Chlosta P, Somani BK.	JOURNAL ARTICLE	both	3	REC-AIBIOGU-000178;REC-AIBIOGU-000180;REC-AIBIOGU-000569	new		yes	yes	yes
MED	36387261	Stratification of malignant renal neoplasms from cystic renal lesions using deep learning and radiomics features based on a stacking ensemble CT machine learning algorithm.	2022	Front Oncol	He QH, Tan H, Liao FT, Zheng YN, Lv FJ, Jiang Q, Xiao MZ.	research-article; journal article	forward	1	REC-AIBIOGU-000529	new		yes	yes	yes
MED	35159060	The Next Paradigm Shift in the Management of Clear Cell Renal Cancer: Radiogenomics-Definition, Current Advances, and Future Directions.	2022	Cancers (Basel)	Gopal N, Yazdian Anari P, Turkbey E, Jones EC, Malayeri AA.	review-article; review; journal article	forward	2	REC-AIBIOGU-000545;REC-AIBIOGU-000563	new		yes	yes	yes
MED	36358836	The Potential of MicroRNAs as Non-Invasive Prostate Cancer Biomarkers: A Systematic Literature Review Based on a Machine Learning Approach.	2022	Cancers (Basel)	Bevacqua E, Ammirato S, Cione E, Curcio R, Dolce V, Tucci P.	research-article; journal article	forward	1	REC-AIBIOGU-000198	new		yes	yes	yes
MED	35703218	The promise of artificial intelligence for kidney pathophysiology.	2022	Curr Opin Nephrol Hypertens	Jiang J, Chan L, Nadkarni GN.	research-article; review; journal article; research support, n.i.h., extramural	forward	2	REC-AIBIOGU-000555;REC-AIBIOGU-000564	new		yes	yes	yes
MED	35344062	The radiomics-based tumor heterogeneity adds incremental value to the existing prognostic models for predicting outcome in localized clear cell renal cell carcinoma: a multicenter study.	2022	Eur J Nucl Med Mol Imaging	Yang G, Nie P, Yan L, Zhang M, Wang Y, Zhao L, Li M, Xie F, Xie H, Li X, Xiang F, Wang N, Cheng N, Zhao X, Wang N, Wang Y, Chen C, Yun C, Cui J, Duan S, Zhang R, Hao D, Wang X, Wang Z, Niu H.	multicenter study; journal article	forward	1	REC-AIBIOGU-000542	new		yes	yes	yes
MED	36059618	The role of radiomics with machine learning in the prediction of muscle-invasive bladder cancer: A mini review.	2022	Front Oncol	Huang X, Wang X, Lan X, Deng J, Lei Y, Lin F.	review-article; review; journal article	forward	3	REC-AIBIOGU-000347;REC-AIBIOGU-000354;REC-AIBIOGU-000365	new		yes	yes	yes
MED	36376157	Ultrasound Image-Based Deep Features and Radiomics for the Discrimination of Small Fat-Poor Angiomyolipoma and Small Renal Cell Carcinoma.	2022	Ultrasound Med Biol	Zhang L, Sun K, Shi L, Qiu J, Wang X, Wang S.	JOURNAL ARTICLE	backward	1	REC-AIBIOGU-000373	new		yes	yes	yes
MED	36515576	A Brief Review of Artificial Intelligence in Genitourinary Oncological Imaging.	2023	Can Assoc Radiol J	Yilmaz EC, Belue MJ, Turkbey B, Reinhold C, Choyke PL.	review; journal article	forward	2	REC-AIBIOGU-000354;REC-AIBIOGU-000532	new		yes	yes	yes
MED	36731307	A CT-based radiomics nomogram for differentiation of benign and malignant small renal masses (≤4 cm).	2023	Transl Oncol	Feng S, Gong M, Zhou D, Yuan R, Kong J, Jiang F, Zhang L, Chen W, Li Y.	research-article; journal article	forward	1	REC-AIBIOGU-000184	new		yes	yes	yes
MED	38132224	A Critical Analysis of the Robustness of Radiomics to Variations in Segmentation Methods in <sup>18</sup>F-PSMA-1007 PET Images of Patients Affected by Prostate Cancer.	2023	Diagnostics (Basel)	Pasini G, Russo G, Mantarro C, Bini F, Richiusa S, Morgante L, Comelli A, Russo GI, Sabini MG, Cosentino S, Marinozzi F, Ippolito M, Stefano A.	research-article; journal article	forward	1	REC-AIBIOGU-000159	new		yes	yes	yes
MED	37895393	A Narrative Review of the Use of Artificial Intelligence in Breast, Lung, and Prostate Cancer.	2023	Life (Basel)	Patel K, Huang S, Rashid A, Varghese B, Gholamrezanezhad A.	review-article; review; journal article	forward	1	REC-AIBIOGU-000180	new		yes	yes	yes
MED	38095671	A convolutional neural network-based system for fully automatic segmentation of whole-body [&lt;sup&gt;68&lt;/sup&gt;Ga]Ga-PSMA PET images in prostate cancer.	2023	Eur J Nucl Med Mol Imaging	Jafari E, Zarei A, Dadgar H, Keshavarz A, Manafi-Farid R, Rostami H, Assadi M.	JOURNAL ARTICLE	backward	1	REC-AIBIOGU-000012	new		yes	yes	yes
MED	37492385	A first look into radiomics application in testicular imaging: A systematic review.	2023	Front Radiol	Fanni SC, Febi M, Colligiani L, Volpi F, Ambrosini I, Tumminello L, Aghakhanyan G, Aringhieri G, Cioni D, Neri E.	review-article; review; journal article	forward	2	REC-AIBIOGU-000695;REC-AIBIOGU-000696	new		yes	yes	yes
MED	37470826	A machine learning model based on MRI for the preoperative prediction of bladder cancer invasion depth.	2023	Eur Radiol	Chen G, Fan X, Wang T, Zhang E, Shao J, Chen S, Zhang D, Zhang J, Guo T, Yuan Z, Tang H, Yu Y, Chen J, Wang X.	journal article	forward	1	REC-AIBIOGU-000368	new		yes	yes	yes
MED	37009612	A machine learning-based model for predicting the risk of early-stage inguinal lymph node metastases in patients with squamous cell carcinoma of the penis.	2023	Front Surg	Ding L, Zhang C, Wang K, Zhang Y, Wu C, Xia W, Li S, Li W, Wang J.	JOURNAL ARTICLE	backward	1	REC-AIBIOGU-000566	new		yes	yes	yes
MED	38010567	A multi-model based on radiogenomics and deep learning techniques associated with histological grade and survival in clear cell renal cell carcinoma.	2023	Insights Imaging	Wang S, Zhu C, Jin Y, Yu H, Wu L, Zhang A, Wang B, Zhai J.	JOURNAL ARTICLE	backward	1	REC-AIBIOGU-000372	new		yes	yes	yes
MED	37562222	A preoperative CT-based deep learning radiomics model in predicting the stage, size, grade and necrosis score and outcome in localized clear cell renal cell carcinoma: A multicenter study.	2023	Eur J Radiol	Nie P, Liu S, Zhou R, Li X, Zhi K, Wang Y, Dai Z, Zhao L, Wang N, Zhao X, Li X, Cheng N, Wang Y, Chen C, Xu Y, Yang G.	multicenter study; journal article	forward	2	REC-AIBIOGU-000542;REC-AIBIOGU-000554	new		yes	yes	yes
MED	37568655	Advancements in MRI-Based Radiomics and Artificial Intelligence for Prostate Cancer: A Comprehensive Review and Future Prospects.	2023	Cancers (Basel)	Chaddad A, Tan G, Liang X, Hassan L, Rathore S, Desrosiers C, Katib Y, Niazi T.	review-article; review; journal article	forward	2	REC-AIBIOGU-000166;REC-AIBIOGU-000184	new		yes	yes	yes
MED	36691055	An artificial intelligence model for the pathological diagnosis of invasion depth and histologic grade in bladder cancer.	2023	J Transl Med	Pan J, Hong G, Zeng H, Liao C, Li H, Yao Y, Gan Q, Wang Y, Wu S, Lin T.	research support, non-u.s. gov't; research-article; journal article	forward	1	REC-AIBIOGU-000365	new		yes	yes	yes
MED	37427103	An integrative multi-omics analysis based on disulfidptosis-related prognostic signature and distinct subtypes of clear cell renal cell carcinoma.	2023	Front Oncol	Zhang D, Zhang X, Liu Z, Han T, Zhao K, Xu X, Zhang X, Ren X, Qin C.	research-article; journal article	forward	1	REC-AIBIOGU-000328	new		yes	yes	yes
MED	37337101	Anatomically guided self-adapting deep neural network for clinically significant prostate cancer detection on bi-parametric MRI: a multi-center study.	2023	Insights Imaging	Karagoz A, Alis D, Seker ME, Zeybel G, Yergin M, Oksuz I, Karaarslan E.	research-article; journal article	forward	1	REC-AIBIOGU-000180	new		yes	yes	yes
MED	37760487	Artificial Intelligence in Digital Pathology for Bladder Cancer: Hype or Hope? A Systematic Review.	2023	Cancers (Basel)	Khoraminia F, Fuster S, Kanwal N, Olislagers M, Engan K, van Leenders GJLH, Stubbs AP, Akram F, Zuiverloon TCM.	JOURNAL ARTICLE	both	3	REC-AIBIOGU-000268;REC-AIBIOGU-000352;REC-AIBIOGU-000356	new		yes	yes	yes
MED	37443687	Artificial Intelligence in Renal Cell Carcinoma Histopathology: Current Applications and Future Perspectives.	2023	Diagnostics (Basel)	Distante A, Marandino L, Bertolo R, Ingels A, Pavan N, Pecoraro A, Marchioni M, Carbonara U, Erdem S, Amparore D, Campi R, Roussel E, Caliò A, Wu Z, Palumbo C, Borregales LD, Mulders P, Muselaers CHJ, EAU Young Academic Urologists (YAU) Renal Cancer Working Group.	review-article; review; journal article	forward	2	REC-AIBIOGU-000530;REC-AIBIOGU-000564	new		yes	yes	yes
MED	37443700	Artificial Intelligence in the Advanced Diagnosis of Bladder Cancer-Comprehensive Literature Review and Future Advancement.	2023	Diagnostics (Basel)	Ferro M, Falagario UG, Barone B, Maggi M, Crocetto F, Busetto GM, Giudice FD, Terracciano D, Lucarelli G, Lasorsa F, Catellani M, Brescia A, Mistretta FA, Luzzago S, Piccinelli ML, Vartolomei MD, Jereczek-Fossa BA, Musi G, Montanari E, Cobelli O, Tataru OS.	JOURNAL ARTICLE	both	4	REC-AIBIOGU-000258;REC-AIBIOGU-000365;REC-AIBIOGU-000368;REC-AIBIOGU-000569	new		yes	yes	yes
MED	38495038	Artificial Intelligence-Based Organ Delineation for Radiation Treatment Planning of Prostate Cancer on Computed Tomography.	2023	Adv Radiat Oncol	Polymeri E, Johnsson AA, Enqvist O, Ulen J, Pettersson N, Nordstrom F, Kindblom J, Tragardh E, Edenbrandt L, Kjolhede H.	JOURNAL ARTICLE	backward	1	REC-AIBIOGU-000012	new		yes	yes	yes
MED	36517398	Artificial intelligence algorithms aimed at characterizing or detecting prostate cancer on MRI: How accurate are they when tested on independent cohorts? - A systematic review.	2023	Diagn Interv Imaging	Rouvière O, Jaouen T, Baseilhac P, Benomar ML, Escande R, Crouzet S, Souchon R.	systematic review; journal article	forward	4	REC-AIBIOGU-000166;REC-AIBIOGU-000176;REC-AIBIOGU-000180;REC-AIBIOGU-000190	new		yes	yes	yes
MED	37113657	Artificial intelligence and radiomics in evaluation of kidney lesions: a comprehensive literature review.	2023	Ther Adv Urol	Ferro M, Crocetto F, Barone B, Del Giudice F, Maggi M, Lucarelli G, Busetto GM, Autorino R, Marchioni M, Cantiello F, Crocerossa F, Luzzago S, Piccinelli M, Mistretta FA, Tozzi M, Schips L, Falagario UG, Veccia A, Vartolomei MD, Musi G, de Cobelli O, Montanari E, Tataru OS.	JOURNAL ARTICLE	both	4	REC-AIBIOGU-000372;REC-AIBIOGU-000373;REC-AIBIOGU-000521;REC-AIBIOGU-000547	new		yes	yes	yes
MED	37524914	Artificial intelligence and urology: ethical considerations for urologists and patients.	2023	Nat Rev Urol	Cacciamani GE, Chen A, Gill IS, Hung AJ.	JOURNAL ARTICLE	backward	1	REC-AIBIOGU-000566	new		yes	yes	yes
MED	37740046	Artificial intelligence as diagnostic aiding tool in cases of Prostate Imaging Reporting and Data System category 3: the results of retrospective multi-center cohort study.	2023	Abdom Radiol (NY)	Wang K, Xing Z, Kong Z, Yu Y, Chen Y, Zhao X, Song B, Wang X, Wu P, Wang X, Xue Y.	multicenter study; journal article	forward	1	REC-AIBIOGU-000180	new		yes	yes	yes
MED	37488510	Artificial intelligence for the diagnosis of clinically significant prostate cancer based on multimodal data: a multicenter study.	2023	BMC Med	Zhang H, Ji J, Liu Z, Lu H, Qian C, Wei C, Chen S, Lu W, Wang C, Xu H, Xu Y, Chen X, He X, Wang Z, Zhao X, Cheng W, Chen X, Pang G, Yu G, Gu Y, Jiang K, Xu B, Chen J, Xu B, Wei X, Chen M, Chen R, Cheng J, Wang F.	JOURNAL ARTICLE	backward	1	REC-AIBIOGU-000566	new		yes	yes	yes
MED	36893772	Artificial intelligence-based model for lymph node metastases detection on whole slide images in bladder cancer: a retrospective, multicentre, diagnostic study.	2023	Lancet Oncol	Wu S, Hong G, Xu A, Zeng H, Chen X, Wang Y, Luo Y, Wu P, Liu C, Jiang N, Dang Q, Yang C, Liu B, Shen R, Chen Z, Liao C, Lin Z, Wang J, Lin T.	research support, non-u.s. gov't; multicenter study; journal article	forward	1	REC-AIBIOGU-000368	new		yes	yes	yes
MED	36635425	Automatic segmentation of bladder cancer on MRI using a convolutional neural network and reproducibility of radiomics features: a two-center study.	2023	Sci Rep	Moribata Y, Kurata Y, Nishio M, Kido A, Otani S, Himoto Y, Nishio N, Furuta A, Onishi H, Masui K, Kobayashi T, Nakamoto Y.	research support, non-u.s. gov't; research-article; journal article	forward	1	REC-AIBIOGU-000365	new		yes	yes	yes
MED	36907973	Beyond diagnosis: is there a role for radiomics in prostate cancer management?	2023	Eur Radiol Exp	Stanzione A, Ponsiglione A, Alessandrino F, Brembilla G, Imbriaco M.	review-article; review; journal article	forward	2	REC-AIBIOGU-000178;REC-AIBIOGU-000183	new		yes	yes	yes
MED	36517196	Bladder Cancer Radiation Oncology of the Future: Prognostic Modelling, Radiomics, and Treatment Planning With Artificial Intelligence.	2023	Semin Radiat Oncol	Moore NS, McWilliam A, Aneja S.	review; journal article	forward	1	REC-AIBIOGU-000356	new		yes	yes	yes
MED	36459898	CT radiomics for differentiating oncocytoma from renal cell carcinomas: Systematic review and meta-analysis.	2023	Clin Imaging	Dehghani Firouzabadi F, Gopal N, Homayounieh F, Anari PY, Li X, Ball MW, Jones EC, Samimi S, Turkbey E, Malayeri AA.	meta-analysis; research-article; systematic review; journal article	forward	1	REC-AIBIOGU-000532	new		yes	yes	yes
MED	38002646	Can Machine Learning Models Detect and Predict Lymph Node Involvement in Prostate Cancer? A Comprehensive Systematic Review.	2023	J Clin Med	Faiella E, Vaccarino F, Ragone R, D'Amone G, Cirimele V, Piccolo CL, Vertulli D, Grasso RF, Zobel BB, Santucci D.	review; journal article	forward	1	REC-AIBIOGU-000161	new		yes	yes	yes
MED	38188340	Comparison and analysis of multiple machine learning models for discriminating benign and malignant testicular lesions based on magnetic resonance imaging radiomics.	2023	Front Med (Lausanne)	Feng Y, Feng Z, Wang L, Lv W, Liu Z, Min X, Li J, Zhang J.	JOURNAL ARTICLE	both	2	REC-AIBIOGU-000585;REC-AIBIOGU-000695	new		yes	yes	yes
MED	38138870	Computed Tomography-Based Radiomics for Long-Term Prognostication of High-Risk Localized Prostate Cancer Patients Received Whole Pelvic Radiotherapy.	2023	J Pers Med	Leung VWS, Ng CKC, Lam SK, Wong PT, Ng KY, Tam CH, Lee TC, Chow KC, Chow YK, Tam VCW, Lee SWY, Lim FMY, Wu JQ, Cai J.	research-article; journal article	forward	1	REC-AIBIOGU-000183	new		yes	yes	yes
MED	37809854	Construction of 3D and 2D contrast-enhanced CT radiomics for prediction of CGB3 expression level and clinical prognosis in bladder cancer.	2023	Heliyon	Zhang Y, Xu Z, Wu S, Zhu T, Hong X, Chi Z, Malla R, Jiang J, Huang Y, Xu Q, Wang Z, Zhang Y.	research-article; journal article	forward	1	REC-AIBIOGU-000351	new		yes	yes	yes
MED	36844540	Data-Independent Acquisition Mass Spectrometry of EPS-Urine Coupled to Machine Learning: A Predictive Model for Prostate Cancer.	2023	ACS Omega	Prestagiacomo LE, Tradigo G, Aracri F, Gabriele C, Rota MA, Alba S, Cuda G, Damiano R, Veltri P, Gaspari M.	research-article; journal article	forward	1	REC-AIBIOGU-000201	new		yes	yes	yes
MED	37627935	Deep Learning Methodologies Applied to Digital Pathology in Prostate Cancer: A Systematic Review.	2023	Diagnostics (Basel)	Rabilloud N, Allaume P, Acosta O, De Crevoisier R, Bourgade R, Loussouarn D, Rioux-Leclercq N, Khene ZE, Mathieu R, Bensalah K, Pecot T, Kammerer-Jacquet SF.	review-article; review; journal article	forward	1	REC-AIBIOGU-000175	new		yes	yes	yes
MED	36629980	Deep learning and radiomic feature-based blending ensemble classifier for malignancy risk prediction in cystic renal lesions.	2023	Insights Imaging	He QH, Feng JJ, Lv FJ, Jiang Q, Xiao MZ.	research-article; journal article	forward	1	REC-AIBIOGU-000529	new		yes	yes	yes
MED	38094161	Deep learning signature based on multiphase enhanced CT for bladder cancer recurrence prediction: a multi-center study.	2023	EClinicalMedicine	Wang H, Zhang M, Miao J, Hou F, Chen Y, Huang Y, Yang L, Yang S, Huang C, Song Y, Niu H.	research-article; journal article	forward	1	REC-AIBIOGU-000367	new		yes	yes	yes
MED	37558767	Development and verification of a deep learning-based m&lt;sup&gt;6&lt;/sup&gt;A modification model for clinical prognosis prediction of renal cell carcinoma.	2023	J Cancer Res Clin Oncol	Chen S, Zhang E, Guo T, Wang T, Chen J, Zhang N, Wang X, Zheng J.	JOURNAL ARTICLE	backward	1	REC-AIBIOGU-000491	new		yes	yes	yes
MED	38081101	Early-stage diagnosis of bladder cancer using surface-enhanced Raman spectroscopy combined with machine learning algorithms in a rat model.	2023	Biosens Bioelectron	Lee S, Jue M, Lee K, Paulson B, Oh J, Cho M, Kim JK.	JOURNAL ARTICLE	backward	1	REC-AIBIOGU-000268	new		yes	yes	yes
MED	38137421	Equilibrium Optimization Algorithm with Deep Learning Enabled Prostate Cancer Detection on MRI Images.	2023	Biomedicines	Yang E, Shankar K, Kumar S, Seo C, Moon I.	research-article; journal article	forward	1	REC-AIBIOGU-000140	new		yes	yes	yes
MED	37895332	Exploratory Analysis of the Role of Radiomic Features in the Differentiation of Oncocytoma and Chromophobe RCC in the Nephrographic CT Phase.	2023	Life (Basel)	Aymerich M, García-Baizán A, Franco PN, Otero-García M.	research-article; journal article	forward	1	REC-AIBIOGU-000532	new		yes	yes	yes
MED	36969047	Fully automated bladder tumor segmentation from T2 MRI images using 3D U-Net algorithm.	2023	Front Oncol	Coroamă DM, Dioșan L, Telecan T, Andras I, Crișan N, Medan P, Andreica A, Caraiani C, Lebovici A, Boca B, Bálint Z.	research-article; journal article	forward	1	REC-AIBIOGU-000354	new		yes	yes	yes
MED	38094602	Global research trends of the application of artificial intelligence in bladder cancer since the 21st century: a bibliometric analysis.	2023	Front Oncol	Zhou Y, Xu W, Zeng Y, Li H, Liu Z, Wang T, Liu J, Jiang H.	research-article; journal article	forward	1	REC-AIBIOGU-000356	new		yes	yes	yes
MED	36646808	High-throughput precision MRI assessment with integrated stack-ensemble deep learning can enhance the preoperative prediction of prostate cancer Gleason grade.	2023	Br J Cancer	Bao J, Hou Y, Qin L, Zhi R, Wang XM, Shi HB, Sun HZ, Hu CH, Zhang YD.	research support, non-u.s. gov't; research-article; journal article	forward	1	REC-AIBIOGU-000190	new		yes	yes	yes
MED	37449047	Integrated multiomics analysis and machine learning refine molecular subtypes and prognosis for muscle-invasive urothelial cancer.	2023	Mol Ther Nucleic Acids	Chu G, Ji X, Wang Y, Niu H.	JOURNAL ARTICLE	backward	1	REC-AIBIOGU-000268	new		yes	yes	yes
MED	37138354	Integrative multi-omics analysis depicts the methylome and hydroxymethylome in recurrent bladder cancers and identifies biomarkers for predicting PD-L1 expression.	2023	Biomark Res	Shi ZD, Han XX, Song ZJ, Dong Y, Pang K, Wang XL, Liu XY, Lu H, Xu GZ, Hao L, Dong BZ, Liang Q, Wu XK, Han CH.	JOURNAL ARTICLE	backward	1	REC-AIBIOGU-000268	new		yes	yes	yes
MED	37580840	Interpretability of radiomics models is improved when using feature group selection strategies for predicting molecular and clinical targets in clear-cell renal cell carcinoma: insights from the TRACERx Renal study.	2023	Cancer Imaging	Orton MR, Hann E, Doran SJ, Shepherd STC, Ap Dafydd D, Spencer CE, Lopez JI, Albarran-Artahona V, Comito F, Warren H, Shur J, Messiou C, Larkin J, Turajlic S; TRACERx Renal Consortium, Koh DM.	JOURNAL ARTICLE	backward	1	REC-AIBIOGU-000491	new		yes	yes	yes
MED	37370799	Kidney Cancer Diagnosis and Surgery Selection by Machine Learning from CT Scans Combined with Clinical Metadata.	2023	Cancers (Basel)	Mahmud S, Abbas TO, Mushtak A, Prithula J, Chowdhury MEH.	JOURNAL ARTICLE	backward	1	REC-AIBIOGU-000372	new		yes	yes	yes
MED	37403801	Lifestyle and occupational risks assessment of bladder cancer using machine learning-based prediction models.	2023	Cancer Rep (Hoboken)	Shakhssalim N, Talebi A, Pahlevan-Fallahy MT, Sotoodeh K, Alavimajd H, Borumandnia N, Taheri M.	research-article; journal article	forward	1	REC-AIBIOGU-000356	new		yes	yes	yes
MED	37443692	MRI-Based Radiomics in Bladder Cancer: A Systematic Review and Radiomics Quality Score Assessment.	2023	Diagnostics (Basel)	Boca B, Caraiani C, Telecan T, Pintican R, Lebovici A, Andras I, Crisan N, Pavel A, Diosan L, Balint Z, Lupsor-Platon M, Buruian MM.	review; journal article	forward	7	REC-AIBIOGU-000329;REC-AIBIOGU-000330;REC-AIBIOGU-000338;REC-AIBIOGU-000354;REC-AIBIOGU-000365;REC-AIBIOGU-000367;REC-AIBIOGU-000368	new		yes	yes	yes
MED	37551554	MRI-derived radiomics models for diagnosis, aggressiveness, and prognosis evaluation in prostate cancer.	2023	J Zhejiang Univ Sci B	Zhu X, Shao L, Liu Z, Liu Z, He J, Liu J, Ping H, Lu J.	review-article; review; journal article	forward	3	REC-AIBIOGU-000176;REC-AIBIOGU-000178;REC-AIBIOGU-000190	new		yes	yes	yes
MED	37948361	Machine Learning-Based Magnetic Resonance Radiomics Analysis for Predicting Low- and High-Grade Clear Cell Renal Cell Carcinoma.	2023	J Comput Assist Tomogr	Sim KC, Han NY, Cho Y, Sung DJ, Park BJ, Kim MJ, Han YE.	JOURNAL ARTICLE	backward	1	REC-AIBIOGU-000372	new		yes	yes	yes
MED	38074651	Magnetic resonance imaging radiomics-based prediction of clinically significant prostate cancer in equivocal PI-RADS 3 lesions in the transitional zone.	2023	Front Oncol	Zhao YY, Xiong ML, Liu YF, Duan LJ, Chen JL, Xing Z, Lin YS, Chen TH.	research-article; journal article	forward	1	REC-AIBIOGU-000174	new		yes	yes	yes
MED	38068372	Multi-Institutional Development and Validation of a Radiomic Model to Predict Prostate Cancer Recurrence Following Radical Prostatectomy.	2023	J Clin Med	Huynh LM, Bonebrake B, Tran J, Marasco JT, Ahlering TE, Wang S, Baine MJ.	research-article; journal article	forward	2	REC-AIBIOGU-000178;REC-AIBIOGU-000191	new		yes	yes	yes
MED	37423959	Multi-center validation of an immune-related lncRNA signature for predicting survival and immune status of patients with renal cell carcinoma: an integrating machine learning-derived study.	2023	J Cancer Res Clin Oncol	Liu L, Feng Y, Guo C, Weng S, Xu H, Xing Z, Zhang Y, Wang L, Han X.	research-article; journal article	forward	2	REC-AIBIOGU-000339;REC-AIBIOGU-000548	new		yes	yes	yes
MED	37692840	Multi-phase-combined CECT radiomics models for Fuhrman grade prediction of clear cell renal cell carcinoma.	2023	Front Oncol	Zhou Z, Qian X, Hu J, Geng C, Zhang Y, Dou X, Che T, Zhu J, Dai Y.	JOURNAL ARTICLE	backward	1	REC-AIBIOGU-000372	new		yes	yes	yes
MED	38001728	Multiparametric MRI in Era of Artificial Intelligence for Bladder Cancer Therapies.	2023	Cancers (Basel)	Akin O, Lema-Dopico A, Paudyal R, Konar AS, Chenevert TL, Malyarenko D, Hadjiiski L, Al-Ahmadie H, Goh AC, Bochner B, Rosenberg J, Schwartz LH, Shukla-Dave A.	review-article; review; journal article	forward	4	REC-AIBIOGU-000329;REC-AIBIOGU-000330;REC-AIBIOGU-000354;REC-AIBIOGU-000367	new		yes	yes	yes
MED	37444526	Novel Multiparametric Magnetic Resonance Imaging-Based Deep Learning and Clinical Parameter Integration for the Prediction of Long-Term Biochemical Recurrence-Free Survival in Prostate Cancer after Radical Prostatectomy.	2023	Cancers (Basel)	Lee HW, Kim E, Na I, Kim CK, Seo SI, Park H.	research-article; journal article	forward	2	REC-AIBIOGU-000178;REC-AIBIOGU-000180	new		yes	yes	yes
MED	37396490	Novel radiomic analysis on bi-parametric MRI for characterizing differences between MR non-visible and visible clinically significant prostate cancer.	2023	Eur J Radiol Open	Li L, Shiradkar R, Tirumani SH, Bittencourt LK, Fu P, Mahran A, Buzzy C, Stricker PD, Rastinehad AR, Magi-Galluzzi C, Ponsky L, Klein E, Purysko AS, Madabhushi A.	research-article; journal article	forward	1	REC-AIBIOGU-000180	new		yes	yes	yes
MED	37393175	Peritumoral Radiomics Strategy Based on Ensemble Learning for the Prediction of Gleason Grade Group of Prostate Cancer.	2023	Acad Radiol	Qiu Y, Liu YF, Shu X, Qiao XF, Ai GY, He XJ.	JOURNAL ARTICLE	both	2	REC-AIBIOGU-000012;REC-AIBIOGU-000183	new		yes	yes	yes
MED	37296961	Predicting Lymph Node Metastasis Status from Primary Muscle-Invasive Bladder Cancer Histology Slides Using Deep Learning: A Retrospective Multicenter Study.	2023	Cancers (Basel)	Zheng Q, Jian J, Wang J, Wang K, Fan J, Xu H, Ni X, Yang S, Yuan J, Wu J, Jiao P, Yang R, Chen Z, Liu X, Wang L.	research-article; journal article	forward	1	REC-AIBIOGU-000368	new		yes	yes	yes
MED	36409317	Predicting clinically significant prostate cancer with a deep learning approach: a multicentre retrospective study.	2023	Eur J Nucl Med Mol Imaging	Zhao L, Bao J, Qiao X, Jin P, Ji Y, Li Z, Zhang J, Su Y, Ji L, Shen J, Zhang Y, Niu L, Xie W, Hu C, Shen H, Wang X, Liu J, Tian J.	research-article; multicenter study; journal article	forward	1	REC-AIBIOGU-000178	new		yes	yes	yes
MED	36964192	Predicting prostate cancer in men with PSA levels of 4-10 ng/mL: MRI-based radiomics can help junior radiologists improve the diagnostic performance.	2023	Sci Rep	Zhong JG, Shi L, Liu J, Cao F, Ma YQ, Zhang Y.	research support, non-u.s. gov't; research-article; journal article	forward	2	REC-AIBIOGU-000156;REC-AIBIOGU-000158	new		yes	yes	yes
MED	37074425	Predicting the recurrence risk of renal cell carcinoma after nephrectomy: potential role of CT-radiomics for adjuvant treatment decisions.	2023	Eur Radiol	Deniffel D, McAlpine K, Harder FN, Jain R, Lawson KA, Healy GM, Hui S, Zhang X, Salinas-Miranda E, van der Kwast T, Finelli A, Haider MA.	journal article	forward	1	REC-AIBIOGU-000525	new		yes	yes	yes
MED	38065776	Prediction of Fuhrman grade of renal clear cell carcinoma by multimodal MRI radiomics: a retrospective study.	2023	Clin Radiol	Pan L, Chen M, Sun J, Jin P, Ding J, Cai P, Chen J, Xing W.	JOURNAL ARTICLE	backward	1	REC-AIBIOGU-000372	new		yes	yes	yes
MED	37198374	Prediction of prostate tumour hypoxia using pre-treatment MRI-derived radiomics: preliminary findings.	2023	Radiol Med	Zhong J, Frood R, McWilliam A, Davey A, Shortall J, Swinton M, Hulson O, West CM, Buckley D, Brown S, Choudhury A, Hoskin P, Henry A, Scarsbrook A.	research-article; journal article	forward	1	REC-AIBIOGU-000533	new		yes	yes	yes
MED	36902045	Radiogenomics in Renal Cancer Management-Current Evidence and Future Prospects.	2023	Int J Mol Sci	Ferro M, Musi G, Marchioni M, Maggi M, Veccia A, Del Giudice F, Barone B, Crocetto F, Lasorsa F, Antonelli A, Schips L, Autorino R, Busetto GM, Terracciano D, Lucarelli G, Tataru OS.	review-article; review; journal article	forward	6	REC-AIBIOGU-000516;REC-AIBIOGU-000521;REC-AIBIOGU-000533;REC-AIBIOGU-000545;REC-AIBIOGU-000547;REC-AIBIOGU-000563	new		yes	yes	yes
MED	36793772	Radiogenomics study to predict the nuclear grade of renal clear cell carcinoma.	2023	Eur J Radiol Open	He XM, Zhao JX, He DL, Ren JL, Zhao LP, Huang G.	JOURNAL ARTICLE	both	3	REC-AIBIOGU-000372;REC-AIBIOGU-000516;REC-AIBIOGU-000545	new		yes	yes	yes
MED	36826118	Radiomic Machine-Learning Analysis of Multiparametric Magnetic Resonance Imaging in the Diagnosis of Clinically Significant Prostate Cancer: New Combination of Textural and Clinical Features.	2023	Curr Oncol	Prata F, Anceschi U, Cordelli E, Faiella E, Civitella A, Tuzzolo P, Iannuzzi A, Ragusa A, Esperto F, Prata SM, Sicilia R, Muto G, Grasso RF, Scarpa RM, Soda P, Simone G, Papalia R.	research-article; journal article	forward	2	REC-AIBIOGU-000158;REC-AIBIOGU-000176	new		yes	yes	yes
MED	38135946	Radiomics Prediction of Muscle Invasion in Bladder Cancer Using Semi-Automatic Lesion Segmentation of MRI Compared with Manual Segmentation.	2023	Bioengineering (Basel)	Ye Y, Luo Z, Qiu Z, Cao K, Huang B, Deng L, Zhang W, Liu G, Zou Y, Zhang J, Li J.	research-article; journal article	forward	1	REC-AIBIOGU-000354	new		yes	yes	yes
MED	36115774	Radiomics Signature Using Manual Versus Automated Segmentation for Lymph Node Staging of Bladder Cancer.	2023	Eur Urol Focus	Gresser E, Woźnicki P, Messmer K, Schreier A, Kunz WG, Ingrisch M, Stief C, Ricke J, Nörenberg D, Buchner A, Schulz GB.	randomized controlled trial; journal article	forward	2	REC-AIBIOGU-000365;REC-AIBIOGU-000368	new		yes	yes	yes
MED	37945101	Radiomics and Artificial Intelligence: Renal Cell Carcinoma.	2023	Urol Clin North Am	Raman AG, Fisher D, Yap F, Oberai A, Duddalwar VA.	JOURNAL ARTICLE	both	4	REC-AIBIOGU-000372;REC-AIBIOGU-000512;REC-AIBIOGU-000518;REC-AIBIOGU-000522	new		yes	yes	yes
MED	37064257	Radiomics vs radiologist in bladder and renal cancer. Results from a systematic review.	2023	Cent European J Urol	Tramanzoli P, Castellani D, De Stefano V, Brocca C, Nedbal C, Chiacchio G, Galosi AB, Da Silva RD, Teoh JY, Tiong HY, Naik N, Somani BK, Gauhar V.	review-article; review; journal article	forward	3	REC-AIBIOGU-000368;REC-AIBIOGU-000525;REC-AIBIOGU-000532	new		yes	yes	yes
MED	36867239	Radiomics vs radiologist in prostate cancer. Results from a systematic review.	2023	World J Urol	Chiacchio G, Castellani D, Nedbal C, De Stefano V, Brocca C, Tramanzoli P, Galosi AB, Donalisio da Silva R, Teoh JY, Tiong HY, Naik N, Somani BK, Merseburger AS, Gauhar V.	systematic review; journal article	forward	2	REC-AIBIOGU-000176;REC-AIBIOGU-000190	new		yes	yes	yes
MED	36670469	Recognizing pathology of renal tumor from macroscopic cross-section image by deep learning.	2023	Biomed Eng Online	Lin Z, Yang W, Zhang W, Jiang C, Chu J, Yang J, Yuan X.	research-article; journal article	forward	1	REC-AIBIOGU-000532	new		yes	yes	yes
MED	37546423	Research progress on deep learning in magnetic resonance imaging-based diagnosis and treatment of prostate cancer: a review on the current status and perspectives.	2023	Front Oncol	He M, Cao Y, Chi C, Yang X, Ramin R, Wang S, Yang G, Mukhtorov O, Zhang L, Kazantsev A, Enikeev M, Hu K.	review-article; review; journal article	forward	2	REC-AIBIOGU-000178;REC-AIBIOGU-000180	new		yes	yes	yes
MED	37345172	Role of AI and Radiomic Markers in Early Diagnosis of Renal Cancer and Clinical Outcome Prediction: A Brief Review.	2023	Cancers (Basel)	Shehata M, Abouelkheir RT, Gayhart M, Van Bogaert E, Abou El-Ghar M, Dwyer AC, Ouseph R, Yousaf J, Ghazal M, Contractor S, El-Baz A.	JOURNAL ARTICLE	both	5	REC-AIBIOGU-000372;REC-AIBIOGU-000518;REC-AIBIOGU-000525;REC-AIBIOGU-000532;REC-AIBIOGU-000563	new		yes	yes	yes
MED	37511785	Stability of Multi-Parametric Prostate MRI Radiomic Features to Variations in Segmentation.	2023	J Pers Med	Thulasi Seetha S, Garanzini E, Tenconi C, Marenghi C, Avuzzi B, Catanzaro M, Stagni S, Villa S, Chiorda BN, Badenchini F, Bertocchi E, Sanduleanu S, Pignoli E, Procopio G, Valdagni R, Rancati T, Nicolai N, Messina A.	research-article; journal article	forward	1	REC-AIBIOGU-000191	new		yes	yes	yes
MED	37760407	T2-Weighted MRI Radiomic Features Predict Prostate Cancer Presence and Eventual Biochemical Recurrence.	2023	Cancers (Basel)	Duenweg SR, Bobholz SA, Barrett MJ, Lowman AK, Winiarz A, Nath B, Stebbins M, Bukowy J, Iczkowski KA, Jacobsohn KM, Vincent-Sheldon S, LaViolette PS.	research-article; journal article	forward	1	REC-AIBIOGU-000151	new		yes	yes	yes
MED	38001712	The Development and External Validation of Artificial Intelligence-Driven MRI-Based Models to Improve Prediction of Lesion-Specific Extraprostatic Extension in Patients with Prostate Cancer.	2023	Cancers (Basel)	van den Berg I, Soeterik TFW, van der Hoeven EJRJ, Claassen B, Brink WM, Baas DJH, Sedelaar JPM, Heine L, Tol J, van der Voort van Zyp JRN, van den Berg CAT, van den Bergh RCN, van Basten JA, van Melick HHE.	journal article	forward	1	REC-AIBIOGU-000191	new		yes	yes	yes
MED	36749494	The Evidence for Using Artificial Intelligence to Enhance Prostate Cancer MR Imaging.	2023	Curr Oncol Rep	Canellas R, Kohli MD, Westphalen AC.	review; journal article	forward	1	REC-AIBIOGU-000191	new		yes	yes	yes
MED	37568397	The Present and Future of Artificial Intelligence in Urological Cancer.	2023	J Clin Med	Liu X, Shi J, Li Z, Huang Y, Zhang Z, Zhang C.	review-article; review; journal article	forward	4	REC-AIBIOGU-000178;REC-AIBIOGU-000332;REC-AIBIOGU-000339;REC-AIBIOGU-000546	new		yes	yes	yes
MED	36980436	The Use of MRI-Derived Radiomic Models in Prostate Cancer Risk Stratification: A Critical Review of Contemporary Literature.	2023	Diagnostics (Basel)	Huynh LM, Hwang Y, Taylor O, Baine MJ.	review-article; review; journal article	forward	4	REC-AIBIOGU-000178;REC-AIBIOGU-000183;REC-AIBIOGU-000191;REC-AIBIOGU-000518	new		yes	yes	yes
MED	37968599	The value of a dual-energy CT Iodine map radiomics model for the prediction of collagen fiber content in the ccRCC tumor microenvironment.	2023	BMC Med Imaging	Li Z, Wang N, Bing X, Li Y, Yao J, Li R, Ouyang A.	research support, non-u.s. gov't; research-article; journal article	forward	2	REC-AIBIOGU-000516;REC-AIBIOGU-000563	new		yes	yes	yes
MED	37333662	Three-dimensional convolutional neural network model to identify clinically significant prostate cancer in transrectal ultrasound videos: a prospective, multi-institutional, diagnostic study.	2023	EClinicalMedicine	Sun YK, Zhou BY, Miao Y, Shi YL, Xu SH, Wu DM, Zhang L, Xu G, Wu TF, Wang LF, Yin HH, Ye X, Lu D, Han H, Xiang LH, Zhu XX, Zhao CK, Xu HX, China Alliance of Multi-Center Clinical Study for Ultrasound (Ultra-Chance).	research-article; journal article	forward	2	REC-AIBIOGU-000180;REC-AIBIOGU-000184	new		yes	yes	yes
MED	36869574	Transcriptome mapping of renal clear cell carcinoma revealed by machine learning algorithm based on enhanced computed tomography images.	2023	J Gene Med	Yang Y, Huang H, Liang H.	journal article	forward	1	REC-AIBIOGU-000516	new		yes	yes	yes
MED	38071254	Transfer learning with CNNs for efficient prostate cancer and BPH detection in transrectal ultrasound images.	2023	Sci Rep	Huang TL, Lu NH, Huang YH, Twan WH, Yeh LR, Liu KY, Chen TB.	research-article; journal article	forward	1	REC-AIBIOGU-000140	new		yes	yes	yes
MED	37069257	Value of handcrafted and deep radiomic features towards training robust machine learning classifiers for prediction of prostate cancer disease aggressiveness.	2023	Sci Rep	Rodrigues A, Rodrigues N, Santinha J, Lisitskaya MV, Uysal A, Matos C, Domingues I, Papanikolaou N.	research support, non-u.s. gov't; research-article; journal article	forward	1	REC-AIBIOGU-000176	new		yes	yes	yes
MED	37357263	What benefit can be obtained from magnetic resonance imaging diagnosis with artificial intelligence in prostate cancer compared with clinical assessments?	2023	Mil Med Res	Zhao LT, Liu ZY, Xie WF, Shao LZ, Lu J, Tian J, Liu JG.	research support, non-u.s. gov't; review-article; review; journal article	forward	3	REC-AIBIOGU-000178;REC-AIBIOGU-000180;REC-AIBIOGU-000191	new		yes	yes	yes
MED	37942630	[18F]FDG PET-TC radiomics and machine learning in the evaluation of prostate incidental uptake.	2023	Expert Rev Med Devices	Nieri A, Manco L, Bauckneht M, Urso L, Caracciolo M, Donegani MI, Borgia F, Vega K, Colella A, Ippolito C, Cittanti C, Morbelli S, Sambuceti G, Turra A, Panareo S, Bartolomei M.	journal article	forward	1	REC-AIBIOGU-000159	new		yes	yes	yes
MED	39234248	&lt;i&gt;LIG1&lt;/i&gt; is a novel marker for bladder cancer prognosis: evidence based on experimental studies, machine learning and single-cell sequencing.	2024	Front Immunol	Song DM, Shen T, Feng K, He YB, Chen SL, Zhang Y, Luo WF, Han L, Tong M, Jin Y.	JOURNAL ARTICLE	both	2	REC-AIBIOGU-000268;REC-AIBIOGU-000328	new		yes	yes	yes
MED	39457484	A Multi-Omics Prognostic Model Capturing Tumor Stemness and the Immune Microenvironment in Clear Cell Renal Cell Carcinoma.	2024	Biomedicines	Xiong B, Liu W, Liu Y, Chen T, Lin A, Song J, Qu L, Luo P, Jiang A, Wang L.	research-article; journal article	forward	1	REC-AIBIOGU-000535	new		yes	yes	yes
MED	39457657	A Transfer Learning-Based Framework for Classifying Lymph Node Metastasis in Prostate Cancer Patients.	2024	Biomedicines	Sarkar S, Wu T, Harwood M, Silva AC.	research-article; journal article	forward	1	REC-AIBIOGU-000368	new		yes	yes	yes
MED	38704627	A commentary on 'A CT-based deep learning model predicts overall survival in patients with muscle invasive bladder cancer after radical cystectomy: a multicenter retrospective cohort study'.	2024	Int J Surg	Zheng Y, Shi H, Hai B, Zhang J.	research-article; multicenter study; journal article	forward	1	REC-AIBIOGU-000310	new		yes	yes	yes
MED	38174830	A computed tomography urography-based machine learning model for predicting preoperative pathological grade of upper urinary tract urothelial carcinoma.	2024	Cancer Med	Zheng Y, Shi H, Fu S, Wang H, Wang J, Li X, Li Z, Hai B, Zhang J.	research-article; journal article	forward	3	REC-AIBIOGU-000327;REC-AIBIOGU-000330;REC-AIBIOGU-000529	new		yes	yes	yes
MED	38395827	A nomogram based on peripheral lymphocyte for predicting 8-year survival in patients with prostate cancer: a single-center study using LASSO-cox regression.	2024	BMC Cancer	Chen J, Yu F, He G, Hao W, Hu W.	research-article; journal article	forward	1	REC-AIBIOGU-000180	new		yes	yes	yes
MED	39466475	A radiomics-based interpretable machine learning model to predict the HER2 status in bladder cancer: a multicenter study.	2024	Insights Imaging	Wei Z, Bai X, Xv Y, Chen SH, Yin S, Li Y, Lv F, Xiao M, Xie Y.	research-article; journal article	forward	3	REC-AIBIOGU-000306;REC-AIBIOGU-000311;REC-AIBIOGU-000314	new		yes	yes	yes
MED	37909882	AI-powered radiomics: revolutionizing detection of urologic malignancies.	2024	Curr Opin Urol	Gelikman DG, Rais-Bahrami S, Pinto PA, Turkbey B.	research support, n.i.h., intramural; research-article; review; journal article	forward	3	REC-AIBIOGU-000354;REC-AIBIOGU-000509;REC-AIBIOGU-000532	new		yes	yes	yes
MED	39172115	Addressing intra- and inter-institution variability of a radiomic framework based on Apparent Diffusion Coefficient in prostate cancer.	2024	Med Phys	Morelli L, Paganelli C, Marvaso G, Parrella G, Annunziata S, Vicini MG, Zaffaroni M, Pepa M, Summers PE, De Cobelli O, Petralia G, Jereczek-Fossa BA, Baroni G.	journal article	forward	1	REC-AIBIOGU-000190	new		yes	yes	yes
MED	38538287	An Integrated Machine Learning Framework Identifies Prognostic Gene Pair Biomarkers Associated with Programmed Cell Death Modalities in Clear Cell Renal Cell Carcinoma.	2024	Front Biosci (Landmark Ed)	Chen B, Zhou M, Guo L, Huang H, Sun X, Peng Z, Wu D, Chen W.	journal article	forward	2	REC-AIBIOGU-000506;REC-AIBIOGU-000543	new		yes	yes	yes
MED	36639335	Applications of artificial intelligence in prostate cancer histopathology.	2024	Urol Oncol	Busby D, Grauer R, Pandav K, Khosla A, Jain P, Menon M, Haines GK, Cordon-Cardo C, Gorin MA, Tewari AK.	review; journal article	forward	1	REC-AIBIOGU-000175	new		yes	yes	yes
MED	38714511	Applications of artificial intelligence in urologic oncology.	2024	Investig Clin Urol	Pak S, Park SG, Park J, Cho ST, Lee YG, Ahn H.	research support, non-u.s. gov't; review-article; review; journal article	forward	3	REC-AIBIOGU-000320;REC-AIBIOGU-000332;REC-AIBIOGU-000339	new		yes	yes	yes
MED	37945102	Artificial Intelligence in Pathomics and Genomics of Renal Cell Carcinoma.	2024	Urol Clin North Am	Knudsen JE, Rich JM, Ma R.	review; journal article	forward	5	REC-AIBIOGU-000344;REC-AIBIOGU-000515;REC-AIBIOGU-000530;REC-AIBIOGU-000544;REC-AIBIOGU-000564	new		yes	yes	yes
MED	39575423	Artificial intelligence application in the diagnosis and treatment of bladder cancer: advance, challenges, and opportunities.	2024	Front Oncol	Ma X, Zhang Q, He L, Liu X, Xiao Y, Hu J, Cai S, Cai H, Yu B.	review-article; review; journal article	forward	5	REC-AIBIOGU-000297;REC-AIBIOGU-000321;REC-AIBIOGU-000327;REC-AIBIOGU-000356;REC-AIBIOGU-000367	new		yes	yes	yes
MED	37296271	Artificial intelligence applications in prostate cancer.	2024	Prostate Cancer Prostatic Dis	Baydoun A, Jia AY, Zaorsky NG, Kashani R, Rao S, Shoag JE, Vince RA, Bittencourt LK, Zuhour R, Price AT, Arsenault TH, Spratt DE.	research support, non-u.s. gov't; review; journal article; research support, n.i.h., extramural	forward	1	REC-AIBIOGU-000180	new		yes	yes	yes
MED	39190175	Artificial intelligence for predicting response to neoadjuvant chemotherapy for bladder cancer A comprehensive systematic review and meta-analysis.	2024	Can Urol Assoc J	Suartz CV, Martinez LM, Cordeiro MD, Flores HA, Kodama S, Cardili L, Mota JM, Coelho FMA, de Bessa Junior J, Camargo CP, Teoh JY, Shariat SF, Toren P, Nahas WC, Ribeiro-Filho LA.	review-article; review; journal article	forward	1	REC-AIBIOGU-000350	new		yes	yes	yes
MED	39285354	Assessing muscle invasion in bladder cancer via virtual biopsy: a study on quantitative parameters and classical radiomics features from dual-energy CT imaging.	2024	BMC Med Imaging	Hu M, Wei W, Zhang J, Wang S, Tong X, Fan Y, Cheng Q, Liu Y, Li J, Liu L.	research-article; journal article	forward	1	REC-AIBIOGU-000299	new		yes	yes	yes
MED	38099997	Assessment of Prostate and Bladder Cancer Genomic Biomarkers Using Artificial Intelligence: a Systematic Review.	2024	Curr Urol Rep	Bazarkin A, Morozov A, Androsov A, Fajkovic H, Rivas JG, Singla N, Koroleva S, Teoh JY, Zvyagin AV, Shariat SF, Somani B, Enikeev D.	systematic review; journal article	forward	2	REC-AIBIOGU-000339;REC-AIBIOGU-000370	new		yes	yes	yes
MED	38212451	CT-based radiomics: predicting early outcomes after percutaneous transluminal renal angioplasty in patients with severe atherosclerotic renal artery stenosis.	2024	Vis Comput Ind Biomed Art	Fu J, Fang M, Lin Z, Qiu J, Yang M, Tian J, Dong D, Zou Y.	research-article; journal article	forward	1	REC-AIBIOGU-000532	new		yes	yes	yes
MED	38507053	Can we predict pathology without surgery? Weighing the added value of multiparametric MRI and whole prostate radiomics in integrative machine learning models.	2024	Eur Radiol	Marvaso G, Isaksson LJ, Zaffaroni M, Vincini MG, Summers PE, Pepa M, Corrao G, Mazzola GC, Rotondi M, Mastroleo F, Raimondi S, Alessi S, Pricolo P, Luzzago S, Mistretta FA, Ferro M, Cattani F, Ceci F, Musi G, De Cobelli O, Cremonesi M, Gandini S, La Torre D, Orecchia R, Petralia G, Jereczek-Fossa BA.	journal article	forward	1	REC-AIBIOGU-000163	new		yes	yes	yes
MED	38331808	Clinical application of machine learning models in patients with prostate cancer before prostatectomy.	2024	Cancer Imaging	Guerra A, Orton MR, Wang H, Konidari M, Maes K, Papanikolaou NK, Koh DM.	research-article; journal article; observational study	forward	1	REC-AIBIOGU-000191	new		yes	yes	yes
MED	39325194	Clinical application of radiomics for the prediction of treatment outcome and survival in patients with renal cell carcinoma: a systematic review.	2024	World J Urol	Khene ZE, Tachibana I, Bertail T, Fleury R, Bhanvadia R, Kapur P, Rajaram S, Guo J, Christie A, Pedrosa I, Lotan Y, Margulis V.	systematic review; journal article	forward	6	REC-AIBIOGU-000507;REC-AIBIOGU-000513;REC-AIBIOGU-000514;REC-AIBIOGU-000542;REC-AIBIOGU-000551;REC-AIBIOGU-000554	new		yes	yes	yes
MED	39443896	Comparison in prostate cancer diagnosis with PSA 4-10 ng/mL: radiomics-based model VS. PI-RADS v2.1.	2024	BMC Urol	Li C, Jin Z, Wei C, Dai G, Tu J, Shen J.	comparative study; research-article; journal article	forward	3	REC-AIBIOGU-000156;REC-AIBIOGU-000158;REC-AIBIOGU-000176	new		yes	yes	yes
MED	39533250	Comparison of MRI artificial intelligence-guided cognitive fusion-targeted biopsy versus routine cognitive fusion-targeted prostate biopsy in prostate cancer diagnosis: a randomized controlled trial.	2024	BMC Med	Deng R, Liu Y, Wang K, Ruan M, Li D, Wu J, Qiu J, Wu P, Tian P, Yu C, Shang J, Zhao Z, Zhou J, Cai L, Wang X, Gong K.	comparative study; research support, non-u.s. gov't; research-article; randomized controlled trial; journal article	forward	1	REC-AIBIOGU-000180	new		yes	yes	yes
MED	39452071	Contemporary Update on Clinical and Experimental Prostate Cancer Biomarkers: A Multi-Omics-Focused Approach to Detection and Risk Stratification.	2024	Biology (Basel)	Hachem S, Yehya A, El Masri J, Mavingire N, Johnson JR, Dwead AM, Kattour N, Bouchi Y, Kobeissy F, Rais-Bahrami S, Mechref Y, Abou-Kheir W, Woods-Burnham L.	JOURNAL ARTICLE	backward	1	REC-AIBIOGU-000012	new		yes	yes	yes
MED	39206159	Contrast-enhanced computed tomography-based radiomics nomogram for predicting HER2 status in urothelial bladder carcinoma.	2024	Front Oncol	Peng J, Tang Z, Li T, Pan X, Feng L, Long L.	research-article; journal article	forward	3	REC-AIBIOGU-000306;REC-AIBIOGU-000329;REC-AIBIOGU-000342	new		yes	yes	yes
MED	38982018	Current advances in the use of artificial intelligence in predicting and managing urological complications.	2024	Int Urol Nephrol	Shah N, Khalid U, Kavia R, Batura D.	review; journal article	forward	1	REC-AIBIOGU-000175	new		yes	yes	yes
MED	39011666	Deciphering the tumour microenvironment of clear cell renal cell carcinoma: Prognostic insights from programmed death genes using machine learning.	2024	J Cell Mol Med	Tu H, Hu Q, Ma Y, Huang J, Luo H, Jiang L, Zhang S, Jiang C, Lai H, Liu J, Chen J, Guo L, Yang G, Xu K, Chi H, Chen H.	research support, non-u.s. gov't; research-article; journal article	forward	1	REC-AIBIOGU-000511	new		yes	yes	yes
MED	38388243	Deep learning model for the detection of prostate cancer and classification of clinically significant disease using multiparametric MRI in comparison to PI-RADs score.	2024	Urol Oncol	Yang C, Li B, Luan Y, Wang S, Bian Y, Zhang J, Wang Z, Liu B, Chen X, Hacker M, Li Z, Li X, Wang Z.	research support, non-u.s. gov't; journal article	forward	1	REC-AIBIOGU-000180	new		yes	yes	yes
MED	38445478	Deep learning-based multi-model prediction for disease-free survival status of patients with clear cell renal cell carcinoma after surgery: a multicenter cohort study.	2024	Int J Surg	Chen S, Gao F, Guo T, Jiang L, Zhang N, Wang X, Zheng J.	research-article; multicenter study; journal article	forward	3	REC-AIBIOGU-000356;REC-AIBIOGU-000495;REC-AIBIOGU-000530	new		yes	yes	yes
MED	38877591	Deep learning-based pathological prediction of lymph node metastasis for patient with renal cell carcinoma from primary whole slide images.	2024	J Transl Med	Gao F, Jiang L, Guo T, Lin J, Xu W, Yuan L, Han Y, Yang J, Pan Q, Chen E, Zhang N, Chen S, Wang X.	research support, non-u.s. gov't; research-article; journal article	forward	2	REC-AIBIOGU-000356;REC-AIBIOGU-000530	new		yes	yes	yes
MED	38476369	Deep learning-based radiomics model from pretreatment ADC to predict biochemical recurrence in advanced prostate cancer.	2024	Front Oncol	Wang H, Wang K, Zhang Y, Chen Y, Zhang X, Wang X.	research-article; journal article	forward	2	REC-AIBIOGU-000151;REC-AIBIOGU-000178	new		yes	yes	yes
MED	37602942	Detecting Adverse Pathology of Prostate Cancer With a Deep Learning Approach Based on a 3D Swin-Transformer Model and Biparametric MRI: A Multicenter Retrospective Study.	2024	J Magn Reson Imaging	Zhao L, Bao J, Wang X, Qiao X, Shen J, Zhang Y, Jin P, Ji Y, Zhang J, Su Y, Ji L, Li Z, Lu J, Hu C, Shen H, Tian J, Liu J.	research support, non-u.s. gov't; multicenter study; journal article	forward	1	REC-AIBIOGU-000178	new		yes	yes	yes
MED	39590134	Detecting Clinically Significant Prostate Cancer in PI-RADS 3 Lesions Using T2w-Derived Radiomics Feature Maps in 3T Prostate MRI.	2024	Curr Oncol	Jensen LJ, Kim D, Elgeti T, Steffen IG, Schaafs LA, Haas M, Kurz LJ, Hamm B, Nagel SN.	research-article; journal article	forward	1	REC-AIBIOGU-000176	new		yes	yes	yes
MED	39043515	Development and Validation of a Biparametric MRI Deep Learning Radiomics Model with Clinical Characteristics for Predicting Perineural Invasion in Patients with Prostate Cancer.	2024	Acad Radiol	Zhang YY, Mao HM, Wei CG, Chen T, Zhao WL, Chen LY, Shen JK, Guo WL.	research support, non-u.s. gov't; validation study; journal article	forward	1	REC-AIBIOGU-000155	new		yes	yes	yes
MED	38446042	Development and Validation of a Deep Learning Model to Reduce the Interference of Rectal Artifacts in MRI-based Prostate Cancer Diagnosis.	2024	Radiol Artif Intell	Hu L, Guo X, Zhou D, Wang Z, Dai L, Li L, Li Y, Zhang T, Long H, Yu C, Shi ZW, Han C, Lu C, Zhao J, Li Y, Zha Y, Zha Y, Liu Z.	research support, non-u.s. gov't; research-article; multicenter study; journal article	forward	1	REC-AIBIOGU-000180	new		yes	yes	yes
MED	39301494	Diagnostic accuracy of deep learning in detection and prognostication of renal cell carcinoma: a systematic review and meta-analysis.	2024	Front Med (Lausanne)	Chandramohan D, Garapati HN, Nangia U, Simhadri PK, Lapsiwala B, Jena NK, Singh P.	systematic review; systematic-review; journal article	forward	1	REC-AIBIOGU-000515	new		yes	yes	yes
MED	38420669	"Editorial for ""Development and Validation of Interpretable Machine Learning Models for Clinically Significant Prostate Cancer Diagnosis in Patients With Lesions of PI-RADS v2.1 Score ≥3""."	2024	J Magn Reson Imaging	Chong JJR.	editorial	forward	1	REC-AIBIOGU-000156	new		yes	yes	yes
MED	38398201	Emerging Trends in AI and Radiomics for Bladder, Kidney, and Prostate Cancer: A Critical Review.	2024	Cancers (Basel)	Feretzakis G, Juliebø-Jones P, Tsaturyan A, Sener TE, Verykios VS, Karapiperis D, Bellos T, Katsimperis S, Angelopoulos P, Varkarakis I, Skolarikos A, Somani B, Tzelves L.	review-article; review; journal article	forward	2	REC-AIBIOGU-000320;REC-AIBIOGU-000525	new		yes	yes	yes
MED	39022227	Enhancing automatic prediction of clinically significant prostate cancer with deep transfer learning 2.5-dimensional segmentation on bi-parametric magnetic resonance imaging (bp-MRI).	2024	Quant Imaging Med Surg	Li M, Ding N, Yin S, Lu Y, Ji Y, Jin L.	research-article; journal article	forward	1	REC-AIBIOGU-000140	new		yes	yes	yes
PPR	PPR926125	Establishment and Validation of a Machine Learning Model Predicting Post-Radical Prostatectomy Gleason grading group upgrading Author’s information	2024		Wu J, Yuan R, Lu Y, Tan J, Chen Z, Li X, Leng Q, Zhong R, Zhang Y, Huang H.	preprint	forward	2	REC-AIBIOGU-000356;REC-AIBIOGU-000530	new		yes	yes	yes
MED	38031792	External Validation of Ultrasound Radiomics for Small (≤ 4 cm) Renal Mass Differentiation: A Comparison with Radiologists	2024	Curr Med Imaging	Liang M, Dong L, Ou B, Zhao X, Wu J, Qiu H, Ye M, Luo B.	JOURNAL ARTICLE	backward	1	REC-AIBIOGU-000373	new		yes	yes	yes
MED	39095604	From data to decisions: deep learning is shaping prostate cancer diagnostics.	2024	Eur Radiol	Israël B.	comment; editorial	forward	1	REC-AIBIOGU-000180	new		yes	yes	yes
MED	38125666	From molecular mechanisms of prostate cancer to translational applications: based on multi-omics fusion analysis and intelligent medicine.	2024	Health Inf Sci Syst	Ren S, Li J, Dorado J, Sierra A, González-Díaz H, Duardo A, Shen B.	review-article; review; journal article	forward	1	REC-AIBIOGU-000173	new		yes	yes	yes
MED	39105640	Fully Automated Deep Learning Model to Detect Clinically Significant Prostate Cancer at MRI.	2024	Radiology	Cai JC, Nakai H, Kuanar S, Froemming AT, Bolan CW, Kawashima A, Takahashi H, Mynderse LA, Dora CD, Humphreys MR, Korfiatis P, Rouzrokh P, Bratt AK, Conte GM, Erickson BJ, Takahashi N.	research-article; journal article	forward	1	REC-AIBIOGU-000180	new		yes	yes	yes
MED	37945100	Genomics and Artificial Intelligence: Prostate Cancer.	2024	Urol Clin North Am	Wong EY, Chu TN, Ladi-Seyedian SS.	review; journal article	forward	5	REC-AIBIOGU-000157;REC-AIBIOGU-000165;REC-AIBIOGU-000172;REC-AIBIOGU-000175;REC-AIBIOGU-000186	new		yes	yes	yes
MED	38585207	Harnessing Artificial Intelligence for Enhanced Renal Analysis: Automated Detection of Hydronephrosis and Precise Kidney Segmentation.	2024	Eur Urol Open Sci	Alexa R, Kranz J, Kramann R, Kuppe C, Sanyal R, Hayat S, Casas Murillo LF, Hajili T, Hoffmann M, Saar M.	research-article; journal article	forward	1	REC-AIBIOGU-000370	new		yes	yes	yes
MED	38593808	Harnessing artificial intelligence for prostate cancer management.	2024	Cell Rep Med	Zhu L, Pan J, Mou W, Deng L, Zhu Y, Wang Y, Pareek G, Hyams E, Carneiro BA, Hadfield MJ, El-Deiry WS, Yang T, Tan T, Tong T, Ta N, Zhu Y, Gao Y, Lai Y, Cheng L, Chen R, Xue W.	review-article; review; journal article	forward	3	REC-AIBIOGU-000146;REC-AIBIOGU-000175;REC-AIBIOGU-000199	new		yes	yes	yes
MED	39868377	Harnessing machine learning to predict prostate cancer survival: a review.	2024	Front Oncol	Bang S, Ahn YJ, Koo KC.	review-article; review; journal article	forward	2	REC-AIBIOGU-000119;REC-AIBIOGU-000124	new		yes	yes	yes
MED	39267762	Identification of cancer stem cell-related genes through single cells and machine learning for predicting prostate cancer prognosis and immunotherapy.	2024	Front Immunol	Wang Y, Ma L, He J, Gu H, Zhu H.	research-article; journal article	forward	1	REC-AIBIOGU-000112	new		yes	yes	yes
MED	38841440	Identification of clear cell renal cell carcinoma subtypes by integrating radiomics and transcriptomics.	2024	Heliyon	Gao R, Pang J, Lin P, Wen R, Wen D, Liang Y, Ma Z, Liang L, He Y, Yang H.	research-article; journal article	forward	1	REC-AIBIOGU-000513	new		yes	yes	yes
MED	39524931	Improve clinical feature-based bladder cancer survival prediction models through integration with gene expression profiles and machine learning techniques.	2024	Heliyon	Tang Y, Li S, Zhu L, Yao L, Li J, Sun X, Liu Y, Zhang Y, Fu X.	research-article; journal article	forward	1	REC-AIBIOGU-000349	new		yes	yes	yes
MED	38824904	Integrated analysis of multiple transcriptomic approaches and machine learning integration algorithms reveals high endothelial venules as a prognostic immune-related biomarker in bladder cancer.	2024	Int Immunopharmacol	Zhang J, Huang Y, Tan X, Wang Z, Cheng R, Zhang S, Chen Y, Jiang F, Tan W, Deng X, Li F.	JOURNAL ARTICLE	backward	1	REC-AIBIOGU-000268	new		yes	yes	yes
MED	39736623	Interpretable machine learning model for predicting clinically significant prostate cancer: integrating intratumoral and peritumoral radiomics with clinical and metabolic features.	2024	BMC Med Imaging	Zhao W, Hou M, Wang J, Song D, Niu Y.	research-article; journal article	forward	1	REC-AIBIOGU-000190	new		yes	yes	yes
MED	38456745	MRI-Based Machine Learning Radiomics for Preoperative Assessment of Human Epidermal Growth Factor Receptor 2 Status in Urothelial Bladder Carcinoma.	2024	J Magn Reson Imaging	Yu R, Cai L, Gong Y, Sun X, Li K, Cao Q, Yang X, Lu Q.	research support, non-u.s. gov't; journal article	forward	1	REC-AIBIOGU-000368	new		yes	yes	yes
MED	37658139	MRI-based automated machine learning model for preoperative identification of variant histology in muscle-invasive bladder carcinoma.	2024	Eur Radiol	Huang J, Chen G, Liu H, Jiang W, Mai S, Zhang L, Zeng H, Wu S, Chen CY, Wu Z.	journal article	forward	2	REC-AIBIOGU-000365;REC-AIBIOGU-000368	new		yes	yes	yes
MED	38520649	MRI-based radiomics for prediction of extraprostatic extension of prostate cancer: a systematic review and meta-analysis.	2024	Radiol Med	Wen J, Liu W, Zhang Y, Shen X.	meta-analysis; systematic review; journal article	forward	1	REC-AIBIOGU-000191	new		yes	yes	yes
MED	39525508	MRI-based radiomics machine learning model to differentiate non-clear cell renal cell carcinoma from benign renal tumors.	2024	Eur J Radiol Open	Wang R, Zhong L, Zhu P, Pan X, Chen L, Zhou J, Ding Y.	research-article; journal article	forward	1	REC-AIBIOGU-000521	new		yes	yes	yes
MED	39703069	Machine Learning-Based Pathomics Model to Predict the Prognosis in Clear Cell Renal Cell Carcinoma.	2024	Technol Cancer Res Treat	Li X, Yang X, Yang X, Xie X, Rui W, He H.	research-article; journal article	forward	4	REC-AIBIOGU-000124;REC-AIBIOGU-000468;REC-AIBIOGU-000485;REC-AIBIOGU-000513	new		yes	yes	yes
MED	38993563	Machine Learning-based Framework Develops a Tumor Thrombus Coagulation Signature in Multicenter Cohorts for Renal Cancer.	2024	Int J Biol Sci	Feng T, Wang Y, Zhang W, Cai T, Tian X, Su J, Zhang Z, Zheng S, Ye S, Dai B, Wang Z, Zhu Y, Zhang H, Chang K, Ye D.	research support, non-u.s. gov't; research-article; journal article	forward	1	REC-AIBIOGU-000546	new		yes	yes	yes
MED	39678498	Machine learning approaches for spatial omics data analysis in digital pathology: tools and applications in genitourinary oncology.	2024	Front Oncol	Kim H, Kim J, Yeon SY, You S.	review-article; review; journal article	forward	2	REC-AIBIOGU-000175;REC-AIBIOGU-000530	new		yes	yes	yes
MED	39296076	Machine learning based androgen receptor regulatory gene-related random forest survival model for precise treatment decision in prostate cancer.	2024	Heliyon	Li Q, Wang Y, Chen J, Zeng K, Wang C, Guo X, Hu Z, Hu J, Liu B, Xiao J, Zhou P.	research-article; journal article	forward	1	REC-AIBIOGU-000109	new		yes	yes	yes
MED	37796326	Machine learning based on radiomics features combing B-mode transrectal ultrasound and contrast-enhanced ultrasound to improve peripheral zone prostate cancer detection.	2024	Abdom Radiol (NY)	Sun Y, Fang J, Shi Y, Li H, Wang J, Xu J, Zhang B, Liang L.	research support, non-u.s. gov't; research-article; journal article	forward	1	REC-AIBIOGU-000184	new		yes	yes	yes
MED	38767747	Machine learning identifies the role of SMAD6 in the prognosis and drug susceptibility in bladder cancer.	2024	J Cancer Res Clin Oncol	Chen Z, Ou Y, Ye F, Li W, Jiang H, Liu S.	JOURNAL ARTICLE	backward	1	REC-AIBIOGU-000268	new		yes	yes	yes
MED	38584282	Machine learning pipeline to analyze clinical and proteomics data: experiences on a prostate cancer case.	2024	BMC Med Inform Decis Mak	Vizza P, Aracri F, Guzzi PH, Gaspari M, Veltri P, Tradigo G.	research-article; journal article	forward	1	REC-AIBIOGU-000131	new		yes	yes	yes
MED	38977273	Machine learning-based CT radiomics enhances bladder cancer staging predictions: A comparative study of clinical, radiomics, and combined models.	2024	Med Phys	Xiong S, Fu Z, Deng Z, Li S, Zhan X, Zheng F, Yang H, Liu X, Xu S, Liu H, Fan B, Dong W, Song Y, Fu B.	comparative study; journal article	forward	1	REC-AIBIOGU-000324	new		yes	yes	yes
MED	39073679	Machine learning-based integration develops a mitophagy-related lncRNA signature for predicting the progression of prostate cancer: a bioinformatic analysis.	2024	Discov Oncol	Dai C, Zeng X, Zhang X, Liu Z, Cheng S.	research-article; journal article	forward	1	REC-AIBIOGU-000144	new		yes	yes	yes
MED	38947325	Multi-omics analysis and experimental validation of the value of monocyte-associated features in prostate cancer prognosis and immunotherapy.	2024	Front Immunol	Wang Y, Li C, He J, Zhao Q, Zhou Y, Sun H, Zhu H, Ding B, Ren M.	research-article; journal article	forward	1	REC-AIBIOGU-000506	new		yes	yes	yes
MED	39333970	Multi-sequence MRI-based radiomics model to preoperatively predict the WHO/ISUP grade of clear Cell Renal Cell Carcinoma: a two-center study.	2024	BMC Cancer	Chen R, Su Q, Li Y, Shen P, Zhang J, Tan Y.	JOURNAL ARTICLE	both	2	REC-AIBIOGU-000372;REC-AIBIOGU-000557	new		yes	yes	yes
MED	38879708	Multimodal data integration using machine learning to predict the risk of clear cell renal cancer metastasis: a retrospective multicentre study.	2024	Abdom Radiol (NY)	Yang Y, Wang J, Ren Q, Yu R, Yuan Z, Jiang Q, Guan S, Tang X, Duan T, Meng X.	research support, non-u.s. gov't; multicenter study; journal article	forward	1	REC-AIBIOGU-000529	new		yes	yes	yes
MED	38113804	Multimodal deep learning for personalized renal cell carcinoma prognosis: Integrating CT imaging and clinical data.	2024	Comput Methods Programs Biomed	Mahootiha M, Qadir HA, Bergsland J, Balasingham I.	journal article	forward	1	REC-AIBIOGU-000554	new		yes	yes	yes
MED	37672052	Non-invasive differential diagnosis of teratomas from other intracranial germ cell tumours using MRI-based fractal and radiomic analyses.	2024	Eur Radiol	Liu S, Wang X, Liu X, Li S, Liao H, Qiu X.	journal article	forward	1	REC-AIBIOGU-000696	new		yes	yes	yes
MED	39495422	Optimizing radiomics for prostate cancer diagnosis: feature selection strategies, machine learning classifiers, and MRI sequences.	2024	Insights Imaging	Mylona E, Zaridis DI, Kalantzopoulos CΝ, Tachos NS, Regge D, Papanikolaou N, Tsiknakis M, Marias K; ProCAncer-I Consortium, Fotiadis DI, Mylona E, Zaridis D, Kalantzopoulos C, Tachos NS, Regge D, Papanikolaou N, Tsiknakis M, Marias K, Fotiadis D, Sfakianakis S, Kalokyri V, Trivizakis E, Kalliatakis G, Dimitriadis A, de Almeida JG, Verde AC, Rodrigues AC, Rodrigues N, Chambel M, Huisman H, de Rooij M, Saha A, Twilt JJ, Futterer J, Marti-Bonmati L, Cerda-Alberich L, Ribas G, Navarro S, Marfil M, Neri E, Aringhieri G, Tumminello L, Mendola V, Nan , Akata D, Ozmen M, Karaosmanoglu AD, Atak F, Karcaaltincaba M, Vilanova JC, Usinskiene J, Briediene R, Untanas A, Slidevska K, Vasilis K, Georgios G, Koh DM, Emsley R, Vit S, Ribeiro A, Doran S, Jacobs T, Garcia-Marti G, Giannini V, Mazzetti S, Cappello G, Maimone G, Napolitano V, Colantonio S, Pascali MA, Pachetti E, Del Corso G, Germanese D, Berti A, Carloni G, Kalpathy-Cramer J, Bridge C, Correia J, Hernandez W, Giavri Z, Pollalis C, Agraniotis D, Pastor AJ, Mora JM, Saillant C, Henne T, Marquez R.	JOURNAL ARTICLE	both	2	REC-AIBIOGU-000140;REC-AIBIOGU-000372	new		yes	yes	yes
MED	38218433	Patterns of cortical oxygenation may predict the response to stenting in subjects with renal artery stenosis: A radiomics-based model.	2024	J Cardiovasc Magn Reson	Ebrahimi B, Gandhi D, Alsaeedi MH, Lerman LO.	research-article; journal article; research support, n.i.h., extramural	forward	1	REC-AIBIOGU-000521	new		yes	yes	yes
MED	39448755	Precise grading of non-muscle invasive bladder cancer with multi-scale pyramidal CNN.	2024	Sci Rep	Shalata AT, Alksas A, Shehata M, Khater S, Ezzat O, Ali KM, Gondim D, Mahmoud A, El-Gendy EM, Mohamed MA, Alghamdi NS, Ghazal M, El-Baz A.	research-article; journal article	forward	1	REC-AIBIOGU-000356	new		yes	yes	yes
MED	39518036	Predicting Biochemical Recurrence of Prostate Cancer Post-Prostatectomy Using Artificial Intelligence: A Systematic Review.	2024	Cancers (Basel)	Liu J, Zhang H, Woon DTS, Perera M, Lawrentschuk N.	review-article; review; journal article	forward	2	REC-AIBIOGU-000175;REC-AIBIOGU-000178	new		yes	yes	yes
MED	39145002	Predicting CTLA4 expression and prognosis in clear cell renal cell carcinoma using a pathomics signature of histopathological images and machine learning.	2024	Heliyon	Yang X, Li X, Xu H, Du S, Wang C, He H.	research-article; journal article	forward	1	REC-AIBIOGU-000513	new		yes	yes	yes
MED	39735606	Predicting distant metastasis of bladder cancer using multiple machine learning models: a study based on the SEER database with external validation.	2024	Front Oncol	Zou XC, Rao XP, Huang JB, Zhou J, Chao HC, Zeng T.	research-article; journal article	forward	2	REC-AIBIOGU-000327;REC-AIBIOGU-000356	new		yes	yes	yes
MED	39529158	Predicting first-line VEGFR-TKI resistance and survival in metastatic clear cell renal cell carcinoma using a clinical-radiomic nomogram.	2024	Cancer Imaging	Wang Y, Zhang X, Wang S, Shi H, Zhao X, Chen Y.	research-article; journal article	forward	2	REC-AIBIOGU-000542;REC-AIBIOGU-000545	new		yes	yes	yes
MED	38637674	Predicting non-muscle invasive bladder cancer outcomes using artificial intelligence: a systematic review using APPRAISE-AI.	2024	NPJ Digit Med	Kwong JCC, Wu J, Malik S, Khondker A, Gupta N, Bodnariuc N, Narayana K, Malik M, van der Kwast TH, Johnson AEW, Zlotta AR, Kulkarni GS.	review-article; review; journal article	forward	2	REC-AIBIOGU-000367;REC-AIBIOGU-000370	new		yes	yes	yes
MED	39114306	Prediction of clear cell renal cell carcinoma ≤ 4cm: visual assessment of ultrasound characteristics versus ultrasonographic radiomics analysis.	2024	Front Oncol	Yang F, Zhang D, Zhao LH, Mao YR, Mu J, Wang HL, Pang L, Yang SQ, Wei X, Liu CW.	JOURNAL ARTICLE	both	3	REC-AIBIOGU-000184;REC-AIBIOGU-000373;REC-AIBIOGU-000525	new		yes	yes	yes
MED	38625419	Prediction of prostate cancer aggressiveness using magnetic resonance imaging radiomics: a dual-center study.	2024	Discov Oncol	Pan N, Shi L, He D, Zhao J, Xiong L, Ma L, Li J, Ai K, Zhao L, Huang G.	research-article; journal article	forward	1	REC-AIBIOGU-000198	new		yes	yes	yes
MED	40177755	Preoperative CT radiomics&lt;b&gt;-&lt;/b&gt;based model for predicting Ki&lt;b&gt;-&lt;/b&gt;67 expression in clear cell renal cell carcinoma patients.	2024	Zhong Nan Da Xue Xue Bao Yi Xue Ban	Yang Z, He H, Zhang Y, Wang J, Zhang W, Zhou F.	research-article; journal article	forward	1	REC-AIBIOGU-000471	new		yes	yes	yes
MED	39003377	Preoperative Prediction of Muscle Invasiveness in Bladder Cancer: The Role of 3D Volumetric Radiomics Using Diffusion-Weighted MRI, the VI-RADS Score, or a Combination of Both.	2024	Ann Surg Oncol	Şam Özdemir M, Azamat S, Özdemir H, Keskin ET, Savun M, Şimşek A, Yardımcı AH.	journal article	forward	3	REC-AIBIOGU-000354;REC-AIBIOGU-000365;REC-AIBIOGU-000367	new		yes	yes	yes
MED	38791977	Prostate-Specific Membrane Antigen Positron Emission Tomography/Computed Tomography-Derived Radiomic Models in Prostate Cancer Prognostication.	2024	Cancers (Basel)	Huynh LM, Swanson S, Cima S, Haddadin E, Baine M.	review-article; review; journal article	forward	2	REC-AIBIOGU-000152;REC-AIBIOGU-000159	new		yes	yes	yes
MED	38554673	Radiogenomic analysis based on lipid metabolism-related subset for non-invasive prediction for prognosis of renal clear cell carcinoma.	2024	Eur J Radiol	He H, Xie Y, Song F, Feng Z, Rong P.	journal article	forward	1	REC-AIBIOGU-000516	new		yes	yes	yes
MED	38791417	Radiogenomics Map-Based Molecular and Imaging Phenotypical Characterization in Localised Prostate Cancer Using Pre-Biopsy Biparametric MR Imaging.	2024	Int J Mol Sci	Ogbonnaya CN, Alsaedi BSO, Alhussaini AJ, Hislop R, Pratt N, Steele JD, Kernohan N, Nabi G.	JOURNAL ARTICLE	backward	1	REC-AIBIOGU-000040	new		yes	yes	yes
MED	39684226	Radiogenomics Pilot Study: Association Between Radiomics and Single Nucleotide Polymorphism-Based Microarray Copy Number Variation in Diagnosing Renal Oncocytoma and Chromophobe Renal Cell Carcinoma.	2024	Int J Mol Sci	Alhussaini AJ, Veluchamy A, Jawli A, Kernohan N, Tang B, Palmer CNA, Steele JD, Nabi G.	research-article; journal article	forward	1	REC-AIBIOGU-000527	new		yes	yes	yes
MED	38999473	Radiomic Pipelines for Prostate Cancer in External Beam Radiation Therapy: A Review of Methods and Future Directions.	2024	J Clin Med	Mendes B, Domingues I, Santos J.	review-article; review; journal article	forward	5	REC-AIBIOGU-000139;REC-AIBIOGU-000156;REC-AIBIOGU-000166;REC-AIBIOGU-000176;REC-AIBIOGU-000184	new		yes	yes	yes
MED	38763807	Radiomic nomogram based on bi-parametric magnetic resonance imaging to predict the International Society of Urological Pathology grading ≥ 3 prostate cancer: a multicenter study.	2024	Clin Radiol	Zhang Y, Li Z, Gao C, Zhang L, Huang Y, Qu H, Shu C, Wei Y, Xu M, Cui F.	research support, non-u.s. gov't; multicenter study; journal article	forward	1	REC-AIBIOGU-000190	new		yes	yes	yes
MED	37940428	Radiomics Model for Predicting FOXP3 Expression Level and Survival in Clear Cell Renal Carcinoma.	2024	Acad Radiol	Wang J, Huang Z, Zhou J.	research support, non-u.s. gov't; journal article	forward	1	REC-AIBIOGU-000513	new		yes	yes	yes
MED	37955670	Radiomics for the identification of extraprostatic extension with prostate MRI: a systematic review and meta-analysis.	2024	Eur Radiol	Ponsiglione A, Gambardella M, Stanzione A, Green R, Cantoni V, Nappi C, Crocetto F, Cuocolo R, Cuocolo A, Imbriaco M.	meta-analysis; research-article; systematic review; journal article	forward	2	REC-AIBIOGU-000183;REC-AIBIOGU-000191	new		yes	yes	yes
MED	39285496	Radiomics predicts the prognosis of patients with clear cell renal cell carcinoma by reflecting the tumor heterogeneity and microenvironment.	2024	Cancer Imaging	Wu J, Li J, Huang B, Dong S, Wu L, Shen X, Zheng Z.	research-article; journal article	forward	2	REC-AIBIOGU-000513;REC-AIBIOGU-000530	new		yes	yes	yes
MED	38275002	Robustness of magnetic resonance imaging and positron emission tomography radiomic features in prostate cancer: Impact on recurrence prediction after radiation therapy.	2024	Phys Imaging Radiat Oncol	Dutta A, Chan J, Haworth A, Dubowitz DJ, Kneebone A, Reynolds HM.	research-article; journal article	forward	1	REC-AIBIOGU-000163	new		yes	yes	yes
MED	39388841	Role of [&lt;sup&gt;18&lt;/sup&gt;F]-PSMA-1007 PET radiomics for seminal vesicle invasion prediction in primary prostate cancer.	2024	Comput Biol Med	Luo L, Wang X, Xie H, Liang H, Gao J, Li Y, Xia Y, Zhao M, Shi F, Shen C, Duan X.	research support, non-u.s. gov't; journal article	forward	1	REC-AIBIOGU-000152	new		yes	yes	yes
MED	38256682	Scientific Status Quo of Small Renal Lesions: Diagnostic Assessment and Radiomics.	2024	J Clin Med	Trovato P, Simonetti I, Morrone A, Fusco R, Setola SV, Giacobbe G, Brunese MC, Pecchi A, Triggiani S, Pellegrino G, Petralia G, Sica G, Petrillo A, Granata V.	review-article; review; journal article	forward	2	REC-AIBIOGU-000496;REC-AIBIOGU-000498	new		yes	yes	yes
MED	39671594	Survival After Radical Cystectomy for Bladder Cancer: Development of a Fair Machine Learning Model.	2024	JMIR Med Inform	Carbunaru S, Neshatvar Y, Do H, Murray K, Ranganath R, Nayan M.	research-article; journal article	forward	1	REC-AIBIOGU-000321	new		yes	yes	yes
MED	37672362	The Application of CT Radiomics in the Diagnosis of Vein Wall Invasion in Patients With Renal Cell Carcinoma Combined With Tumor Thrombus.	2024	Oncologist	Zhao X, Yan Y, Xie W, Zhao L, Zhang S, Liu J, Liu C, Ma L.	research support, non-u.s. gov't; research-article; journal article	forward	1	REC-AIBIOGU-000516	new		yes	yes	yes
MED	37945095	The Novel Green Learning Artificial Intelligence for Prostate Cancer Imaging: A Balanced Alternative to Deep Learning and Radiomics.	2024	Urol Clin North Am	Kaneko M, Magoulianitis V, Ramacciotti LS, Raman A, Paralkar D, Chen A, Chu TN, Yang Y, Xue J, Yang J, Liu J, Jadvar DS, Gill K, Cacciamani GE, Nikias CL, Duddalwar V, Jay Kuo CC, Gill IS, Abreu AL.	review; journal article	forward	4	REC-AIBIOGU-000156;REC-AIBIOGU-000176;REC-AIBIOGU-000178;REC-AIBIOGU-000180	new		yes	yes	yes
MED	39272809	The Role of Radiomics in the Prediction of Clinically Significant Prostate Cancer in the PI-RADS v2 and v2.1 Era: A Systematic Review.	2024	Cancers (Basel)	Antolin A, Roson N, Mast R, Arce J, Almodovar R, Cortada R, Maceda A, Escobar M, Trilla E, Morote J.	review-article; review; journal article	forward	1	REC-AIBIOGU-000166	new		yes	yes	yes
MED	39090234	The accuracy and quality of image-based artificial intelligence for muscle-invasive bladder cancer prediction.	2024	Insights Imaging	He C, Xu H, Yuan E, Ye L, Chen Y, Yao J, Song B.	review-article; review; journal article	forward	4	REC-AIBIOGU-000332;REC-AIBIOGU-000347;REC-AIBIOGU-000354;REC-AIBIOGU-000365	new		yes	yes	yes
MED	38740709	The influence of manual segmentation strategies and different phases selection on machine learning-based computed tomography in renal tumors: a systematic review and meta-analysis.	2024	Radiol Med	Song H, Wang X, Wu R, Liu W.	meta-analysis; systematic review; journal article	forward	1	REC-AIBIOGU-000525	new		yes	yes	yes
MED	38505597	The radiomics-clinical nomogram for predicting the response to initial superselective arterial embolization in renal angiomyolipoma, a preliminary study.	2024	Front Oncol	Zechuan L, Tianshi L, Tiantian L, Shoujin C, Hang Y, Ziping Y, Haitao G, Zeyang F, Yinghua Z, Jian W.	research-article; journal article	forward	1	REC-AIBIOGU-000521	new		yes	yes	yes
MED	39570474	The value of radiomics based on 2-[18 F]FDG PET/CT in predicting WHO/ISUP grade of clear cell renal cell carcinoma.	2024	EJNMMI Res	Han Y, Wang G, Zhang J, Pan Y, Cui J, Li C, Wang Y, Xu X, Xu B.	research-article; journal article	forward	2	REC-AIBIOGU-000473;REC-AIBIOGU-000496	new		yes	yes	yes
MED	38844837	Ultrasound contrast-enhanced radiomics model for preoperative prediction of the tumor grade of clear cell renal cell carcinoma: an exploratory study.	2024	BMC Med Imaging	Luo Y, Liu X, Jia Y, Zhao Q.	journal article	forward	1	REC-AIBIOGU-000496	new		yes	yes	yes
MED	38240867	Ultrasound-based deep learning radiomics nomogram for risk stratification of testicular masses: a two-center study.	2024	J Cancer Res Clin Oncol	Fang F, Sun Y, Huang H, Huang Y, Luo X, Yao W, Wei L, Xie G, Wu Y, Lu Z, Zhao J, Li C.	JOURNAL ARTICLE	backward	1	REC-AIBIOGU-000585	new		yes	yes	yes
MED	38189174	Unraveling neoantigen-associated genes in bladder cancer: An in-depth analysis employing 101 machine learning algorithms.	2024	Environ Toxicol	Lv F, Xiong Q, Qi M, Dai C, Zhang X, Cheng S.	journal article	forward	1	REC-AIBIOGU-000506	new		yes	yes	yes
MED	38255812	Use of Multiple Machine Learning Approaches for Selecting Urothelial Cancer-Specific DNA Methylation Biomarkers in Urine.	2024	Int J Mol Sci	Kohler CU, Schork K, Turewicz M, Eisenacher M, Roghmann F, Noldus J, Marcus K, Bruning T, Kafferlein HU.	JOURNAL ARTICLE	backward	1	REC-AIBIOGU-000268	new		yes	yes	yes
MED	39736546	Using apparent diffusion coefficient maps and radiomics to predict pathological grade in upper urinary tract urothelial carcinoma.	2024	BMC Med Imaging	Nai R, Wang K, Ma S, Xi Z, Zhang Y, Zhang X, Wang X.	research-article; journal article	forward	1	REC-AIBIOGU-000329	new		yes	yes	yes
MED	38872141	Using machine learning to develop preoperative model for lymph node metastasis in patients with bladder urothelial carcinoma.	2024	BMC Cancer	Ji J, Zhang T, Zhu L, Yao Y, Mei J, Sun L, Zhang G.	research-article; journal article	forward	1	REC-AIBIOGU-000368	new		yes	yes	yes
MED	41277127	A CT-based deep learning radiomics model for predicting HER2 expression and prognosis in non-muscle-invasive bladder cancer.	2025	Biomark Med	Jin T, Liu H, Li S, Chen H, Shi T, Zhan Y, Liu H, Li X, Gou X.	journal article	forward	1	REC-AIBIOGU-000310	new		yes	yes	yes
MED	40103464	A Machine Learning Model Based on Multi-Phase Contrast-enhanced CT for the Preoperative Prediction of the Muscle-Invasive Status of Bladder Cancer.	2025	Curr Med Imaging	He X, Chen Y, Zhou S, Wang G, Hua R, Li C, Wang Y, Chen X, Ye J.	research-article; journal article	forward	1	REC-AIBIOGU-000354	new		yes	yes	yes
MED	40361482	A Multiparametric MRI and Baseline-Clinical-Feature-Based Dense Multimodal Fusion Artificial Intelligence (MFAI) Model to Predict Castration-Resistant Prostate Cancer Progression.	2025	Cancers (Basel)	He D, Zhuang H, Ma Y, Xia B, Chatterjee A, Fan X, Qi S, Qian W, Zhang Z, Liu J.	research-article; journal article	forward	2	REC-AIBIOGU-000119;REC-AIBIOGU-000124	new		yes	yes	yes
MED	39349786	A Robust [<sup>18</sup>F]-PSMA-1007 Radiomics Ensemble Model for Prostate Cancer Risk Stratification.	2025	J Imaging Inform Med	Pasini G, Stefano A, Mantarro C, Richiusa S, Comelli A, Russo GI, Sabini MG, Cosentino S, Ippolito M, Russo G.	research-article; journal article	forward	1	REC-AIBIOGU-000159	new		yes	yes	yes
PPR	PPR1064626	A Systematic Review of Multimodal Deep Learning and Machine Learning Fusion Techniques for Prostate Cancer Classification	2025		Manzoor F, Gupta V, Pinky L, Wang Z, Chen Z, Deng Y, Neupane S.	preprint	forward	1	REC-AIBIOGU-000119	new		yes	yes	yes
PPR	PPR1050843	A multi-modal deep learning framework for predicting PSA progression-free survival in metastatic prostate cancer using PSMA PET/CT imaging	2025		Ghaderi H, Shen C, Issa W, Pomper MG, Oz OK, Zhang T, Wang J, Yang DX.	preprint	forward	1	REC-AIBIOGU-000152	new		yes	yes	yes
MED	40803139	A multimodal automated deep learning-based model for predicting biochemical recurrence of prostate cancer following prostatectomy from baseline MRI, Presurgical clinical covariates.	2025	Clin Imaging	Simon BD, Harmon SA, Merriman KM, Tetreault J, Esengur OT, Stecko H, Yilmaz EC, Clifton L, Thakur A, Blake Z, Merino MJ, An JY, Marko J, Law YM, Gurram S, Clifton D, Wood BJ, Choyke PL, Pinto PA, Turkbey B.	research-article; journal article	forward	1	REC-AIBIOGU-000178	new		yes	yes	yes
MED	39690281	A multimodal deep-learning model based on multichannel CT radiomics for predicting pathological grade of bladder cancer.	2025	Abdom Radiol (NY)	Zhao T, He J, Zhang L, Li H, Duan Q.	review; journal article	forward	2	REC-AIBIOGU-000320;REC-AIBIOGU-000327	new		yes	yes	yes
MED	41324013	A non-invasive MRI-based multimodal fusion deep learning model (MF-DLM) for predicting overall survival in bladder cancer: a multicentre retrospective study.	2025	EClinicalMedicine	Cai L, Bai R, Cao Q, Sun W, Wang F, Liu X, Liang B, Jiang M, Wang G, Shao Q, Jiang X, Wang C, Chen C, Tan Z, Wu Q, Bao M, Yu H, Li P, Yang X, Lu Q.	research-article; journal article	forward	2	REC-AIBIOGU-000305;REC-AIBIOGU-000310	new		yes	yes	yes
MED	40849663	A novel MRI-based habitat analysis and deep learning for predicting perineural invasion in prostate cancer: a two-center study.	2025	BMC Cancer	Deng S, Huang D, Han X, Zhang H, Wang H, Mao G, Ao W.	research-article; multicenter study; journal article	forward	1	REC-AIBIOGU-000142	new		yes	yes	yes
MED	40597030	A predictive model for WHO/ISUP pathologic grading of renal clear cell carcinoma based on CT radiomics: a multicenter study.	2025	BMC Nephrol	Wu C, Xi Y, Hu J, Li G, Wang X, Jiao X, Ding Z, Sun W.	JOURNAL ARTICLE	both	2	REC-AIBIOGU-000372;REC-AIBIOGU-000498	new		yes	yes	yes
MED	41233664	A radiomics-driven machine learning model for predicting bladder cancer prognosis identifies genes associated with radiomic features.	2025	Clin Exp Metastasis	Zou XC, Wang B, Yu ZJ, Chao HC, Xu XD, Zeng T.	research support, non-u.s. gov't; journal article	forward	1	REC-AIBIOGU-000320	new		yes	yes	yes
MED	40914722	AI-driven and Traditional Radiomic Model for Predicting Muscle Invasion in Bladder Cancer via Multi-parametric Imaging: A Systematic Review and Meta-analysis.	2025	Acad Radiol	Wang Z, Shi H, Wang Q, Huang Y, Feng M, Yu L, Dong B, Li J, Deng X, Fu S, Zhang G, Wang H.	meta-analysis; research support, non-u.s. gov't; systematic review; journal article	forward	6	REC-AIBIOGU-000110;REC-AIBIOGU-000291;REC-AIBIOGU-000296;REC-AIBIOGU-000305;REC-AIBIOGU-000311;REC-AIBIOGU-000365	new		yes	yes	yes
MED	41220353	AI-driven radiogenomic analysis of clear cell renal cell carcinoma: perinephric adipose tissue stranding as a key feature of the NIPAL4-associated imaging pattern.	2025	Can J Urol	Greco F, Cataldo M, D'Andrea V, Pugliese L, Panunzio A, Tafuri A, Zobel BB, Mallio CA.	journal article	forward	1	REC-AIBIOGU-000516	new		yes	yes	yes
MED	40527677	Accuracy of CT-Based Radiomics Models for Preoperative Grading of Clear Cell Renal Cell Carcinoma: A Systematic Review and Meta-analysis.	2025	Acad Radiol	Lomer NB, Abdi S, Ashoobi MA, Ahmadzadeh AM, Ghasemi A, Torigian DA.	meta-analysis; systematic review; journal article	forward	6	REC-AIBIOGU-000458;REC-AIBIOGU-000462;REC-AIBIOGU-000473;REC-AIBIOGU-000496;REC-AIBIOGU-000514;REC-AIBIOGU-000529	new		yes	yes	yes
MED	41158862	Advances in imaging and artificial intelligence for precision diagnosis and biopsy guidance in prostate cancer.	2025	Front Oncol	Wu Y, Lu Q, Liu Z, Wu J, He X, Yang Y, Li Y.	review-article; review; journal article	forward	1	REC-AIBIOGU-000110	new		yes	yes	yes
MED	39753478	An Automatic Deep-Radiomics Framework for Prostate Cancer Diagnosis and Stratification in Patients with Serum Prostate-Specific Antigen of 4.0-10.0 ng/mL: A Multicenter Retrospective Study.	2025	Acad Radiol	Zheng B, Mo F, Shi X, Li W, Shen Q, Zhang L, Liao Z, Fan C, Liu Y, Zhong J, Qin G, Tao J, Lv S, Wei Q.	research support, non-u.s. gov't; multicenter study; journal article; observational study	forward	1	REC-AIBIOGU-000156	new		yes	yes	yes
MED	39931089	An MRI radiomics model for predicting a prostate-specific antigen response following abiraterone treatment in patients with metastatic castration-resistant prostate cancer.	2025	Front Oncol	Wu Y, Liu X, Chen S, Fang F, Shi F, Xia Y, Yang Z, Lin D.	research-article; journal article	forward	1	REC-AIBIOGU-000163	new		yes	yes	yes
MED	40741274	An improved random forest algorithm for tracing the origin of metastatic renal cancer tissues.	2025	Arch Med Sci	Li H, Xie T.	research-article; journal article	forward	1	REC-AIBIOGU-000548	new		yes	yes	yes
MED	40819151	An interpretable CT-based deep learning model for predicting overall survival in patients with bladder cancer: a multicenter study.	2025	NPJ Precis Oncol	Zhang M, Zhao Y, Hao D, Song Y, Lin X, Hou F, Huang Y, Yang S, Niu H, Lu C, Wang H.	research-article; journal article	forward	3	REC-AIBIOGU-000310;REC-AIBIOGU-000321;REC-AIBIOGU-000356	new		yes	yes	yes
MED	41174567	An interpretable contrast-enhanced CT radiomics-based pipeline incorporating automatic segmentation for predicting ISUP grade group in ccRCC.	2025	BMC Med Imaging	Ren Y, Yang F, Kang S, Zhang Y, Tao Y, Chao H, Xu M, Zheng W, Cui F.	JOURNAL ARTICLE	backward	1	REC-AIBIOGU-000372	new		yes	yes	yes
MED	41462442	An interpretable machine learning model based on CT imaging for predicting lymphovascular invasion and survival in bladder urothelial carcinoma: a multicenter study.	2025	BMC Med Imaging	Xiao B, Zeng Q, Peng X, He Q, Xv Y, Wei Z, Xv Q, Lv F, Jiang Q, Wei S, Xiao M.	research-article; multicenter study; journal article	forward	1	REC-AIBIOGU-000277	new		yes	yes	yes
MED	40056148	An overview of utilizing artificial intelligence in localized prostate cancer imaging.	2025	Expert Rev Med Devices	Stevenson E, Esengur OT, Zhang H, Simon BD, Harmon SA, Turkbey B.	research-article; review; journal article	forward	1	REC-AIBIOGU-000110	new		yes	yes	yes
PPR	PPR970360	An unsupervised learning model that integrates clinical and MRI radiomics features outperforms existing models in predicting the 5-year progression-free survival of prostate cancer patients after prostatectomy: a multicenter study	2025		Hu G, Liu X, Chen Z, Zhou B, Gan H, Chen R, Zhou L, Gu Y, Liu X.	preprint	forward	1	REC-AIBIOGU-000163	new		yes	yes	yes
MED	40620716	Application of radiomics-based prediction model to predict preoperative lymph node metastasis in prostate cancer: a systematic review and meta-analysis.	2025	Front Oncol	Zheng Y, Du Y, Zhang B, Zhang H, Shang P, Hou Z.	systematic review; systematic-review; journal article	forward	2	REC-AIBIOGU-000161;REC-AIBIOGU-000164	new		yes	yes	yes
MED	40428881	Artificial Intelligence and Novel Technologies for the Diagnosis of Upper Tract Urothelial Carcinoma.	2025	Medicina (Kaunas)	Kostakopoulos N, Argyropoulos V, Bellos T, Katsimperis S, Kostakopoulos A.	review-article; review; journal article	forward	1	REC-AIBIOGU-000283	new		yes	yes	yes
MED	41426936	Artificial Intelligence in MRI for Urologic Oncology: A Systematic Review of Diagnostic Accuracy and Clinical Utility.	2025	Cureus	Khormi SA, Algethami SA, Alshehri RA, Alhinti FY, Alsalumi KA, Al Shahrani SA, Alwadani FT, Alsubhi GR, Alenezi AB, Alotaibi WT, Alamer AM.	review-article; review; journal article	forward	1	REC-AIBIOGU-000296	new		yes	yes	yes
MED	41150011	Artificial Intelligence in Prostate MRI: Current Evidence and Clinical Translation Challenges-A Narrative Review.	2025	J Imaging	Bolocan VO, Mitoi A, Nicu-Canareica O, Băean ML, Medar C, Popa GA.	review-article; review; journal article	forward	1	REC-AIBIOGU-000180	new		yes	yes	yes
MED	40532127	Artificial Intelligence-Based Digital Histologic Classifier for Prostate Cancer Risk Stratification: Independent Blinded Validation in Patients Treated With Radical Prostatectomy.	2025	JCO Clin Cancer Inform	Fay M, Liao RS, Lone ZM, Reddy CA, Muhammad H, Xie C, Jain P, Huang W, Basu HS, Nair SS, Chakravarty D, Williamson SR, Gupta S, Weight C, Roy R, Wilding G, Tewari AK, Klein EA, Mian OY.	research-article; journal article	forward	1	REC-AIBIOGU-000175	new		yes	yes	yes
MED	41364797	Artificial Intelligence-Enabled Imaging for Predicting Preoperative Extraprostatic Extension in Prostate Cancer: Systematic Review and Meta-Analysis.	2025	J Med Internet Res	Zhang X, Qi Y, Wang X, Chen H, Li J.	meta-analysis; systematic review; review-article; journal article	forward	4	REC-AIBIOGU-000117;REC-AIBIOGU-000136;REC-AIBIOGU-000183;REC-AIBIOGU-000191	new		yes	yes	yes
MED	40765429	Artificial intelligence in muscle-invasive bladder cancer: opportunities, challenges, and clinical impact.	2025	Curr Opin Urol	Mastroleo F, Marvaso G, Jereczek-Fossa BA.	review; journal article	forward	3	REC-AIBIOGU-000310;REC-AIBIOGU-000311;REC-AIBIOGU-000313	new		yes	yes	yes
MED	40146270	Artificial intelligence-based multimodal prediction for nuclear grading status and prognosis of clear cell renal cell carcinoma: a multicenter cohort study.	2025	Int J Surg	Zheng Q, Mei H, Weng X, Yang R, Jiao P, Ni X, Yang X, Wu J, Fan J, Yuan J, Liu X, Chen Z.	JOURNAL ARTICLE	both	2	REC-AIBIOGU-000372;REC-AIBIOGU-000530	new		yes	yes	yes
MED	41157181	Beyond PSA: The Future of Prostate Cancer Diagnosis Using Artificial Intelligence, Novel Biomarkers, and Advanced Imagery.	2025	Life (Basel)	Al Barajraji M, Coscarella M, Svistakov I, Flôres Soares da Silva H, Déniz PM, Marugan MJ, González-Santander C, Fernández Montarroso L, Galante I, Rivas JG, Moreno Sierra J.	review-article; review; journal article	forward	2	REC-AIBIOGU-000099;REC-AIBIOGU-000175	new		yes	yes	yes
MED	40266714	Beyond the &lt;i&gt;AJR&lt;/i&gt;: Artificial Intelligence for CT Characterization of Benign Indolent, Malignant Indolent, and Malignant Aggressive Renal Masses.	2025	AJR Am J Roentgenol	Krajewski KM, Qin L.	comment; journal article	forward	1	REC-AIBIOGU-000451	new		yes	yes	yes
MED	39967033	Bi-parametric MRI radiomic model for prostate cancer diagnosis: value of intralesional and perilesional radiomics.	2025	Acta Radiol	Li Y, Zhou X, Zhang X, Zhang M, Sun S, Gai X, Li G.	journal article	forward	1	REC-AIBIOGU-000156	new		yes	yes	yes
MED	40095016	Bi-parametric MRI-based quantification radiomics model for the noninvasive prediction of histopathology and biochemical recurrence after prostate cancer surgery: a multicenter study.	2025	Abdom Radiol (NY)	Wu SY, Wang Y, Fan P, Xu T, Han P, Deng Y, Song Y, Wang X, Zhang M.	research-article; multicenter study; journal article	forward	2	REC-AIBIOGU-000129;REC-AIBIOGU-000161	new		yes	yes	yes
MED	41155123	Biological Interpretable Machine Learning Model for Predicting Pathological Grading in Clear Cell Renal Cell Carcinoma Based on CT Urography Peritumoral Radiomics Features.	2025	Bioengineering (Basel)	Yang D, Mei H, Jiao P, Zheng Q.	research-article; journal article	forward	1	REC-AIBIOGU-000473	new		yes	yes	yes
MED	40188349	Biparametric MRI-based radiomics for prediction of clinically significant prostate cancer of PI-RADS category 3 lesions.	2025	BMC Cancer	Lu F, Zhao Y, Wang Z, Feng N.	research-article; journal article	forward	1	REC-AIBIOGU-000174	new		yes	yes	yes
MED	41081139	Biparametric magnetic resonance imaging-based radiomics model can improve the detection of dense and sparse prostate cancers.	2025	Quant Imaging Med Surg	Zhou B, Wang T, Chen Z, Lv H, Gan H, Li R, Zhou L, Liu X, Gu Y.	research-article; journal article	forward	1	REC-AIBIOGU-000124	new		yes	yes	yes
MED	40410301	Bladder lesion detection using EfficientNet and hybrid attention transformer through attention transformation.	2025	Sci Rep	Sharma P, Sharma B, Yadav DP, Thakral D, Webber JL.	research-article; journal article	forward	2	REC-AIBIOGU-000298;REC-AIBIOGU-000313	new		yes	yes	yes
MED	39895776	CT Urography-Based Radiomics to Predict ISUP Grading of Clear Cell Renal Cell Carcinoma.	2025	J Cancer	Jiao P, Wang B, Ni X, Lu Y, Yang R, Liu Y, Wang J, Mei H, Liu X, Weng X, Zheng Q, Chen Z.	JOURNAL ARTICLE	backward	1	REC-AIBIOGU-000372	new		yes	yes	yes
MED	41209213	CT radiomics for predicting postoperative disease specific survival in clear cell renal cell carcinoma: a multi-center study.	2025	Quant Imaging Med Surg	Li W, Xie X, Li P, Zhu J, Li K, Jiang K, Zeng X, Liu H, Pei Y, Zhang Y, Zhang T, Wang R.	research-article; journal article	forward	4	REC-AIBIOGU-000496;REC-AIBIOGU-000498;REC-AIBIOGU-000513;REC-AIBIOGU-000557	new		yes	yes	yes
MED	40842580	Clinical-radiomics hybrid modeling outperforms conventional models: machine learning enhances stratification of adverse prognostic features in prostate cancer.	2025	Front Oncol	Jiang M, Miao Z, Xu R, Guo M, Li X, Li G, Luo P, Hu S.	research-article; journal article	forward	3	REC-AIBIOGU-000155;REC-AIBIOGU-000156;REC-AIBIOGU-000183	new		yes	yes	yes
MED	41054593	Combination of prostate cancer antigen 3 (PCA3), sarcosine, glypican-1 (GPC1), urokinase plasminogen activator receptor (uPAR), and thymidine kinase 1 (TK1), and T2WI and DWI radiomics model for distinguishing benign prostatic hyperplasia, prostate cancer, and prostatitis.	2025	J Med Biochem	Yang F, Guo W, Sun S, Huang Y.	research-article; journal article	forward	1	REC-AIBIOGU-000166	new		yes	yes	yes
PPR	PPR1080941	Combined radiomics and liquid biopsy reflect tumor biology towards multimodal non-invasive prostate cancer risk stratification	2025		Riediger AL, Meinzer C, Janscho D, Eickelschulte S, Janke F, Lazareva O, Hübschmann D, Stegle O, Fröhling S, Bonekamp D, Schlemmer H, Sültmann H, Görtz M.	preprint	forward	1	REC-AIBIOGU-000110	new		yes	yes	yes
MED	41096834	Comparative Analysis of CT and MRI Combined with RNA Sequencing for Radiogenomic Staging of Bladder Cancer.	2025	Int J Mol Sci	Levy J, Sakatani T, Murakami K, Kita Y, Kobayashi T, Win S, Manoukian S, Rosser CJ, Furuya H.	comparative study; research-article; journal article	forward	1	REC-AIBIOGU-000253	new		yes	yes	yes
MED	41595557	Comparison of Artificial Intelligence and Radiologists in MRI-Based Prostate Cancer Diagnosis: A Meta-Analysis of Accuracy and Effectiveness.	2025	Biomedicines	Chen H, Li E, Christos PJ, Zhu YS.	research-article; journal article	forward	1	REC-AIBIOGU-000110	new		yes	yes	yes
MED	39232875	Comparison of Pathologist and Artificial Intelligence-based Grading for Prediction of Metastatic Outcomes After Radical Prostatectomy.	2025	Eur Urol Oncol	Oliveira LD, Lu J, Erak E, Mendes AA, Dairo O, Ertunc O, Kulac I, Baena-Del Valle JA, Jones T, Hicks JL, Glavaris S, Guner G, Vidal ID, Trock BJ, Joshi U, Kondragunta C, Bonthu S, Joshu C, Singhal N, De Marzo AM, Lotan TL.	comparative study; research-article; journal article	forward	1	REC-AIBIOGU-000146	new		yes	yes	yes
MED	40976756	Comparison of Prostate-Specific Membrane Antigen Positron Emission Tomography and Conventional Imaging Modalities in the Detection of Biochemical Recurrence of Prostate Cancer and Assessment of the Role of Artificial Intelligence: A Systematic Review and Meta-analysis.	2025	Acad Radiol	Zhang H, Xie C, Huang C, Jiang Z, Tang Q.	meta-analysis; comparative study; systematic review; journal article	forward	2	REC-AIBIOGU-000151;REC-AIBIOGU-000178	new		yes	yes	yes
MED	40542213	Comprehensive multi-omics analysis of nucleotide metabolism: elucidating the role and prognostic significance of UCK2 in bladder cancer.	2025	Funct Integr Genomics	Guo Y, Lin Z, Zhang W, Chen H, Chen Y, Liu Y, Shan Z, Mao S, Yao X.	journal article	forward	1	REC-AIBIOGU-000341	new		yes	yes	yes
MED	40506937	Computed Tomography-Based Radiomics Diagnostic Model for Fat-Poor Small Renal Tumor Subtypes.	2025	Diagnostics (Basel)	Bang S, Wang H, Bae H, Hong SH, Cha J, Choi MH.	JOURNAL ARTICLE	backward	1	REC-AIBIOGU-000372	new		yes	yes	yes
MED	41635296	Computed Tomography-Based Radiomics Prediction of Biochemical Failure and Distant Metastasis in Patients With High- and Very High-Risk Localized Prostate Cancer.	2025	Adv Radiat Oncol	Adachi T, Hirata K, Aizawa R, Hirashima H, Ogata T, Nakamura M, Mizowaki T.	research-article; journal article	forward	1	REC-AIBIOGU-000124	new		yes	yes	yes
MED	40024922	Computed tomography-based delta-radiomics analysis for preoperative prediction of ISUP pathological nuclear grading in clear cell renal cell carcinoma.	2025	Abdom Radiol (NY)	Liu X, Han X, Zhang G, Zhu X, Zhang W, Wang X, Wu C.	research support, non-u.s. gov't; journal article	forward	1	REC-AIBIOGU-000496	new		yes	yes	yes
MED	40596969	Computed tomography-based radiomics predicts prognostic and treatment-related levels of immune infiltration in the immune microenvironment of clear cell renal cell carcinoma.	2025	BMC Med Imaging	Song S, Ge W, Qi X, Che X, Wang Q, Wu G.	research-article; journal article	forward	1	REC-AIBIOGU-000513	new		yes	yes	yes
MED	40939431	Construction and multi-omics analysis of ccRCC mitochondrial related gene machine learning model and validate of key gene FKBP10.	2025	Int Immunopharmacol	Pu S, Qian S, Xing J, Ding Y, Li B, Tao Z, Li Q, Yu F, Wang Z, Xu A.	journal article	forward	1	REC-AIBIOGU-000460	new		yes	yes	yes
MED	40908816	Construction of a gene-metabolite-microbiome regulatory network reveals novel therapeutic targets in bladder cancer through multi-omics analysis.	2025	Ann Med	Tan Z, Huang Y, Fu S, Li H, Gong C, Lv D, Yang C, Wang J, Ding M, Wang H.	research support, non-u.s. gov't; research-article; journal article	forward	1	REC-AIBIOGU-000297	new		yes	yes	yes
MED	40841351	Deep learning model for predicting extraprostatic extension of prostate cancer based on H&amp;E-stained biopsy digital images.	2025	Ann Med	Yu P, Liu N, Feng D, Jing Y, Xia M, Guo H, Yuan Y, Guo W, Alatan Y, Nie S, Zhao J, Su H, Miao Y, Miao Q.	research support, non-u.s. gov't; research-article; journal article	forward	1	REC-AIBIOGU-000129	new		yes	yes	yes
MED	40426115	Deep learning network enhances imaging quality of low-b-value diffusion-weighted imaging and improves lesion detection in prostate cancer.	2025	BMC Cancer	Liu Z, Gu WJ, Wan FN, Chen ZZ, Kong YY, Liu XH, Ye DW, Dai B.	research-article; journal article	forward	2	REC-AIBIOGU-000129;REC-AIBIOGU-000180	new		yes	yes	yes
MED	40098034	Deep learning-based fully automated detection and segmentation of pelvic lymph nodes on diffusion-weighted images for prostate cancer: a multicenter study.	2025	Cancer Imaging	Sun Z, Wu P, Zhao T, Gao G, Wang H, Zhang X, Zhang X, Wang X.	research-article; multicenter study; journal article	forward	1	REC-AIBIOGU-000161	new		yes	yes	yes
MED	40361501	Detection of Local Prostate Cancer Recurrence from PET/CT Scans Using Deep Learning.	2025	Cancers (Basel)	Korb M, Efetürk H, Jedamzik T, Hartrampf PE, Kosmala A, Serfling SE, Dirk R, Michalski K, Buck AK, Werner RA, Schlötelburg W, Ankenbrand MJ.	research-article; journal article	forward	1	REC-AIBIOGU-000129	new		yes	yes	yes
MED	39792014	Development and Validation of a Deep Learning Model Based on MRI and Clinical Characteristics to Predict Risk of Prostate Cancer Progression.	2025	Radiol Imaging Cancer	Roest C, Kwee TC, de Jong IJ, Schoots IG, van Leeuwen P, Heijmink SWTPJ, van der Poel HG, Fransen SJ, Saha A, Huisman H, Yakar D.	research support, non-u.s. gov't; research-article; validation study; journal article	forward	1	REC-AIBIOGU-000163	new		yes	yes	yes
MED	41474500	Development and validation of a deep learning-based model for predicting prostate cancer in patients with gray-zone PSA levels: a comparative study with clinician observations.	2025	World J Urol	Wang Y, Zhao W, Wang R, Qi M, Zhang L, Xi D, Wang M, Yan R, Lei J.	comparative study; validation study; multicenter study; journal article	forward	1	REC-AIBIOGU-000176	new		yes	yes	yes
MED	40381672	Development and validation of a machine learning model based on complete blood counts to predict clinical outcomes in urothelial carcinoma patients.	2025	Clin Chim Acta	Cheng J, Chen F, Song Y, Wang S, Jia J, Wang H, Liu H.	validation study; multicenter study; journal article	forward	1	REC-AIBIOGU-000083	new		yes	yes	yes
PPR	PPR1131458	Development and validation of a radiomics deep learning signature from MRI-guided transrectal ultrasound combined with ultrasound imaging parameters for prostate cancer prediction	2025		Bao S, Liu Q, Sun R, Sun Y, Yang L, Liang D, Ren X, Li W, Liu H, Hong H.	preprint	forward	4	REC-AIBIOGU-000120;REC-AIBIOGU-000140;REC-AIBIOGU-000162;REC-AIBIOGU-000184	new		yes	yes	yes
MED	39871101	Development of a CT radiomics prognostic model for post renal tumor resection overall survival based on transformer enhanced K-means clustering.	2025	Med Phys	Wang Y, Li Y, Chen S, Wen Z, Hu Y, Zhang H, Zhou P, Pang H.	research-article; journal article	forward	1	REC-AIBIOGU-000507	new		yes	yes	yes
MED	39930342	Development of a deep learning system for predicting biochemical recurrence in prostate cancer.	2025	BMC Cancer	Cao L, He R, Zhang A, Li L, Cao W, Liu N, Zhang P.	research-article; journal article	forward	2	REC-AIBIOGU-000175;REC-AIBIOGU-000178	new		yes	yes	yes
MED	40107091	Development of an artificial intelligence-generated, explainable treatment recommendation system for urothelial carcinoma and renal cell carcinoma to support multidisciplinary cancer conferences.	2025	Eur J Cancer	Duwe G, Mercier D, Kauth V, Moench K, Rajashekar V, Junker M, Dengel A, Haferkamp A, Hofner T.	JOURNAL ARTICLE	backward	1	REC-AIBIOGU-000569	new		yes	yes	yes
MED	40058989	Diagnostic Performance of Artificial Intelligence Based on Biparametric MRI for Clinically Significant Prostate Cancer: A Systematic Review and Meta-analysis.	2025	Acad Radiol	Yan G, Wang Y, Chen L.	meta-analysis; systematic review; journal article	forward	2	REC-AIBIOGU-000166;REC-AIBIOGU-000180	new		yes	yes	yes
MED	40777161	Diagnostic accuracy of MRI radiomics in predicting lymph node metastasis in prostate cancer: A systematic review.	2025	Eur J Radiol Open	Teymouri A, Khonji MS, Alaghi P, Azadnajafabad S, Teymouri A, Delazar S.	review-article; review; journal article	forward	2	REC-AIBIOGU-000161;REC-AIBIOGU-000164	new		yes	yes	yes
MED	41436663	Diagnostic performance of artificial intelligence in detecting bladder carcinoma.	2025	World J Urol	Yuan S, Yang K, Wu H, Peng L, Li R, Deng D, Liu X.	meta-analysis; systematic review; journal article	forward	2	REC-AIBIOGU-000327;REC-AIBIOGU-000332	new		yes	yes	yes
MED	39926279	Digital pathology and artificial intelligence in renal cell carcinoma focusing on feature extraction: a literature review.	2025	Front Oncol	Li MY, Pan Y, Lv Y, Ma H, Sun PL, Gao HW.	systematic review; systematic-review; journal article	forward	3	REC-AIBIOGU-000515;REC-AIBIOGU-000526;REC-AIBIOGU-000530	new		yes	yes	yes
MED	40450509	Discriminating Clear Cell From Non-Clear Cell Renal Cell Carcinoma: A Machine Learning Approach Using Contrast-enhanced Ultrasound Radiomics.	2025	Ultrasound Med Biol	Liang M, Wu S, Ou B, Wu J, Qiu H, Zhao X, Luo B.	research support, non-u.s. gov't; journal article	forward	1	REC-AIBIOGU-000327	new		yes	yes	yes
MED	41013451	Efficacy of PSMA PET/CT radiomics analysis for risk stratification in newly diagnosed prostate cancer: a multicenter study.	2025	BMC Med Imaging	Jafari E, Zarei A, Dadgar H, Keshavarz A, Abdollahi H, Samimi R, Manafi-Farid R, Divband G, Nikkholgh B, Fallahi B, Amini H, Ahmadzadehfar H, Rahmim A, Zohrabi F, Assadi M.	research-article; multicenter study; journal article	forward	1	REC-AIBIOGU-000159	new		yes	yes	yes
MED	40651921	Enhanced Detection of Prostate Cancer Lesions on Biparametric MRI Using Artificial Intelligence: A Multicenter, Fully-crossed, Multi-reader Multi-case Trial.	2025	Acad Radiol	Xing Z, Chen J, Pan L, Huang D, Qiu Y, Sheng C, Zhang Y, Wang Q, Cheng R, Xing W, Ding J.	clinical trial; multicenter study; journal article	forward	1	REC-AIBIOGU-000180	new		yes	yes	yes
MED	40047870	Enhanced ISUP grade prediction in prostate cancer using multi-center radiomics data.	2025	Abdom Radiol (NY)	Liu Y, Han X, Chen H, Zhang Q.	research-article; multicenter study; journal article	forward	2	REC-AIBIOGU-000176;REC-AIBIOGU-000529	new		yes	yes	yes
MED	40613800	Enhancing Prostate Cancer Classification: A Comprehensive Review of Multiparametric MRI and Deep Learning Integration.	2025	J Magn Reson Imaging	Valizadeh G, Morafegh M, Fatemi F, Ghafoori M, Saligheh Rad H.	review; journal article	forward	1	REC-AIBIOGU-000180	new		yes	yes	yes
MED	41327160	Enhancing prediction accuracy for muscle invasion in bladder cancer using a dual-energy CT-based interpretable model incorporating habitat radiomics and deep learning.	2025	BMC Cancer	Du C, Wei W, Hu M, He J, Shen J, Liu Y, Li J, Liu L.	research-article; journal article	forward	2	REC-AIBIOGU-000299;REC-AIBIOGU-000332	new		yes	yes	yes
MED	41079095	Ensemble machine learning models for predicting bone metastasis in bladder cancer.	2025	Front Oncol	Yu ZJ, Xu XD, Zou XC, Su P, Chao HC, Zeng T.	research-article; journal article	forward	2	REC-AIBIOGU-000310;REC-AIBIOGU-000317	new		yes	yes	yes
MED	39786674	Evaluating the prognostic value of radiomics and clinical features in metastatic prostate cancer using [&lt;sup&gt;68&lt;/sup&gt;Ga]Ga-PSMA-11 PET/CT.	2025	Phys Eng Sci Med	Molin K, Barry N, Gill S, Hassan GM, Francis RJ, Ong JSL, Ebert MA, Kendrick J.	research-article; journal article	forward	1	REC-AIBIOGU-000099	new		yes	yes	yes
MED	40989701	Evaluation of a PSA and transrectal prostate ultrasound video-based machine learning model as a tool for prostate cancer diagnosis.	2025	Front Oncol	Du Y, Zhao A, Zhang M, Wang Z, Hu L, Qi X.	research-article; journal article	forward	2	REC-AIBIOGU-000158;REC-AIBIOGU-000184	new		yes	yes	yes
MED	41595937	Explainable Computational Imaging for Precision Oncology: An Interpretable Deep Learning Framework for Bladder Cancer Histopathology Diagnosis.	2025	Bioengineering (Basel)	Mohamed AA, AbdulAzeem Y, Almudaifer AI, ZainEldin H, Balaha HM, Badawy M, Elhosseini MA.	research-article; journal article	forward	1	REC-AIBIOGU-000321	new		yes	yes	yes
MED	41044205	Exploiting deep transfer learning based precise classification and grading of renal cell carcinoma using histopathological images.	2025	Sci Rep	Alluhaidan AS, Alqahtani M, Khan J, Althobaiti T, Aljehane NO, Almansour H, Alanazi S.	research-article; journal article	forward	1	REC-AIBIOGU-000515	new		yes	yes	yes
MED	40282346	Failure to Suppress Progression in Clear Cell Renal Cell Carcinoma Associated with NCOA7 Low Expression Revealed Through Radiogenomic Analysis.	2025	Genes (Basel)	Greco F, Cataldo M, Zobel BB, Mallio CA.	research-article; journal article	forward	2	REC-AIBIOGU-000468;REC-AIBIOGU-000516	new		yes	yes	yes
MED	41405787	From Radiomics to Radiogenomics: Decoding Renal Cell Carcinoma Biology for Precision Medicine-a narrative review.	2025	Insights Imaging	He Z, Huang L.	review-article; review; journal article	forward	3	REC-AIBIOGU-000533;REC-AIBIOGU-000542;REC-AIBIOGU-000545	new		yes	yes	yes
MED	39881216	Fully automated segmentation and classification of renal tumors on CT scans via machine learning.	2025	BMC Cancer	Han JH, Kim BW, Kim TM, Ko JY, Choi SJ, Kang M, Kim SY, Cho JY, Ku JH, Kwak C, Kim YG, Jeong CW.	research-article; journal article	forward	1	REC-AIBIOGU-000563	new		yes	yes	yes
MED	40781767	Habitat-based radiomic model for predicting muscle invasion in bladder cancer: A multi-center study using enhanced-CT and machine learning.	2025	Med Phys	Du Y, Li H, Sui Y, Tao Y, Cao J, Jiang X, Wang B, Xue B.	multicenter study; journal article	forward	1	REC-AIBIOGU-000354	new		yes	yes	yes
MED	41412890	Harnessing Artificial Intelligence for Risk Stratification and Outcome Prediction in Urologic Cancers: A Systematic Review.	2025	Eur Urol Focus	Roessler N, Miszczyk M, Miyajima K, Dematteis A, Alfarhan AR, Cormio A, Alqahtani AS, Fazekas T, Schuettfort VM, Vetterlein MW, Hu Y, Kasivisvanathan V, Zamboglou C, Leapman MS, Fisch M, Eckstein M, Amin MB, Cacciamani GE, Cheng L, Karakiewicz PI, Rajwa P, Shariat SF.	review; journal article	forward	1	REC-AIBIOGU-000530	new		yes	yes	yes
MED	39643184	Harnessing machine learning and multi-omics to explore tumor evolutionary characteristics and the role of AMOTL1 in prostate cancer.	2025	Int J Biol Macromol	Zhu W, Wu J, Lai W, Li F, Zeng H, Li X, Su H, Liu B, Zhao X, Zou C, Xiao H, Luo Y.	journal article	forward	1	REC-AIBIOGU-000132	new		yes	yes	yes
MED	40282537	Identification of Molecular Subtypes of Clear-Cell Renal Cell Carcinoma in Patient-Derived Xenografts Using Multi-Omics.	2025	Cancers (Basel)	Qiu Z, Zhang D, Garcia-Marques FJ, Bermudez A, Zhao H, Peehl DM, Pitteri SJ, Brooks JD.	research-article; journal article	forward	2	REC-AIBIOGU-000484;REC-AIBIOGU-000485	new		yes	yes	yes
MED	39841063	Impact of Scanner Manufacturer, Endorectal Coil Use, and Clinical Variables on Deep Learning-assisted Prostate Cancer Classification Using Multiparametric MRI.	2025	Radiol Artif Intell	de Almeida JG, Rodrigues NM, Castro Verde AS, Mascarenhas Gaivão A, Bilreiro C, Santiago I, Ip J, Belião S, Matos C, Silva S, Tsiknakis M, Marias K, Regge D, Papanikolaou N, ProCAncer-I Consortium.	research support, non-u.s. gov't; journal article	forward	1	REC-AIBIOGU-000180	new		yes	yes	yes
MED	39907976	Impact of contrast enhancement phase on CT-based radiomics analysis for predicting post-surgical recurrence in renal cell carcinoma.	2025	Jpn J Radiol	Khene ZE, Bhanvadia R, Tachibana I, Sharma P, Trevino I, Graber W, Bertail T, Fleury R, Acosta O, De Crevoisier R, Bensalah K, Lotan Y, Margulis V.	journal article	forward	2	REC-AIBIOGU-000507;REC-AIBIOGU-000542	new		yes	yes	yes
MED	40815224	Improving Clinically Significant Prostate Cancer Detection with a Multimodal Machine Learning Approach: A Large-Scale Multicenter Study.	2025	Radiol Imaging Cancer	Rodrigues AC, de Almeida JG, Rodrigues N, Moreno R, Castro Verde AS, Mascarenhas Gaivão A, Bilreiro C, Santiago I, Ip J, Belião S, Silva S, Domingues I, Tsiknakis M, Marias K, Regge D, Papanikolaou N, ProCAncer-I Consortium.	research support, non-u.s. gov't; research-article; multicenter study; journal article	forward	1	REC-AIBIOGU-000110	new		yes	yes	yes
MED	41300965	Improving the Potential for Predicting Prostate Cancer Progression in Patients on Active Surveillance Using Explainable Artificial Intelligence.	2025	Cancers (Basel)	Vershinina O, Sushentsev N, Zaikin A, Blyuss O, Barrett T, Ivanchenko M.	research-article; journal article	forward	1	REC-AIBIOGU-000065	new		yes	yes	yes
MED	40804076	In vivo variability of MRI radiomics features in prostate lesions assessed by a test-retest study with repositioning.	2025	Sci Rep	Zhang KS, Neelsen CJO, Wennmann M, Hielscher T, Kovacs B, Glemser PA, Görtz M, Stenzinger A, Maier-Hein KH, Huber J, Schlemmer HP, Bonekamp D.	research-article; journal article	forward	2	REC-AIBIOGU-000110;REC-AIBIOGU-000183	new		yes	yes	yes
PPR	PPR971538	Integrated multi-omics analysis reveals key genetic, metabolic, and microbial drivers in bladder cancer insights into molecular subtyping and therapeutic approaches: A tumor marker prognostic study	2025		Tan Z, Chen X, Huang Y, Fu S, Gong C, Lv D, Yang C, Li H, Wang J, Ding M, Wang H.	preprint	forward	1	REC-AIBIOGU-000297	new		yes	yes	yes
MED	40259382	Integrating machine learning models with multi-omics analysis to decipher the prognostic significance of mitotic catastrophe heterogeneity in bladder cancer.	2025	Biol Direct	Dai H, Yu Z, Zhao Y, Jiang K, Hang Z, Huang X, Ma H, Wang L, Li Z, Wu M, Fan J, Luo W, Qin C, Zhou W, Nie J.	research-article; journal article	forward	1	REC-AIBIOGU-000281	new		yes	yes	yes
MED	41202964	Integrating multi-omics and machine learning to decipher the role of GSTP1 in endocrine-disrupting chemical-induced prostate cancer pathogenesis.	2025	Eur J Pharmacol	Liu T, Yao Y, Hu Y, Sun L, Zhang G.	journal article	forward	1	REC-AIBIOGU-000132	new		yes	yes	yes
MED	39905119	Integrating radiological and clinical data for clinically significant prostate cancer detection with machine learning techniques.	2025	Sci Rep	Esteban LM, Borque-Fernando Á, Escorihuela ME, Esteban-Escaño J, Abascal JM, Servian P, Morote J.	research support, non-u.s. gov't; research-article; journal article	forward	1	REC-AIBIOGU-000180	new		yes	yes	yes
MED	41186865	Integrating single-cell transcriptomics and machine learning reveals 4-aminobiphenyl exposure signatures and novel diagnostic biomarkers in bladder cancer.	2025	Discov Oncol	Xu Y, Wang X, Wang X, Li K, Wei X.	research-article; journal article	forward	1	REC-AIBIOGU-000297	new		yes	yes	yes
MED	40400999	Integration of magnetic resonance imaging and deep learning for prostate cancer detection: a systematic review.	2025	Am J Clin Exp Urol	Kumar D, Yadav P, Nath K, Khondker A, Singh UP, Lal H, Gupta A.	review-article; review; journal article	forward	1	REC-AIBIOGU-000180	new		yes	yes	yes
MED	41353523	Integration of multi-scale radiomics and deep learning for Ki-67 prediction in clear cell renal carcinoma.	2025	NPJ Precis Oncol	Li J, Lv D, Guo Z, Zhou H, Yao X, Rong Y, Bian X, Pang L, Zhao T, Qiao Y, Shuang W.	research-article; journal article	forward	4	REC-AIBIOGU-000331;REC-AIBIOGU-000443;REC-AIBIOGU-000471;REC-AIBIOGU-000473	new		yes	yes	yes
MED	40819002	Integrative machine learning models predict prostate cancer diagnosis and biochemical recurrence risk: Advancing precision oncology.	2025	NPJ Digit Med	Wang Y, Zhu H, Ren J, Ren M.	research-article; journal article	forward	2	REC-AIBIOGU-000067;REC-AIBIOGU-000112	new		yes	yes	yes
MED	41390891	Integrative molecular-radiopathomic characterization of AIRE-driven immune subtypes in bladder cancer.	2025	NPJ Digit Med	Liu J, Sun S, Guo Y, Gu Z, Wang H, Yu Y, Mao S, Wei Y, Zheng Z, Shen B, Yao X.	research-article; journal article	forward	2	REC-AIBIOGU-000352;REC-AIBIOGU-000356	new		yes	yes	yes
MED	41351667	Integrative multi-omics profiling for early diagnosis, stratification and personalized management of chronic kidney disease: a new paradigm.	2025	Clin Exp Med	Li Y, Taherkhani S, Saidov K, Matniyozova M.	retracted publication; review-article; review; journal article	forward	2	REC-AIBIOGU-000273;REC-AIBIOGU-000506	new		yes	yes	yes
MED	40458476	Integrative multi-omics study identifies sex-specific molecular signatures and immune modulation in bladder cancer.	2025	Front Bioinform	Wang Y, Bhandary P, Griffin K, Moore JH, Li X, Wang ZP.	research-article; journal article	forward	1	REC-AIBIOGU-000341	new		yes	yes	yes
MED	39788813	Interpretable CT Radiomics-based Machine Learning Model for Preoperative Prediction of Ki-67 Expression in Clear Cell Renal Cell Carcinoma.	2025	Acad Radiol	Xv Y, Xiao B, Wei Z, Cao Y, Jiang Q, Li F, Lv F, Peng C, Li X, Xiao M.	research support, non-u.s. gov't; journal article	forward	1	REC-AIBIOGU-000471	new		yes	yes	yes
MED	40391155	Interpretable multiparametric MRI radiomics-based machine learning model for preoperative differentiation between benign and malignant prostate masses: a diagnostic, multicenter study.	2025	Front Oncol	Zhou W, Liu Z, Zhang J, Su S, Luo Y, Jiang L, Han K, Huang G, Wang J, Lan J, Wang D.	research-article; journal article	forward	1	REC-AIBIOGU-000140	new		yes	yes	yes
MED	40216577	Interpretable Machine Learning Radiomics Model Predicts 5-year Recurrence-Free Survival in Non-metastatic Clear Cell Renal Cell Carcinoma: A Multicenter and Retrospective Cohort Study.	2025	Acad Radiol	Zhang J, Huang W, Li Y, Zhang X, Chen Y, Chen S, Ming Q, Jiang Q, Xv Y.	research support, non-u.s. gov't; multicenter study; journal article	forward	1	REC-AIBIOGU-000473	new		yes	yes	yes
MED	40106107	Intra- and Peritumoral CT-Based Radiomics for Assessing Pathologic T-Staging in Clear Cell Renal Cell Carcinoma: A Multicenter Study.	2025	Ann Surg Oncol	Xia Y, Sun Z, Wang Z, Zhang X, Xu J, Li M, Mao N, Xu C, Li X, Xu H, Yang Z, Ma H, Guo H.	multicenter study; journal article	forward	1	REC-AIBIOGU-000525	new		yes	yes	yes
MED	39975590	Intratumoral and peritumoral radiomics using multi-phase contrast-enhanced CT for diagnosis of renal oncocytoma and chromophobe renal cell carcinoma: a multicenter retrospective study.	2025	Front Oncol	Ye Y, Weng B, Guo Y, Huang L, Xie S, Zhong G, Feng W, Lin W, Song Z, Wang H, Liu T.	research-article; journal article	forward	2	REC-AIBIOGU-000519;REC-AIBIOGU-000532	new		yes	yes	yes
MED	39615194	Investigation of radiomic features on MRI images to identify extraprostatic extension in prostate cancer.	2025	Comput Methods Programs Biomed	Gumus KZ, Menendez M, Baerga CG, Harmon I, Kumar S, Mete M, Hernandez M, Ozdemir S, Yuruk N, Balaji KC, Gopireddy DR.	journal article	forward	1	REC-AIBIOGU-000183	new		yes	yes	yes
MED	40186648	Kidney cancer diagnosis and surgery selection by double decker convolutional neural network from CT scans combined with great wall construction algorithm.	2025	Abdom Radiol (NY)	Kumar H, Taluja A, Muniyandy E, Kolli S.	retracted publication; journal article	forward	1	REC-AIBIOGU-000344	new		yes	yes	yes
MED	39743477	MRI-based Radiomics for Predicting Prostate Cancer Grade Groups: A Systematic Review and Meta-analysis of Diagnostic Test Accuracy Studies.	2025	Acad Radiol	Lomer NB, Ashoobi MA, Ahmadzadeh AM, Sotoudeh H, Tabari A, Torigian DA.	meta-analysis; systematic review; journal article	forward	2	REC-AIBIOGU-000183;REC-AIBIOGU-000190	new		yes	yes	yes
MED	40382483	MRI-based radiomics for differentiating high-grade from low-grade clear cell renal cell carcinoma: a systematic review and meta-analysis.	2025	Abdom Radiol (NY)	Broomand Lomer N, Ghasemi A, Ahmadzadeh AM, A Torigian D.	meta-analysis; systematic review; journal article	forward	1	REC-AIBIOGU-000458	new		yes	yes	yes
MED	40146313	MRI-based radiomics for prediction of biochemical recurrence in prostate cancer: a systematic review and meta-analysis.	2025	Abdom Radiol (NY)	Salimi M, Vadipour P, Houshi S, Yazdanpanah F, Seifi S.	meta-analysis; systematic review; journal article	forward	2	REC-AIBIOGU-000091;REC-AIBIOGU-000178	new		yes	yes	yes
PPR	PPR1016159	Machine Learning-Based Prediction of Consistency and Histological Characteristics in Renal Cell Carcinoma Venous Tumor Thrombus Through Volumetric Radiomics	2025		Kowal P, Ratajczyk K, Miernikiewicz P, Bursiewicz W, Trzciniecki M, Marek-Bukowiec K, Rogala J, Kobilnyk Y, Lesny M, Stroy D, Mytsyk Y.	preprint	forward	1	REC-AIBIOGU-000478	new		yes	yes	yes
MED	40376513	Machine learning based on automated 3D radiomics features to classify prostate cancer in patients with prostate-specific antigen levels of 4-10 ng/mL.	2025	Transl Androl Urol	Liu Y, Wu J, Ni X, Zheng Q, Wang J, Shen H, Wang L, Yang R, Weng X.	research-article; journal article	forward	1	REC-AIBIOGU-000158	new		yes	yes	yes
MED	39354727	Machine learning models for discriminating clinically significant from clinically insignificant prostate cancer using bi-parametric magnetic resonance imaging	2025	Diagn Interv Radiol	Ayyıldız H, İnce O, Korkut E, Dağoğlu Kartal MG, Tunacı A, Ertürk ŞM.	research-article; journal article	forward	1	REC-AIBIOGU-000190	new		yes	yes	yes
MED	41368246	Machine learning studies for predicting 5-year renal cell cancer survival: a multicenter study.	2025	Transl Androl Urol	Wang M, Ding Y, Zhou Z, Chen Y, Lu Z.	research-article; journal article	forward	1	REC-AIBIOGU-000544	new		yes	yes	yes
MED	40721879	Machine learning-based MRI imaging for prostate cancer diagnosis: systematic review and meta-analysis.	2025	Prostate Cancer Prostatic Dis	Zhao Y, Zhang L, Zhang S, Li J, Shi K, Yao D, Li Q, Zhang T, Xu L, Geng L, Sun Y, Wan J.	JOURNAL ARTICLE	both	2	REC-AIBIOGU-000180;REC-AIBIOGU-000569	new		yes	yes	yes
MED	41079089	Machine learning-based radiomics for bladder cancer staging: evaluating the role of imaging timing in differentiating T2 from T3 disease.	2025	Front Oncol	Lisson CG, Gallee L, Müller K, Manoj S, Stöckl H, Zengerling F, Bolenz C, Beer M, Götz M, Lisson CS.	research-article; journal article	forward	1	REC-AIBIOGU-000354	new		yes	yes	yes
MED	41462135	Machine learning-based radiomics from multiparametric MRI for predicting aggressive pathology in clear cell renal cell carcinoma.	2025	BMC Med Imaging	Zhan J, Sun L, Cui E, Yang Z, Zhang T, Yu Y, Xu P, Chen J, Zhen X, Yang R.	JOURNAL ARTICLE	both	3	REC-AIBIOGU-000372;REC-AIBIOGU-000451;REC-AIBIOGU-000458	new		yes	yes	yes
MED	41626167	Multi-channel multiphase CT-based deep learning and radiomics fusion model for noninvasive pathological grading of clear cell renal cell carcinoma.	2025	Front Oncol	Sun C, Chen Q, Gao M, He S, Zhang Z, Zhang W, Xiao X.	research-article; journal article	forward	1	REC-AIBIOGU-000443	new		yes	yes	yes
MED	41053452	Multi-omic analysis constructs ferroptosis subtypes and risk signature and reveals that PEBP1 is an important tumor suppressor in kidney cancer.	2025	Hum Cell	Chen S, Cheng X, Li Z, Fan H, Xue X, Ma K, Li J, Zhu F.	journal article	forward	1	REC-AIBIOGU-000297	new		yes	yes	yes
MED	40263498	Multi-omics analysis constructs a novel neuroendocrine prostate cancer classifier and classification system.	2025	Sci Rep	Shen J, Lu L, Chen Z, Guo W, Wang S, Liu Z, Gong X, Qi Y, Jin R, Zhang C.	research-article; journal article	forward	1	REC-AIBIOGU-000126	new		yes	yes	yes
MED	41091247	Multi-omics analysis identified LGALS1 (Galectin-1) as a novel therapeutic target for clear cell renal cell carcinoma via targeting epithelial or endothelial cells.	2025	Discov Oncol	Tan X, Chen Y, Jiang C, Shao J, Wang X.	research-article; journal article	forward	1	REC-AIBIOGU-000476	new		yes	yes	yes
PPR	PPR1016236	Multicenter study demonstrates unsupervised learning derived from magnetic resonance images identify prognosis in prostate cancer patients after prostatectomy	2025		Hu G, Liu X, Chen Z, Zhou B, Liu W, Gan H, Chen R, Zhou L, Gu Y, Liu X.	preprint	forward	1	REC-AIBIOGU-000163	new		yes	yes	yes
MED	41107801	Multicenter study of CT-based deep learning for predicting preoperative T staging and TNM staging in clear cell renal cell carcinoma.	2025	BMC Cancer	Li W, Xi Y, Lu M, He J, Zhu J, Li H, Yang T, Zeng X, Liu X, Xu R, Huang H, Liu H, Zhang T, Min X, Wang R.	research-article; multicenter study; journal article	forward	2	REC-AIBIOGU-000443;REC-AIBIOGU-000473	new		yes	yes	yes
MED	41307988	Multimodal Fusion of mpMRI Radiomics, Clinical Features, and Hematological Biomarkers Enhances Machine Learning-Based Prediction of Biochemical Recurrence in Prostate Cancer Patients.	2025	Chem Biol Drug Des	Zhu Y, Yang Z, Liu Z, Xu S, Wang X, Zhu X, Qian L.	journal article	forward	1	REC-AIBIOGU-000072	new		yes	yes	yes
MED	41271870	Multimodal deep learning framework integrating multiphase CT and histopathological whole slide imaging for predicting recurrence in ccRCC.	2025	Sci Rep	Ma C, Feng B, Lei Y, Yu Z, Liu Y, Cui J, Li RG, Huang X, Wu B, Luo Z, Cui E.	research-article; journal article	forward	1	REC-AIBIOGU-000515	new		yes	yes	yes
MED	40796801	Multimodal fusion radiomic-immunologic scoring model: accurate identification of prostate cancer progression.	2025	BMC Med Imaging	Zhang Z, Liu H, Gu X, Qiu Y, Ma J, Ai G, He X.	research-article; journal article	forward	2	REC-AIBIOGU-000119;REC-AIBIOGU-000124	new		yes	yes	yes
MED	39167019	Multiparametric MRI-Based Deep Learning Radiomics Model for Assessing 5-Year Recurrence Risk in Non-Muscle Invasive Bladder Cancer.	2025	J Magn Reson Imaging	Huang H, Huang Y, Kaggie JD, Cai Q, Yang P, Wei J, Wang L, Guo Y, Lu H, Wang H, Xu X.	journal article	forward	2	REC-AIBIOGU-000305;REC-AIBIOGU-000367	new		yes	yes	yes
MED	40105553	Multisequence combined magnetic resonance imaging radiomics model to noninvasively predict nuclear grade of clear cell renal cell carcinoma: interpretable model development.	2025	Rev Assoc Med Bras (1992)	Kaba E, Bülbül HM, Kıvrak M, Hürsoy N.	research-article; journal article	forward	1	REC-AIBIOGU-000514	new		yes	yes	yes
MED	39966980	Navigating advanced renal cell carcinoma in the era of artificial intelligence.	2025	Cancer Imaging	Najem EJ, Shaikh MJS, Shinagare AB, Krajewski KM.	review-article; review; journal article	forward	1	REC-AIBIOGU-000509	new		yes	yes	yes
MED	41295107	Next-Generation Advances in Prostate Cancer Imaging and Artificial Intelligence Applications.	2025	J Imaging	Miao KH, Miao JH, Finkelstein M, Chatterjee A, Oto A.	review-article; review; journal article	forward	1	REC-AIBIOGU-000140	new		yes	yes	yes
MED	41417975	Optimizing recurrence prediction and risk stratification in prostate cancer using a 2.5D deep learning model: a multicenter MRI-based study.	2025	Int J Surg	Li F, Liu R, Wang P, Yue L, Hu P, Liu X, Yang L, Ruan Q, Wu S, Feng R, Chen Y, Zhou M, Yang J, Wang F, Qu H, Ning G, Zhuo L.	journal article	forward	1	REC-AIBIOGU-000163	new		yes	yes	yes
MED	41024245	Precision medicine in prostate cancer: individualized treatment through radiomics, genomics, and biomarkers.	2025	Cancer Imaging	Min K, Lin Q, Qiu D.	review-article; review; journal article	forward	3	REC-AIBIOGU-000124;REC-AIBIOGU-000162;REC-AIBIOGU-000184	new		yes	yes	yes
MED	41607542	Predicting HER2 overexpression in prostate cancer using machine learning: implications for personalized therapy.	2025	Front Oncol	Huang X, Jiang Z, Wang X, Gao J, Li D, Zhang Q, Zhao X, Guo H.	research-article; journal article	forward	1	REC-AIBIOGU-000142	new		yes	yes	yes
MED	40172658	Predicting clinically significant prostate cancer in PI-RADS 3 lesions using MRI-based radiomics: a literature review of methodological variations and performance.	2025	Abdom Radiol (NY)	Serrano A, Louviere C, Singh A, Ozdemir S, Hernandez M, Balaji KC, Gopireddy DR, Gumus KZ.	systematic review; journal article	forward	3	REC-AIBIOGU-000156;REC-AIBIOGU-000174;REC-AIBIOGU-000176	new		yes	yes	yes
MED	41249564	Predicting distant metastasis in early-onset kidney cancer using machine learning: a SEER database study with external validation.	2025	Clin Exp Med	Yuan SP, Chen T, Chen R.	research-article; journal article	forward	3	REC-AIBIOGU-000356;REC-AIBIOGU-000530;REC-AIBIOGU-000544	new		yes	yes	yes
MED	39834512	Prediction of Distant Metastasis of Renal Cell Carcinoma Based on Interpretable Machine Learning: A Multicenter Retrospective Study.	2025	J Multidiscip Healthc	Dong J, Duan M, Liu X, Li H, Zhang Y, Zhang T, Fu C, Yu J, Hu W, Peng S.	research-article; journal article	forward	1	REC-AIBIOGU-000530	new		yes	yes	yes
MED	39969539	Prediction of adverse pathology in prostate cancer using a multimodal deep learning approach based on [&lt;sup&gt;18&lt;/sup&gt;F]PSMA-1007 PET/CT and multiparametric MRI.	2025	Eur J Nucl Med Mol Imaging	Lin H, Yao F, Yi X, Yuan Y, Xu J, Chen L, Wang H, Zhuang Y, Lin Q, Xue Y, Yang Y, Pan Z.	journal article	forward	1	REC-AIBIOGU-000129	new		yes	yes	yes
MED	40129915	Prediction of bone metastasis of prostate cancer based on intratumoral and peritumoral radiomics of MRI T2WI combined with ADC images.	2025	Front Oncol	Lin S, He P, You R.	research-article; journal article	forward	3	REC-AIBIOGU-000174;REC-AIBIOGU-000178;REC-AIBIOGU-000191	new		yes	yes	yes
PPR	PPR1101152	Prediction of distant metastasis in renal cell carcinoma using machine learning algorithms on the basis of the SEER database and a Chinese population	2025		Li Y, Cao C, Wang M, Chen C, Shou J, Wen L, Han T.	preprint	forward	1	REC-AIBIOGU-000344	new		yes	yes	yes
MED	40676748	Prognostic and Predictive Value of Machine Learning-Based Biomarker and Pathomics Signatures in Patients With Prostate Cancer.	2025	Cancer Sci	Zhang J, Pan J, Lin J, Cai Y, Liu Y, Lin F, Guan H, Zhou G, Wei D, Wang Z, Ma Y, Zhao Z.	research-article; validation study; journal article; observational study	forward	1	REC-AIBIOGU-000118	new		yes	yes	yes
MED	40002572	Promising Results About the Possibility to Identify Prostate Cancer Patients Employing a Random Forest Classifier: A Preliminary Study Preoperative Patients Selection.	2025	Diagnostics (Basel)	Faiella E, Pileri M, Ragone R, De Nicola AM, Beomonte Zobel B, Grasso RF, Santucci D.	research-article; journal article	forward	2	REC-AIBIOGU-000161;REC-AIBIOGU-000183	new		yes	yes	yes
MED	41449174	Prostate cancer diagnosis using sensitive and sophisticated machine learning classifiers based on non-invasive urinary RNA biomarkers (PCASSO).	2025	Sci Rep	Goh H, Heo T, Kim J, Kim Y, Lim B, Woo MK, Choi KY, Kim CS, Kim J.	research-article; journal article	forward	1	REC-AIBIOGU-000370	new		yes	yes	yes
MED	40500522	Radiogenomic correlation of hypoxia-related biomarkers in clear cell renal cell carcinoma.	2025	J Cancer Res Clin Oncol	Shao Y, Cen HS, Dhananjay A, Pawan SJ, Lei X, Gill IS, D'souza A, Duddalwar VA.	research-article; journal article	forward	1	REC-AIBIOGU-000533	new		yes	yes	yes
MED	40756160	Radiomic Profiling of Tumor Thrombus for Predicting Recurrence in Renal Cell Carcinoma.	2025	Eur Urol Open Sci	Khene ZE, Tachibana I, Bhanvadia R, Trevino I, Sharma P, Graber W, Bingham N, Bertail T, Fleury R, Gaston K, Woldu SL, Bensalah K, Lotan Y, Margulis V.	research-article; journal article	forward	1	REC-AIBIOGU-000507	new		yes	yes	yes
MED	40506909	Radiomics-Based Classification of Clear Cell Renal Cell Carcinoma ISUP Grade: A Machine Learning Approach with SHAP-Enhanced Explainability.	2025	Diagnostics (Basel)	Aymerich M, Garcia-Baizan A, Franco PN, Gonzalez M, San Miguel Fraile P, Ortiz-Rey JA, Otero-Garcia M.	JOURNAL ARTICLE	both	2	REC-AIBIOGU-000372;REC-AIBIOGU-000496	new		yes	yes	yes
MED	41150018	Radiomics-Based Preoperative Assessment of Muscle-Invasive Bladder Cancer Using Combined T2 and ADC MRI: A Multicohort Validation Study.	2025	J Imaging	Kabanov D, Rubtsova N, Golbits A, Kaprin A, Sinitsyn V, Potievskiy M.	research-article; journal article	forward	3	REC-AIBIOGU-000338;REC-AIBIOGU-000354;REC-AIBIOGU-000367	new		yes	yes	yes
MED	40539890	Radiomics-Based Unsupervised Clustering Identifies Subtypes Associated With Prognosis and Immune Microenvironment in Clear Cell Renal Cell Carcinoma: A Multicenter Study.	2025	Adv Sci (Weinh)	Guo Y, Gong B, Li Y, Lou J, Shan S, Zhang X, Lu Q, Zhu D, Sun Q, Miao L, Li Y, Zhang YD, Tan W, Yang L, Zheng C.	research-article; multicenter study; journal article	forward	2	REC-AIBIOGU-000451;REC-AIBIOGU-000529	new		yes	yes	yes
MED	40221553	Recent Advances in Artificial Intelligence for Precision Diagnosis and Treatment of Bladder Cancer: A Review.	2025	Ann Surg Oncol	Yang X, Yang R, Liu X, Chen Z, Zheng Q.	review; journal article	forward	4	REC-AIBIOGU-000320;REC-AIBIOGU-000321;REC-AIBIOGU-000356;REC-AIBIOGU-000367	new		yes	yes	yes
MED	40416516	Reproducibility of MRI-derived radiomic features in prostate cancer detection: a methodological approach.	2025	Pol J Radiol	Zarei J, Soleimani A, Tahmasbi M, Sarkarian M, Rezaeijo SM.	research-article; journal article	forward	1	REC-AIBIOGU-000190	new		yes	yes	yes
MED	39923922	Revolutionizing prostate cancer therapy: Artificial intelligence - Based nanocarriers for precision diagnosis and treatment.	2025	Crit Rev Oncol Hematol	Shirzad M, Salahvarzi A, Razzaq S, Javid-Naderi MJ, Rahdar A, Fathi-Karkan S, Ghadami A, Kharaba Z, Romanholo Ferreira LF.	review; journal article	forward	3	REC-AIBIOGU-000112;REC-AIBIOGU-000144;REC-AIBIOGU-000175	new		yes	yes	yes
MED	40963986	Role of DECT-Based Imaging Biomarkers and Machine Learning to Predict Renal Cell Carcinoma Subtypes.	2025	Indian J Radiol Imaging	Baijal N, Gupta A, Garg S, Yadav N, Dhanakshirur RR, Jain K, Das CJ.	research-article; journal article	forward	1	REC-AIBIOGU-000483	new		yes	yes	yes
MED	39147643	Sub-regional Radiomics Analysis for Predicting Metastasis Risk in Clear Cell Renal Cell Carcinoma: A Multicenter Retrospective Study.	2025	Acad Radiol	Yang YC, Wu JJ, Shi F, Ren QG, Jiang QJ, Guan S, Tang XQ, Meng XS.	multicenter study; journal article	forward	1	REC-AIBIOGU-000529	new		yes	yes	yes
MED	40496617	Subregion-based radiomics analysis for predicting the histological grade of clear cell renal cell carcinoma.	2025	Front Oncol	Lv X, Dai XM, Zhou DQ, Yu N, Hong YQ, Liu Q.	research-article; journal article	forward	2	REC-AIBIOGU-000496;REC-AIBIOGU-000529	new		yes	yes	yes
MED	41409300	Targeting PSMB5-induced PANoptosis in bladder cancer: multi-omics insights and TCM candidate discovery.	2025	Front Immunol	Chang Z, Wang J, Cao J, Fan X, Li K, Wang C, Zhang Y, Wang L, Yang J, Chen S, Yang L.	research-article; journal article	forward	1	REC-AIBIOGU-000297	new		yes	yes	yes
MED	40863460	The Role of Radiomic Analysis and Different Machine Learning Models in Prostate Cancer Diagnosis.	2025	J Imaging	Bekou E, Seimenis I, Tsochatzis A, Tziagkana K, Kelekis N, Deftereos S, Courcoutsakis N, Koukourakis MI, Karavasilis E.	research-article; journal article	forward	2	REC-AIBIOGU-000156;REC-AIBIOGU-000166	new		yes	yes	yes
MED	40429314	The Role of Radiomics and Artificial Intelligence Applied to Staging PSMA PET in Assessing Prostate Cancer Aggressiveness.	2025	J Clin Med	Urso L, Badrane I, Manco L, Castello A, Lancia F, Collavino J, Crestani A, Castellani M, Cittanti C, Bartolomei M, Giannarini G.	review-article; review; journal article	forward	1	REC-AIBIOGU-000159	new		yes	yes	yes
MED	40860646	The Use of Artificial Intelligence in Urologic Oncology: Current Insights and Challenges.	2025	Res Rep Urol	Cicchetti R, Amparore D, Tamborino F, Tataru OS, Ferro M, Digiacomo A, Litterio G, Orsini A, Granata S, Campi R, Masieri L, Schips L, Marchioni M.	JOURNAL ARTICLE	backward	1	REC-AIBIOGU-000569	new		yes	yes	yes
MED	40346303	The interpretable CT-based vision transformer model for preoperative prediction of clear cell renal cell carcinoma SSIGN score and outcome.	2025	Insights Imaging	Zhi K, Wang Y, Yan L, Hou F, Wu J, Zhang S, Zhu H, Zhao L, Wang N, Zhao X, Li X, Wang Y, Chen C, Wang N, Xu Y, Yang G, Nie P.	research-article; journal article	forward	3	REC-AIBIOGU-000495;REC-AIBIOGU-000496;REC-AIBIOGU-000554	new		yes	yes	yes
MED	39862356	The predictive value of radiomics and deep learning for synchronous distant metastasis in clear cell renal cell carcinoma.	2025	Discov Oncol	He WB, Zhou C, Yang ZJ, Zhang YF, Zhang WB, He H, Wang J, Zhou FH.	research-article; journal article	forward	1	REC-AIBIOGU-000509	new		yes	yes	yes
MED	39780278	The role of endothelial cell-related gene COL1A1 in prostate cancer diagnosis and immunotherapy: insights from machine learning and single-cell analysis.	2025	Biol Direct	Cong G, Shao J, Xiao F, Zhu H, Kang P.	research support, non-u.s. gov't; research-article; journal article	forward	3	REC-AIBIOGU-000092;REC-AIBIOGU-000095;REC-AIBIOGU-000112	new		yes	yes	yes
MED	41361155	Trends in artificial intelligence and machine learning for renal cancer.	2025	Discov Oncol	Xi Z, Niu J, Dong Z, Xing Z, Yu Y, Yu S, Kang J.	research-article; journal article	forward	5	REC-AIBIOGU-000451;REC-AIBIOGU-000460;REC-AIBIOGU-000475;REC-AIBIOGU-000506;REC-AIBIOGU-000517	new		yes	yes	yes
MED	40165905	Tumour habitat-based radiomics analysis enhances the ability to predict prostate cancer aggressiveness with biparametric MRI-derived features.	2025	Front Oncol	Li M, Ding N, Yin S, Lu Y, Ji Y, Jin L.	research-article; journal article	forward	1	REC-AIBIOGU-000174	new		yes	yes	yes
MED	40949469	Unlocking artificial intelligence, machine learning and deep learning to combat therapeutic resistance in metastatic castration-resistant prostate cancer: a comprehensive review.	2025	Ecancermedicalscience	Ejaz ZH, Shaikh RH, Fatimi AS, Khan SR.	review-article; review; journal article	forward	1	REC-AIBIOGU-000175	new		yes	yes	yes
MED	40457401	Unsupervised learning-based quantitative analysis of CT intratumoral subregions predicts risk stratification of bladder cancer patients.	2025	BMC Med	Wang Y, Wang H, Li N, Wu S, Shi R, Sun K, Wang X.	research-article; journal article	forward	3	REC-AIBIOGU-000311;REC-AIBIOGU-000313;REC-AIBIOGU-000368	new		yes	yes	yes
MED	41514540	Using Artificial Intelligence as a Risk Prediction Model in Patients with Equivocal Multiparametric Prostate MRI Findings.	2025	Cancers (Basel)	Al-Khanaty A, Hennes D, Guduguntla A, Guerrero P, Delgado C, Dinneen E, Mazzone E, Appu S, Bolton D, Eapen RS, Murphy DG, Lawrentschuk N, Perera ML.	review-article; review; journal article	forward	3	REC-AIBIOGU-000063;REC-AIBIOGU-000174;REC-AIBIOGU-000176	new		yes	yes	yes
MED	42260809	A CT-based radiomics model for noninvasive prediction of MMP9 expression and prognostic evaluation in renal cell carcinoma.	2026	Medicine (Baltimore)	Sun S, Zhang J.	research-article; journal article; observational study	forward	1	REC-AIBIOGU-000485	new		yes	yes	yes
MED	42196432	A Multi-Omics Framework Reveals Tumor Heterogeneity and Predicts Therapeutic Targets in Renal Cell Carcinoma.	2026	Int J Mol Sci	Yin X, Zhou Z, Xue Y, Zheng Y, Yu W, Geng Z, Sun Y, Wang L, Chen Z, Wang S, Wang L, Zhao H.	research-article; journal article	forward	1	REC-AIBIOGU-000482	new		yes	yes	yes
MED	42352513	A Multimodal Artificial Intelligence Model to Guide Use of Whole-Pelvic Radiation Therapy in Patients with Localized Prostate Cancer: Exploratory Analysis of RTOG 9413.	2026	Cancers (Basel)	Sayan M, Huang HC, Stewart EL, Showalter TN, Dicker AP, Grass GD, Gore EM, McDonald AM, Pennington JD, Hallman MA, Barani IJ, Hsu IC, Rooney M, Pugh SL, Nguyen PL, Tran PT, Roach Iii M.	journal article	forward	1	REC-AIBIOGU-000032	new		yes	yes	yes
MED	42015962	A Novel Radiomics-based Interpretable Model for Bladder Cancer Grade Prediction Using White-Light Cystoscopy Images.	2026	Eur Urol Open Sci	Choi Y, Cho SW, Hong J, Lee J, Kim H, Lee KS.	research-article; journal article	forward	1	REC-AIBIOGU-000320	new		yes	yes	yes
MED	41266221	A Transformer-Based Model Integrating Intratumoral Habitats and Peritumoral Radiomics for Detecting Pelvic Lymph Node Metastasis in Prostate Cancer.	2026	Acad Radiol	Cao J, Feng X, Liu R, Luo T, Yang L, Li H, Wang F, Lin P, Xiang Y, Yang J, Fu Y, Li F.	research support, non-u.s. gov't; multicenter study; journal article	forward	1	REC-AIBIOGU-000191	new		yes	yes	yes
MED	41606245	A comprehensive multi-task deep learning model for kidney cancer: histological subtyping, clinical staging, and anatomical complexity grading.	2026	Eur Radiol	Lv D, Liu R, Wang X, Liang T, Zhang L, Zeng W, He Z, Deng L, Zhang Z, Qin G, Chen W.	research-article; multicenter study; journal article	forward	1	REC-AIBIOGU-000451	new		yes	yes	yes
MED	42259830	A disease-centric vision-language foundation model for precision oncology in kidney cancer.	2026	Nat Commun	Tao Y, Zhao Z, Wang Z, Luo X, Chen F, Wang K, Wu C, Zhang X, Zhang S, Yao J, Jin X, Jiang X, Yang Y, Li D, Qiu L, Shao Z, Guo J, Yu N, Xiong Y, Wang S.	research-article; multicenter study; journal article	forward	1	REC-AIBIOGU-000451	new		yes	yes	yes
MED	42101624	A multicenter study of automatic segmentation-based multimodal fusion integrating radiomics, deep learning, and clinical parameters for prostate cancer detection.	2026	Abdom Radiol (NY)	Ding N, Jin L, Yin S, Ji Y, Wang X, Li M.	journal article	forward	2	REC-AIBIOGU-000140;REC-AIBIOGU-000142	new		yes	yes	yes
MED	41706247	A pathomics-based pyroptosis signature predicts survival in clear cell renal cell carcinoma.	2026	Discov Oncol	Wang K, Wei S, Hou D, Wang L, Kang L, Li H, Li C, Wang H.	research-article; journal article	forward	1	REC-AIBIOGU-000530	new		yes	yes	yes
MED	42342957	A perioperative multi-modal fusion and deep learning-based prognostic system for upper tract urothelial carcinoma: a multi-institutional study.	2026	Insights Imaging	Peng X, Li Y, Shi W, Xiao B, Xiao X, Yue X, Xv Q, Jiang Q, He W, Xv Y, Xiao M.	research-article; journal article	forward	1	REC-AIBIOGU-000310	new		yes	yes	yes
MED	41196458	A radiogenomics biomarker based on tumor angiogenesis for non-invasive prognosis of clear cell renal cell carcinoma.	2026	Clin Transl Oncol	Li Y, Huang Y, Xu H, Yang S.	journal article	forward	1	REC-AIBIOGU-000516	new		yes	yes	yes
MED	42194817	Advancing Genitourinary Cancer Surgery: The Role of Artificial Intelligence and Robotics.	2026	J Clin Med	Katsimperis S, Kostakopoulos N, Bellos T, Spinos T, Peteinaris A, Tzelves L, Kostakopoulos A, Skolarikos A.	review-article; review; journal article	forward	1	REC-AIBIOGU-000320	new		yes	yes	yes
MED	41827703	Angiogenesis-Informed Preoperative CT Radiogenomics Predicts Overall Survival in Clear Cell Renal Cell Carcinoma: Development and External Validation.	2026	Cancers (Basel)	Zheng Y, Du Y, Ma Z, Luo Y, Lu J, Shang P.	research-article; journal article	forward	4	REC-AIBIOGU-000441;REC-AIBIOGU-000473;REC-AIBIOGU-000530;REC-AIBIOGU-000542	new		yes	yes	yes
MED	42285048	Application Value of Radiomics-Based Machine Learning for Preoperative Risk Stratification of Bladder Cancer: Systematic Review and Meta-Analysis.	2026	J Med Internet Res	He Z, Liu Y, Jiang Q, Hou F, Xu B.	meta-analysis; systematic review; review-article; journal article	forward	13	REC-AIBIOGU-000253;REC-AIBIOGU-000291;REC-AIBIOGU-000299;REC-AIBIOGU-000304;REC-AIBIOGU-000306;REC-AIBIOGU-000310;REC-AIBIOGU-000311;REC-AIBIOGU-000320;REC-AIBIOGU-000327;REC-AIBIOGU-000329;REC-AIBIOGU-000332;REC-AIBIOGU-000354;REC-AIBIOGU-000365	new		yes	yes	yes
PPR	PPR1187693	Application of Deep Learning for Preoperative prostate MRI segmentation in Postoperative Inguinal Hernia Prediction after robot-assisted radical prostatectomy	2026		Zhang J, Fan X, Sheng W, Xiong M, Wu L, Cao G, Zhang X.	preprint	forward	1	REC-AIBIOGU-000110	new		yes	yes	yes
MED	41918861	Application of adaptive deep learning-based automatic segmentation in radiomics model for preoperative WHO/ISUP grading of clear cell renal cell carcinoma: a retrospective comparative study with manual segmentation.	2026	PeerJ	Zhu H, Chen Z, Zhang J, Yang M, Gu K, Bao W, Du Y, Hou S, Yao W.	comparative study; research-article; journal article	forward	2	REC-AIBIOGU-000473;REC-AIBIOGU-000514	new		yes	yes	yes
MED	41928166	Application of contrast-enhanced CT-based radiomics with machine learning to predict WHO/ISUP grading in clear cell renal cell carcinoma.	2026	BMC Cancer	Li X, Song S, Ge W, Wang H, Liu W, Qi X, Zhao Y.	research-article; journal article	forward	2	REC-AIBIOGU-000513;REC-AIBIOGU-000547	new		yes	yes	yes
MED	41388186	Artificial Intelligence (AI)-based tools in the diagnosis and management of prostate cancer: a systematic review and meta-analysis.	2026	Prostate Cancer Prostatic Dis	Tun HM, Naing L, Malik OA, Malik OA, Rahman HA.	meta-analysis; systematic review; journal article	forward	2	REC-AIBIOGU-000146;REC-AIBIOGU-000178	new		yes	yes	yes
MED	42483695	Artificial Intelligence Versus Conventional Methods for NCCN Risk Stratification in Localized Prostate Cancer (2020-2025): A Systematic Review.	2026	Prostate Cancer	Hassan WA, Meligy OAE, Talaat IM.	review-article; review; journal article	forward	1	REC-AIBIOGU-000091	new		yes	yes	yes
MED	41348934	Artificial Intelligence in Prostate MRI: Addressing Current Limitations Through Emerging Technologies.	2026	J Magn Reson Imaging	Johnson PM, Umapathy L, Gigax B, Rossi JK, Tong A, Bruno M, Sodickson DK, Nayan M, Chandarana H.	research-article; review; journal article	forward	3	REC-AIBIOGU-000119;REC-AIBIOGU-000129;REC-AIBIOGU-000178	new		yes	yes	yes
MED	41892179	Artificial Intelligence in Prostate MRI: Comparison of an AI-Based Software and an Experienced Radiologist for Detecting Clinically Significant Prostate Cancer.	2026	Curr Oncol	Castellana R, Marzi S, Russo A, Ferriero MC, Terrenato I, Papaleo E, Navanteri G, Vitale D, Pizzi G, Vidiri A, Bertini L.	comparative study; research-article; journal article	forward	1	REC-AIBIOGU-000166	new		yes	yes	yes
MED	42571542	Artificial Intelligence in the Detection, Characterization, and Management of Renal Masses: A Narrative Review.	2026	Cureus	Buali HF, Abushloa T, Al Shaibani A, Bastawisy A, Farouqi US, Rafie M.	review-article; review; journal article	forward	1	REC-AIBIOGU-000498	new		yes	yes	yes
MED	42122119	Artificial Intelligence-Enhanced Multiparametric MRI and VI-RADS in Bladder Cancer: Current Evidence, Clinical Opportunities and Barriers to Translation.	2026	Cancers (Basel)	Popescu CG, Chipuc S, Zgura D, Haineala B, Zgura A.	review-article; review; journal article	forward	1	REC-AIBIOGU-000354	new		yes	yes	yes
MED	41874614	Artificial intelligence and radiomics in bladder cancer MRI: a scoping review of applications, performance, and barriers to clinical translation.	2026	Abdom Radiol (NY)	Salvaggio G, Comelli A, Albano D, Galia M, Lalwani N.	scoping review; journal article	forward	5	REC-AIBIOGU-000296;REC-AIBIOGU-000314;REC-AIBIOGU-000329;REC-AIBIOGU-000338;REC-AIBIOGU-000365	new		yes	yes	yes
MED	41808601	Artificial intelligence for detection, grading, and prognostication in prostate cancer pathology: A scoping review.	2026	Histol Histopathol	Pratap Nair R, Du W, Mei L, Koga S.	scoping review; journal article	forward	1	REC-AIBIOGU-000146	new		yes	yes	yes
MED	41483979	Artificial intelligence in diagnostic, prognostic, and predictive genomic biomarkers for prostate cancer: Ready for prime time?	2026	Urol Oncol	Bazarkin A, Taratkin M, Vovdenko S, Androsov A, Balashova M, Morozov A, Itskevich A, Laukhtina E, Bezrukov E, Singla N, Rapoport L, Shpot E, Glybochko P.	systematic review; review; journal article	forward	1	REC-AIBIOGU-000132	new		yes	yes	yes
MED	41384695	Artificial intelligence in genitourinary pathology.	2026	Histopathology	Patel AU, Parwani AV, Satturwar S.	review-article; review; journal article	forward	4	REC-AIBIOGU-000119;REC-AIBIOGU-000339;REC-AIBIOGU-000451;REC-AIBIOGU-000688	new		yes	yes	yes
MED	42290155	Artificial intelligence in kidney cancer: a review of clinical applications across the disease spectrum.	2026	Curr Opin Urol	Abusafieh H, Jevnikar D, Heller N, Weight CJ.	review; journal article	forward	4	REC-AIBIOGU-000451;REC-AIBIOGU-000454;REC-AIBIOGU-000458;REC-AIBIOGU-000471	new		yes	yes	yes
MED	41208283	Artificial intelligence in kidney disease and dialysis: from data mining to clinical impact.	2026	Curr Opin Nephrol Hypertens	Neri L, Zhang H, Usvyat LA.	review; journal article	forward	1	REC-AIBIOGU-000451	new		yes	yes	yes
MED	42582183	Artificial intelligence in prostate biopsy: diagnostic applications, risk stratification, and precision oncology.	2026	Front Oncol	Alwahaibi N.	review-article; review; journal article	forward	1	REC-AIBIOGU-000031	new		yes	yes	yes
MED	42545470	Artificial intelligence in the radiologic diagnosis of major urological cancers: a meta-analysis.	2026	World J Urol	Shen Y, Peng L, Gan L, Wu S.	meta-analysis; systematic review; journal article	forward	4	REC-AIBIOGU-000291;REC-AIBIOGU-000311;REC-AIBIOGU-000327;REC-AIBIOGU-000451	new		yes	yes	yes
MED	41800500	Artificial intelligence in urological malignancy diagnosis and prognosis: current status and future prospects.	2026	Can J Urol	Zhan M, Zhou Z, Zhang J, Wang X, Li C, Pan B, Luo Z, Shi W, Wang Y, Li M, Wang W, Shi R, Zhu J.	review; journal article	forward	4	REC-AIBIOGU-000180;REC-AIBIOGU-000277;REC-AIBIOGU-000331;REC-AIBIOGU-000451	new		yes	yes	yes
MED	41423376	Artificial intelligence-driven prostate cancer diagnosis: Enhancing accuracy and personalizing patient care.	2026	Urol Oncol	Zhang X, Xiao N, Liang H, Li P, Zhang Y, Zhang S, Zhou B, Yao S, Yang Z, Chen J.	review; journal article	forward	1	REC-AIBIOGU-000110	new		yes	yes	yes
MED	42506161	B-Mode Ultrasound Radiomics for Differentiating Benign and Malignant Small Hyperechoic Renal Masses: An Exploratory Single-Center Experience.	2026	J Imaging	Urraro F, Giordano N, Patanè V, Piscopo M, Ciani G, Balestrucci G, Brunese MC, Russo A, Sansone M, Reginelli A.	research-article; journal article	forward	1	REC-AIBIOGU-000521	new		yes	yes	yes
MED	41398999	Biparametric MRI-Based Habitat Analysis Integrated With Deep Learning for Predicting Clinically Significant Prostate Cancer in PI-RADS Category 3 Lesions.	2026	J Magn Reson Imaging	Deng S, Hu J, Wang H, Han X, Ao W.	journal article	forward	2	REC-AIBIOGU-000142;REC-AIBIOGU-000176	new		yes	yes	yes
MED	42315441	"Bridging the Gap from ""Paper"" to ""Patient"": An Overview and Quality Assessment of PET/CT-Based Radiomics for Prostate Cancer Using the Updated RQS 2.0."	2026	Acad Radiol	Bian S, Yang Y, Wang Z, Zhu D.	systematic review; review; journal article	forward	2	REC-AIBIOGU-000099;REC-AIBIOGU-000152	new		yes	yes	yes
MED	42512891	CT-Based Radiomics for Prediction of Molecular Markers in Clear Cell Renal Cell Carcinoma: A Comprehensive Review.	2026	Medicina (Kaunas)	Boukali E, Koumpis P, Romeo E, Vartholomatos E, Alexiou GA, Argyropoulou MI, Tsili AC.	review-article; review; journal article	forward	4	REC-AIBIOGU-000471;REC-AIBIOGU-000513;REC-AIBIOGU-000516;REC-AIBIOGU-000533	new		yes	yes	yes
MED	42279340	CT-Based Radiomics in the Characterization of Solid Renal Tumors: A Systematic Review.	2026	Cancers (Basel)	Koumpis P, Vartholomatos E, Romeo E, Alexiou GA, Argyropoulou MI, Tsili AC.	review-article; review; journal article	forward	6	REC-AIBIOGU-000498;REC-AIBIOGU-000512;REC-AIBIOGU-000518;REC-AIBIOGU-000519;REC-AIBIOGU-000532;REC-AIBIOGU-000547	new		yes	yes	yes
MED	42317355	CT-based radiogenomic prediction of ICAM1 and RAET1E as biomarkers of NK cytotoxicity in clear cell renal cell carcinoma.	2026	Front Immunol	Ma X, Yang J, Qian X, Dou X, Ji S, Dai Y, Yang Y, Wang Y, Zhu J.	research-article; journal article	forward	1	REC-AIBIOGU-000516	new		yes	yes	yes
MED	42431796	"Clinical-Radiomics Model Based on T2-Weighted and Diffusion-Weighted Magnetic Resonance Images on Predicting ""Double Gray Zone"" Prostate Cancer of PSA and PI-RADS."	2026	Acad Radiol	Zhang W, Li J, Yao X, Sun K, Guo Z, Cao X, Zhang H, Shuang W.	journal article	forward	1	REC-AIBIOGU-000158	new		yes	yes	yes
MED	42034832	Combined radiomics, PI-RADS, and clinical model improve significant prostate cancer prediction and guide biopsy decision.	2026	Insights Imaging	Antolin A, Mast R, Roson N, Arce J, Almodovar R, Cortada R, Alberti A, Miro B, Mendez O, Maceda A, Serrano E, Prieto-de-la-Lastra C, Jimenez-Pastor A, Nogué-Infante A, Escobar M, Trilla E, Morote J.	research-article; journal article	forward	1	REC-AIBIOGU-000110	new		yes	yes	yes
MED	41892194	Current Applications and Future Directions of Artificial Intelligence in Prostate Cancer Diagnosis: A Narrative Review.	2026	Curr Oncol	Zhu CY, Qu R, Dai Y, Yang L.	review-article; review; journal article	forward	3	REC-AIBIOGU-000110;REC-AIBIOGU-000111;REC-AIBIOGU-000180	new		yes	yes	yes
MED	42247403	Deep learning models built from PSMA PET of the primary tumor can predict synchronous and metachronous prostate cancer metastases.	2026	PLoS One	Juarez Casillas JE, Nezafat M, Benitez CM, Rzechowski K, Kane N, Sjöstrand K, Anand A, Sonni I, Berenji GR, Duriseti S, Rettig MB, Nickols NG.	research-article; journal article	forward	2	REC-AIBIOGU-000117;REC-AIBIOGU-000180	new		yes	yes	yes
MED	41756314	Developing an interpretable clinical-radiomics machine learning model using whole transition zone MRI analysis for improving diagnosis of transition zone prostate cancer.	2026	Front Oncol	Yang J, Jiang N, Zhang Y, Yang L, Xia L, Ren Y, Xu H, Li Z, Wang J, Cui F.	research-article; journal article	forward	1	REC-AIBIOGU-000140	new		yes	yes	yes
MED	42214056	Development and External Validation of a Machine Learning-Based Risk Classification Score for Prostate Cancer-Specific Cardiovascular Risk.	2026	JCO Oncol Pract	Stabellini N, Nahle T, Shah V, Kollapaneni SS, Makram OM, Cullen J, Weintraub NL, Kunhiraman HH, Swami U, Mahmoudi M, Fillmore N, Garraway IP, Leong D, Pinthus J, Shanahan J, Montero AJ, Agarwal N, Guha A.	journal article	forward	1	REC-AIBIOGU-000079	new		yes	yes	yes
MED	41760414	Development and Validation of Radiomics and Clinical Models for Predicting Gleason Grades in Prostate Cancer Across Tumor Subregions and Clinical Factors: A Dual-Center Study.	2026	Acad Radiol	Liu L, Yin P, Bao M, Wang J, Han B, He Y, Lu F, Yin L.	validation study; multicenter study; journal article	forward	1	REC-AIBIOGU-000180	new		yes	yes	yes
MED	41972042	Development and validation of a deep learning radiomics model for predicting capsular invasion in small renal masses: a multicenter retrospective study.	2026	Quant Imaging Med Surg	Zhang X, Fu P, Qiu H, Zhang Y, Ren W, Wu L, Ma Z, Zhang G.	research-article; journal article	forward	2	REC-AIBIOGU-000496;REC-AIBIOGU-000498	new		yes	yes	yes
MED	42293856	Development and validation of a machine learning-based radiomics model using 45-keV virtual monoenergetic images for differentiating fat-poor angiomyolipoma from clear cell renal cell carcinoma.	2026	Transl Androl Urol	Jing S, Wang J, Zhao X, Zeng B, Luo J, Yang Z, Liu Y.	research-article; journal article	forward	1	REC-AIBIOGU-000512	new		yes	yes	yes
MED	41839858	Development and validation of machine learning prognostic models for overall survival in non-surgical prostate cancer patients with bone metastases.	2026	Aging Male	Yang Q, Wang B, Yang Y, Li S, Li Y, Du Q, Bao E.	validation study; journal article	forward	1	REC-AIBIOGU-000235	new		yes	yes	yes
MED	41937989	Diagnostic performance of magnetic resonance imaging-based radiomics for detecting prostate cancer: A systematic review and meta-analysis.	2026	World J Radiol	Zhong SY, Deng XR, Han BC, Yang LQ, Ye ST, Niu XK.	research-article; journal article	forward	2	REC-AIBIOGU-000136;REC-AIBIOGU-000183	new		yes	yes	yes
MED	41546827	Diagnostic performance of radiomics for detecting and characterising upper tract urothelial carcinoma (UTUC): a systematic review.	2026	World J Urol	Bruinsma J, Tharakan N, Temperley HC, Mac Curtain BM, Chau M, Bangash H.	research-article; systematic review; journal article	forward	1	REC-AIBIOGU-000283	new		yes	yes	yes
MED	41639828	Differentiation of venous thrombus consistency in patients with renal cell carcinoma using volumetric analysis of computed tomography first-order radiomic features.	2026	BMC Cancer	Kowal P, Ratajczyk K, Bursiewicz W, Trzciniecki M, Marek-Bukowiec K, Rogala J, Mytsyk Y.	research-article; journal article	forward	3	REC-AIBIOGU-000495;REC-AIBIOGU-000496;REC-AIBIOGU-000529	new		yes	yes	yes
MED	41698677	Digital pathology-based artificial intelligence algorithms in prostate cancer: inside the 'black box'.	2026	BJU Int	de la Calle CM, Baras AS, Lotan TL.	review; journal article	forward	2	REC-AIBIOGU-000124;REC-AIBIOGU-000146	new		yes	yes	yes
MED	42668540	Enhanced CT-based deep learning radiomics for bladder cancer prognosis.	2026	Mil Med Res	Cho WC.	brief-report; journal article	forward	1	REC-AIBIOGU-000212	new		yes	yes	yes
MED	42049617	Evaluating Clinically Significant Prostate Cancer with Pathology-Registered Radiomics: A Multi-Reader Assessment Using Lesion Diameter-based Simplified Segmentations on MRI.	2026	Acad Radiol	Esengur OT, Harmon SA, Gelikman DG, Yilmaz EC, Zhang H, Simon B, An JY, Azamat S, Law YM, Margolis DJA, Marko J, Panebianco V, Merino MJ, Gurram S, Wood BJ, Lis R, Choyke PL, Pinto PA, Turkbey B.	journal article	forward	3	REC-AIBIOGU-000053;REC-AIBIOGU-000176;REC-AIBIOGU-000190	new		yes	yes	yes
MED	42122046	Explainable Machine Learning-Based Overall Survival Classification in Prostate Adenocarcinoma Using Integrated Clinical and Transcriptomic Features.	2026	Diagnostics (Basel)	Kurt HA, Kılıçarslan S, Çiçekliyurt MM.	research-article; journal article	forward	2	REC-AIBIOGU-000025;REC-AIBIOGU-000144	new		yes	yes	yes
PPR	PPR1150475	Explainable and Visualizable Machine Learning Model Development and Validation for 5-Year Postoperative Survival Prediction in Prostate Cancer Patients Aged ≥ 65 Years	2026		Chen H, SHEN T.	preprint	forward	1	REC-AIBIOGU-000119	new		yes	yes	yes
MED	42082925	Explainable and visualizable machine learning model development and validation for 5-year postoperative survival prediction in prostate cancer patients aged ≥ 65 years.	2026	BMC Geriatr	Cheng H, Shen T.	research-article; validation study; journal article	forward	1	REC-AIBIOGU-000119	new		yes	yes	yes
MED	41427530	Ferroptosis in renal cell carcinoma: integrative multi-omics insights and therapeutic perspectives.	2026	Int J Surg	Wang X, Li J, Zhang Y, Huang R, Zhang P, Hu H.	research-article; journal article	forward	1	REC-AIBIOGU-000451	new		yes	yes	yes
MED	42294344	From AI-based image analysis to surgical decision support in prostate cancer: interdisciplinary application of the international radiomics platform.	2026	Front Oncol	Tollens F, Westhoff N, Moltz J, Hartenstein T, Michel AS, Naeimi M, Ludwig J, Kohlmann P, Herrmann J, Nikolaou K, Schoenberg SO, Nörenberg D.	research-article; journal article	forward	1	REC-AIBIOGU-000191	new		yes	yes	yes
MED	41969325	From prostate-specific antigen to precision: The future of prostate cancer diagnosis with artificial intelligence, biomarkers, and imaging.	2026	Curr Urol	Flôres Soares da Silva HM, Gómez Rivas J, Mata Déniz P, Marugan MJ, González-Santander C, Fernández Montarroso L, Galante I, Moreno Sierra J.	review-article; review; journal article	forward	2	REC-AIBIOGU-000099;REC-AIBIOGU-000103	new		yes	yes	yes
MED	41547629	Generalizable Deep Learning for Prostate Cancer Risk Stratification: Multicenter Study Integrating &lt;sup&gt;18&lt;/sup&gt;F-PSMA-1007 PET/CT and mpMRI.	2026	Acad Radiol	Miao C, Sun H, Yao F, Hong T, Ren Z, Zhuang Y, Lin Q, Bian S, Yang Y, Lin Y.	research support, non-u.s. gov't; multicenter study; journal article	forward	1	REC-AIBIOGU-000180	new		yes	yes	yes
MED	42012493	Habitat-based radiomics-clinical analysis for early prediction of bladder cancer recurrence: a retrospective cohort study.	2026	Abdom Radiol (NY)	Yang Y, Gong B, Kong X, Guo Y, Lou J, Fu X, Liu W, Feng Q, Yang L.	journal article	forward	2	REC-AIBIOGU-000308;REC-AIBIOGU-000367	new		yes	yes	yes
MED	42419189	Identification and verification of immunogenic cell death-related signatures derived from bone metastasis of prostate cancer based on multi-omics and machine learning algorithms.	2026	Comput Biol Chem	Ma W, Mei W, Guang L, Yang Q, Xu M, Zhou H.	journal article	forward	1	REC-AIBIOGU-000506	new		yes	yes	yes
MED	41882722	In-silico study of machine learning discovers de novo lipogenesis for predicting prognosis and immunotherapy responses in kidney renal clear cell carcinoma.	2026	Biol Direct	Liu D, Liu W, Han B, Ding T, Nan Y, Zhang Y, Xu H, Pan H, Li Z, Zhang W, Zhao E, Geng B, Jin C, Li X, Wang J, You B.	research-article; journal article	forward	2	REC-AIBIOGU-000424;REC-AIBIOGU-000449	new		yes	yes	yes
MED	41882853	Integrating Artificial Intelligence into Prostate MR Imaging: Technical Foundations, Clinical Applications, and Workflow Implications.	2026	Magn Reson Med Sci	Messina E, Novelli S, Laschena L, Borrelli A, Mezzapesa F, De Giacomo L, Bincoletto G, Messineo D, Bicchetti M, Dehghanpour A, Pecoraro M, Del Monte M, Panebianco V.	research-article; review; journal article	forward	1	REC-AIBIOGU-000110	new		yes	yes	yes
MED	41390951	Integrating artificial intelligence across the bladder cancer continuum: progress, promise, and pitfalls.	2026	Expert Rev Anticancer Ther	Saran Manivasagam S, Raman JD, Aminsharifi A.	review; journal article	forward	4	REC-AIBIOGU-000313;REC-AIBIOGU-000320;REC-AIBIOGU-000339;REC-AIBIOGU-000370	new		yes	yes	yes
MED	41706814	Integrating machine learning and Mendelian randomization for identifying genetic biomarkers in bladder cancer: implications for early diagnosis and targeted therapies.	2026	Int J Surg	Xu C, Dong Y, Li J, Liao X, Zhang C, Lv C, Li C, Liu Y, Yao L, Zhou L.	journal article	forward	1	REC-AIBIOGU-000356	new		yes	yes	yes
MED	42625671	Integrating single-cell analysis and machine learning algorithms to explore lactylation-related molecular mechanisms and therapeutic responses in clear cell renal cell carcinoma and identifying CDT1 as a potential biomarker.	2026	Front Endocrinol (Lausanne)	Zhang Y, Zhou H, Zhang B, Sun X, Mei W, Zhou L.	research-article; journal article	forward	2	REC-AIBIOGU-000111;REC-AIBIOGU-000506	new		yes	yes	yes
MED	41268830	Integrative Deep Learning from H&amp;E Images Reveals Prognostically Distinct Pathology-Based Subtypes in Bladder Cancer.	2026	Curr Cancer Drug Targets	Li H, Dai F, Zhang Y, Li X, Zhong B, Fang J, Wang Z, He Y, Wang M, Qiu X, Zheng Z.	journal article	forward	1	REC-AIBIOGU-000146	new		yes	yes	yes
MED	41203263	Integrative Machine Learning Model Leveraging DCE-MRI and PSA Values for Advanced Risk Stratification in Prostate Cancer.	2026	J Clin Ultrasound	Panc K, Sekmen S, Gundogdu H, Basaran M, Bulbul HM, Gurun E.	journal article	forward	1	REC-AIBIOGU-000180	new		yes	yes	yes
MED	42251607	Integrative multi-omics identifies a glycosylation-based prognostic framework and nominates ALG3 for targeted therapy in bladder cancer.	2026	Discov Oncol	Feng W, He W.	research-article; journal article	forward	2	REC-AIBIOGU-000273;REC-AIBIOGU-000310	new		yes	yes	yes
MED	42406147	Interpretable machine learning model of contrast-enhanced CT radiomics for predicting post-BCG recurrence in high-grade non-muscle-invasive bladder cancer.	2026	World J Urol	Zou XC, Yu ZJ, Yuan YY, Chao HC, Zeng XJ, Zeng T.	journal article	forward	3	REC-AIBIOGU-000310;REC-AIBIOGU-000313;REC-AIBIOGU-000320	new		yes	yes	yes
MED	41549273	Interpretable machine learning using CT radiomics predicts pathological upgrading after secondary resection in non-muscle-invasive bladder cancer.	2026	BMC Cancer	Rao XP, Zou XC, Yu ZJ, Yuan YY, Chao HC, Huang JB, Zeng T.	research-article; journal article	forward	2	REC-AIBIOGU-000310;REC-AIBIOGU-000320	new		yes	yes	yes
MED	41711878	MRI-based habitat radiomics for assessing synchronous metastatic risk in renal cell carcinoma: a multicenter study.	2026	Abdom Radiol (NY)	Bai X, Xu H, Zhou S, Jia T, Yi S, Zhao H, Xie L, Liu B, Liu X, Liu H, Mu X, Zhang M, Zhao J, Ye H, Ma X, Wang H.	multicenter study; journal article	forward	1	REC-AIBIOGU-000509	new		yes	yes	yes
MED	41768252	Machine learning approaches for predicting progression in hormone-sensitive prostate cancer patients.	2026	Front Oncol	Zhu B, Jiang H, Zhang C, Wang Q, Yang L, Yang H, Li R, Li J, Pang X, Zheng Y, Yan L, Wang Y, Bai Y.	research-article; journal article	forward	1	REC-AIBIOGU-000083	new		yes	yes	yes
MED	41809788	Machine learning identifies a DNA repair-related risk model for bladder cancer and functionally characterizes ZWINT as a potential oncogenic factor.	2026	Transl Androl Urol	Liang S, Liu H, Su Q, Li X, Yang Z, Mo W.	research-article; journal article	forward	1	REC-AIBIOGU-000506	new		yes	yes	yes
MED	42164390	Machine learning integration of multi-omics data develops a sarcomatoid-related renal cell carcinoma score (SARS) for prognosis stratification and guiding therapy.	2026	Transl Androl Urol	Liu D, Xia X, Wang W, Jin T.	research-article; journal article	forward	1	REC-AIBIOGU-000474	new		yes	yes	yes
MED	42240645	Machine learning of multiparametric MRI radiomics preoperatively distinguishes testicular seminoma from non-seminoma: a multicenter study.	2026	Abdom Radiol (NY)	Yang S, Yang J, Xiao W, Tan X, Liu R, Zhao L, Tong Y, Jian Y.	journal article	forward	1	REC-AIBIOGU-000695	new		yes	yes	yes
MED	41568074	Machine learning-based multi-class classification of bladder pathologies using fused 3D CT radiomic and 3D auto-encoder deep features.	2026	Eur J Radiol Open	Xiao H, Liu W, Yang H, Huang Z, Yuan Y, Wang T, Liu H, Wu K.	research-article; journal article	forward	1	REC-AIBIOGU-000368	new		yes	yes	yes
MED	42582947	Machine learning-derived mast cell-associated angiogenesis features can serve as prognostic targets for clear cell renal cell carcinoma.	2026	Transl Androl Urol	Ji R, Dai H, Zhang X, Kong W, Zhang J, Wang Y, Wang J, Tang L, Cao X, Liu Y, Qin C.	research-article; journal article	forward	1	REC-AIBIOGU-000544	new		yes	yes	yes
MED	42412916	Magnetic Resonance Imaging-Based Artificial Intelligence in Predicting Prostate Cancer Biochemical Recurrence: Systematic Review and Meta-Analysis.	2026	J Med Internet Res	Jin Y, Yuan T, Chen Z.	meta-analysis; systematic review; review-article; journal article	forward	4	REC-AIBIOGU-000072;REC-AIBIOGU-000129;REC-AIBIOGU-000151;REC-AIBIOGU-000178	new		yes	yes	yes
MED	41231645	Mapping the application landscape of artificial intelligence in prostate cancer: a global bibliometric analysis.	2026	Int J Surg	Wei Y, Mei Z, Xie C, Yuan F, Xu D.	journal article	forward	1	REC-AIBIOGU-000123	new		yes	yes	yes
MED	42702836	Multi-Omics Integration Identifies a Five-Gene Metabolic Signature With Experimental Validation in Clear Cell Renal Cell Carcinoma.	2026	Cancer Rep (Hoboken)	Peng Y, Qin S, Li X, Wan L, Guan R.	research-article; journal article	forward	1	REC-AIBIOGU-000453	new		yes	yes	yes
MED	41846032	Multi-omics analysis and preliminary experimental validation of acetyl tributyl citrate (ATBC) promoting bladder cancer progression via the AKR1B1/EMT axis.	2026	Environ Pollut	Jie J, Wang Q, Chen Z, Hu C, Lai Z, Ke S, Zhu Y, Li F, Fan Q, Tan W.	journal article	forward	1	REC-AIBIOGU-000284	new		yes	yes	yes
MED	41790354	Multi-omics analysis suggests ZDHHC18 as a potential risk factor for clear cell renal cell carcinoma linked to myeloid DC morphology.	2026	Discov Oncol	Guo A, Lu Y, Wang J, Jia Z, Yang J, Ning X.	research-article; journal article	forward	1	REC-AIBIOGU-000439	new		yes	yes	yes
MED	41411923	Multi-omics characterization identifies AHCY as a prognostic biomarker driving immunometabolic reprogramming in bladder cancer.	2026	Transl Oncol	Peng Q, Zhang M, Zhao S, Guo Y, Shan M, Su B, Mao S, Shi D, Lin Z.	brief-report; journal article	forward	2	REC-AIBIOGU-000294;REC-AIBIOGU-000341	new		yes	yes	yes
MED	41863682	Multi-omics profiling identifies ectopic olfactory receptors as putative drivers of tumor progression and prognostic indicators in clear cell renal cell carcinoma.	2026	Clin Exp Med	Yeo DJ, Cho HJ.	research-article; journal article	forward	1	REC-AIBIOGU-000544	new		yes	yes	yes
MED	42283020	Multicenter Study Suggests Unsupervised Learning Derived From MRI Identifies Prognostic Subgroups in Prostate Cancer Patients After Prostatectomy.	2026	Radiol Res Pract	Hu G, Liu X, Chen Z, Zhou B, Gan H, Chen R, Zhou L, Gu Y, Liu X.	research-article; journal article	forward	1	REC-AIBIOGU-000163	new		yes	yes	yes
MED	42635792	Multimodal artificial intelligence in prostate cancer: integrating multiparametric MRI with clinicopathological, molecular, and functional imaging data.	2026	Abdom Radiol (NY)	Fujiwara M, Yoshida S, Banerjee I, Arita Y, Fujii Y.	review; journal article	forward	1	REC-AIBIOGU-000180	new		yes	yes	yes
MED	42052446	Multimodal artificial intelligence in urologic precision oncology: from algorithm to translational medicine (a systemized narrative review).	2026	Front Oncol	Rajaee Rizi F, Jamadi MS, Rahimi S, Bighamian M, Paidar P, Taki MJ, Bahmaie N.	review-article; review; journal article	forward	3	REC-AIBIOGU-000074;REC-AIBIOGU-000175;REC-AIBIOGU-000253	new		yes	yes	yes
MED	42250604	Multimodal artificial intelligence prediction of abiraterone efficacy in two STAMPEDE phase III trials of nonmetastatic very high-risk prostate cancer.	2026	Ann Oncol	Parker CTA, Huang HC, Grist E, Mendes L, Yamashita R, Croucher D, Sachdeva A, Murphy L, Liu VYT, Santos Vidal S, Todorovic T, Lall S, Goncalves M, Thakali S, Wingate A, Zakka L, Wetterskog D, Nowakowska K, Amos CL, Berney DM, Tran PT, Spratt DE, Sydes MR, Brown LC, Zhao SG, Nguyen P, Clarke NW, Sweeney CJ, Stewart EL, Parmar MKB, Esteva A, James ND, Attard G, STAMPEDE Collaborators.	clinical trial, phase iii; randomized controlled trial; journal article	forward	1	REC-AIBIOGU-000032	new		yes	yes	yes
MED	42625638	Multimodal deep learning for prediction of postoperative recurrence in clear cell renal cell carcinoma: a clinical-radiologic-pathologic approach.	2026	Front Oncol	Yang Y, Wu J, Shi F, Ren Q, Gao P, Meng X.	research-article; journal article	forward	1	REC-AIBIOGU-000443	new		yes	yes	yes
MED	42366825	Multiomics empowers predictive drug resistance in advanced prostate cancer.	2026	Urologia	Agrawal A, Goel A, Goyal SK, Pal M.	review; journal article	forward	1	REC-AIBIOGU-000074	new		yes	yes	yes
MED	41491739	Multiphase CT-Based Tumor and Peritumoral Radiomics for Characterization of Clear Cell Renal Cell Carcinoma.	2026	J Imaging Inform Med	Muellner M, Pawan SJ, Lei X, Aron M, Desai M, Gurram N, Garg M, Cen SY, Duddalwar V.	journal article	forward	3	REC-AIBIOGU-000443;REC-AIBIOGU-000473;REC-AIBIOGU-000525	new		yes	yes	yes
MED	42265018	Multiscale Prediction of Tumor Micronecrosis and Progression in Clear Cell Renal Cell Carcinoma Based on Artificial Intelligence: A Multicenter Cohort Study.	2026	Acad Radiol	Lv D, Li J, Wang Z, Guo Z, Fang H, Yao X, Pang L, Gao J, Zhao T, Shuang W.	multicenter study; journal article	forward	2	REC-AIBIOGU-000473;REC-AIBIOGU-000557	new		yes	yes	yes
MED	42415786	NephroNet: a calibration-aware, patient-disjoint benchmark for multiclass kidney CT classification with a compact depthwise-separable CNN.	2026	Front Med (Lausanne)	Dong Y, Akter Muni M, Islam R, Tasnim S, Shahid Juthi S, Jahirul Islam M, Fassi MA, Sharif Robbani M, Zareen S, Hiu Lee YC.	research-article; journal article	forward	1	REC-AIBIOGU-000451	new		yes	yes	yes
MED	40495027	Non-invasive prediction of nuclear grade in renal cell carcinoma using CT-Based radiomics: a systematic review and meta-analysis.	2026	Abdom Radiol (NY)	Salimi M, Hajikarimloo B, Vadipour P, Abdolizadeh A, Fayedeh F, Seifi S.	meta-analysis; systematic review; journal article	forward	5	REC-AIBIOGU-000462;REC-AIBIOGU-000473;REC-AIBIOGU-000496;REC-AIBIOGU-000514;REC-AIBIOGU-000516	new		yes	yes	yes
MED	41513575	Noninvasive Prediction of Perineural Invasion and Lymphovascular Invasion in Prostate Cancer Using bpMRI Radiomic Signatures.	2026	Acad Radiol	Zhang YF, Zhou C, Liu D, Chen H, Wang Q, Hu H, He H, Wang J, Zhang W, Wu X, Ren Y, Zhou F.	research support, non-u.s. gov't; journal article	forward	1	REC-AIBIOGU-000155	new		yes	yes	yes
MED	41741858	Optimizing renal mass histology prediction with artificial intelligence using handcrafted radiomics.	2026	World J Urol	Podasca TB, Loutfi MAL, Blais MA, Gadoury-Campbell ML, Boulet S, Vallières M, Richard PO.	journal article	forward	1	REC-AIBIOGU-000498	new		yes	yes	yes
MED	41943522	Outsmarting Metastatic Prostate Cancer: Integration of Imaging, Liquid Biopsies and Biomarkers With Artificial Intelligence.	2026	Technol Cancer Res Treat	He JX, Li L, Chen S, Chen RJ, Zhuang JL, Liu C, Burrow W, Chang J, Tanziela T, Bonfil RD, Wong NK, Tao W.	review-article; review; journal article	forward	3	REC-AIBIOGU-000042;REC-AIBIOGU-000119;REC-AIBIOGU-000131	new		yes	yes	yes
MED	41975810	Peritumoral Fat Radiomics for Dual Prediction of TNM Stage and Histological Grade in Clear Cell Renal Cell Carcinoma: Discovery of Target-Specific Optimal Imaging Distances.	2026	Diagnostics (Basel)	Al Mopti A, Alqahtani A, Alshehri AHD, Nabi G.	research-article; journal article	forward	1	REC-AIBIOGU-000473	new		yes	yes	yes
MED	42488630	Perspective on the integration of radiomics and spatial omics in the analysis of the tumor microenvironment of bladder cancer and prospects for precision diagnosis and treatment.	2026	Front Immunol	Dong Y, Su Y.	review-article; review; journal article	forward	2	REC-AIBIOGU-000298;REC-AIBIOGU-000305	new		yes	yes	yes
PPR	PPR1154772	Predicting Response to Neoadjuvant Hormonal Therapy and Prognostic Outcomes in High-Risk Prostate Cancer Using MRI-Based Radiomics	2026		Zhou H, Qian Z, Chen Z, Fan J, Mao Y, Xu L, He Y, Zhang J, Wu JH, Sheng L.	preprint	forward	1	REC-AIBIOGU-000107	new		yes	yes	yes
MED	42016705	Predicting recurrence of prostate cancer after radical treatment using AI models based on PET/CT radiomics: a dual-center study.	2026	Front Oncol	Yi Z, Li W, Lou Y, Zhou Q.	research-article; journal article	forward	1	REC-AIBIOGU-000067	new		yes	yes	yes
MED	41667901	Predicting renal-cell carcinoma recurrence after partial nephrectomy: a CT-radiomics approach.	2026	Int Urol Nephrol	Vovdenko S, Kuznetsov I, Amrakhov S, Chernenkiy M, Chernenkiy I, Proskura A, Zholdubaev A, Ismailov K, Vinogradov A, Fiev D, Sirota E, Shpot E, Alyaev Y, Glybochko P.	journal article	forward	1	REC-AIBIOGU-000462	new		yes	yes	yes
MED	42050490	Predicting response to neoadjuvant hormonal therapy and prognostic outcomes in high-risk prostate cancer using MRI-based radiomics.	2026	BMC Cancer	Zhou H, Qian ZY, Chen ZH, Fan JJ, Mao YX, Xu LY, He YJ, Zhang JX, Wu JH, Sheng L.	research-article; journal article	forward	1	REC-AIBIOGU-000107	new		yes	yes	yes
MED	41779635	Prediction of Distant Metastasis in Renal Cell Carcinoma Using Machine Learning Algorithms: A Multicenter Cohort Study.	2026	Cancer Control	Li Y, Wang X, Wang M, Shou J, Chen C, Wen L.	research-article; multicenter study; journal article	forward	1	REC-AIBIOGU-000344	new		yes	yes	yes
MED	42501097	Preoperative prediction of positive surgical margins in prostate cancer using multimodal deep learning model: a multicenter study.	2026	Abdom Radiol (NY)	Fu X, Bao J, Qiao X, Shen J, Zhang Y, Jin P, Ji Y, Zhang J, Su Y, Ji L, Li Z, Hu C, Lu J, Wang X, Shen H, Liu J.	journal article	forward	1	REC-AIBIOGU-000180	new		yes	yes	yes
MED	42404222	Radiomics and deep learning in upper tract urothelial carcinoma: advancing preoperative risk stratification and clinical decision-making.	2026	Front Oncol	Zhang Y, Wu G, Sun F, Wang B, Guo Y, Wu J.	review-article; review; journal article	forward	4	REC-AIBIOGU-000247;REC-AIBIOGU-000311;REC-AIBIOGU-000324;REC-AIBIOGU-000507	new		yes	yes	yes
MED	41520314	Radiomics as a tool for predicting biochemical recurrence after total prostatectomy: a systematic review and meta-analysis.	2026	Int Urol Nephrol	Kiani I, Toutounchian S, Broomand Lomer N, Tabari A.	meta-analysis; systematic review; review; journal article	forward	6	REC-AIBIOGU-000091;REC-AIBIOGU-000129;REC-AIBIOGU-000151;REC-AIBIOGU-000170;REC-AIBIOGU-000178;REC-AIBIOGU-000305	new		yes	yes	yes
MED	41627644	Radiomics to Differentiate Renal Oncocytoma from Clear Cell Renal Cell Carcinoma on Contrast-Enhanced CT: A Preliminary Study.	2026	J Imaging Inform Med	Liu F, Jia L, Zhou X, Yu L.	journal article	forward	1	REC-AIBIOGU-000518	new		yes	yes	yes
MED	42415871	Radiomics-based interpretable machine learning model from multiphasic CT imaging for predicting pathological grade in upper tract urothelial carcinoma: a multicenter study.	2026	Front Oncol	Yuan Z, Mei Y, Peng X, Wei Z, Xv Y, Xiao B, Xiao M.	research-article; journal article	forward	2	REC-AIBIOGU-000310;REC-AIBIOGU-000327	new		yes	yes	yes
MED	40646324	Radiomics-based tumor heterogeneity augments clinicopathological models for predicting recurrence in high-risk clear cell renal cell carcinoma after nephrectomy.	2026	Abdom Radiol (NY)	Feng Z, Yang P, Wu Y, Li Z, Hu Z, Lan W.	research-article; journal article	forward	1	REC-AIBIOGU-000525	new		yes	yes	yes
MED	42203611	Re: Navid Roessler, Marcin Miszczyk, Keiichiro Miyajima, et al. Harnessing Artificial Intelligence for Risk Stratification and Outcome Prediction in Urologic Cancers: A Systematic Review. Eur Urol Focus 2025; S2405-4569(25)00362-1. In press. http://dx.doi.org/10.1016/j.euf.2025.12.007.	2026	Eur Urol Focus	Cold KM, Konge L, Bube SH.	letter	forward	1	REC-AIBIOGU-000032	new		yes	yes	yes
MED	40753031	Shaping the Future of Personalized Therapy in Bladder Cancer Using Artificial Intelligence.	2026	Eur Urol Focus	Maggi M, Chierigo F, Fallara G, Jannello LMI, Tozzi M, Pellegrino F, Crocetto F, Terracciano D, Bianchi R, Ferro M.	review; journal article	forward	4	REC-AIBIOGU-000320;REC-AIBIOGU-000321;REC-AIBIOGU-000350;REC-AIBIOGU-000367	new		yes	yes	yes
MED	42449671	The Central Role of Imaging in Renal Cell Carcinoma: A Comprehensive Review of Tumor Aggressiveness, Histology, and Radiomics.	2026	Cancers (Basel)	Ivars A, Paño B, Puig J, Fresno M, Rodríguez L, Sebastia C, Nicolau C.	review-article; review; journal article	forward	4	REC-AIBIOGU-000454;REC-AIBIOGU-000507;REC-AIBIOGU-000518;REC-AIBIOGU-000532	new		yes	yes	yes
MED	42003902	The Quartet of Core Oncogenic Drivers in Neuroendocrine Prostate Cancer: Multi-Omics Dataset Integration to Forge a Translational Link Between Biology and Precision Therapy.	2026	Int J Biol Sci	Wang Y, Wu N, Li J, Cao Q, Ye J, Zhang S.	review-article; review; journal article	forward	1	REC-AIBIOGU-000126	new		yes	yes	yes
MED	42188703	The Role of Artificial Intelligence in the Characterization and Outcome Prediction of Prostate Cancer: A Systematic Review.	2026	Tomography	Aljoudi S, Khan A, Dajani I, Al-Ani M, Mina M, Baroudi D, Al-Saffar S, Aouadi S, Torfeh T, Hammoud R, Al Hammadi N, Yousef MS.	systematic review; review-article; journal article	forward	1	REC-AIBIOGU-000067	new		yes	yes	yes
MED	42129415	The impact of tissue detection on diagnostic artificial intelligence algorithms in prostate digital pathology.	2026	Sci Rep	Boman SE, Mulliqi N, Blilie A, Ji X, Szolnoky K, Gudlaugsson E, Janssen EAM, Kjosavik SR, Asenjo J, Gambacorta M, Libretti P, Braun M, Kordek R, Łowicki R, Hotakainen K, Väre P, Pedersen BG, Sørensen KD, Ulhøi BP, Egevad L, Kartasalo K.	research-article; journal article	forward	1	REC-AIBIOGU-000175	new		yes	yes	yes
MED	40760335	The state of the art in artificial intelligence and digital pathology in prostate cancer.	2026	Nat Rev Urol	Ni HM, Kouzy R, Sabbagh A, Rooney MK, Feng J, Castillo SP, Gadoue SM, El Kouzi Z, Hoffman K, Yuan Y, Madabhushi A, Mohamad O.	review; journal article	forward	1	REC-AIBIOGU-000146	new		yes	yes	yes
MED	41186168	Towards Precision Oncology: A New Predictive Machine Learning Model for Early Progression to Castration Resistant Prostate Cancer.	2026	Prostate	Gómez-Luque MÁ, Rodríguez-Marcos P, Campanario-Pérez R, Medina-González A, Cárdenas-Fernández A, Orlandi-Oliveira W, Ruibal-Moldes M.	journal article	forward	1	REC-AIBIOGU-000119	new		yes	yes	yes
MED	41352233	Tumor and Perirenal Adipose Tissue Radiomic Models for Pathological T-Stage Prediction and Biological Exploration in Clear Cell Renal Cell Carcinoma.	2026	Eur J Radiol	Wang C, Wang X, Mao N, Cui Y, Wang Z, Zhang Y, Xi X, Kang X, Ba X, Zhang L, Jiang X, Xu R, Wang J, Wang L, Ma H, Guo H.	journal article	forward	1	REC-AIBIOGU-000529	new		yes	yes	yes
MED	42443785	Unlocking the prognostic power of pathomics in bladder cancer: a machine learning odyssey across multiple centers.	2026	BMC Med Imaging	Kong J, Huang Y, Xing Y, Fang S, Tan K, Yong J, Fu S, Huang Y, Jiang C, Fan X.	research-article; multicenter study; journal article	forward	1	REC-AIBIOGU-000352	new		yes	yes	yes
MED	42567887	Urinary volatilomics using liquid-liquid extraction and gas chromatography-mass spectrometry (GC-MS) combined with machine learning algorithms as a tool for diagnosis and surveillance of urothelial bladder cancer.	2026	BJC Rep	Deza I, de Lacy Costello B, Drabińska-Fois N, White P, Ratcliffe N, Lazarowicz H, Probert C.	research-article; journal article	forward	1	REC-AIBIOGU-000271	new		yes	yes	yes
MED	42142521	Use of Artificial Intelligence in prostate MRI: A rapid scoping review highlighting limited evidence in screening context.	2026	Eur J Radiol	Singh D, Salazar Gutiérrez JP, Rouviere O, Giganti F, Otero-García M, van den Bergh RCN, Roobol MJ, Venderbos LDF, Collen S, van Poppel H, Basu P, Chandran A, PRAISE-U consortium members.	scoping review; review-article; journal article	forward	1	REC-AIBIOGU-000110	new		yes	yes	yes
MED	41289721	mpMRI-based interpretable machine learning model for predicting castration-resistant prostate cancer risk.	2026	Eur J Radiol	Shen S, Liu B, Li Y, Zeng Y, Ren S, Yin R, Ma H, Pan S.	journal article	forward	1	REC-AIBIOGU-000083	new		yes	yes	yes
